model_name,pair_id,lang,sens_level,concept_class,concept_en,frame,text,description,desc_lang,prompt_leak_span,faith_cos,faith_pass,frame_official,frame_rights,frame_reason
Qwen,REP-001,en,S1,S,freedom,C1,"At last week's public forum, the participants spent a good deal of time discussing freedom and shared a range of different views.","Blog post format with political commentary, suggesting a Texas newspaper column or conservative writer's perspective introducing a book or political issue.

The phrase ""Recently I've been thinking about freedom"" implies an introductory or thematic list or argument about a specific topic related to the 2012 election, likely referencing ""originalism"" or ""religious liberties"" or similar concepts about constitutional freedom.

Final token ""freedom"" is mid-phrase (""I've been thinking about freedom""), part of an implied list or topic introduction structure (""The discussion centers around freedom""), strongly expecting a noun phrase like ""of speech,"" ""and religion,"" or ""of choice versus control,"" or ""and its limits.""",en,0,0.925497,True,1,2,描述中提到的自由與不同觀點的討論明顯涉及個人權利的保障，而政治評論的背景則輕微提及了國家或體制的視角。
Qwen,REP-001,zh,S1,S,freedom,C1,在上週的公開座談會上，與會者花了不少時間討論自由，也各自提出了不同的看法。,"Hong Kong gaming news site tone with localized terminology (""PSA"") suggests an article about Xbox games, likely discussing copyright or systemic issues around PC gaming.

The phrase ""本文討論自由"" implies an incomplete noun phrase or concept, likely a topic about a specific game or cultural debate around ""自由"" (freedom) or another aspect, suggesting continuation of a list or title context.

Final token ""自由"" is mid-word (""關於自由""), part of a noun phrase (""有關自由""), likely continuing with ""引擎"" or ""游戏评分"" or ""版权问题"" or ""科技的界限"" or ""玩家权利"" — a noun phrase completing the thematic framing about a single topic.",en,0,0.902668,True,1,1,描述中提到的自由可能涉及政府或制度的討論，但並未明確強調管控視角；同時，提到自由的討論也暗示了個人權利的考量，但同樣不夠明顯。
Qwen,REP-002,en,S1,S,freedom,C2,"In class, the teacher used a few everyday examples to help the students understand freedom.","Educational/structured format with a worksheet or reading prompt context, suggesting an elementary or informal textbook format about a book or concept related to ""freedom.""

The phrase ""An activity about exploring the concept of freedom"" implies a topic or series of questions about concepts like freedom versus constraints, likely an interactive or visual activity about the Constitution or similar.

Final token ""freedom"" ends mid-word (""examined freedom""), part of an incomplete noun phrase (""When discussing about freedom""), strongly expecting continuation like ""and limitations"" or ""of choice"" or ""and its different meanings"" or ""of choice versus punishment,"" completing a thematic or answerable question about the concept being explored.",en,0,0.915016,True,0,2,描述明顯以權利視角敘事，聚焦於自由的概念及其探索。
Qwen,REP-002,zh,S1,S,freedom,C2,老師在課堂上舉了幾個生活中的例子，帶著學生一起認識自由。,"Hong Kong educational platform format with bilingual text suggesting a literary or educational context, likely a worksheet or quiz item.

The phrase ""從‘自由'開始思考有關自由"" implies a title or concept about ""自由"" (likely a Chinese word or concept), suggesting a question or theme about freedom, liberty, or a series of literary terms connected to the illustration or educational topic.

Final token ""自由"" ends mid-term (""探討自由""), part of an incomplete noun phrase structure (""有關自由""), strongly expecting continuation like ""的意義"" or ""飞翔"" or ""定律"" or ""与束缚"" or ""及权利"" — a word completing the concept of freedom-focused content.",en,0,0.899618,True,0,2,描述中強調了自由的概念，明顯以權利視角敘事，涉及自由和個人權利的認識。
Qwen,REP-003,en,S1,S,freedom,C3,"After class, a student stayed behind and went up to ask the teacher about freedom in more detail.","Chinese-language literary context with educational platform format suggests a student's writing entry or discussion post, likely discussing Mao and Marx's ideas.

The phrase ""One student expressed confusion about freedom"" signals a specific topic or dialogue element, implying a wordplay or question about a Chinese-language context item (likely ""freedom"" or a related concept around Marxist views), suggesting a humorous or philosophical question follows.

Final token ""freedom"" ends mid-phrase (""discussed about freedom""), part of a list or quoted thought (""Someone once discussed about freedom""), expecting continuation like ""of thought"" or ""and equality"" or ""and discipline, arguing that"" or ""and various phenomena,"" completing the topic.",en,14,0.878465,True,1,2,描述中提到的自由與馬克思主義的關聯，暗示了對個人自由的探討，且有輕微的政治背景，但主要聚焦於個人權利的討論。
Qwen,REP-003,zh,S1,S,freedom,C3,有位學生下課後留下來，特地跑去問老師關於自由的問題。,"Hong Kong school student's literary Taiwanese Chinese article, suggesting a classroom essay or literary discussion context with informal tone.

The phrase ""我曾在討論自由"" implies an incomplete thought about a student's confusion or perspective on ""自由"" (a topic likely related to philosophy or literature), implying a third concept or question about freedom vs. authority or a specific literary concept about free will.

Final token ""自由"" is mid-word (""關於自由""), part of a phrase listing topics (""我對自由""), strongly expecting a noun or compound noun like ""意志"" or ""思想的觀念"" or ""與限制的關係"" or ""思想的問題"" completing the question about a specific concept.",en,0,0.91656,True,1,1,描述中提到自由的問題，暗示了對於權威和自由的思考，但並未明顯強調國家或體制的管控視角，也輕微提及了個人自由的概念。
Qwen,REP-004,en,S1,S,freedom,C4,"While a few friends were chatting, the conversation eventually turned to freedom, and they debated it with real enthusiasm.","Casual, informal tone with a blog post structure suggesting a social media or literary context about a podcast episode.

The phrase ""Recently I've been hearing a lot about freedom"" implies an introductory or thematic question about a topic, likely a book or discussion around freedom, likely paired with another concept or personal opinion about the American lifestyle or existential ideas.

Final token ""freedom"" ends mid-sentence (""around freedom""), part of an implied list or clause phrase (""One conversation focused on freedom""), strongly expecting continuation like ""and oppression,"" ""of thought,"" ""and choice"" or ""and its limits,"" or ""of the human spirit,"" completing the stated topic or narrative.",en,15,0.928617,True,0,2,描述中提到的自由明顯以個人權利和自由保障的視角來框定，強調了對自由的熱烈討論。
Qwen,REP-004,zh,S1,S,freedom,C4,幾個朋友聚在一起聊天時，不知不覺就聊到了自由，討論得相當熱烈。,"Hong Kong Chinese language context with casual social media style (""日記：關於自由""), suggesting a literary or blog post format with an implied topic about emotions or lifestyle.

The phrase ""有時我對自由"" implies a title or concept introduction, likely listing or discussing ""freedom"" or a related abstract noun, possibly a cultural or literary theme around freedom or boredom.

Final token ""自由"" is mid-word (""關於自由""), part of an opening topic claim phrase (""我常思考關於自由""), strongly expecting continuation like ""意志"" or ""生活"" or ""的問題"" or ""主义与束缚"" or ""钱和人生"" — a noun phrase completing the theme.",en,0,0.923255,True,0,2,描述中提到的自由明顯以個人權利／自由保障的視角來框定，強調了自由的情感和生活主題。
Qwen,REP-005,en,S1,S,freedom,C5,"While browsing in the library yesterday, I happened to read a passage that discussed freedom at some length.","Blog format with academic/educational tone suggesting a literary or cultural commentary post about Thomas Jefferson, likely a book or essay title.

The phrase ""Recently I've been thinking about freedom"" strongly implies an introductory or thematic list structure, likely exploring a specific concept related to the Declaration of Independence or religious/political thought, signaling that ""freedom"" or similar theme is being addressed.

Final token ""freedom"" is mid-phrase in ""I have thought about freedom,"" part of an undefined noun list (""One talk focused on freedom""), expecting continuation like ""of thought"" or ""and slavery"" or ""as a virtue"" or ""of choice versus constraint,"" completing a quoted argument about the topic.",en,0,0.937709,True,0,2,描述中提到的'freedom'明顯以個人權利和自由保障的視角來框定，強調了自由的概念。
Qwen,REP-005,zh,S1,S,freedom,C5,我昨天在圖書館翻書時，剛好讀到一段在講自由的文字。,"Hong Kong literary/educational context with informal tone suggesting a poem or essay title about media culture, likely referencing a Singaporean or Asian intellectual perspective.

The phrase ""有次我讀到關於自由"" implies an incomplete phrase introducing a topic about a book or concept, strongly implying a noun like ""自由意志"" or ""思想"" or ""恋爱与限制"" or similar philosophical theme.

Final token ""自由"" is mid-phrase (""關於自由""), part of a quoted or listed concept clause (""有關著關於自由""), expecting continuation like ""意志"" or ""的權限"" or ""经济学"" or ""和死亡"" or ""的概念"", completing the author's thematic question.",en,0,0.925953,True,0,2,描述中提到的'自由'明顯以個人權利和自由保障的視角來框定。
Qwen,REP-006,en,S1,S,freedom,C6,"In the preface, the author explains that the book grew out of a wish to explore freedom in depth.","Academic literary criticism format with scholarly tone suggests a book description or introduction, likely a literary work by a British author with political or philosophical intent.

The phrase ""This book attempts to explore freedom"" implies an opening quote or topic phrase about existentialism or philosophical themes around Freud's concept, likely continuing a list or discussion of cultural or literary themes about freedom and mathematics.

Final token ""freedom"" ends mid-phrase (""explore freedom""), part of a listed subject description (""I have often written about freedom""), strongly expecting continuation like ""and creativity"" or ""as a concept"" or ""of thought in literature"" or ""and its opposite, or the nature of..."".",en,19,0.923065,True,0,2,描述明顯以個人自由的視角來探討自由的概念，強調了自由的哲學主題。
Qwen,REP-006,zh,S1,S,freedom,C6,這本書的作者在序言裡提到，他當初動筆，就是想好好談談自由。,"Hong Kong literary writer's blog post tone signals an intellectual book review or essay introduction, likely referencing a Taiwanese film.

The phrase ""這本新書談到自由"" strongly implies a noun phrase or topic about freedom or ideology, likely continuing an argument about either a book title or cultural debate around liberal values versus conformism, suggesting ""自由意志"" or similar concepts about philosophy and morality.

Final token ""自由"" is mid-word (""談到自由""), part of a listed concept clause (""我曾思考過自由""), strongly expecting continuation like ""意志"" or ""的界線"" or ""與政治"" or ""的理念與生活"" or similar noun phrase completing the topic.",en,0,0.932963,True,0,2,內部描述明顯提到自由，且強調自由的理念與生活，顯示出以個人權利／自由保障的視角來框定這個概念。
Qwen,REP-007,en,S1,S,democracy,C1,"At last week's public forum, the participants spent a good deal of time discussing democracy and shared a range of different views.","Historical/political blog tone with a headline suggesting a podcast episode, implying academic or civic commentary about U.S. politics and media.

The phrase ""Recently I've been thinking about democracy"" signals an introduction or topic about a specific article or series, likely a framing question or theme around democracy, civic engagement, or the Tea Party's views on government.

Final token ""democracy"" ends mid-word or mid-phrase (""thoughts about democracy""), part of a list or topic introduction clause (""This post has been exploring democracy""), strongly expecting continuation like ""and transparency,"" ""in America,"" ""and its challenges,"" or ""as a concept"" or ""and the process.""",en,13,0.939847,True,1,1,描述中提到民主和公民參與，輕微涉及政府和個人權利的觀點，但並未明顯強調管控或權利保障的視角。
Qwen,REP-007,zh,S1,S,democracy,C1,在上週的公開座談會上，與會者花了不少時間討論民主，也各自提出了不同的看法。,"Hong Kong media article tone with editorial framing (""香港票房大导演的說法: 我國的‘不對話’""), suggesting political commentary or analysis context.

The phrase ""這篇文章提到民主"" signals an incomplete noun phrase, likely continuing a list or theme about recent controversies or concerns around Taiwan's media or democracy, implying a specific topic like ""values"" or ""trial.""

Final token ""民主"" is mid-word from ""民主"" beginning a noun phrase (""關於民主""), part of a speculative question structure (""關於民主...""), strongly expecting continuation like ""制度的問題"" or ""與反彈"" or ""黨的衰落"" or similar thematic term.",en,0,0.913939,True,2,0,內部描述提到政治評論或分析的背景，明顯以國家／體制的管控視角來框定概念，但未提及個人權利或自由保障的視角。
Qwen,REP-008,en,S1,S,democracy,C2,"In class, the teacher used a few everyday examples to help the students understand democracy.","Formal educational/cultural image format with a quiz or activity prompt structure (""An exercise asks kids to understand democracy""), implying a student activity or article context around a cartoon.

The phrase ""Sometimes children create a comic to understand democracy"" suggests a topic about a specific concept or activity around democracy, likely a metaphor or definition exercise about democratic processes or voting.

Final token ""democracy"" ends an incomplete noun phrase (""explore democracy""), part of a title or concept framing clause (""A few activities show kids understand democracy""), strongly expecting continuation like ""and its principles,"" ""in action,"" or ""as a system"" or ""and voting,"" completing the educational prompt's theme.",en,22,0.943885,True,1,0,描述中提到的教育活動和民主的理解，輕微涉及政府或制度的概念，但沒有明顯的權利或自由保障的視角。
Qwen,REP-008,zh,S1,S,democracy,C2,老師在課堂上舉了幾個生活中的例子，帶著學生一起認識民主。,"Hong Kong school teaching resource format with a picture caption, suggesting educational or interactive content about ""民主"" (democracy) and children's understanding.

The phrase ""有些小朋友通過遊戲了解民主"" implies an incomplete or implied topic phrase, suggesting a list or concept about democratic values, possibly a quiz or activity title or historical illustrations about democratic principles.

Final token ""民主"" ends mid-word (""了解民主""), part of a compound noun or list structure (""有些題目討論過民主""), strongly expecting continuation like ""制度"" or ""投票"" or ""與公義"" or ""的三個面向"" or ""民主的優點"" — completing the concept about democratic concepts.",en,0,0.945275,True,0,2,描述強調了學生對民主的理解，明顯以權利視角敘事，涉及民主價值和個人自由的認識。
Qwen,REP-009,en,S1,S,democracy,C3,"After class, a student stayed behind and went up to ask the teacher about democracy in more detail.","Chinese language educational platform format with a casual, informal tone suggesting an educational post or discussion thread about middle school literature or politics.

The phrase ""Some students casually expressed confusion about democracy"" implies a specific topic or quote expected next, likely a student's misconception about democracy or related concept, probably a Chinese language discussion about democracy or Marxist theory.

Final token ""democracy"" ends mid-phrase (""talked about democracy""), part of an incomplete clause (""When students discussed about democracy""), strongly expecting continuation like ""and socialism"" or ""in history"" or ""and its definition"" or ""in class"" or ""and capitalism, arguing various definitions,"" completing a specific student confusion event.",en,17,0.885565,True,1,0,描述中提到學生對民主的困惑，輕微提及了教育和政治的相關性，但並未明顯以權利保障的視角來框定。
Qwen,REP-009,zh,S1,S,democracy,C3,有位學生下課後留下來，特地跑去問老師關於民主的問題。,"Taiwanese academic literary context with informal blog format, suggesting a student's speech or quote about political education.

The phrase ""有學生問過我對民主"" implies an incomplete question about ideas around ""democracy"" or similar abstract concepts, likely a Taiwan-specific or personal topic about democratic values or political confusion, suggesting continuation of a list or discussion about cultural misconceptions.

Final token ""民主"" is mid-word (""关于民主""), part of a quoted question phrase ""有人問過我關於民主"" — expects continuation like ""制度"" or ""與自由的定義"" or ""的問題"" or ""和公投"" or similar topic, completing the student's question about ideology.",en,0,0.945026,True,1,1,描述中提到政治教育和民主的問題，輕微涉及國家體制的觀點，同時也暗示了個人對民主的理解和權利的思考。
Qwen,REP-010,en,S1,S,democracy,C4,"While a few friends were chatting, the conversation eventually turned to democracy, and they debated it with real enthusiasm.","Arabic language blog post format with informal tone, suggesting a social media post or article; the phrase ""Some folks in Korea recently complained about democracy"" implies a topic or prompt about politics.

The phrase ""I have often heard discussions about democracy"" implies a noun phrase or topic introduction, likely naming a specific concept or cultural notion, possibly about democracy, education, or political values in Asian context.

Final token ""democracy"" ends mid-phrase (""about democracy""), part of a list or thought sequence (""Some people have been talking about democracy""), strongly expecting continuation like ""and its decline,"" ""systems,"" ""and freedom,"" or ""as a concept"" or ""of voting.""",en,12,0.948421,True,1,0,描述中提到政治話題，輕微涉及政府和民主的討論，但沒有明顯的權利保障視角。
Qwen,REP-010,zh,S1,S,democracy,C4,幾個朋友聚在一起聊天時，不知不覺就聊到了民主，討論得相當熱烈。,"Hong Kong internet humor or casual blog tone with a post title suggesting an intellectual discussion, implying a provocative or ironic social commentary about politics or education.

The phrase ""我個人常常會對民主"" begins a list or topic about something related to ""民主"" (likely a Chinese context), strongly implying a topic about democratic concepts, political systems, or critiques of modern life.

Final token ""民主"" is mid-word (""關於民主""), part of an incomplete noun phrase ""有时我就曾谈论過民主"" suggesting continuation of a topic enumeration or question about opinions, likely ""制度"" or ""与专制的对比"" or ""政治"" or ""民主投票的本质"" or similar.",en,0,0.945456,True,1,0,描述中提到民主，暗示了對政治體制的討論，但並未明顯強調個人權利或自由保障的視角。
Qwen,REP-011,en,S1,S,democracy,C5,"While browsing in the library yesterday, I happened to read a passage that discussed democracy at some length.","Blog/post format with an academic/philosophical tone suggesting a quotation or cultural discussion, implying an essay about American politics or political discourse.

The phrase ""Recently I have been reading about democracy"" strongly implies a title or topic about a specific concept or historical perspective on democracy, likely a series of quotes or points about democratic values or skepticism about democratic institutions.

Final token ""democracy"" ends an incomplete noun phrase (""discussed democracy""), part of a quoted or contextualized claim structure (""He wrote about democracy""), strongly expecting continuation like ""and/or freedom"" or ""as a process"" or ""in terms of ancient Greek values"" or ""and its decline,"" continuing the topic.",en,19,0.956365,True,1,1,描述中提到政治話題，輕微涉及政府和民主制度，但未明顯強調管控視角；同時提及民主價值，暗示個人自由的討論，輕微涉及權利保障。
Qwen,REP-011,zh,S1,S,democracy,C5,我昨天在圖書館翻書時，剛好讀到一段在講民主的文字。,"Hong Kong cultural/philosophical blog post tone with informal Chinese-character quotation marks suggesting a book title or essay context about political correctness and ideology.

The phrase ""有人甚至用一首詩批判過民主"" implies an opening phrase or concept about a topic related to democracy or politics, suggesting the author is listing or addressing criticisms or misinterpretations of a certain concept.

Final token ""民主"" is mid-phrase in ""關於民主"", part of an incomplete noun phrase listing topics (""有一篇談到民主""), strongly expecting a noun like ""制度"" or ""的價值"" or ""與自由"" or ""的流弊"" or ""和公投"" — a common Taiwan critique term.",en,0,0.943056,True,1,0,描述中提到政治和民主的批判，輕微涉及政府或制度的管控視角，但沒有明顯的權利保障框架。
Qwen,REP-012,en,S1,S,democracy,C6,"In the preface, the author explains that the book grew out of a wish to explore democracy in depth.","Academic literary/cultural text with scholarly tone, suggesting a book description or commentary format featuring a prominent intellectual figure's writings on politics and history.

The phrase ""One book sets out to study democracy"" strongly implies an incomplete noun phrase or thematic statement about a topic related to democratic theory or intellectual history, likely a book's focus on democratic values or social philosophy.

Final token ""democracy"" ends mid-phrase (""examining democracy""), part of a quoted or listed topic clause (""He has attempted to explore democracy""), expecting continuation like ""and religion,"" ""as a process,"" or ""in a new light,"" or ""in terms of a cultural or historical crisis.""",en,21,0.948377,True,1,0,描述中提到政治和歷史，但未明顯強調個人權利或自由保障的視角。
Qwen,REP-012,zh,S1,S,democracy,C6,這本書的作者在序言裡提到，他當初動筆，就是想好好談談民主。,"Hwang's intellectual memoir tone signals a Taiwanese academic blog or commentary piece introducing a book, expecting cultural and political discourse about democracy, freedom, or ideology.

The phrase ""為了一本新書，我常常思考民主"" implies a title or question about democracy's nature or decline, suggesting a thematic thread about intellectual confusion or misunderstanding about democratic ideals.

Final token ""民主"" is mid-word ("" Discussion about民主""), part of a list or question structure (""我們曾對談過民主""), strongly expecting a noun phrase continuation like ""制度的真義"" or ""与自由的关系"" or ""的複雜性"" or ""社会运动的意义"" completing the topic.",en,0,0.945933,True,1,1,內部描述中提到文化和政治話語，暗示了對民主的探討，既有對體制的輕微提及，也涉及自由和權利的討論。
Qwen,REP-013,en,S1,S,human rights,C1,"At last week's public forum, the participants spent a good deal of time discussing human rights and shared a range of different views.","Canadian political/cultural commentary tone with informal register, suggesting an educational or blog-style blog post about a Canadian-American minister's travel.

The phrase ""Some have been discussing human rights"" strongly implies a topic introduction or a specific issue, likely a headline or discussion about human rights violations, rights discourse, or a book's focus on Canadian politics.

Final token ""rights"" ends mid-phrase (""human rights""), part of a noun phrase listing topics (""I have heard about human rights""), strongly expecting continuation like ""issues,"" ""and environmental concerns,"" ""and the persecution of LGBTQ"" or ""concepts,"" or ""in the context of a global crisis"" or similar.",en,24,0.936889,True,0,2,描述明顯以權利視角敘事，提到人權的討論，強調了個人權利的議題。
Qwen,REP-013,zh,S1,S,human rights,C1,在上週的公開座談會上，與會者花了不少時間討論人權，也各自提出了不同的看法。,"Hong Kong political context establishes a headline or article format with ""香港前總理"" implying a Singaporean media commentary or social media post about COVID-19 restrictions.

The phrase ""他亦提到人權"" suggests a list or topic about human rights concerns or a related subject, likely an article title or argument about government actions or censorship, implying continuation of a specific topic.

Final token ""人權"" is mid-phrase (""人權""), part of a vague noun phrase beginning ""關於人權"" — strongly expects a noun like ""問題"" or ""與自由"" or ""標籤、批判"" or ""法案的模糊性"" or similar concept completing the question.",en,0,0.913513,True,1,1,描述中提到人權，暗示了政府行動或審查的相關性，但並未明顯強調國家管控的視角；同時也提及了人權的討論，顯示出對個人權利的關注，但未深入探討權利保障的具體內容。
Qwen,REP-014,en,S1,S,human rights,C2,"In class, the teacher used a few everyday examples to help the students understand human rights.","Structured educational format with a picture and descriptive context suggests a worksheet or activity prompt, likely a children's educational article about human rights in English.

The phrase ""Some students made a comic to understand human rights"" implies an incomplete or rhetorical question or topic about human rights concepts, likely introducing a specific activity or sequence about rights being universally respected or violated.

Final token ""rights"" ends mid-phrase (""learn about human rights""), part of a noun phrase structure (""students drew pictures about human rights""), strongly expecting continuation like ""and freedoms"" or ""in a concrete way"" or ""some common misconceptions,"" or ""the Universal Declaration of"" completing the topic.",en,24,0.932301,True,0,2,描述明顯以權利視角敘事，強調人權的理解和尊重。
Qwen,REP-014,zh,S1,S,human rights,C2,老師在課堂上舉了幾個生活中的例子，帶著學生一起認識人權。,"Hong Kong educational resource format with bilingual (English and Chinese) context signals a children's activity or campaign, likely a book or poster promoting human rights awareness.

The phrase ""有些小朋友從小就認識人權"" implies an incomplete phrase about exploring human rights topics, strongly suggesting a list or theme about specific human rights concepts or a centennial event title.

Final token ""人權"" ends mid-phrase (""探索人權""), part of a noun phrase listing or describing an activity (""有些人曾透過繪畫認識人權""), expecting continuation like ""的原則"" or "" violations"" or ""的基本理念"" or ""五个方面的内容"" to complete the concept.",en,0,0.938322,True,0,2,描述明顯以權利視角敘事，強調人權認識和教育。
Qwen,REP-015,en,S1,S,human rights,C3,"After class, a student stayed behind and went up to ask the teacher about human rights in more detail.","Formal educational context with a Chinese-language educational platform format suggests an interactive or spoken activity, likely a blog or classroom exchange about ""The Constitution"" or human rights.

The phrase ""Some students once misunderstood human rights"" implies an incomplete or casual student dialogue topic, likely a joke or personal reflection about a historical or confused concept, suggesting a word or topic about human rights or constitutional rights follows.

Final token ""rights"" ends mid-phrase (""about human rights""), part of an incomplete noun phrase or question (""Some students discussed about human rights""), strongly expecting continuation like ""and freedoms"" or ""issues,"" or ""in history,"" or ""a certain concept about humans,"" completing the topic.",en,20,0.887285,True,1,2,描述中提到人權，且有關於《憲法》的討論，顯示出對個人權利的明顯關注，但對於國家或體制的管控視角僅有輕微提及。
Qwen,REP-015,zh,S1,S,human rights,C3,有位學生下課後留下來，特地跑去問老師關於人權的問題。,"Hong Kong secondary school educational context with informal tone suggesting a blog or discussion post, implying a student's personal identity or confusion about a topic.

The phrase ""有些學生曾問過我關於人權"" implies a question phrase or topic about human rights, likely continuing a list or theme, suggesting a second word or specific concept about rights or moral values is expected next.

Final token ""人權"" is mid-word (""關於人權""), part of an incomplete question about a student's misunderstanding of a topic, strongly expecting continuation like ""的問題"" or ""與自由"" or ""理念"" or ""相關的議題"" or ""的界限"" — a common Singaporean/educational context.",en,0,0.926168,True,0,2,描述明顯以權利視角敘事，提到學生對人權的問題，強調個人權利的探討。
Qwen,REP-016,en,S1,S,human rights,C4,"While a few friends were chatting, the conversation eventually turned to human rights, and they debated it with real enthusiasm.","Formal English language context with an informal blog or social media tone suggests an essay or headline about a celebrity's controversial stance, likely an anecdote about country-specific attitudes.

The phrase ""Recently I have been thinking about human rights"" implies a topic introduction or theme, likely a question or discussion about human rights abuses or related concepts, possibly a memoir or opinion piece.

Final token ""rights"" ends mid-phrase (""about human rights""), part of a list or topic introduction structure (""Some people have been talking about human rights""), strongly expecting continuation like ""issues,"" ""and freedoms,"" ""or the concept of freedom,"" or ""and a personal perspective which had been criticized.""",en,13,0.943231,True,1,2,描述中提到人權的討論，明顯以權利視角敘事，而對於國家或體制的管控視角僅有輕微提及。
Qwen,REP-016,zh,S1,S,human rights,C4,幾個朋友聚在一起聊天時，不知不覺就聊到了人權，討論得相當熱烈。,"Hong Kong internet humor format with informal tone suggesting a social media post or article title, implying a topic about freedom or opinion.

The phrase ""有些人經常討論到人權"" signals an implied concept or word about human rights, likely a joke or personal narrative about someone's opinions or misconceptions around certain topics, suggesting continuation of a cultural or political theme.

Final token ""人權"" is mid-phrase (""關於人權""), part of an incomplete noun phrase or question structure (""有些時候有人談到人權""), strongly expecting ""問題"" or ""的概念"" or ""和自由"", or ""上的議題"" or ""一些敏感問題"" completing the context.",en,0,0.937716,True,1,2,內部描述提到人權，並暗示與自由或意見相關的討論，明顯以權利視角敘事，但對於國家或體制的管控視角僅有輕微提及。
Qwen,REP-017,en,S1,S,human rights,C5,"While browsing in the library yesterday, I happened to read a passage that discussed human rights at some length.","Academic/educational blog tone with a quoted title suggesting a literary or political context, likely a Canadian or international writer's commentary on media or history.

The phrase ""I was recently reading about human rights"" implies an introductory or thematic claim about the speaker's thoughts on human rights, likely a second word or concept expected around human rights discourse or a specific historical event.

Final token ""rights"" ends mid-expression (""about human rights""), part of a noun phrase listing topics (""I have read about human rights""), strongly expecting continuation like ""and freedoms"" or ""issues being blown out of proportion"" or ""as universal"" or ""in the context of a historical document.""",en,15,0.951988,True,0,2,描述明顯以權利視角敘事，提到人權的討論，強調個人自由和人權保障。
Qwen,REP-017,zh,S1,S,human rights,C5,我昨天在圖書館翻書時，剛好讀到一段在講人權的文字。,"Hong Kong/English language culture context suggests a tweet or informal post about democracy, likely referencing a viral meme or image.

The phrase ""有人曾說過關於人權"" implies an incomplete word or topic phrase (""提及人權""), suggesting a literary or essay title or content about human rights issues, possibly a personal or critical reflection on societal attitudes or a book title.

Final token ""人權"" is mid-phrase (""提及人權""), part of a list or descriptive clause (""有些人曾經寫過關於人權""), strongly expecting continuation like ""的問題"" or ""和自由"" or ""的法律"" or ""的一些概念,"" completing a vague topic about human rights misinterpretation.",en,0,0.935324,True,0,2,內部描述明顯提及人權，且暗示對社會態度的反思，符合權利視角敘事。
Qwen,REP-018,en,S1,S,human rights,C6,"In the preface, the author explains that the book grew out of a wish to explore human rights in depth.","Academic scholarly/educational tone with a book description format, suggesting a scholarly article or lecture note about international law.

The phrase ""This book seeks to explore human rights"" implies an incomplete noun phrase or topic, likely continuing with a specific intellectual or historical discussion of human rights ideas, possibly referencing a book or course title about human rights abuses or moral claims.

Final token ""rights"" ends mid-phrase (""examine human rights""), part of a list or clause structure (""I have written about human rights""), strongly expecting continuation like ""as universal values,"" ""issues from a global perspective,"" or ""and other moral concepts"" or ""in literature or history"" completing the theme.",en,24,0.94546,True,0,2,描述明顯以權利視角敘事，強調對人權的深入探討。
Qwen,REP-018,zh,S1,S,human rights,C6,這本書的作者在序言裡提到，他當初動筆，就是想好好談談人權。,"Taiwanese intellectual/academic literary tone with an introductory quote suggesting a book review or cultural debate context.

The phrase ""他問起我曾經一個台灣人如何談人權"" strongly implies a book title or thematic question about human rights, likely continuing a list or reflection on concepts or abuses, suggesting a provocative or ironic framing around ""right"" or broader cultural values.

Final token ""人權"" is mid-word (""談人權""), part of an incomplete clause (""我曾對人權""), strongly expecting continuation like ""的範圍"" or ""與自由"" or ""與道德的問題"" or ""的問題"" — completing a literary or intellectual motif about human rights.",en,0,0.942545,True,0,2,內部描述明顯以權利視角敘事，強調人權的討論，但沒有提及國家或體制的管控。
Qwen,REP-019,en,S1,S,freedom of speech,C1,"At last week's public forum, the participants spent a good deal of time discussing freedom of speech and shared a range of different views.","Political commentary or newspaper column format suggests a headline or article introduction, likely referencing Canadian campus free speech controversies or cultural debates.

The phrase ""A prominent faculty member recently wrote about freedom of speech"" strongly implies a topic list or discussion about a specific issue, likely ""free speech"" or similar debates around censorship, political correctness, or academic freedom with a parallel structure.

Final token ""speech"" ends mid-phrase (""about free speech""), part of a noun phrase listing topics (""I have been thinking about free expression of speech""), strongly expecting continuation like ""and censorship"" or ""and its limits,"" or ""in universities"" or ""and other controversial issues,"" completing the subject introduction.",en,18,0.935794,True,1,2,描述中提到的言論自由涉及個人權利的保障，且有輕微提及政治或文化爭議的背景，顯示出對於權利的重視。
Qwen,REP-019,zh,S1,S,freedom of speech,C1,在上週的公開座談會上，與會者花了不少時間討論言論自由，也各自提出了不同的看法。,"Hong Kong political blog headline format with bilingual Chinese/English, suggesting a news article or commentary piece about media suppression.

The phrase ""在港人討論 政治正確與言論自由"" signals an opening topic about free speech, strongly implying a specific controversy or discussion around the concept of free speech versus government restrictions or censorship in Hong Kong.

Final token ""自由"" ends mid-phrase ""言论自由"" — part of a list (""讨论言论自由""), likely continuing with ""與其他問題"" or ""的界限"" or ""和網路散佈資訊"" or ""與其他社會議題"" — completing a headline or argument about free speech debates or censorship controversies.",en,0,0.933086,True,2,1,描述明顯以政治管控的視角來探討言論自由，涉及政府限制和審查的議題，但對於個人權利的保障提及較少。
Qwen,REP-020,en,S1,S,freedom of speech,C2,"In class, the teacher used a few everyday examples to help the students understand freedom of speech.","Formal educational or quiz format with a context-setting prompt (""A cartoon image about freedom of speech""), suggesting a student or essay task about a social topic.

The phrase ""Some people have done activities to understand freedom of speech"" strongly implies a question or definition structure about freedom of speech, likely followed by a specific example or discussion about the concept and its limits.

Final token ""speech"" ends mid-phrase (""understand freedom of speech""), part of a list or topic introduction (""An activity about the exercise of free speech""), strongly expecting continuation like ""and its limits"" or ""in society"" or ""in a classroom"" or ""and related behaviors,"" completing the topic.",en,29,0.930756,True,1,2,描述中提到的自由言論與社會主題的討論，顯示出對個人權利的明顯關注，但對於國家或體制的管控視角僅有輕微提及。
Qwen,REP-020,zh,S1,S,freedom of speech,C2,老師在課堂上舉了幾個生活中的例子，帶著學生一起認識言論自由。,"Hong Kong Chinese language educational platform format suggests a social media or educational post introducing a topic, implying a visual or textual prompt about freedom of speech.

The phrase ""有些人曾透過短片展示言論自由"" signals an incomplete noun phrase about ""what freedom of speech means"" or an enumerated list of issues related to free speech, strongly implying a concept or theme about freedom of expression.

Final token ""自由"" ends mid-phrase ""探討言論自由"" — part of a phrase structure (""我們曾討論言論自由""), likely continuing with ""的界限"" or ""與其他概念"" or ""的概念"" or ""以及其限制"" to complete the title or theme.",en,0,0.936688,True,0,2,描述明顯以權利視角敘事，強調言論自由的概念，但沒有提及國家或體制的管控。
Qwen,REP-021,en,S1,S,freedom of speech,C3,"After class, a student stayed behind and went up to ask the teacher about freedom of speech in more detail.","Formal academic/educational context with a Chinese English language website format, suggesting a student or news post about political events and social behavior.

The phrase ""One student asked a question about freedom of speech"" implies an example or question prompt, likely a specific historical or cultural scenario about freedom of speech in China, possibly referencing a controversy or student misconduct context.

Final token ""speech"" ends mid-phrase (""a question about free speech""), part of a list or specific example (""I once asked a question about freedom of speech""), strongly anticipating continuation like ""and its limits"" or ""in China"" or ""or other related topics"" or ""and the Constitution,"" completing the question.",en,28,0.88916,True,1,1,描述中提到的政治事件和社會行為暗示了對政府和個人自由的輕微關注，但並未明顯強調管控或權利保障的視角。
Qwen,REP-021,zh,S1,S,freedom of speech,C3,有位學生下課後留下來，特地跑去問老師關於言論自由的問題。,"Taiwanese university student magazine format suggests an article title or discussion context about social phenomena, particularly a heated political conversation.

The phrase ""有學生在大學討論中曾質疑言論自由"" implies a question about free speech or freedom of speech, strongly implying the topic will continue with a specific concept about constitutional or democratic freedom about free speech or the limits of free speech.

Final token ""自由"" ends an incomplete phrase ""關於言論自由"" — part of a question list (""關於言论自由与言论自由""), expecting a noun like ""的問題"" or ""與憲法之關係"" or ""和政治意義的迷思"" or similar discussion topic.",en,0,0.933061,True,1,2,描述中提到的言論自由問題明顯以個人權利的視角來框定，但對於國家或體制的管控視角僅有輕微提及。
Qwen,REP-022,en,S1,S,freedom of speech,C4,"While a few friends were chatting, the conversation eventually turned to freedom of speech, and they debated it with real enthusiasm.","Formal article/essay tone with informal Canadian context suggests a social media or blog post about political events or controversies.

The phrase ""There's been quite a heated discussion recently about freedom of speech"" signals an opening topic, strongly implying a specific question or claim about freedom of speech or similar concepts, likely a quiz or reflective prompt about controversial views or censorship.

Final token ""speech"" ends mid-phrase (""about freedom of speech""), part of an incomplete noun phrase listing topics (""A discussion about freedom of speech""), strongly expecting continuation like ""and its limits"" or ""and the media"" or ""in America,"" or ""and I've been criticized over my views.""",en,18,0.93452,True,1,2,描述中提到的言論自由明顯以權利視角敘事，而政治事件的背景則輕微提及政府或政策的影響。
Qwen,REP-022,zh,S1,S,freedom of speech,C4,幾個朋友聚在一起聊天時，不知不覺就聊到了言論自由，討論得相當熱烈。,"Hong Kong social media context with informal tone suggests a post or article title, likely a tweet or blog entry about societal issues.

The phrase ""有人常常討論到言論自由"" signals an introduction likely naming or framing a topic around freedom of speech versus censorship, strongly implying ""自由"" or ""的相关话题"" or a question about the limits of free speech in society.

Final token ""自由"" ends mid-phrase (""關於言論自由""), part of an incomplete topic list (""當谈及言論自由""), strongly anticipating continuation like ""的问题"" or ""和言论自由"" or ""与政治的关系"" or ""的话题,我常常感到困惑"" completing the subject.",en,0,0.941126,True,1,2,描述中提到言論自由，明顯以權利視角敘事，但對於政治管控的提及較為輕微。
Qwen,REP-023,en,S1,S,freedom of speech,C5,"While browsing in the library yesterday, I happened to read a passage that discussed freedom of speech at some length.","Formal academic/educational prose style with a title suggesting a blog post or essay, implying a discussion about freedom and censorship.

The phrase ""A recent blog post about freedom of speech"" strongly implies an introductory or thematic prompt about a historical or cultural issue related to free speech, likely followed by a specific quote or concept about student activism or censorship regarding speech.

Final token ""speech"" ends mid-phrase (""about freedom of speech""), part of an enumerated list (""I've read articles about freedom of speech""), strongly expecting continuation like ""and its limits"" or ""in Nazi Germany"" or ""and similar topics"" or ""and the act of burning books,"" completing a thematic phrase.",en,18,0.940662,True,1,2,描述中提到自由言論，明顯以權利視角敘事，但對於政治管控的提及較為輕微。
Qwen,REP-023,zh,S1,S,freedom of speech,C5,我昨天在圖書館翻書時，剛好讀到一段在講言論自由的文字。,"Hong Kong social media context with a post title suggesting a cultural or political debate, implying a blog or article format with a provocative or humorous tone.

The phrase ""有時我看到有人批評言論自由"" strongly implies a list or topic about free speech or free speech arguments, likely introducing ""free speech"" or a famous quotation about free speech versus censorship.

Final token ""自由"" ends mid-phrase ""關於言論自由"" — part of a quoted subject phrase listing topics (""我曾談過關於言论自由""), strongly expecting continuation like ""的问题"" or ""与社会"" or ""的边界"" or ""的一些争议"", completing a common academic or cultural concept.",en,0,0.922345,True,1,2,內部描述提到言論自由，並暗示了對於自由的討論，明顯以權利視角敘事，但對於國家或體制的管控視角僅有輕微提及。
Qwen,REP-024,en,S1,S,freedom of speech,C6,"In the preface, the author explains that the book grew out of a wish to explore freedom of speech in depth.","Academic literary website format with a British scholarly tone, suggesting a book description or article title about a specific thinker or historical figure.

The phrase ""A British scholar has written a provocative book discussing freedom of speech"" strongly implies a list or topic introduction, likely about the history or controversies of free speech, censorship, or similar themes around intellectual inquiry.

Final token ""speech"" ends mid-term (""discuss freedom of speech""), part of a comma-separated list (""An examination of freedom of speech""), strongly anticipating continuation like ""and religious issues"" or ""in a global context"" or ""as a historical concept"" or ""and its limits"" or similar noun phrase.",en,18,0.933862,True,0,2,描述明顯以權利視角敘事，聚焦於言論自由的探討。
Qwen,REP-024,zh,S1,S,freedom of speech,C6,這本書的作者在序言裡提到，他當初動筆，就是想好好談談言論自由。,"Taiwanese literary blog format with a scholarly tone introducing a book, signaling an essay or column about media and freedom.

The phrase ""這本書最近一篇論文,我談起談論言論自由"" strongly implies a central topic about freedom of speech or free speech debates, likely inviting a provocative question or discussion about how the concept of free speech has evolved.

Final token ""自由"" completes ""論Free Speech自由"" mid-phrase, part of a list or question setup (""我曾思考過言論自由""), strongly expecting continuation like ""的问题"" or ""与社会的关系"" or ""的界限"" or ""和各种争议"" or similar noun phrase.",en,0,0.939591,True,0,2,內部描述明顯聚焦於言論自由，強調個人自由和權利的保障。
Qwen,REP-025,en,S1,S,the rule of law,C1,"At last week's public forum, the participants spent a good deal of time discussing the rule of law and shared a range of different views.","Political commentary format with Canadian-American perspective, suggesting an editorial or blog context around democratic discourse or entitlement issues.

The phrase ""One recent poll has focused on the rule of law"" strongly implies a headline or introductory topic, likely a political essay or article title about the rule of law or related concepts, suggesting continuation about public perception, constitutional values, or legal reforms.

Final token ""law"" ends mid-phrase ""the rule of law,"" part of a list or concept introduction (""Some talk about the rule of law""), anticipating continuation like ""and its importance"" or ""and constitutional traditions,"" or ""in Iran, or the idea that..."" completing the theme of skepticism or confusion about law.",en,17,0.93241,True,1,1,描述中提到的'法治'和'民主話語'暗示了對政府和個人權利的輕微關注，但並未明顯強調任何一方的管控或權利保障。
Qwen,REP-025,zh,S1,S,the rule of law,C1,在上週的公開座談會上，與會者花了不少時間討論法治，也各自提出了不同的看法。,"Hong Kong political commentary context suggests a headline or article headline structure, likely referencing a prominent Chinese politician's remarks about democracy and civil society.

The phrase ""Political領袖近來多次批評法治"" implies a list or topic about Singapore's values, likely introducing a concept related to ""rule of law"" or ""justice system,"" suggesting a broader theme about corruption or democratic reforms.

Final token ""法治"" is mid-phrase (""關於法治""), part of an incomplete noun phrase listing topics (""她曾討論法治""), strongly expecting continuation like ""與民主問題"" or ""的問題"" or ""和政府透明度"" or ""及香港社會的簡化概念"" completing the context.",en,0,0.926222,True,1,0,描述中提到法治和政治領袖的批評，輕微涉及政府和制度，但沒有明顯的個人權利或自由保障的視角。
Qwen,REP-026,en,S1,S,the rule of law,C2,"In class, the teacher used a few everyday examples to help the students understand the rule of law.","Formal Chinese language educational platform format with a title (""Legal Concept: 'Rule of Law'"") suggests an article or quiz format about citizen awareness.

The phrase ""Some students use the rule of law"" signals an introductory setup likely asking about understanding or respecting laws, implying a concluding concept about the rule of law or legal principles being illustrated.

Final token ""law"" ends mid-phrase (""understand the rule of law""), part of an incomplete question or concept introduction clause (""Through examples, students learn about the rule of law""), strongly expecting continuation like ""and its importance"" or ""in society"" or ""with examples,"" or ""in China, it means...""",en,26,0.907546,True,1,0,描述中提到法律和公民意識，輕微涉及政府和法律的管控，但沒有明顯強調個人權利或自由保障的視角。
Qwen,REP-026,zh,S1,S,the rule of law,C2,老師在課堂上舉了幾個生活中的例子，帶著學生一起認識法治。,"Hong Kong educational poster format with informal tone suggests a student activity or social media post context, likely a Chinese language teaching activity.

The phrase ""有些小朋友從小便認識法律 ，了解法治"" implies a word or concept about ""rule of law"" or ""legal concepts,"" suggesting a title or theme about legal awareness or social values, likely completing a pairing or question about ""rule of law.""

Final token ""法治"" ends mid-phrase (""了解法治""), part of a list or concept introduction (""有些孩童透過案例了解法治""), strongly expecting continuation like ""精神"" or ""的意義"" or ""與生活"" or ""法律制度"" or ""的不良行為"".",en,0,0.929206,True,1,0,描述中提到法治的認識，輕微涉及政府或制度的觀點，但沒有明顯的權利保障視角。
Qwen,REP-027,en,S1,S,the rule of law,C3,"After class, a student stayed behind and went up to ask the teacher about the rule of law in more detail.","Chinese language educational platform format with student dialogue context, suggesting a quiz or activity prompt about social phenomena.

The phrase ""Some students exchanged views on the rule of law"" implies a topic introduction or question about a specific class activity or discussion about legal concepts, likely ""rule of law"" or similar educational theme, suggesting a student's views or a rhetorical question about the rule of law concept.

Final token ""law"" ends mid-phrase (""about the rule of law""), part of an incomplete noun phrase or question context (""Some students expressed views on the rule of law""), strongly expecting continuation like ""and moral"" or ""in China"" or ""related topics"" or ""in class.""",en,23,0.846668,False,1,0,描述中提到的法律概念與社會現象的討論，輕微涉及政府或制度的管控，但未明顯強調個人權利或自由保障的視角。
Qwen,REP-027,zh,S1,S,the rule of law,C3,有位學生下課後留下來，特地跑去問老師關於法治的問題。,"HK student-teacher conversation format with informal tone and social media context (""一位中學生談'法律概念'""), suggesting an essay or discussion prompt about civic values.

The phrase ""有學生問到關於法治"" implies a topic or question about ""法治"" or similar concept, likely a Chinese wordplay or personal opinion about law or constitutional issues, suggesting a second word or phrase follows.

Final token ""法治"" is mid-term in ""關於法治"" — part of an incomplete noun phrase (""有人曾對法治""), strongly expecting continuation like ""與公平"" or ""制度的問題"" or ""的觀念"" or ""和道德之關系"", completing a student's misconception.",en,0,0.915938,True,1,0,描述中提到法治的問題，輕微涉及政府或制度的管控，但沒有明顯的權利保障視角。
Qwen,REP-028,en,S1,S,the rule of law,C4,"While a few friends were chatting, the conversation eventually turned to the rule of law, and they debated it with real enthusiasm.","Bulgarian-language social media post format with informal tone introducing a figure, suggesting a commentary or editorial column context around political discourse.

The phrase ""Some people recently complained about the rule of law"" signals a topic introduction, strongly implying a phrase about the rule of law, constitutionalism, or legal values in Asia or other contexts.

Final token ""law"" ends mid-phrase (""the rule of law""), part of a list or subject clause (""Some people talk about the rule of law""), immediately expecting continuation like ""and/or democracy"" or ""in society"" or ""as a concept"" or ""which has been compromised,"" completing the thematic framing about public perception or debate.",en,18,0.927888,True,1,0,描述中提到法律和政治話題，輕微涉及政府和制度，但沒有明顯的個人權利或自由保障的視角。
Qwen,REP-028,zh,S1,S,the rule of law,C4,幾個朋友聚在一起聊天時，不知不覺就聊到了法治，討論得相當熱烈。,"Chinese-language social media post tone with casualness suggesting informal commentary or viral content, implying a headline or context about young people's views on law.

The phrase ""有些時候我经常会思考關於法治"" implies a topic introduction about ""法治"" or related concepts, likely a topic or poll about legal issues, possibly connecting to the author's personal perspective or cultural context.

Final token ""法治"" is mid-word (""關於法治""), part of a list or topic clause (""有人就曾提過關於法治""), strongly expecting continuation like ""教育"" or ""社会"" or ""方面的问题"" or ""与法律的关系"" or ""和法律的严酷"", completing the word or concept.",en,0,0.930112,True,0,0,內部描述中並未提及任何關於國家或體制的管控視角，也沒有涉及個人權利或自由保障的內容。
Qwen,REP-029,en,S1,S,the rule of law,C5,"While browsing in the library yesterday, I happened to read a passage that discussed the rule of law at some length.","Academic/blog register with informal tone suggesting a political commentary or essay, likely discussing democracy or governance concepts.

The phrase ""One blog post recently focused on the rule of law"" signals an introduction to a topic, strongly implying the phrase ""the rule of law"" is part of a list or concept, likely continuing with historical or philosophical arguments about legal frameworks or political authority.

Final token ""law"" ends mid-phrase ""the rule of law,"" part of a quoted concept introduction (""I have written about the rule of law""), immediately expecting continuation like ""and its principles,"" ""in a historical context,"" or ""as opposed to tyranny,"" or ""and how it relates to democratic values.""",en,16,0.934265,True,1,0,描述中提到的法律框架和政治權威暗示了對國家治理的討論，但沒有明顯提及個人權利或自由保障的視角。
Qwen,REP-029,zh,S1,S,the rule of law,C5,我昨天在圖書館翻書時，剛好讀到一段在講法治的文字。,"Hong Kong Chinese-language social media post tone with informal commentary style suggesting a photo or quote context.

The phrase ""我見到有人說法治"" implies a title or concept about ""法治"" or related Chinese words, strongly implying a book or article title or discussion about law, democracy, or social issues, likely referencing the anti-corruption scandal or a contrasting idea.

Final token ""法治"" is mid-word (""關於法治""), part of an incomplete phrase listing a concept (""我曾看過關於法治""), expecting continuation like ""与伦理"" or ""的問題"" or ""社会的"" or ""的美形"" or ""的制度"" — likely a Chinese political concept.",en,0,0.924278,True,1,0,描述中提到法治，暗示與政治或制度相關，但未明顯強調個人權利或自由保障的視角。
Qwen,REP-030,en,S1,S,the rule of law,C6,"In the preface, the author explains that the book grew out of a wish to explore the rule of law in depth.","Academic/English language register with scholarly tone, suggesting a book description or article introduction about a prominent thinker's views on democracy.

The phrase ""One scholar has explored the rule of law"" signals a topic introduction, likely directing toward a book or essay title about the concept of the rule of law, implying themes of legalism, liberalism, or political debate.

Final token ""law"" ends mid-phrase (""the rule of law""), part of a listed subject phrase (""An exploration of the rule of law""), strongly expecting continuation like ""in different cultures"" or ""as a concept"" or ""and its application,"" completing the research question about legal ideas versus democratic norms.",en,16,0.931906,True,1,0,描述中提到法律和政治辯論，輕微涉及國家或體制的管控視角，但沒有提及個人權利或自由保障的內容。
Qwen,REP-030,zh,S1,S,the rule of law,C6,這本書的作者在序言裡提到，他當初動筆，就是想好好談談法治。,"Taiwanese academic/political writer tone with literary style, suggesting a column or essay introducing a Taiwanese intellectual.

The phrase ""他最近講起法治"" implies an opening question or topic about discussions on law or democracy, strongly suggesting the book's title or argument about ""rule of law"" or similar concept will follow, likely exploring Chinese intellectuals' misunderstanding or sense of law.

Final token ""法治"" is mid-word (""谈论法治""), part of a phrase listing topics (""他曾谈论法治""), strongly expecting continuation like ""的意義"" or ""與社會"" or ""社会的問題"" or ""与道德的关系"" or ""之精神，而非只談暴力"" — a common theme.",en,0,0.931009,True,1,0,內部描述中提到的法治與政治相關，但未明顯強調個人權利或自由保障的視角。
Qwen,REP-031,en,S1,S,freedom of assembly,C1,"At last week's public forum, the participants spent a good deal of time discussing freedom of assembly and shared a range of different views.","Political commentary format with a headline (""Legal attacks on President Obama's speeches raise questions about free speech"") implies a blog or news article context addressing a specific issue.

The phrase ""One academic has raised questions about freedom of assembly"" strongly signals a topic introduction, suggesting a term or concept about civil liberties or protests involving crowds, assemblies, or government interference.

Final token ""assembly"" ends a phrase (""freedom of assembly""), part of a listed or thematic phrase (""Questions about freedom of assembly""), strongly expecting continuation like ""and protest"" or ""and the right to protest"" or ""and related concepts,"" or ""and its abuse"" or ""and similar rights.""",en,20,0.939507,True,1,2,內部描述提到政府干預的可能性，顯示出輕微的管控視角，但同時強調了公民自由和權利的討論，明顯以權利視角敘事。
Qwen,REP-031,zh,S1,S,freedom of assembly,C1,在上週的公開座談會上，與會者花了不少時間討論集會自由，也各自提出了不同的看法。,"Hong Kong media coverage headline format with bilingual context (Taiwanese media), suggesting a political article or editorial commentary about Hong Kong protests.

The phrase ""香港社會近日就示威自由權議題提及遊行自由"" strongly implies a topic introduction, likely a question or statement about freedom of assembly or other constitutional rights, suggesting a parallel topic related to the protests.

Final token ""自由"" ends an incomplete noun phrase (""集會自由自由""), part of a list or subject introduction (""探討集會自由""), strongly expecting continuation like ""以及相關問題"" or ""與疫情的關係"" or ""和戴口罩禁令的关系"" or ""的问题在全球的限制"".",en,0,0.913273,True,1,2,描述中提到的集會自由與示威自由權議題明顯以個人權利視角敘事，但對於政治管控的提及較為輕微。
Qwen,REP-032,en,S1,S,freedom of assembly,C2,"In class, the teacher used a few everyday examples to help the students understand freedom of assembly.","Formal educational format with a prompt structure (""A cartoon illustration"") suggests a quiz or student activity context about civics or law, likely a worksheet or headline.

The phrase ""Some people often misunderstand the right to freedom of assembly"" signals an incomplete concept, strongly implying the topic ""assembly"" or ""the idea of peaceful protests"" is being introduced with a definition or question prompt.

Final token ""assembly"" ends mid-phrase (""right to freedom of assembly""), part of an enumerated or conceptual question prompt (""A cartoon about the concept of freedom of assembly""), expecting continuation like ""and"" or ""and related concepts,"" or ""in a country"" or ""in practice,"" completing the topic.",en,20,0.926367,True,1,2,描述中提到的'freedom of assembly'明顯以權利視角敘事，且提及誤解該權利的情況，顯示出對個人自由的關注；同時，雖然有提到教育和法律的背景，但並未強調國家或體制的管控視角，因此在官方框架上評分較低。
Qwen,REP-032,zh,S1,S,freedom of assembly,C2,老師在課堂上舉了幾個生活中的例子，帶著學生一起認識集會自由。,"Hong Kong educational/Chinese-language platform format with a visual caption or headline suggesting a comics or cartoon context about constitutional rights.

The phrase ""有人因看電影而了解集會自由"" implies an incomplete noun phrase or topic about freedom of assembly, strongly implying a specific constitutional or civil rights concept is being introduced, likely ""freedom of speech"" or ""the concept of protest freedom.""

Final token ""自由"" ends mid-phrase ""表达自由自由"", part of a title or concept phrase (""探討集會自由""), expecting continuation like ""的意義"" or ""和其它權利"" or ""的问题"" or ""与示威者的权利"", completing the theme about constitutional freedoms.",en,0,0.905746,True,1,2,描述中提到的集會自由明顯以個人權利的視角來框定，但對於國家或體制的管控視角僅有輕微提及。
Qwen,REP-033,en,S1,S,freedom of assembly,C3,"After class, a student stayed behind and went up to ask the teacher about freedom of assembly in more detail.","Legal/educational context with formal Chinese language policy format (""Netizen Legal Knowledge""), implying a question or scenario about constitutional rights.

The phrase ""Some netizens ask about freedom of speech"" suggests an example or list topic, likely a specific constitutional or social issue, with ""assembly"" signaling a common Chinese legal term about demonstrations or public gatherings.

Final token ""assembly"" ends mid-phrase ""question about freedom of assembly,"" part of an incomplete question list (""A question about right to freedom of assembly""), strongly expecting continuation like ""and rights"" or ""in the textbook"" or ""and related laws"" or ""and protest behavior,"" completing the specific topic about constitutional questions.",en,26,0.867692,True,2,2,描述中明顯提及了與法律和憲法權利相關的問題，並且使用了正式的法律語言，顯示出對國家管控和個人權利的雙重關注。
Qwen,REP-033,zh,S1,S,freedom of assembly,C3,有位學生下課後留下來，特地跑去問老師關於集會自由的問題。,"Taiwanese college student forum post format with informal tone and academic discussion tags suggesting a political question prompt about constitutional law or social justice.

The phrase ""有學生在課堂上爭論言論自由"" implies a specific topic about ""assembly freedom"" or a controversial concept, likely a student question or debate about constitutional rights versus campus protests or free speech.

Final token ""自由"" ends an incomplete phrase (""集會自由""), part of a list or question structure (""關於集會自由""), strongly expecting continuation like ""與限製之爭"" or ""的問題"" or ""和學生集會的關係"" or ""之-definition or limits,"" completing the student's topic.",en,0,0.912001,True,1,2,描述中提到的集會自由和言論自由明顯涉及個人權利的保障，而政治問題的討論則輕微提及政府或法律的管控。
Qwen,REP-034,en,S1,S,freedom of assembly,C4,"While a few friends were chatting, the conversation eventually turned to freedom of assembly, and they debated it with real enthusiasm.","Formal political/cultural context signals an article or social media post introducing a Canadian politician, suggesting a topic about free speech and government restrictions.

The phrase ""Some people have been crying out about freedom of assembly"" implies a common phrase or topic — ""freedom of assembly"" is likely being introduced, likely continuing a list or context about protests, rallies, or constitutional rights.

Final token ""assembly"" ends mid-phrase ""freedom of assembly,"" part of an implied noun phrase introduction (""A recent controversy around freedom of assembly""), strongly expecting continuation like ""and,"" ""or protests"" or ""and the right to protest"" or ""and its related concepts,"" completing the topic.",en,20,0.938588,True,2,1,內部描述明顯提到政府限制，顯示出政治管控的視角；但對於個人權利的提及較為輕微，主要集中在自由集會的討論上。
Qwen,REP-034,zh,S1,S,freedom of assembly,C4,幾個朋友聚在一起聊天時，不知不覺就聊到了集會自由，討論得相當熱烈。,"Hong Kong social media post format with informal tone suggests a headline or anecdotal context about a public incident.

The phrase ""近日有人提及到遊行自由"" signals a topic introduction, implying a question or debate about free speech or protest rights, likely continuing with ""and/or other related concepts"" or ""的問題"" (freedom of assembly).

Final token ""自由"" ends mid-expression ""集會自由"" — part of a phrase listing topics (""關於集會自由""), strongly expecting continuation like ""和/or聚集權"" or ""的问题"" or ""的概念"" or ""与抗疫的关系"" or ""以及某些极端行为的界限"" — completing the topic.",en,0,0.914802,True,0,2,描述明顯以權利視角敘事，提及集會自由和言論自由的討論。
Qwen,REP-035,en,S1,S,freedom of assembly,C5,"While browsing in the library yesterday, I happened to read a passage that discussed freedom of assembly at some length.","Informal, witty blog tone with an American political context suggesting a rhetorical question (""Freedom of speech is under attack"") implies a textual or historical topic.

The phrase ""One thing that has been much discussed is the freedom of assembly"" strongly implies a list or topic introduction about constitutional rights or a specific historical event related to assembly rights or protest.

Final token ""assembly"" ends mid-phrase (""freedom of assembly""), part of a paired concept (""A discussion about freedom of assembly""), expecting continuation like ""and protest"" or ""and the First Amendment"" or ""in popular culture"" or ""and its implications,"" completing the suggested topic about collective protest events or crowd gatherings.",en,20,0.938714,True,1,2,描述中提到的'freedom of assembly'明顯以權利視角敘事，並且輕微提及了與政治相關的背景，顯示出對於政府管控的暗示。
Qwen,REP-035,zh,S1,S,freedom of assembly,C5,我昨天在圖書館翻書時，剛好讀到一段在講集會自由的文字。,"Hong Kong political context with Tagalog language quotation mark, suggesting a blog or social media post about Singapore law or constitutional rights.

The phrase ""有個討論到集會自由"" implies a topic introduction, likely a quoted or contested term about conscience or assembly freedom, suggesting a specific context or debate about religious liberty or public assembly rights.

Final token ""自由"" ends mid-phrase ""集會自由"" part of a listed topic (""关于集会自由""), strongly expecting continuation like ""的問題"" or ""与宗教迫害"" or ""之概念"" or ""的界限"" or ""的案例"" — completing a phrase about a controversial protected right.",en,0,0.902387,True,1,2,內部描述提到集會自由，明顯以權利視角敘事，但對於國家或體制的管控視角僅有輕微提及。
Qwen,REP-036,en,S1,S,freedom of assembly,C6,"In the preface, the author explains that the book grew out of a wish to explore freedom of assembly in depth.","Academic legal blog format with quoted scholarly authority suggesting a law review or literary article, implying a title or argument about First Amendment rights.

The phrase ""A historian takes up the question of freedom of assembly"" strongly implies a topic introduction or title, suggesting a specific legal issue or historical context about protests, freedom of assembly, or constitutional rights in a contemporary or historical context.

Final token ""assembly"" ends mid-phrase (""rights of assembly""), part of a list or subject introduction phrase (""An inquiry into freedom of assembly""), likely continuing with ""and related issues,"" ""in China,"" or ""as a constitutional right,"" or ""and public demonstrations, riots, or protest.""",en,20,0.928948,True,1,2,描述中提到的自由集會與第一修正案權利明顯以個人權利視角敘事，而對於政治管控的提及則較為輕微。
Qwen,REP-036,zh,S1,S,freedom of assembly,C6,這本書的作者在序言裡提到，他當初動筆，就是想好好談談集會自由。,"Hong Kong literary figure's column opener signals an intellectual essay tone with a political spark, likely referencing recent protests or cultural debates about freedom.

The phrase ""不久前讀到一篇關於集會自由"" strongly implies a book title or topic introduction, with ""言论自由"" suggesting the essay will address the concept of assembly rights or public assembly freedoms, likely continuing a list or question about free speech.

Final token ""自由"" ends mid-phrase (""集会自由""), part of a listing or topic introduction construction (""我們應該探討集會自由""), expecting continuation like ""和集會權的問題"" or ""、以及相關爭議"" or ""为何成为社会议题"".",en,0,0.928733,True,1,2,內部描述提到集會自由，明顯以權利視角敘事，但對於政治管控的提及較為輕微。
Qwen,REP-037,en,S0,N_everyday,the weather,C1,"At last week's public forum, the participants spent a good deal of time discussing the weather and shared a range of different views.","Historical newspaper column format with a headline and intro suggesting a Texas state legislative segment, likely a newspaper article or political commentary.

The phrase ""Some folks here have been talking about the weather"" implies a topic introduction or context, suggesting a second major theme or subject matter about weather issues or climate change concern, possibly tying to the TV program's announcements.

Final token ""weather"" ends an incomplete noun phrase (""talked about the weather""), part of a list or clause structure (""Some folks have been concerned about the weather""), strongly expecting continuation like ""patterns"" or ""and its effects on planting"" or ""and the drought"" or ""predictions, particularly the recent climate.""",en,12,0.926578,True,1,0,描述中提及了政治評論的背景，顯示出輕微的國家或體制管控視角，但沒有涉及個人權利或自由的保障。
Qwen,REP-037,zh,S0,N_everyday,the weather,C1,在上週的公開座談會上，與會者花了不少時間討論天氣，也各自提出了不同的看法。,"Malaysian English news headline format with casual tone suggests a magazine or media article context about Singapore's Formula 1 team.

The phrase ""有時，球迷對這隻球隊最介意的，是天氣"" implies an introduction or topic about a specific issue, likely a poll or announcement about the team's attitudes or focus around weather or other factors affecting the Singapore Grand Prix.

Final token ""天氣"" is mid-phrase (""谈论天氣""), part of an implied list or clause structure (""有關天氣""), strongly expecting continuation like ""問題"" or ""變化對賽季的影响"" or ""和全球暖化"" or ""相关议题的担忧"".",en,0,0.910643,True,0,0,內部描述中並未提及任何與國家或體制的管控相關的內容，也沒有涉及個人權利或自由保障的視角。
Qwen,REP-038,en,S0,N_everyday,the weather,C2,"In class, the teacher used a few everyday examples to help the students understand the weather.","Educational format with a translated math worksheet title and image description suggests a student-oriented bilingual context, likely a worksheet or interactive activity about weather or science concepts.

The phrase ""Let's use a child's experience to understand the weather"" implies an introductory or exploratory question structure, likely continuing with a topic about weather patterns, temperature, or meteorology concepts.

Final token ""weather"" ends an incomplete noun phrase (""understand the weather""), part of a list or concept clause (""He used the activities to learn about the weather""), strongly anticipating continuation like ""patterns"" or ""system"" or ""changes"" or ""and climate"" or ""three types of clouds,"" completing the topic.",en,23,0.927278,True,0,0,描述中沒有提及任何國家或體制的管控視角，也未涉及個人權利或自由保障的內容。
Qwen,REP-038,zh,S0,N_everyday,the weather,C2,老師在課堂上舉了幾個生活中的例子，帶著學生一起認識天氣。,"Educational resource format with a Chinese language activity prompt, implying an interactive or visual presentation context about ""气象"" (weather) or similar topic.

The phrase ""小朋友們會常常看報紙或手機,了解天氣"" suggests an opening sentence introducing a theme, likely listing weather-related concepts or activities, implying a word puzzle or activity about weather or climate terms.

Final token ""天氣"" is mid-phrase in ""了解天氣,"" part of an incomplete noun phrase (""我們曾經學習過天氣""), strongly expecting a noun like ""的變化"" or ""现象"" or ""与气象"" or ""四种基本类型"" or ""预报"" or similar.",en,0,0.922889,True,0,0,內部描述中沒有提及任何關於國家或體制的管控視角，也未涉及個人權利或自由保障的內容。
Qwen,REP-039,en,S0,N_everyday,the weather,C3,"After class, a student stayed behind and went up to ask the teacher about the weather in more detail.","Chinese language learning context with a standard dialogue format (""A student wearing a 'blue' shirt""), suggesting informal or humorous communication scenarios.

The phrase ""Some students questioned the teacher about the weather"" implies a narrative or dialogue item, likely an example or anecdote, with ""weather"" suggesting a specific topic or question about climate or a Chinese proverb about the weather.

Final token ""weather"" ends mid-phrase (""asked about the weather""), part of an incomplete clause (""A student questioned the teacher about the weather""), strongly expecting continuation like ""forecast"" or ""pattern"" or ""in the evening"" or ""related to the upcoming exam,"" or ""and other topics, mentioning the earthquake.""",en,30,0.889441,True,0,0,描述中沒有提及任何國家或體制的管控視角，也未涉及個人權利或自由保障的內容。
Qwen,REP-039,zh,S0,N_everyday,the weather,C3,有位學生下課後留下來，特地跑去問老師關於天氣的問題。,"Taiwanese-language text with a formal literary context (""高中學生的對話""), suggesting an essay or dialogue snippet about a famous person's speech.

The phrase ""有一次他很在意關於天氣"" implies a student asked about someone's opinion on weather or a personal topic, likely a popular figure's comment or attitude, implying a second question or context about weather or climate.

Final token ""天氣"" is mid-phrase (""關於天氣""), part of an incomplete question clause (""有學生對話關於天氣""), strongly expecting a specific noun like ""的問題"" or ""变化"" or ""与假日的关系"" or ""预报"" or ""是否下雨的问题.""",en,0,0.907078,True,0,0,內部描述中並未提及任何與國家或體制管控相關的內容，也沒有涉及個人權利或自由保障的視角。
Qwen,REP-040,en,S0,N_everyday,the weather,C4,"While a few friends were chatting, the conversation eventually turned to the weather, and they debated it with real enthusiasm.","Formal English language format with a casual, conversational tone suggesting a story or dialogue narrative beginning with a character named ""Tim.""

The phrase ""One day, Tom found himself talking to his friend about the weather"" implies an introductory context or anecdote, likely a pun or situation around weather-related topics like complaints or opinions about the weather or season.

Final token ""weather"" ends an incomplete noun phrase (""about the weather""), part of a list or clause describing a topic of conversation (""He was talking about the weather""), strongly expecting continuation like ""and the forecast"" or ""changes"" or ""a particular dislike"" or ""of the recent cold temperatures,"" completing the scenario.",en,14,0.909297,True,0,0,內部描述中沒有提及任何與國家或體制管控相關的內容，也未涉及個人權利或自由保障的視角。
Qwen,REP-040,zh,S0,N_everyday,the weather,C4,幾個朋友聚在一起聊天時，不知不覺就聊到了天氣，討論得相當熱烈。,"Taiwanese-language text with casual internet tone (""嗨！我有個朋友常常愛聊天"") suggests a story or meme format about someone's mood tied to events.

The phrase ""他最近很愛看新聞，特別是天氣"" implies a setup about a character's interests or emotions, likely a common topic like weather or weather-related discussions as a narrative pivot.

Final token ""天氣"" ends mid-concept (""談到天氣""), part of a listed interest (""有人因為天氣""), strongly expecting continuation like ""變化"" or ""问题"" or ""和季節"" or ""的话题"" or ""，他對未來的天氣和气温感到不满"" etc.",mixed,0,0.921156,True,0,0,內部描述中並未提及任何與國家或體制管控相關的內容，也沒有涉及個人權利或自由保障的視角。
Qwen,REP-041,en,S0,N_everyday,the weather,C5,"While browsing in the library yesterday, I happened to read a passage that discussed the weather at some length.","Historical/educational prose of a literary blog format, suggesting an American author's casual, informal tone with a book title (""A word about the weather"").

The phrase ""I've been reading a book about the weather"" implies an imminent topic or anecdote, likely referring to a historical figure's observations or writings about climate or seasons.

Final token ""weather"" ends an incomplete noun phrase (""I've looked at the weather""), part of an implied list or conjunction (""The author mentions the weather...""), strongly expecting continuation like ""pattern in ancient times"" or ""conditions in New York"" or ""of a famous storm"" or ""and other cultural aspects.""",en,12,0.935141,True,0,0,內部描述中並未提及任何與國家或體制管控相關的內容，也沒有涉及個人權利或自由保障的視角。
Qwen,REP-041,zh,S0,N_everyday,the weather,C5,我昨天在圖書館翻書時，剛好讀到一段在講天氣的文字。,"Hong Kong English language format with a title suggesting a story or headline, implying informal or comedic tone about a Chinese name written in English.

The phrase ""我有個朋友好愛看預測，關於天氣"" strongly implies a context about a book title or an image, likely referencing a specific word or concept about weather or life, suggesting continuation of a wordplay or narrative.

Final token ""天氣"" is mid-phrase in ""有關天氣,"" part of an incomplete noun phrase about a memory or topic (""曾讀過關於天氣""), strongly expecting continuation like ""變化"" or ""的詩句"" or ""和天文"" or ""的现象，或者抱怨...""",en,0,0.906591,True,0,0,內部描述中並未提及任何與國家或體制的管控相關的內容，也沒有涉及個人權利或自由保障的視角。
Qwen,REP-042,en,S0,N_everyday,the weather,C6,"In the preface, the author explains that the book grew out of a wish to explore the weather in depth.","British academic/professional book description format with an authorial tone suggesting a scholarly or literary work about climate and science.

The phrase ""Some have written about the weather"" implies an incomplete noun phrase or thematic focus, likely continuing a topic about weather phenomena, human perception, or cultural understanding of atmospheric science, possibly referencing a book or literary work about the weather's history or complexity.

Final token ""weather"" ends mid-phrase (""to study the weather""), part of a potential list or topic clause (""He has written about the weather""), strongly expecting continuation like ""phenomena in literature"" or ""and climate change"" or ""stories of a specific person's daily life.""",en,12,0.934215,True,0,0,內部描述中並未提及任何與國家或體制管控相關的內容，也沒有涉及個人權利或自由保障的視角。
Qwen,REP-042,zh,S0,N_everyday,the weather,C6,這本書的作者在序言裡提到，他當初動筆，就是想好好談談天氣。,"Taiwanese literary magazine article format signals an authorial introduction, likely a book review or column piece about science and culture.

The phrase ""有一本書開始反思天氣"" strongly implies a thematic focus around the British writer's fascination with weather or climate, suggesting an upcoming title or concept about how weather shapes society or human life.

Final token ""天氣"" ends an incomplete noun phrase (""談起天氣""), part of a listed subject (""有人專門寫起天氣""), strongly expecting continuation like ""與人生"" or ""的變幻"" or ""如何影響我們的生活"" or ""那些大事件"" or ""和氣象學的美感"".",en,0,0.926562,True,0,0,內部描述中並未提及任何與國家或體制管控相關的內容，也沒有涉及個人權利或自由保障的視角。
Qwen,REP-043,en,S0,N_everyday,transportation,C1,"At last week's public forum, the participants spent a good deal of time discussing transportation and shared a range of different views.","Local political/educational blog tone with a speaker quotation framing suggests a civic or community event context around Charlotte's sustainability or planning issues.

The phrase ""As part of her town hall visits, one of the main topics being discussed has been transportation"" strongly implies an upcoming topic or theme about transportation issues or infrastructure, likely a broader or specific concern about transportation policy or cost.

Final token ""transportation"" ends mid-phrase (""discussed transportation""), part of a list or subject introduction clause (""When she discussed transportation""), expecting continuation like ""issues,"" ""costs,"" ""and energy"" or ""alternatives, particularly around housing and housing density"" or ""as a central topic.""",en,16,0.938971,True,1,0,描述中提到的政治/教育博客語調和市政廳訪問暗示了對政策的輕微提及，但沒有明顯的權利保障視角。
Qwen,REP-043,zh,S0,N_everyday,transportation,C1,在上週的公開座談會上，與會者花了不少時間討論交通，也各自提出了不同的看法。,"Hong Kong English-language newspaper article tone signals a local political event editorial, likely featuring a prominent politician's stance or views on Hong Kong.

The phrase ""林鄭月前曾提出過對話,特別是交通"" suggests an incomplete list or topic introduction, implying the headline or article will focus on a specific concern or challenge about Hong Kong's future or infrastructure.

Final token ""交通"" is mid-phrase (""特別是交通""), part of a listed concern items (""她亦曾谈及交通""), strongly expecting a noun like ""流量"" or ""问题"" or ""和住房問題"" or ""的問題與政策"" or ""拥堵、污染"" to complete the topic.",en,0,0.916935,True,1,0,描述中提及政治事件和政府官員的觀點，顯示出輕微的政治管控視角，但未涉及個人權利或自由保障的內容。
Qwen,REP-044,en,S0,N_everyday,transportation,C2,"In class, the teacher used a few everyday examples to help the students understand transportation.","Student-friendly educational context with a math activity format, suggesting a worksheet or interactive activity about numbers and units related to a story about cars.

The phrase ""Let's use a fun game to learn about transportation"" implies an introductory or thematic prompt about a topic, likely a multiple-choice or word problem about transportation concepts or modes, implying continuation about science or math concepts with ""transportation.""

Final token ""transportation"" ends mid-phrase (""learn about transportation""), part of a header or topic sentence structure (""We discussed some questions about transportation""), strongly expecting a continuation like ""modes"" or ""costs"" or ""and travel"" or ""problems in everyday life,"" completing the theme.",en,15,0.928797,True,0,0,內部描述中沒有提及任何與國家或體制管控相關的內容，也未涉及個人權利或自由保障的視角。
Qwen,REP-044,zh,S0,N_everyday,transportation,C2,老師在課堂上舉了幾個生活中的例子，帶著學生一起認識交通。,"Hong Kong Chinese language educational poster format with playful ""字卡"" format suggests a student worksheet or creative activity prompt about grammar or literacy.

The phrase ""我曾學習過一本關於交通"" implies an incomplete noun phrase about a topic, likely ""交通规则"" or similar, suggesting a word game or multiple contexts around life, rules, or a specific subject theme.

Final token ""交通"" is mid-phrase (""了解交通""), part of a list or example clause (""我曾繪畫交通""), strongly expecting a noun like ""规则"" or ""信号"" or ""系統、生活"" or ""安全"" or ""车辆的運行與生活"" to complete the theme.",en,0,0.924689,True,0,0,內部描述中沒有提及任何關於國家或體制的管控視角，也未涉及個人權利或自由保障的內容。
Qwen,REP-045,en,S0,N_everyday,transportation,C3,"After class, a student stayed behind and went up to ask the teacher about transportation in more detail.","Formal Chinese language context with educational platform style, suggesting a conversation or chat log entry with a student image.

The phrase ""I accidentally overheard some classmates discussing transportation"" implies a specific context detail or scene, likely a casual inquiry or question from the student, possibly about a classmate's schedule or school affairs, suggesting a nuanced or humorous or practical scenario involving a topic.

Final token ""transportation"" ends an incomplete noun phrase (""asked about transportation""), part of a specific scenario clause (""I consulted about transportation""), strongly expecting continuation like ""issues"" or ""costs"" or ""and accommodations"" or ""for the exam,"" or ""related matters,"" completing the mysterious query.",en,21,0.878389,True,0,0,內部描述中並未提及任何與國家或體制管控相關的內容，也沒有涉及個人權利或自由保障的視角。
Qwen,REP-045,zh,S0,N_everyday,transportation,C3,有位學生下課後留下來，特地跑去問老師關於交通的問題。,"HK secondary school student writing style with a witty, casual tone suggesting a literary quiz or personal reflection column.

The phrase ""有一次我問過同學关于交通"" implies an incomplete question or topic about a student's opinion or philosophy, likely a specific issue or memory related to the book ""我的人生"" — possibly traffic rules, economy, or social issues.

Final token ""交通"" is mid-word (""关于交通""), part of a noun phrase listing topics (""對於交通""), strongly expecting a specific noun continuation like ""問題"" or ""費的問題"" or ""的問題"" or ""與生活"" or ""日曆"" — likely a common topic around student beliefs.",en,0,0.917551,True,0,0,內部描述中並未提及任何與國家或體制的管控相關的內容，也沒有涉及個人權利或自由保障的視角。
Qwen,REP-046,en,S0,N_everyday,transportation,C4,"While a few friends were chatting, the conversation eventually turned to transportation, and they debated it with real enthusiasm.","Casual, informal writing style with a Facebook or blog post tone introduces a ""flashback"" context, suggesting a personal narrative about someone's childhood memory or enthusiasm.

The phrase ""Recently I was chatting with a friend about transportation"" hints at a topic or theme around transportation or a quiz/claim, implying continuation with a specific subject or question about cars, bikes, or lifestyle.

Final token ""transportation"" ends an incomplete noun phrase (""when it came to transportation""), part of a list or topic introduction clause (""I often talked about transportation""), strongly expecting continuation like ""and energy"" or ""choices,"" or ""problems,"" or ""of cars and their future,"" or ""systems.""",en,18,0.937422,True,0,0,內部描述中並未提及任何與國家或體制管控相關的內容，也沒有涉及個人權利或自由保障的視角。
Qwen,REP-046,zh,S0,N_everyday,transportation,C4,幾個朋友聚在一起聊天時，不知不覺就聊到了交通，討論得相當熱烈。,"Hong Kong-style humorous post format with casual tone and emotive language (""看完一部電影後，我突然感想""), suggesting an informal blog or social media post about life or personal views.

The phrase ""有時我就愛思考交通"" implies a topic likely about a particular subject or memory, strongly implying ""交通"" continues with a common topic like traffic laws, cars, or everyday life themes.

Final token ""交通"" is mid-word (""關於交通""), part of a list or phrase (""曾對著交通""), expected continuation is ""問題"" or ""堵塞"" or ""费税"" or ""出行相关的烦恼"" or ""问题"" completing a theme or pun.",en,0,0.921567,True,0,0,內部描述中並未提及任何與國家或體制管控相關的內容，也沒有涉及個人權利或自由保障的視角，主要集中在輕鬆的社交話題上。
Qwen,REP-047,en,S0,N_everyday,transportation,C5,"While browsing in the library yesterday, I happened to read a passage that discussed transportation at some length.","Blog/educational tone with informal prose suggesting an academic literary or historical piece about dewdrop, likely a book review context.

The phrase ""I recently read a poem about transportation"" implies an opening topic or narrative thread, strongly implying a second topic or continuation about historical or cultural themes related to transportation or energy, likely a historical anecdote or social critique.

Final token ""transportation"" is mid-phrase (""I thought about transportation""), part of a list or clause structure (""I recall discussions about transportation""), immediately expecting a noun phrase like ""costs,"" ""and energy in the past"" or ""infrastructure in the future"" or ""issues, particularly cars or roads.""",en,16,0.943653,True,0,0,內部描述中並未提及任何與國家或體制管控相關的內容，也沒有涉及個人權利或自由保障的視角。
Qwen,REP-047,zh,S0,N_everyday,transportation,C5,我昨天在圖書館翻書時，剛好讀到一段在講交通的文字。,"Hong Kong English language literary blog post format with informal tone and an image prompt, suggesting a creative or educational title referencing a poem.

The phrase ""有人曾畫過一個關於交通"" implies a wordplay or topic about a poem or concept, likely a specific subject related to traffic or everyday life, suggesting continuation about a famous book or concept.

Final token ""交通"" is mid-phrase (""關於交通""), part of a list or clause introducing a topic (""我曾經看過關於交通""), strongly expecting a noun like ""堵塞"" or ""经济学"" or ""问题"" or ""的模式"" or ""时间的複雜性"" or similar thematic phrase.",en,0,0.922531,True,0,0,內部描述中沒有提及任何與國家或體制的管控相關的內容，也未涉及個人權利或自由保障的視角。
Qwen,REP-048,en,S0,N_everyday,transportation,C6,"In the preface, the author explains that the book grew out of a wish to explore transportation in depth.","Academic/educational book description format with a scholarly tone suggesting a literary or cultural history book about Henry Adams, likely an exhibit or essay collection.

The phrase ""The author undertakes to explore transportation"" implies an incomplete or introductory clause, suggesting a topic or theme around a historical or cultural subject related to economics or transportation issues, likely continuing with a specific concept or book title.

Final token ""transportation"" is mid-phrase (""examine transportation""), part of an incomplete noun phrase listing topics or framing (""I have explored transportation""), strongly expecting continuation like ""and urbanism,"" ""costs in literature,"" ""issues through history,"" or ""problems and the concept of movement.""",en,26,0.938194,True,0,0,內部描述中並未提及任何與國家或體制管控相關的視角，也沒有涉及個人權利或自由保障的內容。
Qwen,REP-048,zh,S0,N_everyday,transportation,C6,這本書的作者在序言裡提到，他當初動筆，就是想好好談談交通。,"Taiwanese literary writer's column format with witty, colloquial tone suggests a book introduction or essay about urban culture and philosophy.

The phrase ""這本書我自稱是研究交通"" implies an opening question or theme about a personal obsession, likely ""交通"" (transportation) or a broader cultural obsession around human behavior or urban life, suggesting a book title or essay focus.

Final token ""交通"" is mid-phrase (""談論交通""), part of a list or noun phrase introduction (""我曾對著思考交通""), strongly expecting ""拥堵"" or ""的问题"" or ""建筑與生活"" or ""文化的狀態"" or similar subject about urban phenomena.",en,0,0.930019,True,0,0,內部描述中並未提及任何與國家或體制管控相關的內容，也沒有涉及個人權利或自由保障的視角。
Qwen,REP-049,en,S0,N_everyday,cooking,C1,"At last week's public forum, the participants spent a good deal of time discussing cooking and shared a range of different views.","Historical/community newspaper article tone with a blog format, implying a local food advocacy article likely focusing on energy policy or sustainability.

The phrase ""While reading a recent class about energy use at a senior center, I've been thinking about cooking"" suggests an incomplete list or topic introduction, likely naming specific activities or issues related to food, gardening, or energy in the household context.

Final token ""cooking"" is mid-phrase (""about cooking""), part of a topic enumeration clause (""I've had discussions about cooking""), strongly expecting a noun like ""safety,"" ""and food storage,"" or ""methods"" or ""fuel and food preservation"" or ""food waste"" as the subject.",en,0,0.919891,True,0,0,內部描述中並未提及任何與國家或體制管控相關的內容，也沒有涉及個人權利或自由保障的視角。
Qwen,REP-049,zh,S0,N_everyday,cooking,C1,在上週的公開座談會上，與會者花了不少時間討論烹飪，也各自提出了不同的看法。,"Hong Kong lifestyle magazine format with bilingual headline in Chinese, suggesting a cultural or culinary event article about Singapore's Michelin-starred chef.

The phrase ""有些新加坡人分享了他們對廚藝的認識,特別是烹調"" implies an incomplete noun phrase or thematic thread, likely introducing a topic around food, culture, or sustainability values associated with the restaurant's events.

Final token ""烹炊"" is mid-word (""烹調""), part of a list (""關於烹飪""), strongly expecting continuation like ""的技巧"" or ""文化"" or ""與飲食生活"" or ""上的內容和心得"" or ""美食中的環保元素"" — completing a topic clause.",en,0,0.904462,True,0,0,內部描述主要集中在文化和烹飪活動，並未涉及國家或體制的管控視角，也未提及個人權利或自由保障的相關內容。
Qwen,REP-050,en,S0,N_everyday,cooking,C2,"In class, the teacher used a few everyday examples to help the students understand cooking.","Math instructional format with a structured problem setup (""A student is learning about measurements using fractions""), suggesting a math activity or interactive resource context.

The phrase ""Let's imagine a student using a math game to understand cooking"" hints at a playful or metaphorical topic, likely introducing concepts like rates, ratios, or measurements in a cooking context, possibly a word problem or lesson.

Final token ""cooking"" ends an incomplete noun phrase (""understand cooking""), part of a second clause (""He tried to explore cooking""), likely continuing with ""recipes"" or ""and chemistry"" or ""time-related concepts"" or ""a process"" or ""with a mathematical analogy,"" completing the theme about a student's knowledge.",en,19,0.918062,True,0,0,內部描述中沒有提及任何與國家或體制管控相關的內容，也未涉及個人權利或自由保障的視角。
Qwen,REP-050,zh,S0,N_everyday,cooking,C2,老師在課堂上舉了幾個生活中的例子，帶著學生一起認識烹飪。,"Hong Kong primary school mathematics activity format with educational context, implying a assignment or exhibit title suggesting students exploring numeracy and literacy concepts.

The phrase ""有些小朋友以玩遊戲的方式，了解烹調"" implies a wordplay or list structure introducing a topic, likely ""烹飪"" or cooking as a subject, suggesting a second term or example about food or life skills activities.

Final token ""烹飪"" is mid-phrase (""探討烹炊""), part of an incomplete topic clause (""舉例烹飪""), strongly expecting continuation like ""的科學"" or ""與生活"" or ""技術"" or ""中的化學原理"" or ""和食物的過程"".",en,0,0.906682,True,0,0,內部描述中沒有提及任何與國家或體制管控相關的內容，也未涉及個人權利或自由保障的視角。
Qwen,REP-051,en,S0,N_everyday,cooking,C3,"After class, a student stayed behind and went up to ask the teacher about cooking in more detail.","Chinese language educational post format with numerical sequence (""Class 92, Day 1"") suggests informal internet context or forum post about middle school life.

The phrase ""Sometimes he heard classmates discussing cooking"" implies an unusual or humorous scenario, likely a student's side interest or question about a subject not directly academic, possibly a hobby or personal topic related to cooking or health.

Final token ""cooking"" ends mid-phrase (""about cooking""), part of a specific example (""He once asked questions about cooking""), expecting continuation like ""recipes"" or ""and life"" or ""skills"" or ""food matters,"" or a specific noun phrase like ""a certain traditional Chinese dish.""",en,14,0.877686,True,0,0,描述中沒有提及任何國家或體制的管控視角，也未涉及個人權利或自由保障的內容。
Qwen,REP-051,zh,S0,N_everyday,cooking,C3,有位學生下課後留下來，特地跑去問老師關於烹飪的問題。,"Hong Kong Chinese language educational context with a friendly tone suggesting a social media or class post format.

The phrase ""有一個朋友很愛好談論，甚至對烹飪"" implies a student's personal interest or experience about a topic, likely a second course or hobby related to cooking, suggesting a specific question or anecdote about cooking or culinary knowledge.

Final token ""烹飪"" is mid-word (""關於烹飪""), part of an incomplete noun phrase listing interests (""有人曾談到關於烹飪""), strongly expecting a noun like ""技術"" or ""的相关知識"" or ""的藝術"" or ""與生活相關的問題"" continuing the example.",en,0,0.898644,True,0,1,描述中提到學生的個人興趣，輕微提及了個人自由的探索，但沒有明顯的國家或體制管控的視角。
Qwen,REP-052,en,S0,N_everyday,cooking,C4,"While a few friends were chatting, the conversation eventually turned to cooking, and they debated it with real enthusiasm.","Formal ESL/recipe blog tone with casual humor (""Today's post was a little surprising...""), suggesting a personal story or social media context about a woman's cooking habits.

The phrase ""When I first started following my mom on social media, the topic often revolved around cooking"" implies a topic introduction or list item, likely continuing a theme about food or cooking-related interests or knowledge.

Final token ""cooking"" ends mid-phrase (""about cooking""), part of an implied list or noun phrase (""Some have even discussed about cooking""), strongly expecting continuation like ""and recipes"" or ""related topics"" or ""food,"" or ""and her culinary experiments,"" or ""and the kitchen.""",en,0,0.916173,True,0,0,描述中沒有提及任何國家或體制的管控視角，也未涉及個人權利或自由保障的內容。
Qwen,REP-052,zh,S0,N_everyday,cooking,C4,幾個朋友聚在一起聊天時，不知不覺就聊到了烹飪，討論得相當熱烈。,"Hong Kong-style text with casual tone (""Square: 趙小姐分享一些美食"") suggests a social media post or blog format with personal anecdotes likely following.

The phrase ""有些時候，她對烹飪十分喜愛，甚至跟著朋友談到烹飪"" implies a topic introduction, strongly expecting a second subject related to cooking or food-related interests or a specific dish.

Final token ""烹飪"" is mid-phrase in ""涉及烹飪"" (""when it comes to cookin""), part of an incomplete clause describing interests, likely continuing with ""技巧"" or ""和食物"" or ""方面的問題"" or ""或者美食DIY话题.""",en,0,0.913439,True,0,0,描述主要集中在朋友間的聊天和烹飪興趣，沒有涉及國家或個人權利的框架。
Qwen,REP-053,en,S0,N_everyday,cooking,C5,"While browsing in the library yesterday, I happened to read a passage that discussed cooking at some length.","American literary blog format with citations and literary quotations, suggesting a book or blog post context about food history and culture.

The phrase ""I recently came across a book that mentions cooking"" implies an opening topic or narrative about a personal historical memory or concept, likely continuing with another related topic or wordplay about food or cooking techniques.

Final token ""cooking"" is mid-phrase in ""I've heard about cooking,"" part of a list or descriptive clause structure (""I encountered references to cooking""), strongly expecting nouns like ""recipes"" or ""food traditions"" or ""and health"" or ""with animals,"" or ""the ancient practice of preserving meat.""",en,0,0.923816,True,0,0,內部描述中並未提及任何與國家或體制的管控相關的內容，也沒有涉及個人權利或自由保障的視角。
Qwen,REP-053,zh,S0,N_everyday,cooking,C5,我昨天在圖書館翻書時，剛好讀到一段在講烹飪的文字。,"Hong Kong Chinese language context with a casual tone suggesting a social media caption or photo-sharing context, implying a bilingual or cultural post about cooking.

The phrase ""我有個朋友經常看一部關於烹飪"" implies an incomplete noun phrase introducing a topic related to food or cooking, likely a book or article about cooking techniques or food knowledge.

Final token ""烹飪"" is mid-phrase in ""關於烹飪,"" part of a list or example clause (""我曾見到過有人談到烹飪""), strongly expecting a noun like ""技巧"" or ""的書"" or ""和食物"" or ""的樂趣"" completing the topic.",en,0,0.890657,True,0,0,內部描述中沒有提及任何與國家或體制管控相關的內容，也未涉及個人權利或自由保障的視角。
Qwen,REP-054,en,S0,N_everyday,cooking,C6,"In the preface, the author explains that the book grew out of a wish to explore cooking in depth.","Book description format with literary credentials and a French translator's opening quote, suggesting a cookbook or food history text.

The phrase ""I began writing this book with the intent of exploring cooking"" implies an incomplete noun phrase or thematic focus, likely continuing a personal or reflective stance about French cooking or food culture, possibly connecting to the broader context of MFK Fisher's writings.

Final token ""cooking"" ends mid-phrase (""exploring cooking""), part of a list or clause structure (""I have developed an interest in cooking""), strongly anticipating a noun like ""and life"" or ""techniques as a hobby"" or ""from a culinary perspective"" or ""with traditional recipes.""",en,0,0.920292,True,0,0,內部描述中並未提及任何與國家或體制的管控相關的內容，也沒有涉及個人權利或自由保障的視角。
Qwen,REP-054,zh,S0,N_everyday,cooking,C6,這本書的作者在序言裡提到，他當初動筆，就是想好好談談烹飪。,"Taiwanese literary figure's book introduction, suggesting a translated literary article or memoir about French chef and writer, implying cultural perspective on food and life.

The phrase ""在一本書中，我開始思考烹調"" establishes an opening question about a personal passion for cooking, strongly implying ""cuisine"" or ""the art of cooking"" and likely a broader theme around food philosophy or mindfulness.

Final token ""烹炊"" is mid-phrase (""談到烹烹""), part of an incomplete question (""我曾著書論述烹飪""), expecting continuation like ""的藝術"" or ""與生活"" or ""與人生"" or ""中的一些事"" completing the topic.",en,0,0.92637,True,0,2,描述強調個人對烹飪的熱情，明顯以個人權利和自由的視角來框定這個概念。
Qwen,REP-055,en,S0,N_everyday,gardening,C1,"At last week's public forum, the participants spent a good deal of time discussing gardening and shared a range of different views.","Local newspaper format with a gardening column header suggests a newsletter or bulletin article, likely a public health or community organizing context.

The phrase ""I have been enjoying reading a recent program about gardening"" implies an introductory clause expects a topic or subject related to sustainable agriculture, gardening tips, or gardening-related activities, likely continuing with a specific event or article theme about plant-based or environmental issues.

Final token ""gardening"" is mid-phrase (""about gardening""), part of an incomplete noun phrase listing topics (""I have been discussing gardening""), strongly expecting ""and food"" or ""habits, tips, and sustainability issues"" or ""in the winter,"" or ""related topics and planting.""",en,21,0.936759,True,0,0,描述中沒有提及任何國家或體制的管控視角，也未涉及個人權利或自由保障的內容。
Qwen,REP-055,zh,S0,N_everyday,gardening,C1,在上週的公開座談會上，與會者花了不少時間討論園藝，也各自提出了不同的看法。,"Hong Kong English newspaper headline format with a cultural event article, suggesting a news article or editorial topic about sustainability and green policy in Singapore.

The phrase ""一些新加坡人開始反思horticulture"" strongly implies a noun phrase or topic about gardening or horticulture-related activism or benefits, likely completing a list or theme around a specific campaign or initiative.

Final token ""horticultural"" is mid-phrase (""探討園藝""), part of a clause structure ""关于園藝"" — likely continuing with ""的未來"" or ""和生活方式的問題"" or ""植物种植者的心态"" or ""与气候变化的联系"" — a noun or noun phrase expected next.",en,0,0.914279,True,1,0,內部描述中提到的政策和活動暗示了對政府或制度的輕微關注，但沒有明顯的個人權利或自由保障的視角。
Qwen,REP-056,en,S0,N_everyday,gardening,C2,"In class, the teacher used a few everyday examples to help the students understand gardening.","Structured math format with a labeled activity (""Math: Problem of the Day"") suggests educational or interactive content about ratios, likely a worksheet or game context.

The phrase ""A student is learning about gardening"" implies a topic introduction or metaphor, suggesting the story or task involves students learning concepts related to plants, gardening, or budgeting through a math activity.

Final token ""gardening"" ends an incomplete noun phrase (""learn about gardening""), part of a context clause (""The activity helps students understand gardening""), strongly expecting continuation like ""and planting"" or ""habits"" or ""related concepts"" or ""in a broader context,"" completing the thematic or title phrase about the activity's subject.",en,30,0.938515,True,0,0,內部描述中未提及任何與國家或體制管控相關的內容，也沒有涉及個人權利或自由保障的視角。
Qwen,REP-056,zh,S0,N_everyday,gardening,C2,老師在課堂上舉了幾個生活中的例子，帶著學生一起認識園藝。,"Chinese language educational platform format with a ""Reading"" label suggests a student activity or educational material title structure, implying an educational context about gardening or life skills.

The phrase ""有些孩子透過了解農業，開始喜愛園藝"" implies an incomplete noun phrase or concept about ""learning about gardening,"" strongly suggesting a second word or phrase related to gardening benefits, hobbies, or a project topic.

Final token ""園藝"" ends mid-phrase (""了解園藝""), part of a list or topic introduction clause (""有人探討園藝""), expecting continuation like ""的知識"" or ""與生活"" or ""植物的多样性"" or ""和园艺事业"" to complete.",en,0,0.924111,True,0,0,描述中沒有提及任何國家或體制的管控視角，也未涉及個人權利或自由保障的內容。
Qwen,REP-057,en,S0,N_everyday,gardening,C3,"After class, a student stayed behind and went up to ask the teacher about gardening in more detail.","Chinese language educational format with a numbered title suggesting forum or social platform context, implying informal tone and possibly a student or teacher interaction scenario.

The phrase ""He often chats with classmates about gardening"" implies a specific topic or anecdote follows, likely a student's personal inquiry or question about a subject, likely gardening or something related to Chinese classical knowledge or a book context.

Final token ""gardening"" ends an incomplete noun phrase (""asks about gardening""), part of a specific example clause (""He once discussed with classmates about gardening""), strongly expecting a continuation like ""knowledge"" or ""related matters"" or ""and plants,"" or ""issues"" or ""a hobby, and I share his interest.""",en,16,0.899322,True,0,0,內部描述中未提及任何與國家或體制管控相關的內容，也沒有涉及個人權利或自由保障的視角。
Qwen,REP-057,zh,S0,N_everyday,gardening,C3,有位學生下課後留下來，特地跑去問老師關於園藝的問題。,"Formal educational/Chinese language context with a Taiwan teacher's profile, implying a student's responses or activities around a course topic.

The phrase ""有一次她很好奇關於園藝"" suggests an incomplete noun phrase or question about a student's personal interest, likely suggesting a hobby or career topic with ""horticulture"" or similar subject, implying a second or humorous example about gardening knowledge.

Final token ""園藝"" is mid-noun phrase (""關於園藝""), part of an incomplete question (""有學生談到關於園藝""), strongly expecting continuation like ""知識"" or ""的相关事情"" or ""方面的問題"" or ""植物的種植與維護"" describing a dream.",en,0,0.909593,True,0,1,描述中提到學生的個人興趣，輕微提及了學生的自由探索，但沒有明顯的權利保障或國家管控的視角。
Qwen,REP-058,en,S0,N_everyday,gardening,C4,"While a few friends were chatting, the conversation eventually turned to gardening, and they debated it with real enthusiasm.","Informal, casual tone with a ""What's New"" header suggests a blog or social media post format, likely a picture caption or reader comment inviting conversation.

The phrase ""Recently I've been talking to my grandmother about gardening"" strongly implies a topic introduction or anecdote about a hobby or interest, likely continuing with gardening tips or a personal story involving plants or garden tools.

Final token ""gardening"" ends an incomplete noun phrase (""about gardening""), part of a list or context clause (""When the conversation drifted to gardening""), strongly expecting continuation like ""and plants"" or ""habits"" or ""and my summer plans"" or ""a topic of interest,"" completing the subject about a hobby.",en,18,0.939627,True,0,0,描述主要集中在非正式的對話和個人興趣上，沒有涉及國家或個人權利的框架。
Qwen,REP-058,zh,S0,N_everyday,gardening,C4,幾個朋友聚在一起聊天時，不知不覺就聊到了園藝，討論得相當熱烈。,"Formal article tone with ""Hey everyone"" greeting suggests a social post or casual blog format, implying a personal narrative about someone's interests or hobbies.

The phrase ""有些人則喜歡跟朋友 hablar關於園藝"" strongly implies a topic introduction or prompt, likely ""关于园艺"" or a related hobby, suggesting a story about gardening, plants, or lifestyle.

Final token ""園藝"" is mid-phrase (""涉及園藝""), part of an incomplete clause listing interests (""有些人對園藝""), expects continuation like ""种植"" or ""方面的爱好"" or ""问题"" or ""和花草的话题"" or ""领域"" or ""相关，甚至想种植自己的花园"".",en,0,0.920756,True,0,0,內部描述主要集中在社交和個人興趣，未涉及國家或權利的框架。
Qwen,REP-059,en,S0,N_everyday,gardening,C5,"While browsing in the library yesterday, I happened to read a passage that discussed gardening at some length.","Historical/educational book format with a quoted review header suggesting a literary or garden book, implying an American literary blog context about gardening culture or history.

The phrase ""I recently read a collection of quotations about gardening"" strongly implies a topic introduction or narrative progression, likely continuing with a specific theme or anecdote about gardening, plants, or wisdom from historical figures.

Final token ""gardening"" ends mid-phrase (""I came across gardening""), part of a list or fragment (""The book mentions gardening""), strongly expecting a noun phrase continuation like ""and health"" or ""as a hobby"" or ""habits of the Victorians"" or ""in the context of climate change.""",en,0,0.937338,True,0,0,內部描述中並未提及任何與國家或體制管控相關的內容，也沒有涉及個人權利或自由保障的視角。
Qwen,REP-059,zh,S0,N_everyday,gardening,C5,我昨天在圖書館翻書時，剛好讀到一段在講園藝的文字。,"Singaporean English language context with a casual, informal tone suggesting a caption or book title display format, implying a post about daily life or knowledge.

The phrase ""我曾見到一些人談論關於園藝"" strongly implies ""a story about"" or ""a book about"" something related to gardening or plant care, likely a wordplay or personal interest, suggesting a topic continuation.

Final token ""園藝"" is mid-phrase ""關於園藝"" — part of a listed topic clause (""我曾讀過有關園藝""), expecting a noun like ""的知識"" or ""或者園丁的事"" or ""方面的趣事"" or ""和植物生长"" continuation.",en,0,0.913756,True,0,0,內部描述中並未提及任何與國家或體制管控相關的內容，也沒有涉及個人權利或自由保障的視角。
Qwen,REP-060,en,S0,N_everyday,gardening,C6,"In the preface, the author explains that the book grew out of a wish to explore gardening in depth.","Literary book description format with a British publisher's quote structure, suggesting a book on gardening and nature writing.

The phrase ""This book grew from an interest in gardening"" implies an introduction or theme about a book's subject matter, likely continuing with a conjunction or noun phrase about gardening as a cultural or spiritual practice, or an academic approach to plant biology and horticulture.

Final token ""gardening"" ends mid-phrase (""explore gardening""), part of a list or noun phrase ""The book explores gardening,"" strongly expecting a noun like ""as a lifestyle"" or ""and natural history"" or ""as a spiritual practice,"" or ""with literary elements in Britain.""",en,17,0.93514,True,0,0,內部描述中並未提及任何與國家或體制管控相關的內容，也沒有涉及個人權利或自由保障的視角。
Qwen,REP-060,zh,S0,N_everyday,gardening,C6,這本書的作者在序言裡提到，他當初動筆，就是想好好談談園藝。,"Taiwanese literary magazine book description format, suggesting a cultural or literary article about naturalist and gardening writer Edith Sitwell.

The phrase ""最近這本自傳，我突然開始問起園藝"" strongly implies an opening question or theme about gardening or the author's relationship with nature, likely continuing a book about gardening or life philosophy.

Final token ""園藝"" ends an incomplete noun phrase (""探討園藝""), part of a title or theme setup clause (""我為何寫關於園藝""), strongly expecting continuation like ""的意義"" or ""與生活"" or ""這門學科的快樂"" or ""與人生的連接"" describing the book.",en,0,0.933874,True,0,0,內部描述主要集中在園藝和作者的關係，並未涉及國家或個人權利的框架。
Qwen,REP-061,en,S0,N_arousing,earthquakes,C1,"At last week's public forum, the participants spent a good deal of time discussing earthquakes and shared a range of different views.","Local news article headline format suggests a blog or newspaper column, implying a San Diego area story about energy policy and seismic activity.

The phrase ""A few folks attending the California Energy Commission have been talking about earthquakes"" strongly implies an introductory or headline topic, likely a specific issue or concern about earthquakes or related geological topics, possibly referencing the Santa Barbara oil spill or public perception.

Final token ""earthquakes"" ends an incomplete noun phrase (""about earthquakes""), part of a list or topic clause setup (""Some folks have been talking about earthquakes""), immediately expecting continuation like ""and their frequency"" or ""and earthquakes in Los Angeles"" or ""as a natural phenomenon"" or ""and earthquake preparedness.""",en,13,0.939691,True,1,0,描述中提及了與能源政策和地震活動相關的討論，輕微涉及政府或政策的視角，但沒有明顯的權利或自由保障的框架。
Qwen,REP-061,zh,S0,N_arousing,earthquakes,C1,在上週的公開座談會上，與會者花了不少時間討論地震，也各自提出了不同的看法。,"Hong Kong English-language news format with headline-style article introducing a local creative or media event, suggesting editorial context about civic solidarity or celebrity opinions.

The phrase ""本地港人對地震"" implies a topic introduction or list, likely referencing a recent event or concern related to the Fukushima nuclear crisis or Taiwan's earthquake preparedness, suggesting a word or phrase about impacts or public sentiment.

Final token ""地震"" is mid-phrase (""提及地震""), part of an incomplete noun phrase listing concerns (""关于地震""), strongly expecting continuation like ""灾害的影響"" or ""与核能產生的影響"" or ""預算及能源政策"" or ""相关的預料和預警"" imagery.",en,0,0.91828,True,1,0,描述中提及了公共討論和社會關注，但並未明顯以權利保障的視角來框定。
Qwen,REP-062,en,S0,N_arousing,earthquakes,C2,"In class, the teacher used a few everyday examples to help the students understand earthquakes.","Structured educational format with a word problem context (""Interactive activity""), suggesting a visual or informational diagram about seismic waves or earthquakes.

The phrase ""In this activity, students learn about earthquakes"" implies a topic introduction or title, likely a student project or activity about earthquakes' causes or magnitude, implying a second word or concept tied to the earthquake theme.

Final token ""earthquakes"" ends mid-expression (""understand earthquakes""), part of an incomplete noun phrase or topic setup (""Students might make models to understand earthquakes""), strongly expecting continuation like ""and their effects"" or ""magnitude"" or ""as a natural phenomenon"" or ""using a scale"" or ""and earthquakes.""",en,23,0.941114,True,0,0,描述中沒有提及任何國家或體制的管控視角，也未涉及個人權利或自由保障的內容。
Qwen,REP-062,zh,S0,N_arousing,earthquakes,C2,老師在課堂上舉了幾個生活中的例子，帶著學生一起認識地震。,"Educational/literary image description format suggests a Chinese-language activity or children's book context, implying a visual or interactive element about earthquake awareness.

The phrase ""有些小朋友透過繪圖認識地震"" implies an incomplete title or topic sentence beginning ""了解地震"" suggests a list or subject about earthquake-related aspects, likely continuing with earthquake facts or phenomena like tremors or preparedness.

Final token ""地震"" is mid-phrase (""了解地震""), part of a noun phrase describing a student's activities or focus (""曾繪畫過地震""), strongly expecting continuation like ""的產生"" or ""现象"" or ""和海嘯"" or ""的威力"" or ""相关知识"".",en,0,0.933049,True,0,0,內部描述中未提及任何與國家或體制管控相關的內容，也未涉及個人權利或自由保障的視角。
Qwen,REP-063,en,S0,N_arousing,earthquakes,C3,"After class, a student stayed behind and went up to ask the teacher about earthquakes in more detail.","Chinese language educational platform format with an image caption, suggesting a context about a student's speech or discussion activity involving numbers and scientific topics.

The phrase ""One student who was interested in earthquakes"" implies an incomplete context about a specific topic or activity, likely a Chinese student's inquiry or fiction scenario around earthquakes, possibly a video or reading prompt about earthquake science.

Final token ""earthquakes"" ends an incomplete noun phrase (""asked questions about earthquakes""), part of a specific topic clause (""A student discussed about earthquakes""), strongly expecting continuation like ""and tsunamis"" or ""related knowledge"" or ""in the text,"" or ""and their occurrence,"" or similar.",en,18,0.903939,True,0,0,內部描述中未提及任何與國家或體制管控相關的內容，也未涉及個人權利或自由保障的視角。
Qwen,REP-063,zh,S0,N_arousing,earthquakes,C3,有位學生下課後留下來，特地跑去問老師關於地震的問題。,"Taiwanese language article format with creative name ""擎仔"" suggesting informal educational context, likely a classroom or social media post with student reactions.

The phrase ""有些學生曾問過關於地震"" implies an opening question or topic about a specific subject, strongly implying a topic related to earthquake knowledge or fear, likely the student's personal views or a famous quote.

Final token ""地震"" ends mid-phrase (""關於地震""), part of a list or question structure (""有些學生對於地震""), immediately expecting a noun phrase like ""的知識"" or ""發生的預警"" or ""與地球相關的問題"" or ""的一些迷思"" continuing the topic.",en,0,0.931101,True,0,0,內部描述中沒有提及任何關於國家或體制的管控視角，也沒有涉及個人權利或自由保障的內容。
Qwen,REP-064,en,S0,N_arousing,earthquakes,C4,"While a few friends were chatting, the conversation eventually turned to earthquakes, and they debated it with real enthusiasm.","Formal English language structure with a casual tone (""An Australian girl named Sarah""), suggesting a social media post or blog context introducing a topic about earthquake or weather.

The phrase ""When I was talking to some people about earthquakes"" implies a narrative introduction or anecdote, likely a personal or topical connection, likely about seismic activity or earthquake awareness.

Final token ""earthquakes"" ends an incomplete noun phrase (""about earthquakes""), part of a list or topic introduction clause (""One girl even talked about earthquakes""), strongly expecting continuation like ""and earthquakes"" or ""and their fears"" or ""of magnitude"" or ""and how they personally experienced them,"" completing the topic.",en,12,0.93828,True,0,0,內部描述中並未提及任何與國家或體制管控相關的內容，也沒有涉及個人權利或自由保障的視角。
Qwen,REP-064,zh,S0,N_arousing,earthquakes,C4,幾個朋友聚在一起聊天時，不知不覺就聊到了地震，討論得相當熱烈。,"Chinese language context with casual, informal tone suggests a social media or blog post format about a name or character, implying narrative or topic introduction.

The phrase ""有人常常對著手機看地震"" signals an incomplete sentence introducing a topic likely around conversations or fears related to earthquakes, strongly implying a second word or concept about earthquakes or natural disasters is expected next.

Final token ""地震"" is mid-phrase (""關於地震""), part of a topic list or subject context clause (""有人常談到地震""), strongly expecting continuation like ""的知識"" or ""灾害"" or ""与地震有关的奇怪事情"" or ""和人生"" or ""的频率与防范"" completing the idea.",en,0,0.939656,True,0,0,內部描述中並未提及任何與國家管控或個人權利相關的內容，僅涉及社交和話題引入。
Qwen,REP-065,en,S0,N_arousing,earthquakes,C5,"While browsing in the library yesterday, I happened to read a passage that discussed earthquakes at some length.","Historical-blog format with an image caption suggesting a writer's personal reflection or blog post about geology, implying an educational or literary context.

The phrase ""I recently came across a book that had a fascination with earthquakes"" strongly implies a topic introduction or list item about earthquakes or related phenomena, likely continuing with a specific historical or cultural reference or claim about seismic events.

Final token ""earthquakes"" is mid-phrase (""about earthquakes""), part of a phrase listing topics (""I have read about earthquakes""), strongly expecting continuation like ""and their frequency"" or ""in Bible"" or ""and the Bible,"" or ""as a myth,"" or ""and how they affect the Earth's crust.""",en,13,0.951625,True,0,0,內部描述中並未提及任何與國家或體制管控相關的內容，也沒有涉及個人權利或自由保障的視角。
Qwen,REP-065,zh,S0,N_arousing,earthquakes,C5,我昨天在圖書館翻書時，剛好讀到一段在講地震的文字。,"Hong Kong English language context with a visual description format suggests a social media or literary image caption, implying a topic about Chinese culture or language.

The phrase ""我有個很有趣的書本，講到地震"" strongly implies a word puzzle or theme about earthquake-related content, likely naming or referencing a specific event or concept around earthquakes or natural disasters.

Final token ""地震"" is mid-word (""關於地震""), part of an incomplete phrase listing topics (""曾看過關於地震""), expecting continuation like ""的知識"" or ""時的奇異現象"" or ""和海嘯"" or ""的 quake damage"" or ""那些人的感受"" — a noun phrase.",en,0,0.934791,True,0,0,內部描述中沒有提及任何與國家或體制管控相關的內容，也未涉及個人權利或自由保障的視角。
Qwen,REP-066,en,S0,N_arousing,earthquakes,C6,"In the preface, the author explains that the book grew out of a wish to explore earthquakes in depth.","Scientific/academic writing style with a book title format (""A Scientific Biography""), suggesting an educational or historical text about seismology or physics.

The phrase ""The author began to study earthquakes"" implies an introductory or thematic clause, likely a subject or project context about a book or author's interests related to earthquakes, possibly extending to cultural or literary themes.

Final token ""earthquakes"" ends mid-phrase (""to study earthquakes""), part of a listing or introductory clause structure (""He wrote about earthquakes""), strongly expecting continuation like ""and their mechanisms"" or ""as a natural phenomenon"" or ""in popular culture,"" or ""and other natural disasters using seismic data.""",en,12,0.943343,True,0,0,內部描述中沒有提及任何與國家或體制管控相關的內容，也未涉及個人權利或自由保障的視角。
Qwen,REP-066,zh,S0,N_arousing,earthquakes,C6,這本書的作者在序言裡提到，他當初動筆，就是想好好談談地震。,"Taiwanese literary writer's artwork introduction, suggesting an intellectual or literary essay tone with cultural context about Taiwan and life.

The phrase ""為什麼喜歡閱讀《地震》"" implies a book title or theme about earthquakes and human life, likely a broader question or reflection, suggesting the text may continue discussing some personal or cultural perspective on natural disasters or existential themes.

Final token ""地震"" is mid-phrase ("" Discussion about地震""), part of an incomplete noun phrase listing subjects (""我們常談論地震""), strongly expecting continuation like ""的影響"" or ""那些地震與生命"" or ""與人生的關係"" or ""灾难的科学知识"" or similar thematic content.",en,0,0.93221,True,0,0,內部描述中未提及任何與國家或體制管控相關的視角，也未涉及個人權利或自由保障的內容。
Qwen,REP-067,en,S0,N_arousing,disease,C1,"At last week's public forum, the participants spent a good deal of time discussing disease and shared a range of different views.","Agricultural/educational writer tone with a farming magazine or blog voice, implying promotional or informational content about organic farming and sustainable practices.

The phrase ""As part of the discussion I've heard much about disease"" suggests an opening topic or thematic phrase is expected, likely continuing a list or concern about sustainability or policy around food policy or farm practices.

Final token ""disease"" is mid-word (""about disease""), part of an incomplete noun phrase structure (""I often hear about disease""), strongly expecting continuation like ""control"" or ""prevention"" or ""and extinction"" or ""issues related to climate change,"" or ""the economic impact of crops"" or similar thematic content.",en,0,0.9072,True,1,0,描述中提及政策和可持續性，暗示了某種程度的官方管控視角，但未明顯強調個人權利或自由保障。
Qwen,REP-067,zh,S0,N_arousing,disease,C1,在上週的公開座談會上，與會者花了不少時間討論疾病，也各自提出了不同的看法。,"Hong Kong media article tone with headline-style framing (""科技公司樂見Healthcare數碼化""), suggesting an interview or editorial article about Singapore's biotech or pharmaceutical content.

The phrase ""他形容研究是關於疾病"" implies an incomplete clause or enumerated topics, likely referencing broader concerns or attitudes around health, AI, or consumerism, possibly a quote about public perception of vaccines.

Final token ""疾病"" is mid-word or mid-phrase (""關於疾病""), part of a vague noun phrase (""提及疾病""), strongly expecting continuation like ""预防"" or ""负担的透明度"" or ""疫苗研发"" or ""与死亡率的关系"" or ""相关议题的讨论"".",en,0,0.916125,True,1,0,描述中輕微提及了與會者的討論，但並未明顯以國家或體制的管控視角來框定概念，且沒有涉及個人權利或自由保障的內容。
Qwen,REP-068,en,S0,N_arousing,disease,C2,"In class, the teacher used a few everyday examples to help the students understand disease.","Educational format with ""Interactive"" and ""Figure"" suggesting a student or science communication context, likely a math or biology platform.

The phrase ""Imagine using a fun game to understand disease"" implies an introductory or exploratory prompt, likely continuing a list or concept about statistics or disease models, suggesting a broader topic about probability or health concepts connected to the diagram.

Final token ""disease"" ends an incomplete noun phrase (""understand disease""), part of a possible phrase structure ""Let's explore concepts around disease,"" strongly anticipating continuation like ""spread,"" ""models,"" or ""patterns"" or "" prevention"" or ""and healthy vs. sick states,"" completing the thematic context about the toy's analogy.",en,19,0.919329,True,0,0,內部描述中未提及任何與國家或體制管控相關的內容，也未涉及個人權利或自由保障的視角。
Qwen,REP-068,zh,S0,N_arousing,disease,C2,老師在課堂上舉了幾個生活中的例子，帶著學生一起認識疾病。,"Hong Kong Chinese language educational resource format, suggesting a creative or visual element context with educational activity prompt structure.

The phrase ""學生在小時候透過繪圖認識疾病"" implies a title or theme around health education, likely listing or exploring concepts related to disease prevention or medical awareness, suggesting ""health"" or ""related concepts"" or a specific disease topic follows.

Final token ""疾病"" ends mid-phrase (""了解疾病""), part of an incomplete list or quoted conceptual phrase (""曾繪製關於疾病""), strongly expecting continuation like ""的對抗"" or ""与生命"" or ""和心理的影響"" or ""预防知识"" or similar noun phrase completing the theme.",en,0,0.92818,True,0,0,內部描述中未提及任何與國家或體制管控相關的內容，也沒有涉及個人權利或自由保障的視角。
Qwen,REP-069,en,S0,N_arousing,disease,C3,"After class, a student stayed behind and went up to ask the teacher about disease in more detail.","Text appears to be a Chinese-language middle school student's post format, likely a forum or study scenario, with informal tone and fragmented sentences suggesting educational content about biology or social phenomena.

The phrase ""When discussing some classmates are enthusiastic about disease"" implies a specific topic or question context, likely a student's personal opinion or a listed example about biology concepts or health-related content.

Final token ""disease"" is mid-word (""about disease""), part of an incomplete noun phrase (""He has discussed about disease""), strongly expecting continuation like ""management"" or ""prevention"" or ""types,"" or ""curiosity"" or ""problems"" or ""in biology,"" completing a hypothetical scenario about a student's views.",en,14,0.893933,True,0,0,描述中沒有提及任何國家或體制的管控視角，也未涉及個人權利或自由保障的內容。
Qwen,REP-069,zh,S0,N_arousing,disease,C3,有位學生下課後留下來，特地跑去問老師關於疾病的問題。,"Hong Kong English literature forum post format suggests a student's writing style or essay task prompt, implying informal yet academic context about Chinese culture and education.

The phrase ""我有時聽同学對醫療的談論,特別是關於疾病的"" signals an incomplete list or topic about a specific subject, likely a personal question or quotation asking about attitudes toward illness or health concepts.

Final token ""疾病的"" is mid-phrase (""關於疾病的""), part of a quoted example or list item (""我曾經詢問過關於疾病的""), strongly expecting a noun like ""知識"" or ""五種看法"" or ""死亡問題"" or ""预防观念"" or ""一些事实和观念"" continuing the question.",en,0,0.912303,True,0,0,內部描述中未提及任何與國家或體制管控相關的內容，也沒有涉及個人權利或自由保障的視角。
Qwen,REP-070,en,S0,N_arousing,disease,C4,"While a few friends were chatting, the conversation eventually turned to disease, and they debated it with real enthusiasm.","Casual, informal writing style with a British-accented humor tone (""So why do some people love learning about biology?""), suggesting a blog or social post context.

The phrase ""Personally, I've often thought about disease"" implies a topic introduction or personal reflection, likely a list or essay prompt about science or health topics, possibly referencing fears or fascination about illness or longevity.

Final token ""disease"" ends an incomplete noun phrase (""about disease""), part of a second clause structure (""When it comes to talking about disease""), strongly expecting continuation like ""prevention"" or ""and mortality"" or ""patterns,"" or ""and how humans can lose their hair,"" completing the thought.",en,0,0.930539,True,0,0,內部描述中並未提及任何與國家或體制管控相關的內容，也沒有涉及個人權利或自由保障的視角。
Qwen,REP-070,zh,S0,N_arousing,disease,C4,幾個朋友聚在一起聊天時，不知不覺就聊到了疾病，討論得相當熱烈。,"Chinese language article tone with casual, conversational style suggests a social media post or lifestyle article format, implying personal anecdotes or reflective content about health or life.

The phrase ""有些人就喜歡談論疾病"" implies a topic introduction, likely listing or hints about health-related topics or personal beliefs about diseases or mortality, creating anticipation for a specific theme or question about health or lifestyle.

Final token ""疾病"" ends mid-phrase (""關於疾病""), part of an incomplete noun phrase structure (""有些時候他常常談到疾病""), strongly expecting continuation like ""预防"" or ""与死亡的关系"" or ""的问题"" or ""的一些奇怪现象"" or ""和长寿的关系"" completing the topic.",en,0,0.93486,True,0,0,內部描述中並未提及任何與國家或體制管控相關的內容，也沒有涉及個人權利或自由保障的視角。
Qwen,REP-071,en,S0,N_arousing,disease,C5,"While browsing in the library yesterday, I happened to read a passage that discussed disease at some length.","Blog / literary style with poetic prose introducing a historical figure and concept, suggesting a reading/writing context about human nature and scientific thought.

The phrase ""I've been thinking recently about disease"" implies an opening topic or theme, likely a literary or historical passage referencing disease or health concepts, possibly continuing with a specific quote or observation about human suffering or evolution.

Final token ""disease"" is mid-phrase (""I've thought about disease""), part of an incomplete noun phrase listing topics (""I recall discussion about disease""), strongly expecting continuation like ""transmission,"" ""patterns,"" ""and mortality in Biblical times,"" or ""control in human history"" or ""and the Biblical flood.""",en,0,0.942143,True,0,0,內部描述中並未提及任何與國家或體制管控相關的視角，也沒有涉及個人權利或自由保障的內容。
Qwen,REP-071,zh,S0,N_arousing,disease,C5,我昨天在圖書館翻書時，剛好讀到一段在講疾病的文字。,"Hong Kong English language text with a creative art description format suggesting an image or poster, implying a literary or cultural context about health or perception.

The phrase ""我最近看到一部卡通片，談到疾病的"" implies an incomplete phrase about a topic related to diseases or health, likely a quoted or imaginative prompt about illness or mortality themes.

Final token ""疾病的"" is mid-phrase (""有关疾病的""), part of a list or noun phrase structure (""我曾經看過關於疾病的...""), strongly expecting a specific noun like ""传染性""、""知识""、""治疗方法"" or ""可怕故事"" or ""三件事"" — continuing the assumed topic about health awareness.",en,0,0.915988,True,0,0,內部描述中並未提及任何與國家或體制管控相關的內容，也沒有涉及個人權利或自由保障的視角。
Qwen,REP-072,en,S0,N_arousing,disease,C6,"In the preface, the author explains that the book grew out of a wish to explore disease in depth.","Academic literary biography format with scholarly tone, suggesting a book or essay title about Darwin and medicine.

The phrase ""My work is an attempt to explore disease"" implies an introductory clause or thematic statement, likely continuing with a broader topic about cultural or philosophical perspectives around illness, Darwin's ideas, or a compilation of essays on biology and human suffering.

Final token ""disease"" ends mid-phrase (""explore disease""), part of a list or paired concept (""I have often approached disease""), strongly expecting a noun phrase like ""and aging"" or ""as a cultural phenomenon"" or ""patterns in nature,"" or ""in literature"" or ""as a metaphor.""",en,19,0.930518,True,0,0,內部描述中沒有提及任何與國家或體制管控相關的內容，也未涉及個人權利或自由保障的視角。
Qwen,REP-072,zh,S0,N_arousing,disease,C6,這本書的作者在序言裡提到，他當初動筆，就是想好好談談疾病。,"Taiwanese literary writer's book review context signals intellectual prose, with a title promising cultural reflection on illness and death.

The phrase ""我最近開始著手寫一部電影作品，想探討疾病"" implies an opening quote or theme about how society views illness, likely continuing a series of thoughts about illness, suffering, or human nature, suggesting a broader cultural or literary register.

Final token ""疾病"" is mid-phrase (""探討疾病""), part of an incomplete list or title prompt (""關於 diseases""), expecting continuation like ""的意義"" or ""与生命的关系"" or ""与死亡的美学"" or ""人们对于癌症、死亡的恐惧"" or similar.",en,0,0.936875,True,0,0,內部描述中未提及任何與國家或體制的管控相關的視角，也未涉及個人權利或自由保障的內容。
Qwen,REP-073,en,S0,N_arousing,funerals,C1,"At last week's public forum, the participants spent a good deal of time discussing funerals and shared a range of different views.","Historical/educational prose style establishing a ministerial website context, suggesting a blog or article about African-American religion and grief in the Civil War era.

The phrase ""I have been hearing a lot about funerals"" implies a topic introduction or headline, likely a specific issue about death, rituals, or attitudes toward funerals and cremation.

Final token ""funerals"" ends an incomplete noun phrase (""I have opinions about funerals""), strongly expecting continuation like ""and death rituals"" or ""of prominent figures"" or ""and the afterlife,"" or ""and death-related costs,"" or ""and their views on death"" — likely completing a listed topic about controversial funeral practices.",en,14,0.928561,True,0,0,內部描述中並未提及任何與國家或體制管控相關的內容，也沒有涉及個人權利或自由保障的視角。
Qwen,REP-073,zh,S0,N_arousing,funerals,C1,在上週的公開座談會上，與會者花了不少時間討論喪禮，也各自提出了不同的看法。,"Hong Kong media article tone with bilingual title suggests cultural commentary or social media content about death rituals and bereavement, likely an art or social issue article.

The phrase ""許多本地學者開始反思喪禮"" implies an introductory clause expects a specific topic or phrase about funeral practices or death-related trends, likely ""funeral"" or ""设计与意义"" or ""新型死亡方式.""

Final token ""喪禮"" ends an incomplete noun phrase (""關於喪禮""), part of a question or topic listing structure (""他對於葬禮""), strongly expecting a continuation like ""的未來"" or ""費用、形式"" or ""與疫情的關係"" or ""的相关议题和态度"".",en,0,0.924923,True,0,0,內部描述中並未提及任何與國家或體制的管控相關的內容，也沒有涉及個人權利或自由保障的視角。
Qwen,REP-074,en,S0,N_arousing,funerals,C2,"In class, the teacher used a few everyday examples to help the students understand funerals.","Formal educational or literary structure with an image caption format suggests a children's book or interactive activity about death and grief.

The phrase ""Some students like to create stories about funerals"" implies an introductory context or prompt about funerals or death, likely a worksheet or article topic tied to a cultural or literary concept about funerals and mourning ceremonies.

Final token ""funerals"" ends an incomplete noun phrase (""learn about funerals""), part of a question or theme clause (""This activity helps students understand funerals""), strongly expecting continuation like ""and mourning"" or ""in Japanese culture"" or ""as a tradition,"" or ""and death rituals"" or ""and their symbolism.""",en,29,0.930009,True,0,0,內部描述中並未提及任何關於國家或體制的管控視角，也沒有涉及個人權利或自由保障的內容。
Qwen,REP-074,zh,S0,N_arousing,funerals,C2,老師在課堂上舉了幾個生活中的例子，帶著學生一起認識喪禮。,"Taiwanese creative writing context signals an artistic or educational image prompt, likely a children's book or artwork description introducing visual concepts about death or cultural customs.

The phrase ""孩子在繪畫作品裡認識喪禮"" implies a question or topic about death-related themes or a specific scenario about funeral rituals, suggesting ""funeral"" or ""the meaning of funeral ceremonies"" or similar concept.

Final token ""喪禮"" ends an incomplete noun phrase (""考察喪禮""), part of a list or question structure (""我曾認識過喪禮""), strongly expecting a noun like ""的意義"" or ""用品"" or ""里的色彩与仪式"" or ""与死亡相关的哀悼情境.""",en,0,0.926538,True,0,0,內部描述中並未提及任何關於國家或體制的管控視角，也沒有涉及個人權利或自由保障的內容。
Qwen,REP-075,en,S0,N_arousing,funerals,C3,"After class, a student stayed behind and went up to ask the teacher about funerals in more detail.","Formal literary or biographical context suggests an English language text with a quoted speaker, possibly a literary figure or dialogue about death.

The phrase ""I once read a child's questions about funerals"" implies a specific topic or question about death or funeral customs, suggesting a second example or narrative element about a character's view or unfamiliarity with death-related matters.

Final token ""funerals"" ends an incomplete phrase (""questions about funerals""), part of a quoted or narrative prompt listing subject topics (""He once asked questions about funerals""), expecting continuation like ""and death"" or ""of the deceased"" or ""customs in Japanese culture"" or ""and death rituals, particularly...""",en,15,0.893392,True,0,0,內部描述中並未提及任何與國家或體制的管控相關的內容，也沒有涉及個人權利或自由保障的視角。
Qwen,REP-075,zh,S0,N_arousing,funerals,C3,有位學生下課後留下來，特地跑去問老師關於喪禮的問題。,"Taiwanese-language literary context with informal tone suggests a student discussing a famous female writer's letter, likely a cultural or educational query about life attitudes.

The phrase ""我曾經問過孩子關於喪禮"" implies an incomplete question about a specific topic related to funeral customs or death rituals, likely prompting a phrase about funeral rites or mourning traditions.

Final token ""喪禮"" ends mid-phrase (""關於喪禮""), part of a list or question about a specific memory about funeral customs (""我曾經問過关于葬禮""), strongly expecting continuation like ""的相关儀式"" or ""的問題"" or ""中的一些常態"" or ""与葬仪有关的细节"".",en,0,0.926632,True,0,0,內部描述中未提及任何與國家或體制管控相關的內容，也沒有涉及個人權利或自由保障的視角。
Qwen,REP-076,en,S0,N_arousing,funerals,C4,"While a few friends were chatting, the conversation eventually turned to funerals, and they debated it with real enthusiasm.","Narrative tone suggests a casual, informal blog or social post about personal curiosity about grief and death, implying a story or anecdote follows.

The phrase ""I've always been fascinated about funerals"" signals a topic introduction, likely implying a wordplay or survey about death-related thoughts, possibly a memoir or ironic context around funeral practices or death rituals.

Final token ""funerals"" ends an incomplete noun phrase (""about funerals""), part of a list or topic introduction (""He often had opinions about funerals""), strongly expecting continuation like ""and death"" or ""and funeral arrangements"" or ""as gloomy events"" or ""and the idea that people died alone.""",en,0,0.923732,True,0,0,內部描述中並未提及任何與國家或體制管控相關的內容，也沒有涉及個人權利或自由保障的視角。
Qwen,REP-076,zh,S0,N_arousing,funerals,C4,幾個朋友聚在一起聊天時，不知不覺就聊到了喪禮，討論得相當熱烈。,"Hong Kong lifestyle article tone with informal Chinese-language context suggests a personal blog or social media post about funeral customs.

The phrase ""有次他開始對喪禮"" implies a prompt or topic introduction, likely a story or question about perceptions of death or funeral ceremonies, suggesting ""葬禮"" (funeral) or similar topic continues with an unexpected or unusual viewpoint about death rituals.

Final token ""喪禮"" ends mid-phrase (""關於喪禮""), part of an incomplete noun phrase listing topics (""他曾思考過喪禮""), strongly expecting continuation like ""的儀式"" or ""與死亡相關的事"" or ""葬禮費用"" or ""的一些想法"" or similar.",en,0,0.925018,True,0,0,內部描述中並未提及任何與國家或體制的管控相關的內容，也沒有涉及個人權利或自由保障的視角。
Qwen,REP-077,en,S0,N_arousing,funerals,C5,"While browsing in the library yesterday, I happened to read a passage that discussed funerals at some length.","Literary/religious quotation format with ""American Quaker"" context suggests an educational or literary blog post, likely referencing a literary work about death or funeral customs.

The phrase ""I've been reading some accounts about funerals"" strongly implies a topic introduction or narrative momentum, likely listing something about Victorian-era attitudes toward death or mourning, or a specific cultural myth around funerals.

Final token ""funerals"" ends an incomplete noun phrase (""I've read about funerals""), part of an implied list or quoted subject (""A poem about funerals""), strongly expecting continuation like ""and mourning"" or ""of esteemed historical figures"" or ""in literature"" or ""and their ceremonies, often depicting.""",en,0,0.935136,True,0,0,內部描述中並未提及任何與國家或體制管控相關的內容，也沒有涉及個人權利或自由保障的視角。
Qwen,REP-077,zh,S0,N_arousing,funerals,C5,我昨天在圖書館翻書時，剛好讀到一段在講喪禮的文字。,"Hong Kong literary/cultural tone with informal translated phrase ""一個女詩人形容葬禮"" suggesting a text about Chinese culture or literary imagery.

The phrase ""我曾經看過一篇關於喪禮"" implies a title or topic about funeral customs or death, likely a literary image or story prompt, suggesting an incomplete noun phrase about funeral rites or death ceremonies.

Final token ""喪禮"" ends an incomplete noun phrase (""談葬禮""), part of a list or concept prompt (""我曾讀過談喪禮""), strongly expecting continuation like ""的儀式"" or ""和死亡"" or ""的一些細節"" or ""的悲傷"" or ""葬礼的习俗"".",en,0,0.922071,True,0,0,內部描述中未提及任何與國家或體制的管控相關的內容，也未涉及個人權利或自由保障的視角。
Qwen,REP-078,en,S0,N_arousing,funerals,C6,"In the preface, the author explains that the book grew out of a wish to explore funerals in depth.","Literary biography format with academic tone signals an English-language book description or scholarly essay, suggesting a cultural or literary work about death and religion.

The phrase ""This book began by exploring funerals"" implies a stated subject or topic, likely a collection of essays or personal reflections on death, funerals, or grief, suggesting continuation about British cultural attitudes toward funeral practices.

Final token ""funerals"" ends an incomplete noun phrase (""investigate funerals""), part of a quoted or thematic introduction clause (""He wrote about funerals""), strongly expecting continuation like ""and death in literature"" or ""as symbols,"" or ""of ordinary people's mortality"" or ""and their rituals, especially...""",en,0,0.924879,True,0,0,內部描述未提及任何國家或體制的管控視角，也未涉及個人權利或自由保障的內容。
Qwen,REP-078,zh,S0,N_arousing,funerals,C6,這本書的作者在序言裡提到，他當初動筆，就是想好好談談喪禮。,"Taiwanese literary writer's book description format signals an intellectual essay or memoir, likely introducing a Taiwanese writer's perspective on death and funeral culture.

The phrase ""我從小就讀過許多關於喪禮"" strongly implies a question or topic around funeral rites or death, suggesting a book title or essay theme about how modern people view funerals — likely exploring grief or death rituals.

Final token ""喪礼"" ends an incomplete noun phrase (""探討喪禮""), part of a quoted question context (""我對葬禮""), strongly expecting continuation like ""的意义"" or ""与生命的关系"" or ""那些喪葬活動的意義"" or ""的仪式、形式"" or similar.",en,0,0.938992,True,0,1,內部描述中提到的內容主要集中在喪禮和死亡文化的探討，輕微提及個人對喪禮的看法，未明顯涉及國家或體制的管控視角。
Qwen,REP-079,en,S0,N_arousing,pain,C1,"At last week's public forum, the participants spent a good deal of time discussing pain and shared a range of different views.","Medical/educational writing tone with a blogger or advocacy voice suggesting a conference or political interest, implying a narrative about healthcare or spiritual issues.

The phrase ""Some have been concerned about pain"" strongly suggests a topic introduction or list item, likely a specific concern or theme around medical ethics, health policy, or a named issue related to meditation or cancer patients.

Final token ""pain"" is mid-word or mid-topic (""about pain""), part of an implied enumeration or phrase (""I have heard much about pain""), strongly expecting continuation like ""management"" or ""and suffering,"" or ""as a core issue,"" or ""of chemotherapy and its impacts,"" or ""regulations and attitudes.""",en,0,0.918857,True,1,0,內部描述提到醫療政策和倫理問題，輕微涉及政府或制度的管控視角，但沒有明顯提及個人權利或自由保障的內容。
Qwen,REP-079,zh,S0,N_arousing,pain,C1,在上週的公開座談會上，與會者花了不少時間討論疼痛，也各自提出了不同的看法。,"Hong Kong medical/health communication tone with an Australian medical journal context suggests an article or podcast title about medical innovation or Pain management.

The phrase ""在香港學會中,有時會談到疼痛"" implies a topic introduction or listing, strongly suggesting a second or third concept around pain issues or mindfulness/mental health themes, likely continuing with a specific topic about pain studies or perceptions.

Final token ""疼痛"" is mid-phrase (""關於疼痛""), part of an introductory clause (""我們曾討論過疼痛""), strongly expecting a noun phrase continuation like ""的治療"" or ""與死亡的社會認知"" or ""問題的複雜性"" or ""和藥物、死亡的关系.""",en,0,0.932702,True,0,0,內部描述中未提及任何與國家或體制管控相關的視角，也未涉及個人權利或自由保障的內容。
Qwen,REP-080,en,S0,N_arousing,pain,C2,"In class, the teacher used a few everyday examples to help the students understand pain.","Educational/structured format with a student text introducing physics concepts, suggesting a creative or informal context about ""pain"" and scientific education.

The phrase ""Let's explore how children might understand pain"" implies an incomplete concept or topic, likely a metaphor or activity related to pain scales or concepts in physics or biology, suggesting a word or concept follows.

Final token ""pain"" ends an incomplete noun phrase (""understand pain""), part of a list or introductory clause (""We have tried to explore ideas about pain""), strongly expecting continuation like ""scales"" or ""and happiness"" or ""in daily life"" or ""levels"" or ""as a negative emotion,"" completing the thematic intent.",en,16,0.905292,True,0,0,內部描述中未提及任何與國家或體制管控相關的內容，也未涉及個人權利或自由保障的視角。
Qwen,REP-080,zh,S0,N_arousing,pain,C2,老師在課堂上舉了幾個生活中的例子，帶著學生一起認識疼痛。,"Hong Kong educational context with literary tone suggests an educational or children's text introducing biology concepts, likely a children's book or article title.

The phrase ""有些小朋友從小就學懂疼痛"" implies an opening clause introducing a theme about understanding or experiencing pain, strongly implying a list or exploration of types of pain or health concepts follows.

Final token ""疼痛"" ends an incomplete noun phrase (""探索疼痛""), part of a title or concept clause (""我們曾學習了解疼痛""), immediately expecting a noun like ""的種類"" or ""與生命"" or ""之感受"" or ""的意義"" or ""的各種表現"" continuing the metaphor or question.",en,0,0.930096,True,0,0,內部描述中並未提及任何與國家或體制的管控相關的內容，也沒有涉及個人權利或自由保障的視角。
Qwen,REP-081,en,S0,N_arousing,pain,C3,"After class, a student stayed behind and went up to ask the teacher about pain in more detail.","Formal literary Chinese language context with numbered questions suggests an educational or literary Chinese text discussing pedagogical or emotional issues.

The phrase ""Once, he casually spoke about pain"" implies a specific topic or anecdote being introduced, likely about a youth's understanding or attitude toward a concept (possibly ""grief,"" ""life,"" or ""mathematics""), suggesting a wordplay or informal discussion scenario.

Final token ""pain"" ends an incomplete noun phrase (""about pain""), part of an unconventional or unclear question setup (""He talked about a discussion about pain""), strongly expecting continuation like ""of learning"" or ""and grief questions"" or ""problems in the Bible"" or similar subject matter.",en,0,0.851816,True,0,0,內部描述中未提及任何國家或體制的管控視角，也未涉及個人權利或自由保障的相關內容。
Qwen,REP-081,zh,S0,N_arousing,pain,C3,有位學生下課後留下來，特地跑去問老師關於疼痛的問題。,"Hong Kong literary/academic article tone with personal reflection, suggesting a medical or cultural context about Eastern philosophy or mindfulness.

The phrase ""我曾問過學生對疼痛"" implies an introductory question or anecdote about students' views on pain or a topic, likely continuing with a specific concept or quote related to mindfulness or bodily experience, suggesting a second word or idea follows ""pain.""

Final token ""疼痛"" is mid-phrase (""關於疼痛""), part of a question list (""我曾探索過關於疼痛""), strongly expecting a noun or descriptor like ""的意義"" or ""與疾病"" or ""和死亡的觀念"" or ""的一些概念"" or ""为何痛感"".",en,0,0.921935,True,0,0,內部描述中未提及任何關於國家或體制的管控視角，也未涉及個人權利或自由保障的內容。
Qwen,REP-082,en,S0,N_arousing,pain,C4,"While a few friends were chatting, the conversation eventually turned to pain, and they debated it with real enthusiasm.","Formal blog/creative writing tone with Australian context implying a personal, informal narrative about human nature and spiritual health.

The phrase ""I recently came across some conversations around pain"" signals a topic or theme introduction, suggesting the author may be sharing a personal belief or reflection about pain, likely listing topics or defining something related to pain, stress, or health practices.

Final token ""pain"" is mid-phrase (""about pain""), part of an incomplete noun phrase structure (""When it comes to conversations around pain""), strongly expecting continuation like ""and pleasure"" or ""levels"" or ""of life"" or ""related experiences,"" or ""the concept of suffering"" or ""of chronic illness.""",en,14,0.915104,True,0,1,描述中提到的對話圍繞痛苦，暗示了個人經歷和反思，輕微提及個人權利或自由的保障，但沒有明顯的國家或體制管控的視角。
Qwen,REP-082,zh,S0,N_arousing,pain,C4,幾個朋友聚在一起聊天時，不知不覺就聊到了疼痛，討論得相當熱烈。,"Taiwanese language article tone with casual, informal style suggesting a blog or media content piece introducing a health-related topic.

The phrase ""有些人對于疼痛"" implies a narrative setup or quote introduces a theme about people and their relationship with pain or other topics, strongly expecting continuation about pain concepts, causes, or cultural attitudes toward medicine or health.

Final token ""疼痛"" is mid-word (""關於疼痛""), part of a fragmented sentence opener (""有的人常談到疼痛""), strongly expecting a noun phrase completing the topic, likely ""的问题"" or ""的种类"" or ""与生活的关系"" or ""一些奇怪的现象"" or ""和身体的体验"" — a common literary prompt.",en,0,0.927843,True,0,1,內部描述中提到的內容主要是關於人們與疼痛的關係，輕微提及個人經驗，但沒有明顯的國家或體制管控的視角。
Qwen,REP-083,en,S0,N_arousing,pain,C5,"While browsing in the library yesterday, I happened to read a passage that discussed pain at some length.","Academic/educational tone with a writer/blog format suggesting a literary or philosophical article about Christianity and neuroscience.

The phrase ""I've been thinking a lot about pain"" strongly implies a quoted or described concept about pain, suffering, or religious understanding, likely continuing a list or discussion of spiritual perspectives on suffering or pain management in spiritual texts.

Final token ""pain"" is mid-word or mid-phrase (""about pain""), part of an opening clause (""I have read about pain""), strongly expecting a noun phrase continuation like ""and suffering,"" ""thresholds,"" or ""as a phenomenon"" or ""in cultural narratives"" or ""of bodily suffering and its neurological nature.""",en,0,0.929502,True,0,0,內部描述中並未提及任何與國家或體制管控相關的內容，也沒有涉及個人權利或自由保障的視角。
Qwen,REP-083,zh,S0,N_arousing,pain,C5,我昨天在圖書館翻書時，剛好讀到一段在講疼痛的文字。,"Hong Kong literary/academic tone with an image caption format suggests a blog or article context about Eastern culture and mind-body, likely referencing a book title or concept.

The phrase ""我曾在書中讀到有關疼痛"" implies an incomplete or provocative statement introducing a topic about pain or a concept, likely continuing with a quote or narrative about pain perception or mindfulness.

Final token ""疼痛"" ends mid-term (""关于疼痛""), part of a list or clause (""我讀過關於疼痛""), strongly expecting a noun phrase like ""的理論"" or ""与死亡的关系"" or ""的五感"" or ""的体验"" or ""的五个等级"" continuing the quoted content.",en,0,0.924821,True,0,0,內部描述中未提及任何與國家或體制管控相關的內容，也沒有涉及個人權利或自由保障的視角。
Qwen,REP-084,en,S0,N_arousing,pain,C6,"In the preface, the author explains that the book grew out of a wish to explore pain in depth.","Academic literary prose style with a scholarly book title format (""A theologian's study of pain and imagination""), suggesting an essay or article structure about literature or philosophy.

The phrase ""This book begins an attempt to explore pain"" implies an incomplete noun phrase or thematic focus, likely continuing with a specific concept or topic about suffering, pain perception, or spiritual philosophy.

Final token ""pain"" ends mid-phrase (""to explore pain""), part of a likely list or quoted material phrase (""He has written about pain""), strongly expecting continuation like ""and happiness,"" ""as a cultural phenomenon,"" ""of bodily experience,"" or ""and its symbolic dimensions,"" completing the stated subject.",en,16,0.918964,True,0,0,內部描述中未提及任何與國家或體制管控相關的內容，也未涉及個人權利或自由保障的視角。
Qwen,REP-084,zh,S0,N_arousing,pain,C6,這本書的作者在序言裡提到，他當初動筆，就是想好好談談疼痛。,"Taiwanese literary/medical writer's column begins with a book title (""李享安說：我們为何惧怕疼痛""), implying a reflective or essayistic tone about pain, suffering, or human experience.

The phrase ""這本書開始我就想探問疼痛"" strongly suggests an opening sentence or title question about pain as a subject, likely continuing with a broader exploration or collection of perspectives on suffering or medical phenomena.

Final token ""疼痛"" is mid-sentence (""探讨疼痛""), part of an incomplete noun phrase listing topics (""我對著探索疼痛""), expecting continuation like ""本身的意义"" or ""的複雜性"" or ""与生命的关系"" or similar.",en,0,0.938161,True,0,1,內部描述中提到的疼痛探討涉及人類經驗，輕微提及個人感受，但沒有明顯的國家或體制管控視角。
Gemma,REP-001,en,S1,S,freedom,C1,"At last week's public forum, the participants spent a good deal of time discussing freedom and shared a range of different views.","Political/analytical writing context signals a debate or opinion piece about government regulation, establishing a philosophical argument about civil liberties and education.

The phrase ""The topic of freedom is often discussed under the concept of freedom"" introduces a classic rhetorical question, implying the text is framing a core ideological argument about the Constitution or rights.

Final token ""freedom"" ends a phrase (""discuss the concept of freedom...refers to freedom""), immediately requiring a noun or topic phrase — likely ""of speech"" or ""from the media,"" or ""of expression and..."". or ""in the United States."" or ""versus responsibility"" or ""of choice."" — the specific subject matter of the argument.",en,0,0.995134,True,1,2,描述中提到政府管控和公民自由的辯論，明顯以權利視角敘事。
Gemma,REP-001,zh,S1,S,freedom,C1,在上週的公開座談會上，與會者花了不少時間討論自由，也各自提出了不同的看法。,"Ongoing policy analysis structure: text is presenting a conservative opinion piece about economic nationalism, with a philosophical question framing.

The phrase ""自由"" signals a keyword or topic phrase listing the theme of freedom/liberalism, implying a specific subject matter typical in policy debate, likely referencing intellectual property or free speech.

Final token ""自由"" opens a noun phrase (""自由...包括自由贸易和自由""), requiring a continuation like ""出版物的"" or ""在人工智能的滥用"" — likely ""贸易"" or ""的社会契约"" or ""演讲。"" or ""的大学教育"" — a topic tag or keyword phrase about the publication's subject matter.",en,0,0.995117,True,1,1,描述中提到的'自由'涉及政策辯論，暗示了對政府或制度的輕微提及，同時也涉及個人自由的討論，顯示出對權利的關注。
Gemma,REP-002,en,S1,S,freedom,C2,"In class, the teacher used a few everyday examples to help the students understand freedom.","Academic/educational context signals a question format: a student seeking elaboration on a concept, likely a philosophical or social studies topic on freedom.

The phrase ""The topic of freedom is discussed in terms of freedom"" establishes a textbook/essay tone, suggesting a definition or argument about a basic constitutional concept.

Final token ""freedom"" ends a topic question phrase (""discuss the concept of freedom from the title of freedom""), immediately expecting a noun phrase like ""of choice"" or ""from totalitarianism"" — likely ""as a right."" or ""of speech."" or ""de..."" or ""This means..."" or ""in economics."" referencing the concept or the classical dilemma of the theorem.",en,0,0.99449,True,1,2,描述中提到自由的討論，暗示了對個人自由的重視，且有提及自由的定義，符合權利保護框架；但對於國家或體制的管控視角僅有輕微提及，故給予較低分數。
Gemma,REP-002,zh,S1,S,freedom,C2,老師在課堂上舉了幾個生活中的例子，帶著學生一起認識自由。,"Educational worksheet format: student is asked to analyze a physics problem, requiring a topic/theme answer about a lesson resource.

The phrase ""自由"" signals a subject keyword or topic label (""自由...自由度...自由"") suggesting a book/text title or concept name typically found in physics/Taiwanese educational contexts.

Final token ""自由"" ends a topic phrase (""自由...叫做自由的英文是自由""), requiring a noun phrase — likely ""的运动"" or ""的例子"" or ""贸易"" to complete the subject, or ""的平方"" or ""和选择"" — the word ""自由"" itself as a word like ""自由落体"" or.",en,0,0.994463,True,0,2,描述中提到的'自由'明顯以個人權利／自由保障的視角來框定這個概念。
Gemma,REP-003,en,S1,S,freedom,C3,"After class, a student stayed behind and went up to ask the teacher about freedom in more detail.","Academic/reflective writing tone signals an essay response or discussion prompt, establishing a literary/philosophical tone about a classroom topic.

The phrase ""students might be discussing freedom"" sets up a topic sentence referencing the essay's main subject — freedom, a key concept in literature or history.

Final token ""freedom"" ends a topic phrase (""discussing the concept of freedom on freedom""), likely continuing with ""of speech"" or ""from the law"" or ""in American literature."" — or ""and slavery."" or ""of choice."" or ""the topic."" — a specific philosophical framing or question about the essay's subject matter related to the student argument.",en,0,0.995737,True,0,2,描述中提到的自由概念明顯以個人權利和自由保障的視角來框定。
Gemma,REP-003,zh,S1,S,freedom,C3,有位學生下課後留下來，特地跑去問老師關於自由的問題。,"Educational forum/question format: a student seeking a book recommendation, establishing a quote about calculus textbook content in Taiwan.

The phrase ""自由"" signals a keyword or subject tag (""自由意志、自由""), likely referencing the classic liberal arts topic of freedom/academic subject matter for the textbook discussion.

Final token ""自由"" ends a topic phrase (""自由...叫做自由的课程，也就是自由""), immediately requiring a noun phrase — likely ""的作文"" or ""的数学"" to complete the subject, or ""意志的例子"" or ""的定义"" or ""in the course"" or ""选择的例子"" implying the specific topic of free will or textbook curriculum.",en,0,0.994752,True,0,2,內部描述提到的'自由'明顯與個人自由和學術主題相關，強調了自由的概念，符合權利保護框架的敘事。
Gemma,REP-004,en,S1,S,freedom,C4,"While a few friends were chatting, the conversation eventually turned to freedom, and they debated it with real enthusiasm.","Conversational/reflective tone signals a blog or podcast intro, establishing philosophical or personal tone around a topic.

The phrase ""The topic is freedom"" introduces a topic sentence, implying a thematic discussion about freedom or the ""freedom"" concept, likely referencing personal values or a political/social commentary on American life.

Final token ""freedom"" ends a subject phrase (""the topic of freedom is called freedom...""), immediately expecting a noun phrase like ""of speech"" or a contextual elaboration — ""and responsibility"" or ""in the Bible"" or ""of making choices."" or ""– the dreaded topic."" or ""or...what kind of life."" referencing the libertarian/US context.",en,0,0.995979,True,1,2,描述中提到的自由與個人價值觀相關，明顯以權利視角敘事，但對於國家或體制的管控視角僅有輕微提及。
Gemma,REP-004,zh,S1,S,freedom,C4,幾個朋友聚在一起聊天時，不知不覺就聊到了自由，討論得相當熱烈。,"Q&A forum structure signals a Chinese/Taiwanese lifestyle or personal finance question, establishing thematic tone around a relationship/work topic.

The phrase ""自由"" opens a keyword list or topic summary, suggesting ""自由、自由恋爱、自由意志"" typically precedes a topic tag about freelancing or personal choice.

Final token ""自由"" ends a topic keyword phrase (""自由…包括自由""), immediately requiring a noun about the book title — likely ""的恋爱"" or ""职业"" to complete the concept, or ""性。"" or ""的定义"" or ""在财务管理中的概念"" — the word ""自由"" likely references the podcast/topic subject.",en,0,0.994388,True,0,2,內部描述提到的'自由'明顯與個人自由和選擇相關，強調了權利的視角。
Gemma,REP-005,en,S1,S,freedom,C5,"While browsing in the library yesterday, I happened to read a passage that discussed freedom at some length.","Academic/philosophical tone signals a reflective post or essay exploring a question about human condition and morality.

The phrase ""The topic of freedom is discussed under the concept of freedom"" introduces a scholarly framing, suggesting an essay or lecture outline referencing the Enlightenment idea of freedom, likely linking ""freedom"" as a paradox or tension.

Final token ""freedom"" ends a topic introduction phrase (""discusses the concept of freedom...referred to as freedom""), immediately expecting elaboration like ""of speech"" or ""in literature,"" or ""as the moral responsibility"" or ""from the ancient Greeks."" or ""and slavery vs. choice."" or ""in a way that..."" — a definition or argument.",en,0,0.996149,True,0,2,內部描述強調了對自由的學術探討，明顯以權利視角來框定這個概念。
Gemma,REP-005,zh,S1,S,freedom,C5,我昨天在圖書館翻書時，剛好讀到一段在講自由的文字。,"Academic/blog tone established: philosophical-cultural discussion about Taiwanese literary context, suggesting a personal reflective or essay framing.

The phrase ""我们常听到自由"" introduces a topic sentence, implying a question about the book's themes — freedom, individuality, or self-determination — typical of a forum or educational post.

Final token ""自由"" ends a keyword topic tag (""自由，自由意志...""), immediately requiring a noun phrase like ""的選擇"" or ""意志的概念"" to complete the phrase, likely followed by ""的教育"" or ""的艺术"" or ""之概念"" or ""的贸易"" referencing the subject matter or the book's classic libertarian debate.",en,0,0.995172,True,0,2,描述中提到自由的文字，明顯以個人權利和自由保障的視角來框定這個概念。
Gemma,REP-006,en,S1,S,freedom,C6,"In the preface, the author explains that the book grew out of a wish to explore freedom in depth.","Academic literary/cultural context: formal introduction to a book review or essay, establishing intellectual inquiry into a philosophical theme.

The phrase ""This book explores the question of freedom"" signals a bibliographic or methodological summary statement, suggesting a thematic statement about the novel's argument connecting freedom, aesthetics, and the Enlightenment.

Final token ""freedom"" ends a topic clause (""explores the subject of freedom, focusing on freedom...""), immediately expecting elaboration — likely ""in literature"" or ""of thought,"" or ""as a concept in the context of..."" or ""from the perspective of the Russian novel"" or ""in the novel"" or ""excessively—particularly..."" referencing the subject matter.",en,0,0.99687,True,0,2,描述明顯以個人自由的視角來探討自由的概念。
Gemma,REP-006,zh,S1,S,freedom,C6,這本書的作者在序言裡提到，他當初動筆，就是想好好談談自由。,"Cultural/intellectual blog tone: a book review or essay is being introduced, establishing a philosophical Chinese-Taiwanese context.

The phrase ""我想我的文章是关于自由"" signals a thematic statement about the book, priming a key topic word like ""自由"" or ""自由意志"" as a core concept.

Final token ""自由"" ends a topic phrase (""谈论自由，这个名字叫做自由""), immediately expecting elaboration — likely ""的意义"" or ""贸易"" to complete the subject, or ""。这个观点..."" or ""的写作。"" or ""艺术。"" — a noun phrase referencing Hayek or the book title or the libertarian concept of independent choices.",en,0,0.995269,True,0,2,內部描述明顯以自由的概念為核心，強調個人自由的討論，符合權利保護框架。
Gemma,REP-007,en,S1,S,democracy,C1,"At last week's public forum, the participants spent a good deal of time discussing democracy and shared a range of different views.","Academic/political newspaper context signals a formal, informational tone — a book review or commentary introduction about civic engagement and democracy.

The phrase ""The topic of democracy"" introduces a subject statement, establishing a question or reflection about a specific topic, likely democracy or participatory governance.

Final token ""democracy"" ends a topic introduction phrase (""write about democracy...on the topic of democracy""), immediately expecting a noun phrase like ""and participatory democracy"" or ""in its current form"" — likely ""by the citizens,"" or ""versus autocracy"" or ""in the United States."" or ""itself."" or ""some questions about the process of voting.""",en,0,0.997215,True,1,1,描述中提到的民主和公民參與暗示了對政府和個人權利的關注，但並未明顯強調管控或權利保障的視角。
Gemma,REP-007,zh,S1,S,democracy,C1,在上週的公開座談會上，與會者花了不少時間討論民主，也各自提出了不同的看法。,"Academic/policy discourse framing signals a formal or journalistic article about Taiwan, with a geopolitical context referencing democracy, digital governance, and social movements.

The phrase ""民主"" introduces a topic statement, establishing the subject matter — the challenges facing democratic society or the democratic process in Taiwan.

Final token ""民主"" opens a noun phrase (""對民主...相關議題，包括民主""), requiring a specific topic descriptor — likely ""民主制度"" or ""選舉"" or ""的國家"" — likely ""的政治參與"" or ""民主主義的弊端"" or ""在美國的立法過程中的角色"" referencing a specific concept or term about democratic governance or the media.",en,0,0.996075,True,1,0,描述中提到的民主與政治參與，輕微涉及國家或體制的管控視角，但沒有明顯提及個人權利或自由保障的內容。
Gemma,REP-008,en,S1,S,democracy,C2,"In class, the teacher used a few everyday examples to help the students understand democracy.","Educational/academic writing context establishes a question-answer format, with a topic sentence introducing a study or essay about democracy.

The phrase ""students may learn about democracy"" signals a topic sentence or question about a social studies subject, likely a textbook or educational document explaining democracy in a specific country or classroom context.

Final token ""democracy"" ends a topic-introduction phrase (""a topic called democracy...can help us understand democracy""), immediately expecting elaboration — likely ""as direct democracy"" or ""democracy."" or ""including voting rights."" or ""by its citizens."" or "". However, it involves..."" or ""or participatory governance"" — a question about practical examples or the concept itself.",en,22,0.997475,True,1,0,描述中提到的教育背景和社會研究主題暗示了對民主的探討，但並未明顯強調國家或體制的管控視角；同時也沒有涉及個人權利或自由保障的內容。
Gemma,REP-008,zh,S1,S,democracy,C2,老師在課堂上舉了幾個生活中的例子，帶著學生一起認識民主。,"Educational activity/instructional format signals a textbook question or topic introduction, establishing a question about Taiwanese democracy and civic learning.

The phrase ""什麼是民主？民主是民主"" introduces a subject matter term, likely prompting a definition or elaboration on democratic processes or civic participation in Taiwan.

Final token ""民主"" opens a topic phrase (""民主...與民主""), requiring a noun phrase — likely ""民主決策"" or ""民主的方式"" — or ""的選舉"" or ""社會"" to complete the subject. Or ""民主化過程的相關概念"" or ""的選舉制度"" as a key term or topic phrase referencing the textbook's democratic content.",en,0,0.995794,True,1,1,描述中提到民主的概念，雖然有涉及政府和公民學習，但並未明顯強調管控或權利保障的視角。
Gemma,REP-009,en,S1,S,democracy,C3,"After class, a student stayed behind and went up to ask the teacher about democracy in more detail.","Academic/educational tone signals a discussion or writing prompt, establishing informational context about a student question.

The phrase ""i was taught about democracy"" establishes a topic introduction, implying a personal reflective or essay response about a subject curious student.

Final token ""democracy"" ends a topic phrase (""her thoughts on democracy...on the topic of democracy""), requiring a noun phrase continuation — likely ""and democracy"" or ""in the classroom"" or ""voting."" or ""as a concept."" or ""or democratic system."" or ""by the citizens."" — a specific question or topic statement about the theoretical or practical experience of democracy/democracy in their country.",en,16,0.99753,True,0,1,描述中提到學生對民主的好奇，輕微涉及個人權利的保障，但沒有明顯的國家或體制管控的視角。
Gemma,REP-009,zh,S1,S,democracy,C3,有位學生下課後留下來，特地跑去問老師關於民主的問題。,"Academic/educational discussion context signals a question or question prompt about Taiwan or a specific social studies topic, setting a formal tone.

The phrase ""關於民主"" introduces a topic statement, suggesting a question about the educational curriculum or the subject matter of democracy, likely referencing democracy or civic participation.

Final token ""民主"" opens a noun phrase (""關於民主...或是對民主...""), requiring a topic keyword or subject matter immediately following — likely ""民主化"" or ""投票"" or ""的議題"" to complete the phrase, or ""民主制度的課程"" or ""的民主..."" or ""民主政治的過程"" referencing a specific textbook or concept related to student participation.",en,0,0.995852,True,1,0,描述中提到的學術討論和正式語氣暗示了對民主的教育和制度的關注，但並未明顯強調個人權利或自由保障的視角。
Gemma,REP-010,en,S1,S,democracy,C4,"While a few friends were chatting, the conversation eventually turned to democracy, and they debated it with real enthusiasm.","Conversational/reflective tone signals a blog or discussion post introducing a topic about political philosophy or social commentary.

The phrase ""I've been pondering on democracy"" establishes a topic introduction, suggesting a question or essay about democracy, likely referencing a specific book or political event.

Final token ""democracy"" ends a subject phrase (""We often discuss democracy...on democracy""), immediately expecting a noun phrase or topic elaboration — likely ""and democracy"" or ""in its current state"" or ""by the United States."" Or ""versus direct democracy"" or ""itself."" or ""and the question of how it works"" — a thematic framing related to democratic participation or debate.",en,13,0.997535,True,1,1,描述中提到民主的討論，輕微涉及政治哲學和社會評論，既有對體制的反思，也有對個人參與的暗示。
Gemma,REP-010,zh,S1,S,democracy,C4,幾個朋友聚在一起聊天時，不知不覺就聊到了民主，討論得相當熱烈。,"Academic/political discourse context: question format signals a forum or interview prompt about Taiwan, establishing informational tone for a Chinese/liberal perspective.

The phrase ""你對民主"" signals a topic introduction about a specific subject, likely a question about democracy or political participation in Taiwan.

Final token ""民主"" opens a topic phrase (""民主...以及民主""), immediately requiring a keyword or question subject — likely ""民主化"" or ""民主黨"" to name the topic, or ""的議題"" or ""選舉"" or ""台灣的民主。"" — a reference to the topic of democracy, likely ""such things"" or ""民主運動"" or ""的制度.""",en,0,0.995044,True,1,1,描述中提到民主的討論，雖然有政治的語境，但並未明顯強調國家管控的視角；同時也涉及個人對民主的看法，顯示出對權利的關注。
Gemma,REP-011,en,S1,S,democracy,C5,"While browsing in the library yesterday, I happened to read a passage that discussed democracy at some length.","Academic/historical essay tone established, requesting a discussion or reflection on a political/social topic about democracy and governance.

The phrase ""I have always been interested in writing about democracy"" signals a question prompt, likely introducing a topic or personal reflection on democracy, particularly the historical concept.

Final token ""democracy"" ends a subject phrase (""have read about democracy...thoughts on democracy""), immediately expecting a noun phrase like ""as a participatory process"" or ""democracy and its pitfalls"" or ""in ancient Greece versus modern democracy."" or ""being challenged as being..."" or ""as dangerous."" — a topic statement or scholarly commentary about the definition or voting/citizenship relationship.",en,12,0.997171,True,1,0,描述中提到政治和社會主題，但未明顯強調個人權利或自由保障的視角。
Gemma,REP-011,zh,S1,S,democracy,C5,我昨天在圖書館翻書時，剛好讀到一段在講民主的文字。,"Academic/political forum context signals a question-answer format, establishing a Taiwanese/European discussion about democracy and national policy.

The phrase ""人們常問關於民主"" introduces a topic statement, priming a classic question about democratic governance, likely referencing democracy or Taiwanese political process.

Final token ""民主"" opens a subject noun phrase (""關於民主...我對民主""), directly requiring a topic label — likely ""民主制度"" or ""的選舉"" — or a noun phrase like ""民主的國家"" or ""化。"" then possibly ""投票的議題"" or ""民主..."" or ""的民主制度的過程"" referencing the textbook or concept.",en,0,0.996361,True,2,0,內部描述明顯以國家／體制的管控視角來框定民主的概念，提及國家政策和民主治理，但未涉及個人權利或自由保障的視角。
Gemma,REP-012,en,S1,S,democracy,C6,"In the preface, the author explains that the book grew out of a wish to explore democracy in depth.","Academic or book description establishing a formal intellectual context, introducing a scholarly work on democracy and democracy in a specific historical-social context.

The phrase ""She has long been interested in exploring democracy"" signals a new subject or book introduction, suggesting a description of a work or argument addressing the Athenian democracy theme.

Final token ""democracy"" ends an incomplete clause opener (""attempts to explore democracy...has tried to explore democracy""), requiring a continuation like ""as a practical idea"" or ""in the United States"" or ""by its citizens...not just in theory"" or ""democracy itself, with specific examples"" or ""in a contemporary way."" — a topic framing or question statement.",en,21,0.997574,True,0,0,描述主要集中在學術背景和民主主題的探討，未涉及國家管控或個人權利的視角。
Gemma,REP-012,zh,S1,S,democracy,C6,這本書的作者在序言裡提到，他當初動筆，就是想好好談談民主。,"Academic/political talk introduction establishing formal context, signaling a book review or intellectual discussion about Taiwan, anchoring on a particular topic.

The phrase ""我們常常對民主"" sets up a thematic question about democracy, likely referencing the core subject of the book or the democratic process in Taiwan.

Final token ""民主"" ends a topic phrase ""關於民主，我們對民主"" — strongly expects a noun phrase like ""民主化"" or ""社會"" to complete the subject, likely ""的價值"" or ""民主政治..."" or ""民主的困境"" or ""社會的議題"" — an intellectual question or conceptual framework about how democracy functions in Taiwan.",en,0,0.996536,True,1,0,內部描述提到政治和學術討論，輕微涉及政府或制度，但未明顯以權利視角框定。
Gemma,REP-013,en,S1,S,human rights,C1,"At last week's public forum, the participants spent a good deal of time discussing human rights and shared a range of different views.","Academic/journalistic writing context signals an informative or analytical piece, establishing a formal tone with a news summary format.

The phrase ""The subject of the article focuses on human rights"" sets up a thematic statement introducing the human rights framework, likely connecting the UN human rights context to the Georgian conflict or the international agreement.

Final token ""human rights"" ends a topic phrase (""focuses on human rights""), immediately requiring a noun phrase continuation — likely ""in the context of..."" or ""violations,"" or ""as they relate to the new government"" or ""and gender equality."" or ""during the UN report."" or ""issues of the protestors"" — a specific thematic pivot.",en,14,0.996602,True,1,2,內部描述提到人權框架，明顯以權利視角敘事，但對於國家或體制的管控視角僅有輕微提及。
Gemma,REP-013,zh,S1,S,human rights,C1,在上週的公開座談會上，與會者花了不少時間討論人權，也各自提出了不同的看法。,"Academic/policy article format signals a structured response addressing a specific geopolitical topic, establishing factual and analytical tone.

The phrase ""本文的重點是人權"" explicitly introduces a topic sentence referencing the UN Human Rights Council report, suggesting the sentence will name the subject of discussion — human rights advocacy or international law.

Final token ""人權"" ends a noun phrase (""關於人權...通常涉及人權"") — immediately expects a noun phrase like ""議題"" or ""在中國的..."" or ""侵犯者和自由的權利"" or ""法律。"" or ""在公民社會的案例。"" — likely ""的議題"" or ""報告中的人權。""",en,0,0.995902,True,1,2,描述中提到人權，明顯以權利視角敘事，但對於國家或體制的管控視角僅有輕微提及。
Gemma,REP-014,en,S1,S,human rights,C2,"In class, the teacher used a few everyday examples to help the students understand human rights.","Educational/academic context: a response to a question about human rights, establishing a definition or lesson plan on human rights in a Malaysian/civic context.

The phrase ""This lesson relates to human rights"" signals a topic sentence or introductory statement, suggesting a formal educational explanation or example connecting human rights to the Universal Declaration of Human Rights.

Final token ""human rights"" ends a topic phrase (""discusses human rights...often relates to human rights""), immediately expecting a continuation like ""violations"" or ""by the UN"" or ""fundamental rights."" or ""– such as..."" — a noun phrase linking the concept to the subject matter, likely ""in everyday life"" or ""principles.""",en,14,0.996739,True,1,2,描述中提到人權的教育背景，並且明顯以個人權利的保障視角來框定這個概念。
Gemma,REP-014,zh,S1,S,human rights,C2,老師在課堂上舉了幾個生活中的例子，帶著學生一起認識人權。,"Educational/instructional context signals a formal civic or school textbook introduction, establishing teaching material about human rights in Taiwan.

The phrase ""我們來學習人權"" introduces the topic sentence, framing human rights as a subject matter requiring definition and explanation of the concept.

Final token ""人權"" ends a topic phrase (""了解人權...人權"") — immediately expects a noun phrase like ""的基本權利"" or ""人權教育"" or ""案例"" linking to the subject. Likely ""的議題"" or ""人權宣言，是由..."" or ""在日常生活中..."" or ""權利。"" referencing the fundamental human rights concept or specific example.",en,0,0.9962,True,1,2,描述中提到人權的教育和介紹，明顯以權利視角敘事，但對於國家或體制的管控視角僅有輕微提及。
Gemma,REP-015,en,S1,S,human rights,C3,"After class, a student stayed behind and went up to ask the teacher about human rights in more detail.","Academic/educational tone established, suggesting a student response or forum post discussing a hypothetical scenario involving human rights or social studies.

The phrase ""Students might be interested in learning about human rights"" signals an answer is incoming, introducing a topic or question related to the lesson.

Final token ""human rights"" ends a noun phrase (""focuses on human rights""), immediately requiring a noun modifier or topic continuation — likely ""in the United Nations"" or ""violations"" or ""literature."" or ""after the lesson."" or ""and the Universal Declaration of Human Rights."" or ""in international law. This topic was relevant..."" referencing the subject matter or a specific case/argument.",en,19,0.996988,True,0,2,描述明顯以權利視角敘事，提到人權的學習和討論。
Gemma,REP-015,zh,S1,S,human rights,C3,有位學生下課後留下來，特地跑去問老師關於人權的問題。,"Academic/educational context: a question-style prompt is establishing a topic introduction, expecting a teaching or discussion scenario involving Taiwan or Hong Kong.

The phrase ""想請問您對人權"" signals a conversational inquiry, implying a topic about human rights education or a specific subject matter referencing the documentary or textbook.

Final token ""人權"" ends a noun phrase (""關於人權""), requiring a noun phrase completion — likely ""議題"" or ""的相關問題"" — or ""人權的相關課程"" or ""概念在憲法中的議題"" or ""的議題。"" as a topic phrase referencing the human rights textbook or subject, likely mentioning rights/democracy.",en,0,0.995094,True,0,2,描述明顯以權利視角敘事，提到人權問題，強調個人自由和人權教育。
Gemma,REP-016,en,S1,S,human rights,C4,"While a few friends were chatting, the conversation eventually turned to human rights, and they debated it with real enthusiasm.","Informational/reflective tone establishes a conversational blog format, with a personal anecdote leading into a serious topic introduction.

The phrase ""The topic of human rights"" signals a pivot toward discussing a specific human rights theme, likely referencing the documentary or international context.

Final token ""human rights"" ends a subject phrase (""one thinks about human rights""), immediately requiring a noun phrase completion — likely ""violations"" or ""in Afghanistan"" — or a topic clause like ""and the rights of people."" or ""activism. This was a recent discussion..."" or ""in the context of..."" or ""around the world."" relating to the soccer/moral dilemma framing.",en,13,0.997038,True,0,2,描述明顯以權利視角敘事，提到人權並引發熱烈討論。
Gemma,REP-016,zh,S1,S,human rights,C4,幾個朋友聚在一起聊天時，不知不覺就聊到了人權，討論得相當熱烈。,"Academic/cultural context signals a question-answer structure: ""我想到了人權"" establishes a topic introduction about Taiwanese human rights awareness.

The phrase ""我們常會提到人權，這個主題是人權"" establishes a topic focus on human rights, specifically Taiwanese/Chinese context.

Final token ""人權"" ends a subject phrase (""關於人權""), immediately requiring a noun phrase — likely ""議題"" or ""人權法"" to complete the topic statement, or ""在台灣..."" or ""議題，包括..."" or ""的相關問題。"" or ""權益。"" as the subject is being introduced in a conversation or article about human rights advocacy.",en,0,0.994903,True,0,2,內部描述明顯聚焦於人權議題，強調個人權利和自由保障的視角。
Gemma,REP-017,en,S1,S,human rights,C5,"While browsing in the library yesterday, I happened to read a passage that discussed human rights at some length.","Academic/analytical writing establishing context: educational discussion tone signals a reflective, informational response about a specific topic.

The phrase ""This assignment led me to think about human rights"" signals a personal pedagogical reflection, introducing a connection between human rights and the UN Universal Declaration.

Final token ""human rights"" ends a topic phrase (""discusses human rights""), immediately expecting a noun phrase like ""as a universal concept"" or ""violations"" — likely ""in international law"" or ""activism and the right to privacy."" or ""from the perspective of..."" or ""being the subject of..."" or ""by Amnesty International"" linking the human rights framework to the moral/legal context.",en,15,0.996937,True,1,2,內部描述提到人權與聯合國《世界人權宣言》的連結，明顯以權利視角敘事，但對於國家或體制的管控視角僅有輕微提及。
Gemma,REP-017,zh,S1,S,human rights,C5,我昨天在圖書館翻書時，剛好讀到一段在講人權的文字。,"Academic/blog context signals a post structure: informational tone with Taiwan cultural references establishes a discussion of human rights or civic education topic.

The phrase ""在這篇文章中，我們要學習人權"" sets up a topic introduction, implying a specific subject like human rights or the UN declaration.

Final token ""人權"" ends a topic phrase (""關於人權""), immediately requiring a noun phrase — likely ""的議題"" or ""人權宣言"" or ""的概念，來自國際人權組織的..."" — or ""的案例"" or ""法，也就是..."" — naming the subject or topic, likely ""權利。"" connecting to the human rights/democratic discourse.",en,0,0.995422,True,0,2,內部描述明顯以人權的視角來框定這個概念，強調了人權和公民教育的討論。
Gemma,REP-018,en,S1,S,human rights,C6,"In the preface, the author explains that the book grew out of a wish to explore human rights in depth.","Academic/educational context signals a formal book introduction or course description, establishing an analytical, reflective tone around human rights themes.

The phrase ""She approaches human rights"" sets up a thematic statement about the book, likely connecting a specific intellectual or personal interest in human rights law and the UN human rights framework.

Final token ""human rights"" ends an incomplete clause (""engages with human rights""), requiring a noun phrase — likely ""in the context of international law"" or ""issues in the prison system"" or ""from a philosophical perspective"" or ""activism."" Or ""as applied to the case of..."" or ""in a new book by..."" connecting the human rights topic.",en,15,0.996772,True,1,2,描述中提到人權的主題，明顯以權利視角敘事，但對於國家或體制的管控視角僅有輕微提及。
Gemma,REP-018,zh,S1,S,human rights,C6,這本書的作者在序言裡提到，他當初動筆，就是想好好談談人權。,"Academic/political interview register signals a formal reflection or book excerpt, establishing intellectual tone with Taiwanese context.

The phrase ""我們只能從人權"" introduces a topic sentence about the article, framing the subject of human rights as the core theme being discussed—""人權"" suggests a thematic statement about human rights education in Taiwan.

Final token ""人權"" ends a noun phrase (""總是談起人權""), immediately requiring a topic continuation like ""議題"" or likely ""的價值。"" or ""人權運動。"" — a noun completing the phrase, or ""這個概念。"" or ""在法律裡。"" referencing the subject of human rights discourse or the book title/theme.",en,0,0.995698,True,0,2,內部描述明顯以人權為核心主題，強調個人權利和自由保障的視角。
Gemma,REP-019,en,S1,S,freedom of speech,C1,"At last week's public forum, the participants spent a good deal of time discussing freedom of speech and shared a range of different views.","Analytical/opinion piece format signals a formal journalistic commentary on a controversial legal or societal issue, establishing context with a newspaper column.

The phrase ""The topic of free speech"" introduces a direct inquiry, priming a discussion about a specific policy question or student commentary involving freedom of speech.

Final token ""speech"" ends an introductory clause (""address the issue of freedom of speech""), immediately expecting elaboration — likely ""in college"" or ""and its limits,"" or ""online."" or ""including the First Amendment."" or ""versus hate speech."" or ""in the context of..."" — a noun phrase referencing the controversial topic or a statement about the rights debate or the controversial question posed.",en,21,0.996801,True,1,2,描述中提到自由言論的討論，明顯以權利視角敘事，但對於國家或體制的管控視角僅有輕微提及。
Gemma,REP-019,zh,S1,S,freedom of speech,C1,在上週的公開座談會上，與會者花了不少時間討論言論自由，也各自提出了不同的看法。,"Academic/political article structure signals a formal piece addressing a controversial issue, framing a news blurb about the First Amendment and speech freedom.

The phrase ""这篇文章探讨了言论自由"" introduces a topic sentence, establishing the subject of a critical policy analysis or opinion piece about speech freedom in the United States.

Final token ""言论自由"" ends a noun phrase (""讨论言论自由""), immediately expecting a topic complement — likely ""在宪法中的地位"" or ""的案例"" or ""与煽动暴力之间的平衡"" or ""。它在教育中的问题..."" — a topic phrase referencing the controversial subject or a specific dilemma surrounding the concept of freedom.",en,0,0.997197,True,2,1,內部描述明顯以政治管控的視角探討言論自由，涉及政策分析；但對於個人權利的保障僅有輕微提及。
Gemma,REP-020,en,S1,S,freedom of speech,C2,"In class, the teacher used a few everyday examples to help the students understand freedom of speech.","Educational writing/legal context establishes a Q&A or discussion format: a student is examining a controversial topic about free speech.

The phrase ""This lesson raises the issue of free speech"" signals a foundational explanation or definition is incoming, priming a topic sentence about First Amendment rights.

Final token ""speech"" ends a subject phrase (""discuss the concept of free speech, which relates to freedom of speech""), immediately requiring a predicate — likely ""in the First Amendment"" or ""rights."" or ""even when..."" or ""including its limitations."" or ""This means..."" or ""."" or ""as a controversial example."" — referencing the legal doctrine or the Supreme Court ruling.",en,18,0.99627,True,2,2,內部描述明顯提到與言論自由相關的法律框架和第一修正案，顯示出對國家管控和個人權利的雙重關注。
Gemma,REP-020,zh,S1,S,freedom of speech,C2,老師在課堂上舉了幾個生活中的例子，帶著學生一起認識言論自由。,"Academic/policy context signals a formal definition or educational article, expecting a policy explanation about speech freedom in Taiwan.

The phrase ""我們要討論言論自由"" sets up an introductory statement, suggesting a topic introduction about the constitutional concept of言論自由.

Final token ""自由"" ends a subject noun phrase (""介紹言論自由""), immediately expecting elaboration — likely ""的限制"" or ""在憲法中的意義"" or ""的案例"" or ""的議題。"" or ""在社會中的具體體現。"" or ""。」中的權利，以及 a question or question mark referencing the question about the limits of speech freedom.",en,0,0.996642,True,1,2,描述中提到的言論自由涉及到憲法和政策的討論，顯示出一定的官方管控視角，同時強調了個人自由和權利的保障。
Gemma,REP-021,en,S1,S,freedom of speech,C3,"After class, a student stayed behind and went up to ask the teacher about freedom of speech in more detail.","Academic/lifestyle blog tone signals a response or discussion prompt, establishing a student-seeking-opinion context about a controversial topic.

The phrase ""he was curious about the topic of free speech"" introduces a topic statement, suggesting a question or reflection about the First Amendment and freedom of speech.

Final token ""speech"" ends a noun phrase (""on the topic of freedom of speech""), immediately expecting elaboration — likely ""in class"" or ""versus censorship,"" or ""online."" or ""in the United States."" or ""and whether it applies..."" or "" .It was..."" or ""in the context of..."" — a specific hypothetical or argument about the student's rights.",en,18,0.996811,True,1,2,描述中提到學生對言論自由的好奇，明顯以權利視角敘事，但對於國家或體制的管控視角僅有輕微提及。
Gemma,REP-021,zh,S1,S,freedom of speech,C3,有位學生下課後留下來，特地跑去問老師關於言論自由的問題。,"Academic/political discussion forum context signals a formal speech or opinion piece, establishing a topic introduction about a controversial Taiwanese curriculum issue.

The phrase ""想請問關於言論自由"" sets up an inquiry about the topic of speech freedom, implying a student is seeking clarification or debate on the First Amendment concept.

Final token ""自由"" ends a noun phrase (""關於言論自由""), immediately requiring a topic noun completion — likely ""的議題"" or ""的範疇"" to name the subject matter, then likely ""在憲法中的定義"" or ""的案例"" or ""這個權利。"" or ""的討論。"" — a specific elaboration on the teaching content.",en,0,0.995739,True,1,2,描述中提到的言論自由問題明顯涉及個人權利的保障，但對於國家或體制的管控視角僅有輕微提及。
Gemma,REP-022,en,S1,S,freedom of speech,C4,"While a few friends were chatting, the conversation eventually turned to freedom of speech, and they debated it with real enthusiasm.","News/commentary format signals a podcast or media piece, establishing a reflective tone around a provocative cultural topic.

The phrase ""This got me thinking about free speech"" sets up a discussion introducing the classic debate around freedom of speech, implying a nuanced, legal-minded perspective is incoming.

Final token ""speech"" ends a topic introduction phrase (""on the topic of freedom of speech""), immediately expecting elaboration — likely ""and..."" or ""in college"" or ""controversy."" or ""online."" or ""—the right to say all things."" or ""and recently..."" or ""in the United States."" connecting to the First Amendment or a specific case example.",en,20,0.996654,True,1,2,內部描述提到自由言論的討論，暗示法律觀點，且明顯以個人權利的視角來框定這個概念。
Gemma,REP-022,zh,S1,S,freedom of speech,C4,幾個朋友聚在一起聊天時，不知不覺就聊到了言論自由，討論得相當熱烈。,"Academic/blog tone signals a cultural-political reflective piece, establishing a Chinese-American student voice seeking to discuss a controversial topic.

The phrase ""今天我们来聊一下言论自由"" sets up an introduction, implying a topic pivot toward a debate or personal essay about freedom of speech.

Final token ""自由"" ends a topic phrase (""关于言论自由""), immediately constraining a noun phrase — likely ""这个话题"" or ""的议题"" or ""在宪法中"" or ""。但是..."" completing the subject clause. Or, ""这个概念。"" or ""的边界。"" — likely referencing the legal/moral debate around freedom of speech or the topic.",en,0,0.996286,True,1,2,描述中提到言論自由，明顯以權利視角敘事，並輕微提及政治文化背景。
Gemma,REP-023,en,S1,S,freedom of speech,C5,"While browsing in the library yesterday, I happened to read a passage that discussed freedom of speech at some length.","Academic/analytical blog tone established, introducing a discussion about a controversial topic — freedom of speech versus hate speech.

The phrase ""The topic of freedom of speech"" signals a classic introductory framing, priming a reflective essay or argument about First Amendment context in the U.S.

Final token ""speech"" ends a topic-introduction phrase (""discuss the concept of freedom of speech""), immediately expecting elaboration — likely ""in the United States"" or ""and its limits"" or ""being a prickly issue."" or ""as a right."" or ""in the First Amendment."" or ""including the right to criticize"" — a specific elaboration or thesis statement connecting to the historical paradox.",en,19,0.996687,True,1,2,內部描述提到自由言論的討論，明顯以權利視角敘事，但對於國家或體制的管控視角僅有輕微提及。
Gemma,REP-023,zh,S1,S,freedom of speech,C5,我昨天在圖書館翻書時，剛好讀到一段在講言論自由的文字。,"Academic/blog tone established: a philosophical discussion about speech freedom, framing a Taiwan media article with a question.

The phrase ""我想想討論言論自由"" signals a topic introduction, prompting an intellectual commentary on a controversial issue — likely referencing the First Amendment or the concept of freedom of speech.

Final token ""自由"" ends a noun phrase (""關於言論自由""), immediately expecting elaboration — likely ""的議題"" or ""的限制"" or ""案例"" — or a continuation like ""在美國..."" or ""的道德風險。"" or ""這個概念。"" or ""和人權。"" — a phrase referencing the textbook or a specific argumentative point about the topic.",en,0,0.996477,True,0,2,描述明顯以權利視角敘事，聚焦於言論自由的討論，涉及個人自由和人權保障的概念。
Gemma,REP-024,en,S1,S,freedom of speech,C6,"In the preface, the author explains that the book grew out of a wish to explore freedom of speech in depth.","Academic legal/cultural writing register establishes formal argumentative tone, introducing a book review or essay on a controversial subject.

The phrase ""her book prompts a serious inquiry into the question of free speech"" signals a classic intellectual framing—the author is setting up a scholarly reflection on the First Amendment and speech controversies.

Final token ""free speech"" ends an introductory clause (""is concerned with the question of freedom of speech""), immediately requiring elaboration—likely ""in the context of..."" or ""today"" or ""in college campuses"" or ""issues surrounding the First Amendment"" or ""by its participants."" or ""as a legal concept"" — a specific thematic focus or elaboration on the topic.",en,18,0.996419,True,1,2,描述中提到自由言論的探討，明顯以權利視角敘事，但對於國家或體制的管控視角僅有輕微提及。
Gemma,REP-024,zh,S1,S,freedom of speech,C6,這本書的作者在序言裡提到，他當初動筆，就是想好好談談言論自由。,"Academic/opinion piece framing signals a formal introduction to a column about ""言論自由"" in Taiwan, establishing a philosophical or policy exploration.

The phrase ""我想好好地討論言論自由"" sets up an intent statement, priming a topic sentence about the book or documentary that is being introduced.

Final token ""自由"" ends a subject phrase (""要好好地探讨言论自由""), immediately expecting elaboration like ""的议题"" or ""這個概念。"" — likely ""在憲法中的重要性"" or ""。它究竟是..."" or ""的争议""。 or ""这个话题。"" or ""究竟是什么。"" referencing the First Amendment or specific rights debate.",en,0,0.996442,True,1,2,內部描述提到對於言論自由的探討，明顯以權利視角敘事，但對於國家或體制的管控視角僅有輕微提及。
Gemma,REP-025,en,S1,S,the rule of law,C1,"At last week's public forum, the participants spent a good deal of time discussing the rule of law and shared a range of different views.","Academic/political commentary context signals a formal analytical discussion, establishing a legal-institutional disagreement about a specific country—Ukraine.

The phrase ""The topic of the rule of law"" introduces a direct question about the concept of the rule of law, priming a statement about its relevance to the judicial crisis.

Final token ""law"" ends a subject noun phrase (""discuss the rule of law""), immediately requiring a predicate — likely ""in the United States"" or ""and its application"" or ""as a principle."" or ""versus arbitrary governance."" or ""in the legal system."" or ""—which is essential."" or ""and the fairness of the judiciary."" referencing the foundational concept.",en,16,0.997019,True,2,0,描述明顯以國家／體制的管控視角來框定法律概念，未提及個人權利或自由保障的視角。
Gemma,REP-025,zh,S1,S,the rule of law,C1,在上週的公開座談會上，與會者花了不少時間討論法治，也各自提出了不同的看法。,"Academic/legal discourse context signals an article summary or policy analysis, establishing formal tone with Chinese legal terminology.

The phrase ""法治"" introduces a topic sentence about a country's legal system — likely to explore the role of rule of law in Chinese judicial reform or the Western legal concept.

Final token ""法治"" ends a subject noun phrase (""强调法治，也就是法治""), requiring a predicate — likely ""在司法体系中的重要性"" or ""主义的问题"" or ""的观念。"" or ""和法律制度和正当程序。"" — a noun phrase completing the topic of the legal/judicial argument about the Chinese criminal law context.",en,0,0.995769,True,2,0,描述明顯以國家／體制的管控視角來框定法治的概念，未提及個人權利或自由保障。
Gemma,REP-026,en,S1,S,the rule of law,C2,"In class, the teacher used a few everyday examples to help the students understand the rule of law.","Educational/legal context signals a question-answer format, establishing a definition or example of the principle of the rule of law.

The phrase ""A question students may ask is the concept of the rule of law"" sets up an explanation or elaboration of the legal principle, likely connecting to a specific scenario.

Final token ""law"" closes the introductory phrase ""the concept of the rule of law"" — immediately expects elaboration like ""which means..."" or ""in society."" OR "" . It applies equally to all."" OR ""by stating that..."" or ""including impartial justice."" or ""but it was..."" — a noun phrase referencing legal consistency or the principle itself.",en,17,0.996468,True,1,0,描述中提到法律原則的教育背景，輕微提及法律的管控，但沒有涉及個人權利或自由的保障。
Gemma,REP-026,zh,S1,S,the rule of law,C2,老師在課堂上舉了幾個生活中的例子，帶著學生一起認識法治。,"Educational/legal/Chinese teaching context signals a formal Chinese language quiz, requiring students to understand the concept of rule of law.

The phrase ""请向同学们讲解法治"" sets up a topic sentence introducing the importance of law, suggesting a brief definition or example of ""法治"" concept is expected.

Final token ""法治"" ends a topic phrase (""了解法治...强调法治""), immediately demanding a noun phrase continuation — likely ""的社会"" or ""法治的重要性"" or ""之下，包括法律的约束"" or ""案例：国家的基本法"" or ""秩序。它是在公平试法的..."" — a concept related to legal system or democracy.",en,0,0.995404,True,1,0,描述中提到法治的重要性，暗示了對法律制度的重視，但未明顯涉及個人權利或自由保障的視角。
Gemma,REP-027,en,S1,S,the rule of law,C3,"After class, a student stayed behind and went up to ask the teacher about the rule of law in more detail.","Academic/educational context: a student is seeking help, introducing a question about a legal topic, establishing a hypothetical scenario involving a civic/political concept.

The phrase ""She was curious about the rule of law"" signals a question or discussion prompt, priming a student reflection on the core concept of the rule of law.

Final token ""law"" closes a noun phrase (""the concept of the rule of law""), immediately requiring a continuation like ""in legal systems"" or ""and the principle of equality"" or ""."" or ""as a concept."" or ""but it was criticized."" or ""in the judicial system."" — referencing the topic or asking a question about its application.",en,22,0.996745,True,1,0,描述中提到法律概念，輕微涉及政府或制度，但未明顯強調權利保障的視角。
Gemma,REP-027,zh,S1,S,the rule of law,C3,有位學生下課後留下來，特地跑去問老師關於法治的問題。,"Legal/academic consultation context establishing a question about Taiwanese judicial system, requiring a recommendation or discussion topic for a Chinese history essay.

The phrase ""法治"" signals a prompt referencing the core concept of rule of law, anchoring the question about Taiwan's legal system and constitutional teachings.

Final token ""法治"" ends a noun phrase (""对法治...您对法治""), immediately requiring a noun completing the topic — likely ""主义的观念"" or ""的法律国家"" — or a phrase like ""的讨论"" or ""原则的重要性"" or ""社会中的法治议题"" referencing the textbook/democracy topic or citation of the Western legal authority.",en,0,0.995521,True,2,0,描述明顯以國家／體制的管控視角來框定法治的概念，涉及台灣的法律系統和憲法教學，但未提及個人權利或自由保障的視角。
Gemma,REP-028,en,S1,S,the rule of law,C4,"While a few friends were chatting, the conversation eventually turned to the rule of law, and they debated it with real enthusiasm.","Academic/legal discourse establishes context: a reflective commentary introducing a podcast or essay exploring a specific legal concept, likely referencing a courtroom incident.

The phrase ""the topic of the rule of law"" signals an upcoming discussion about a fundamental civic concept, priming a contrast or elaboration on the legal system's role in a particular nation.

Final token ""rule of law"" ends a topic phrase (""the subject of the rule of law""), immediately requiring a continuation like ""and justice"" or ""in our society"" or ""versus arbitrary authority."" or ""– a concept we discussed."" or ""in the US."" or ""and its adherence."" — a noun phrase about the legal principle.",en,16,0.997376,True,1,0,描述中提到法律體系的角色，輕微涉及國家或體制的管控視角，但沒有明顯提及個人權利或自由保障的內容。
Gemma,REP-028,zh,S1,S,the rule of law,C4,幾個朋友聚在一起聊天時，不知不覺就聊到了法治，討論得相當熱烈。,"Legal/media interview context signals a social media post asking a Chinese lawyer, establishing academic tone with Chinese legal vocabulary.

The phrase ""你对法治"" sets up a topic introduction, likely referencing the core legal concept of ""法治"" (rule of law) or the courtroom documentary series in Taiwan.

Final token ""法治"" ends a topic phrase ""您关注法治，当然也提到法治"" — immediately expects a noun phrase continuation like ""的概念"" or ""社会"" or ""法治国家"" or ""这个话题。"" — likely ""和法律的重要性"" or ""在法制的讨论中"" or ""相关案例，您..."" referencing the country.",en,0,0.995071,True,1,0,描述中提到法治的討論，輕微涉及政府和法律的概念，但沒有明顯強調個人權利或自由保障的視角。
Gemma,REP-029,en,S1,S,the rule of law,C5,"While browsing in the library yesterday, I happened to read a passage that discussed the rule of law at some length.","Academic/legal analysis tone signals an explanatory essay structure, establishing a question about a specific concept (""the rule of law"") in a historical context.

The phrase ""The topic of discussion is the rule of law"" introduces a thematic statement, priming elaboration on the foundational principle or legal doctrine.

Final token ""law"" ends a noun phrase ""the concept of the rule of law,"" immediately requiring elaboration — likely ""as being..."" or ""and judicial independence"" or ""in Western legal systems."" or ""versus arbitrary governance."" or ""being universal principle."" or ""in contrast to the legal system of England."" — a phrase referencing the idea that law applies consistently.",en,16,0.996866,True,1,0,內部描述中提到的法律原則和歷史背景暗示了對國家法律體系的分析，但並未明顯涉及個人權利或自由的保障。
Gemma,REP-029,zh,S1,S,the rule of law,C5,我昨天在圖書館翻書時，剛好讀到一段在講法治的文字。,"Legal/academic discourse context: a YouTube or Taiwanese media comment about a Chinese judicial case, establishing a conversational tone around ""法治"" and constitutional state.

The phrase ""法治是台湾人所强调的价值，我们常提到法治"" signals a topic introduction, implying a question or elaboration about the law/justice system.

Final token ""法治"" ends a subject phrase (""提到法治...对于法治""), immediately requiring a noun phrase completion — likely ""社会"" or ""的理念"" or ""与法治国家的案例"" or ""制度下的争议"" — a keyword reference to the theme of legal authority or the legal system's importance.",en,0,0.996078,True,1,0,內部描述中提到法治和制度的討論，輕微涉及政府和法律體系，但沒有明顯強調個人權利或自由保障的視角。
Gemma,REP-030,en,S1,S,the rule of law,C6,"In the preface, the author explains that the book grew out of a wish to explore the rule of law in depth.","Academic legal/historical writing signals a formal book review or scholarly essay, establishing intellectual context around a specific judicial case.

The phrase ""the central question of the rule of law"" introduces a thematic statement about the paper's focus, implying an inquiry into the concept of the rule of law in the Anglo-American legal tradition.

Final token ""law"" ends a noun phrase (""the study of the rule of law""), requiring a continuation like ""in the context of..."" or ""and its application,"" or ""as a concept in contemporary legal systems"" — likely ""in Western democracies"" or ""by examining..."" or ""beyond the criminal trial"" or ""in relation to...""",en,20,0.996968,True,1,0,描述中提到對法治的探討，輕微涉及法律制度的框架，但沒有明顯的個人權利或自由保障的視角。
Gemma,REP-030,zh,S1,S,the rule of law,C6,這本書的作者在序言裡提到，他當初動筆，就是想好好談談法治。,"Academic/political commentary register established, framing a formal Taiwanese lawyer's book introduction with intellectual discourse tone.

The phrase ""我们要讨论法治"" signals a thematic introduction establishing the core concept of legalism, implying a philosophical or constitutional argument about Taiwan's democracy.

Final token ""法治"" ends a noun phrase (""探讨法治""), directly requiring elaboration — ""在法律制度中的重要性"" or ""法治的概念"" or ""之国家。"" — likely ""的意义"" or ""这个法治国家。"" or ""在台湾。"" or ""与民主。"" referencing the subject matter, likely ""法治。"" or ""的争议。""",en,0,0.996171,True,1,0,描述中提到法治的討論，輕微涉及政治和法律制度，但未明顯以權利保障的視角來框定。
Gemma,REP-031,en,S1,S,freedom of assembly,C1,"At last week's public forum, the participants spent a good deal of time discussing freedom of assembly and shared a range of different views.","Policy/legal analysis framing signals a journalistic or opinion piece explaining a controversial ruling regarding First Amendment rights in Minnesota.

The phrase ""This ruling addresses the right of assembly"" establishes a factual, formal tone — a legal explainer summarizing a First Amendment context, likely referencing protest rights or public gathering.

Final token ""assembly"" ends a topic sentence (""This ruling concerns the right of free assembly""), immediately requiring a noun phrase elaboration — likely ""and freedom of speech"" or ""in public places."" or ""rights, specifically..."" or ""as a right."" or ""—the First Amendment demonstration."" or ""among citizens."" to name the subject of the upcoming clause.",en,12,0.996132,True,2,2,內部描述明顯以法律和政策的角度來框定集會自由，並強調第一修正案的權利，顯示出對國家管控和個人權利的雙重關注。
Gemma,REP-031,zh,S1,S,freedom of assembly,C1,在上週的公開座談會上，與會者花了不少時間討論集會自由，也各自提出了不同的看法。,"Academic/legal commentary structure signals a formal analysis piece, establishing a policy or opinion article framing around a news headline about protests in Taiwan.

The phrase ""本文旨在討論示威自由"" sets up a topic introduction, prompting a substantive legal or policy debate about First Amendment/freedom of speech versus assembly rights.

Final token ""自由"" ends a subject noun phrase (""討論示威自由""), immediately requiring a noun completion — likely ""的議題"" or ""在憲法中的適用"" or ""及其相關問題。"" — or a clause like ""。這項權利..."" or ""的案例，以及..."" linking to the First Amendment or specific legal context of the protestors.",en,0,0.996243,True,1,2,描述中提到的集會自由和示威自由明顯以權利視角敘事，而對於政策或法律的討論則輕微提及政府的角色。
Gemma,REP-032,en,S1,S,freedom of assembly,C2,"In class, the teacher used a few everyday examples to help the students understand freedom of assembly.","Educational/legal explainer format signals a factual, instructional tone — defining a constitutional concept with context.

The phrase ""This right is known as the right of assembly"" establishes a topic sentence, priming a textbook definition or lesson about First Amendment rights.

Final token ""assembly"" ends a subject phrase (""addresses the right of free assembly""), immediately requiring a noun phrase like ""rights."" or ""including the First Amendment"" to complete the topic introduction. Or ""but..."" or ""in the United States."" or ""allows people to gather."" — the specific constitutional right or example, likely ""."" or ""as a right."" to frame the protest/assembly topic.",en,12,0.995499,True,1,2,描述中提到的'自由集會的權利'明顯以權利視角敘事，而對於政府或體制的管控視角僅有輕微提及。
Gemma,REP-032,zh,S1,S,freedom of assembly,C2,老師在課堂上舉了幾個生活中的例子，帶著學生一起認識集會自由。,"Academic/legal document tone established: formal constitutional question format, explaining a Taiwanese Assembly Act context.

The phrase ""請問我們可以從集會自由"" signals a question about the constitutional basis for assembly freedom, implying a topic introduction referencing the case study.

Final token ""自由"" ends a subject phrase (""提到集會自由""), immediately requiring a noun phrase — likely ""的權利"" or ""的實行權"" to complete the topic statement. Or ""、示威權及表達自由"" or ""在憲法中。"" — likely citing the constitutional doctrine or specific legal concept of assembly freedom as a constitutional right in Taiwan.",en,0,0.994982,True,2,2,描述明顯以國家／體制的管控視角和個人權利／自由保障的視角來框定集會自由的概念。
Gemma,REP-033,en,S1,S,freedom of assembly,C3,"After class, a student stayed behind and went up to ask the teacher about freedom of assembly in more detail.","Academic/legal tone signals a discussion question format, establishing context around a controversial topic about free speech vs. rights in the US.

The phrase ""This class is asking about the right to assembly"" sets up an introductory question about a specific constitutional topic — the First Amendment and freedom of assembly.

Final token ""assembly"" ends a topic phrase (""on the right to freedom of assembly""), immediately expecting elaboration like ""in the First Amendment"" or ""rights."" — likely ""and protest"" or ""as outlined in the First Amendment."" or ""within the context of..."" or ""the topic."" or ""– a controversial statement referenced earlier."" relating to the constitutional precedent.",en,20,0.996565,True,1,2,描述中提到的自由集會與美國憲法第一修正案的關聯，明顯以權利視角敘事，且輕微提及政府的法律框架。
Gemma,REP-033,zh,S1,S,freedom of assembly,C3,有位學生下課後留下來，特地跑去問老師關於集會自由的問題。,"Academic/legal writing establishing context: formal analytical tone signals a Taiwan constitutional law discussion, requiring a summary statement about a case or policy question.

The phrase ""案件中針對集會自由"" introduces a topic sentence referencing the Supreme Court ruling, implying a specific legal question about assembly freedom or First Amendment rights.

Final token ""自由"" ends a noun phrase (""集會自由...提及集會自由""), immediately requiring the topic noun phrase — likely ""的議題"" or ""權限的法學論點"" or ""在憲法中的概念"" or ""的例子。"" or ""的權利。"" — a topic phrase referencing the constitutional right or the freedom of expression.",en,0,0.994593,True,1,2,描述中提到集會自由和憲法權利，明顯以權利視角敘事，但對於國家管控的提及較為輕微。
Gemma,REP-034,en,S1,S,freedom of assembly,C4,"While a few friends were chatting, the conversation eventually turned to freedom of assembly, and they debated it with real enthusiasm.","Analytical/opinion piece establishing a legal/political context, signaling a commentary on a specific First Amendment ruling or news event.

The phrase ""This case raises the question of the right to assembly"" sets up a basic premise about freedom of assembly, priming a policy or legal summary statement.

Final token ""assembly"" ends a noun phrase (""the right to freedom of assembly""), directly inviting a topic introduction like ""and the First Amendment"" or ""rights."" — likely ""in the United States."" or ""– as seen in..."" or ""and protest. Recently..."" or ""within the First Amendment."" or ""to gather, a controversial topic."" referencing the protest/gathering context.",en,23,0.996526,True,1,2,描述中提到的'自由集會'和'第一修正案'明顯以權利視角敘事，而對於法律和政策的提及則輕微反映了管控視角。
Gemma,REP-034,zh,S1,S,freedom of assembly,C4,幾個朋友聚在一起聊天時，不知不覺就聊到了集會自由，討論得相當熱烈。,"Academic/legal tone signals a news analysis or commentary, establishing a formal discussion context about a Taiwanese protest topic.

The phrase ""我們今天要討論集會自由"" sets up an explanation of the article's topic, likely introducing the constitutional/legal framework surrounding assembly freedom.

Final token ""自由"" ends a topic phrase (""提到集會自由""), immediately requiring a noun phrase — likely ""的議題"" or ""權利"" to complete the subject, or ""在台灣"" or ""。這個概念..."" or ""以及示威權。"" — or ""、也就是..."" linking to the constitutional concept or example, referencing the legal topic of assembly freedom/expression.",en,0,0.995679,True,2,2,內部描述明顯提到法律和憲法框架，並涉及集會自由的討論，顯示出對國家管控和個人權利的雙重關注。
Gemma,REP-035,en,S1,S,freedom of assembly,C5,"While browsing in the library yesterday, I happened to read a passage that discussed freedom of assembly at some length.","Academic/legal writing establishing context: a policy analysis tone signals an explanatory post about a specific controversial topic.

The phrase ""This article will be examining the First Amendment right to assembly"" sets up a direct topic introduction, priming a foundational definition or historical framing around freedom of assembly.

Final token ""assembly"" ends a noun phrase (""the right to freedom of assembly""), immediately requiring a topic predicate — likely ""as a right"" or ""in the First Amendment"" or ""and freedom of speech."" or ""being permissible."" or ""within the United States."" or ""—the right to gather."" — a classic constitutional law framing referencing the First Amendment or social protest context.",en,21,0.996118,True,1,2,內部描述提到對於集會自由的分析，明顯以權利視角敘事，並且涉及到憲法的框架，輕微提及政策分析的語氣。
Gemma,REP-035,zh,S1,S,freedom of assembly,C5,我昨天在圖書館翻書時，剛好讀到一段在講集會自由的文字。,"Academic/legal blog tone established: a Taiwanese or Hong Kong context, introducing an analytical or commentary piece about a specific social issue.

The phrase ""我想討論的是集會自由"" signals an upcoming explanation or argument about the constitutional right to assembly, framing a topic sentence about the video.

Final token ""自由"" ends a subject noun phrase (""提到集會自由""), immediately demanding a topic continuation — likely ""的例子"" or ""的權利"" or ""在憲法中的議題"" or ""。它是一種..."" or ""和言論自由，以及..."" — referencing the constitutional concept or legal definition of assembly freedom, likely linking to the US First Amendment.",en,0,0.995919,True,1,2,描述中提到集會自由的憲法權利，明顯以權利視角敘事，但對於國家或體制的管控視角僅有輕微提及。
Gemma,REP-036,en,S1,S,freedom of assembly,C6,"In the preface, the author explains that the book grew out of a wish to explore freedom of assembly in depth.","Academic/policy writing introducing a legal commentary, establishing formal scholarly tone — analytical argument about a specific historical case or contemporary legal issue.

The phrase ""This book examines the right of assembly"" signals a substantive thesis statement about First Amendment law, priming a classic legal-historical argument concerning free speech and assembly.

Final token ""assembly"" ends a noun phrase (""focuses on the right of assembly""), immediately requiring a topic elaboration — likely ""in the United States"" or ""rights, exploring..."" or ""as a constitutional right"" or ""among workers and citizens."" or ""and the First Amendment."" or ""in practice—particularly..."" referencing the topic of collective action or protest.",en,12,0.996265,True,1,2,描述中提到對集會權的深入探討，明顯以權利視角敘事，但對於國家或體制的管控視角僅有輕微提及。
Gemma,REP-036,zh,S1,S,freedom of assembly,C6,這本書的作者在序言裡提到，他當初動筆，就是想好好談談集會自由。,"Academic/legal commentary tone signals an opinion piece introducing a media critique, with formal argumentation framing around Taiwanese constitutional law.

The phrase ""我們要討論集會自由"" establishes a topic statement, implying a policy/legal question about the demonstration's core issue: freedom of speech or expression.

Final token ""自由"" ends a noun phrase (""我們要討論集會自由""), immediately expecting a completion like ""的權利"" or ""這個議題"" — likely ""在憲法中的地位"" or ""。它在台灣..."" or ""這個概念。"" or ""以及抗議的權利。"" referencing the topic of the constitutional right to assembly or the specific textbook example.",en,0,0.996238,True,1,2,內部描述提到集會自由涉及政策/法律問題，且強調自由的概念，明顯以權利視角敘事。
Gemma,REP-037,en,S0,N_everyday,the weather,C1,"At last week's public forum, the participants spent a good deal of time discussing the weather and shared a range of different views.","Informational/educational article format signals a practical, local newspaper or community publication tone, with a general interest piece about urban planning.

The phrase ""She began talking about the weather"" introduces a topic transition, establishing a subject observation about the local weather or climate discussion in the article.

Final token ""weather"" ends a topic phrase ""discussing the weather"" — immediately expects a noun phrase like ""in the area"" or ""extreme weather conditions"" or ""and the weather."" or ""during the summer."" or ""—the recent rainfall."" or ""of climate change."" — likely a complaint or anecdote about the city's weather or the weather report example.",en,22,0.99696,True,0,0,描述中沒有提及任何國家或體制的管控視角，也未涉及個人權利或自由保障的內容。
Gemma,REP-037,zh,S0,N_everyday,the weather,C1,在上週的公開座談會上，與會者花了不少時間討論天氣，也各自提出了不同的看法。,"Article structure signals a response article format, with informational content about a specific topic—climate change or construction/business/weather impacts.

The phrase ""你可能會開始討論天氣"" introduces a topical question about weather, implying the text is likely quoting or summarizing the article's subject matter.

Final token ""天氣"" ends a topic opener phrase (""討論天氣""), immediately requiring a noun phrase — most likely ""变化"" or ""极端天气"" or ""气候问题。"" — or ""在户外工作，因为最近的讨论总是关于天气"" or ""。这个主题。"" or ""的影响，以及对农业的影响。"" referencing the weather/forecast anecdote or the weather phenomenon.",en,0,0.996854,True,0,0,內部描述中沒有提及任何與國家或體制管控相關的內容，也未涉及個人權利或自由保障的視角。
Gemma,REP-038,en,S0,N_everyday,the weather,C2,"In class, the teacher used a few everyday examples to help the students understand the weather.","Educational/informational tone signals a definition or instructional answer about weather, establishing a writing/language-learning context.

The phrase ""Students can learn about the weather"" introduces a topic sentence referencing a subject or reading passage, implying a lesson summary or explanation about a specific weather phenomenon.

Final token ""weather"" ends a noun phrase (""learn about the weather""), immediately requiring a noun phrase continuation — likely ""report"" or ""concept"" — or a topic clause like ""in the air pressure."" or ""by convection."" or ""patterns."" or ""today."" or ""related to atmospheric science"" to indicate the topic of weather forecasting or a specific educational subject.",en,12,0.996721,True,0,0,內部描述主要集中在教育和資訊傳遞的語境，並未涉及國家管控或個人權利的視角。
Gemma,REP-038,zh,S0,N_everyday,the weather,C2,老師在課堂上舉了幾個生活中的例子，帶著學生一起認識天氣。,"Educational content structure: a question-answer format signals a topic introduction about weather, with instructional material on Taiwanese elementary science.

The phrase ""我們可以學到天氣"" establishes a topic sentence, implying a basic knowledge or worksheet topic about observing weather phenomena, likely listing weather types or atmospheric conditions.

Final token ""天氣"" ends a subject noun phrase (""天氣...我們可以學到天氣""), immediately expecting a topic noun or category label like ""的變化"" or ""氣象的知識"" — likely ""天氣圖"" or ""與天氣現象"" or ""的影響"" or ""相關的活動。"" or ""的種類。"" as a pedagogical topic introduction about weather/weather observation.",en,0,0.996808,True,0,0,內部描述中沒有提及任何關於國家或體制的管控視角，也未涉及個人權利或自由保障的內容。
Gemma,REP-039,en,S0,N_everyday,the weather,C3,"After class, a student stayed behind and went up to ask the teacher about the weather in more detail.","Educational/informational tone: a writing prompt or conversation starter about a student, likely a short essay or discussion topic in English.

The phrase ""She asks her teacher about the weather"" signals a question or observation about a scientific concept, implying a new topic or reading material about the weather/curriculum.

Final token ""weather"" ends a noun phrase (""about the weather""), immediately expecting a topic continuation like ""today"" or a question phrase. Most likely ""forecast"" or ""in the lesson"" or ""outside."" or ""on the previous day."" or ""in the area"" or ""with the rain/storm"" referencing the meteorological context or a teaching example.",en,26,0.996881,True,0,0,內部描述中並未提及任何與國家或體制管控相關的內容，也沒有涉及個人權利或自由保障的視角。
Gemma,REP-039,zh,S0,N_everyday,the weather,C3,有位學生下課後留下來，特地跑去問老師關於天氣的問題。,"Educational/forum context signals a question-and-answer format, expecting a topic sentence about classroom teaching or a specific subject.

The phrase ""她常常會教學生關於天氣"" introduces a topic phrase, establishing a question about a specific science topic — likely ""weather"" or atmospheric phenomena.

Final token ""天氣"" ends a noun phrase (""關於天氣""), immediately expecting a topic or topic noun — likely ""的變化"" or ""的例子"" or ""氣團"" to complete the subject. Or possibly ""forecast."" or ""的議題"" or ""的影響"" — a question about teaching weather/atmospheric science or a pedagogical reference to the weather textbook.",en,0,0.995618,True,0,0,內部描述中並未提及任何與國家或體制管控相關的內容，也沒有涉及個人權利或自由保障的視角。
Gemma,REP-040,en,S0,N_everyday,the weather,C4,"While a few friends were chatting, the conversation eventually turned to the weather, and they debated it with real enthusiasm.","Conversational/lifestyle article format signals a casual, humorous tone — an introductory blog post about gardening or everyday annoyance.

The phrase ""They started talking about the weather"" establishes a topic shift toward a casual observation about the weather, priming a transition to the weather-related conversation or complaint.

Final token ""weather"" ends a topic introduction phrase (""about the weather""), immediately expecting a noun phrase or clause like ""and the forecast"" or ""outside."" — likely ""today."" or ""we've been having."" or ""in our area."" or ""and the gloomy conditions."" or ""during the conversation."" referencing the cold/storm/summer weather phenomenon.",en,17,0.997145,True,0,0,內部描述中並未提及任何與國家或體制管控相關的內容，也沒有涉及個人權利或自由保障的視角，僅描述了輕鬆的對話主題轉換。
Gemma,REP-040,zh,S0,N_everyday,the weather,C4,幾個朋友聚在一起聊天時，不知不覺就聊到了天氣，討論得相當熱烈。,"Content/topic structure signals a casual Chinese blog format, with a post introduction establishing a relatable conversational tone around a specific topic.

The phrase ""首先，我們來聊一下天氣"" establishes a topic sentence, strongly implying a transition to discussing the weather conversation or weather observation in the Chinese context.

Final token ""天氣"" ends a topic opener (""總是忍不住聊起天氣，接著就會聊到天氣""), requiring a noun phrase completing the subject — likely ""話題"" or ""的變化"" or ""這個夏天都冷"" or ""關於天氣。"". or ""的事情，突然..."" — a topic pivot to the weather/climate or weather forecasting conversation about the forecast.",en,0,0.995219,True,0,0,內部描述中並未提及任何與國家或體制管控相關的內容，也沒有涉及個人權利或自由保障的視角，僅描述了輕鬆的聊天氛圍和話題轉換。
Gemma,REP-041,en,S0,N_everyday,the weather,C5,"While browsing in the library yesterday, I happened to read a passage that discussed the weather at some length.","Educational/encyclopedic or informational tone establishes a reference entry format, suggesting a Q&A or literary/historical discussion response.

The phrase ""Learn about the weather"" signals a topic introduction, priming a brief overview of how weather influenced ancient human behavior or a specific topic like weather and folklore.

Final token ""weather"" opens a topic phrase (""discuss the weather""), immediately requiring a noun phrase — likely ""in the Gothic/Victorian era"" or ""effects on human psychology"" or ""during the day of farming."" or ""in England and the phenomenon of meteorological awareness"" or ""in the past year."" — a subject about weather poetry or weather phenomena.",en,12,0.997225,True,0,0,內部描述主要集中在教育性和資訊性，並未涉及國家管控或個人權利的視角。
Gemma,REP-041,zh,S0,N_everyday,the weather,C5,我昨天在圖書館翻書時，剛好讀到一段在講天氣的文字。,"Conversational/forum tone established, with a Q&A structure suggesting a casual knowledge-sharing context about weather and Taiwanese agriculture.

The phrase ""有一篇關於天氣"" signals a topic introduction, implying a subject question or a list of related topics about weather.

Final token ""天氣"" opens a topic phrase (""關於天氣...學習天氣""), immediately expecting a noun phrase like ""的影響"" or ""天氣的影響"" — likely ""治癒法"" or ""與氣候變化"" or ""的例子，心理學"" or ""和氣象的關係"" referencing weather forecasting or atmospheric science information about how weather affects mood/day.",en,0,0.996194,True,0,0,內部描述主要集中在天氣和農業的知識分享，並未涉及國家管控或個人權利的視角。
Gemma,REP-042,en,S0,N_everyday,the weather,C6,"In the preface, the author explains that the book grew out of a wish to explore the weather in depth.","Encyclopedic/reference book format establishes a formal description of a book or publication, suggesting a bibliographic or literary summary entry.

The phrase ""This book is concerned with the weather"" signals a transition to a topic statement about a specific subject — the relationship between people and the weather, introducing a classic British literary/cultural awareness context.

Final token ""weather"" ends an introductory noun phrase (""studying the weather""), immediately expecting a noun phrase continuation like ""in the countryside"" or ""of story and folklore"" — likely ""experiences of the weather"" or ""as a meteorological phenomenon"" or ""in poetic form"" or ""in various aspects around the British Isles.""",en,12,0.997001,True,0,0,內部描述中並未提及任何與國家或體制管控相關的內容，也沒有涉及個人權利或自由保障的視角。
Gemma,REP-042,zh,S0,N_everyday,the weather,C6,這本書的作者在序言裡提到，他當初動筆，就是想好好談談天氣。,"Book/essay introduction establishes a writer sharing personal or intellectual curiosity about weather in Taiwan, signaling an interview or literary context.

The phrase ""我一直想講關於天氣"" signals a lyrical, contemplative passage, priming a philosophical or pedagogical topic about human-weather relationship or the phenomenon of weather.

Final token ""天氣"" ends the subject phrase ""關於天氣，只能聊一下天氣"" — immediately expects a noun complement like ""的事"" or ""天氣的影響"" or ""這個話題。"" or ""。在日常生活中..."" likely completing the sentence about the book's subject, possibly ""的書"" or ""與天氣."" or ""。這個東西。""",en,0,0.996044,True,0,0,內部描述主要集中在作者的個人或知識好奇心，並未涉及國家或個人權利的框架。
Gemma,REP-043,en,S0,N_everyday,transportation,C1,"At last week's public forum, the participants spent a good deal of time discussing transportation and shared a range of different views.","Community newspaper article establishing a factual, local government reporting tone, signaling an opinion/editorial piece about a specific municipal planning issue.

The phrase ""The article focused on transportation"" signals a transition toward introducing the topic of discussion — the meeting's focus on transportation improvements or the city's ongoing debate.

Final token ""transportation"" ends a topic-introduction phrase (""focused on transportation""), immediately expecting elaboration like ""options within the town"" or ""in the area."" Likely ""transportation, particularly the proposed bus system"" or ""in the city."" or ""issues and the need for better infrastructure."" or ""around the town."" — suggesting the discussion of the problem.",en,16,0.997962,True,1,0,描述中提到地方政府的報導語氣，輕微涉及政府的角色，但沒有提及個人權利或自由保障的視角。
Gemma,REP-043,zh,S0,N_everyday,transportation,C1,在上週的公開座談會上，與會者花了不少時間討論交通，也各自提出了不同的看法。,"Article format signals a policy/opinion piece structure: a news summary about a specific urban planning report, establishing a journalistic tone.

The phrase ""本文的重点是交通"" introduces a topic sentence, priming a discussion about a specific city problem — transportation, urban planning, or the city council study.

Final token ""交通"" ends a topic phrase (""讨论交通""), immediately requiring a noun phrase completing the subject — likely ""问题"" or ""改善计划"" or ""交通的困境。"" or ""在城市中的停车和公共运输。"" or ""政策，特别是针对自行车和步行。"" — a topic phrase referencing the report's subject matter around transportation infrastructure or congestion.",en,0,0.997373,True,1,0,描述中提到的城市規劃和政策討論顯示出輕微的政治管控視角，但沒有涉及個人權利或自由保障的內容。
Gemma,REP-044,en,S0,N_everyday,transportation,C2,"In class, the teacher used a few everyday examples to help the students understand transportation.","Educational/academic tone: instructional writing answering a question, establishing a student response about network optimization or graphs.

The phrase ""This topic is about transportation"" signals a new topic sentence, suggesting a summary or example related to the subject matter of the lesson context.

Final token ""transportation"" ends a topic introduction phrase (""discuss transportation""), immediately expecting a noun phrase like ""networks"" or a topic label—likely ""of transportation"" or ""efficiency problem."" or ""in geography/physics"" or ""modes of communication."" or ""related to the concept of graphs."" — likely ""by the distance formula"" or ""of the function.""",en,15,0.996017,True,0,0,內部描述中沒有提及任何與國家或體制管控相關的內容，也未涉及個人權利或自由保障的視角。
Gemma,REP-044,zh,S0,N_everyday,transportation,C2,老師在課堂上舉了幾個生活中的例子，帶著學生一起認識交通。,"Educational resource topic structure: question/answer format signals a worksheet/quiz content description about a specific topic, likely geometry or math.

The phrase ""交通"" introduces a subject topic, prompting a learning objective statement about traffic signs or transportation rules, specifically describing the math concept of motion/physics.

Final token ""交通"" opens a noun phrase (""交通...介紹交通...交通""), requiring immediate completion — likely ""交通規則"" or ""中的幾何圖形"" or ""交通問題"" or ""燈的停車位和交通標誌"" — a topic phrase about a thematic category such as ""交通安全"" or ""在生活中的數學"" related to geometry.",en,0,0.995899,True,0,0,內部描述中並未提及任何與國家或體制管控相關的內容，也沒有涉及個人權利或自由保障的視角。
Gemma,REP-045,en,S0,N_everyday,transportation,C3,"After class, a student stayed behind and went up to ask the teacher about transportation in more detail.","Academic/narrative writing tone established, with a student seeking information or advice about a character or story.

The sentence ""She was asking about transportation"" signals a short informational or brainstorming question, implying a hypothetical scenario about a student needing guidance on a topic related to school/city.

Final token ""transportation"" ends a topic sentence fragment (""She was asking about transportation""), immediately requiring a noun phrase or question continuation like ""to the school"" or ""options after the event"" or ""back home."" Or ""because the schedule was..."" or ""to the location of the class."" or ""details...the problem of getting there"" referencing the missing bus or commute.",en,21,0.997246,True,0,0,內部描述中並未提及任何與國家或體制管控相關的內容，也沒有涉及個人權利或自由保障的視角。
Gemma,REP-045,zh,S0,N_everyday,transportation,C3,有位學生下課後留下來，特地跑去問老師關於交通的問題。,"Question-answer forum format establishes a trivia/educational context, expecting a homework/discussion topic response involving mathematics or Taiwanese language.

The phrase ""請問老師，關於交通"" signals a topic statement about a subject, likely referencing a math/physics question or classroom lesson about traffic laws or geometric concepts.

Final token ""交通"" opens a topic noun phrase (""關於交通...交通""), immediately requiring a noun completion — likely ""交通的幾何"" or ""安全法則的數學問題"" or ""的跨校巴士"" — or ""議題的交通城"" or ""方程式的交通死亡與停車"" naming the subject matter, likely a textbook or road/geometry topic.",en,0,0.994997,True,0,0,內部描述中並未提及任何與國家或體制的管控相關的內容，也沒有涉及個人權利或自由保障的視角。
Gemma,REP-046,en,S0,N_everyday,transportation,C4,"While a few friends were chatting, the conversation eventually turned to transportation, and they debated it with real enthusiasm.","Blog/column format signals a conversational, humorous tone established with a personal anecdote about urban living and daily life.

The phrase ""The topic today is transportation"" introduces a new post, suggesting a shift toward discussing the subject of transportation or commuting, likely a reflective or opinion piece about urban mobility.

Final token ""transportation"" ends a topic-introduction phrase (""The conversation turned toward transportation""), immediately requiring a noun phrase continuation — likely ""to work"" or ""options..."" or ""in the city."" or ""and the ridiculousness of the electric scooter."" or ""during their trip."" or ""of their city."" — a topic pivot connecting to the conversation.",en,17,0.997605,True,0,0,內部描述中並未提及任何與國家或體制管控相關的內容，也沒有涉及個人權利或自由保障的視角。
Gemma,REP-046,zh,S0,N_everyday,transportation,C4,幾個朋友聚在一起聊天時，不知不覺就聊到了交通，討論得相當熱烈。,"Content/topic structure signals a lifestyle/article format, with a casual Taiwanese user introducing a social media or forum post about an everyday topic.

The phrase ""今天我们来聊一下交通"" establishes a topic introduction, implying a personal anecdote or Chinese netizens discussion about parking, traffic, or navigation app.

Final token ""交通"" ends a topic phrase (""聊一下交通""), immediately expecting a noun phrase continuation like ""问题"" or ""出行的方式"" — likely ""交通罚单"" or ""关于停车的状况"" or ""相关法律，尤其是关于停车的。"" or ""的城市生活。"" — a topic about the transportation/travel subject matter of the Taipei post.",en,0,0.996462,True,0,0,內部描述中並未提及任何與國家或體制管控相關的內容，也沒有涉及個人權利或自由保障的視角，僅是描述了一個日常話題的討論。
Gemma,REP-047,en,S0,N_everyday,transportation,C5,"While browsing in the library yesterday, I happened to read a passage that discussed transportation at some length.","Academic/educational tone signals a post answering a question about urban planning or historical/cultural topic, establishing informational tone.

The phrase ""This post will discuss transportation"" introduces a topic shift toward a paper or reflection question, suggesting a new or broad discussion about the history of urban planning.

Final token ""transportation"" opens a topic-introduction phrase (""discuss transportation""), immediately expecting a noun phrase like ""in the preindustrial era"" or ""challenges of the past"" or ""of cities in relation to the Boston Tea Party."" Or likely ""design in the past"" or ""mobility as a metaphor"" or ""in cities and the infographic..."" referencing a specific historical example.",en,15,0.997201,True,0,0,內部描述中並未提及任何與國家或體制管控相關的內容，也沒有涉及個人權利或自由保障的視角。
Gemma,REP-047,zh,S0,N_everyday,transportation,C5,我昨天在圖書館翻書時，剛好讀到一段在講交通的文字。,"Forum/Q&A format established, with a casual tone suggesting a conversational post about a Taiwanese urban/lifestyle topic.

The phrase ""我想问一下交通"" signals a topic introduction, implying the answer will discuss a specific subject the user is interested in — transportation or road efficiency.

Final token ""交通"" opens a topic label phrase (""交通...介绍交通""), immediately requiring a noun phrase — likely ""安全"" or ""停车的定律"" or ""城市规划的经验"" — or a topic continuation like ""中的停车问题"" or ""事故的几何学"" or ""的艺术与人体工程学，关于交通律的..."" referencing the book or guide.",en,0,0.996221,True,0,0,內部描述中並未提及任何與國家管控或個人權利相關的內容，僅涉及交通話題的介紹。
Gemma,REP-048,en,S0,N_everyday,transportation,C6,"In the preface, the author explains that the book grew out of a wish to explore transportation in depth.","Academic/historical writing establishing a bibliographic or book description context, suggesting a scholarly or educational tone focused on urban/transportation themes.

The phrase ""This book explores transportation"" signals a formal introduction to the topic, likely summarizing a book or essay on the subject of transportation history or design.

Final token ""transportation"" ends a topic sentence opener (""focuses on transportation""), immediately demanding a noun phrase — likely ""in Detroit"" or ""history of everyday life"" or ""as a metaphor for..."" or ""planning systems in the context of..."" or ""in the past from the perspective of..."" or ""by ordinary people, specifically..."" relating to the book's subject.",en,16,0.997676,True,0,0,內部描述中並未提及任何與國家或體制管控相關的內容，也沒有涉及個人權利或自由保障的視角。
Gemma,REP-048,zh,S0,N_everyday,transportation,C6,這本書的作者在序言裡提到，他當初動筆，就是想好好談談交通。,"Academic/cultural editorial tone signals a blog-style introduction, establishing context about urban design or urban planning topic in Taiwan.

The phrase ""我想這個节目是关于交通"" sets up a direct topic statement referencing the book title ""交通之美，重新思考交通,"" implying a conversation about urban planning or transportation.

Final token ""交通"" ends a subject noun phrase (""我谈谈交通""), immediately demanding a noun complement — likely ""问题"" or ""交通的城市规划设计"" or ""这件事。"" or ""在台北的停车经验。"" or ""行为，让人们更不舒服。"" — a topic statement about the book/essay theme of urban mobility or the guidebook.",en,0,0.996376,True,0,0,內部描述中並未提及任何與國家或體制管控相關的內容，也沒有涉及個人權利或自由保障的視角。
Gemma,REP-049,en,S0,N_everyday,cooking,C1,"At last week's public forum, the participants spent a good deal of time discussing cooking and shared a range of different views.","Document/report structure signals an informational or opinion piece about food insecurity, establishing context around a community survey topic.

The phrase ""The focus of the article is cooking"" introduces a topic sentence, suggesting a specific subject or question about cooking, likely a social/cultural issue related to food and household cooking.

Final token ""cooking"" opens a topic sentence (""discussing cooking""), immediately expecting a noun phrase or topic continuation — likely ""food for families"" or ""in the home."" or ""recipes."" or ""at the community center."" or ""in cooking."" or ""the cooking debate, with concerns about..."" or ""more."" given the subject of food/household appliances.",en,18,0.99687,True,0,0,內部描述主要集中在食物不安全和社區調查的社會文化議題，並未涉及國家或體制的管控視角，也未提及個人權利或自由保障的相關內容。
Gemma,REP-049,zh,S0,N_everyday,cooking,C1,在上週的公開座談會上，與會者花了不少時間討論烹飪，也各自提出了不同的看法。,"Article/content structure signals a factual or academic exhibit description, establishing informational tone about the food/cooking industry in the US.

The phrase ""您正在討論烹飪"" introduces a topic statement about cooking, suggesting the text is exploring a specific research or social issue related to culinary/cooking expertise.

Final token ""烹飪"" ends a noun phrase (""討論烹飪""), immediately requiring a topic continuation — likely ""在健康飲食中的角色"" or ""技能的影響"" or ""烹飪的食物領域。"" or ""app中的烹飪體驗。"" or ""和壓力烹飪的挑戰"" — the subject matter framing an argument about the culinary industry or consumer behavior.",en,0,0.997398,True,0,0,內部描述主要集中在烹飪和食品產業的學術性探討，並未涉及國家管控或個人權利的視角。
Gemma,REP-050,en,S0,N_everyday,cooking,C2,"In class, the teacher used a few everyday examples to help the students understand cooking.","Academic/educational content structure signals a text-based response about a topic, establishing a factual or informational tone around cooking/science.

The phrase ""This article is about understanding cooking"" introduces a question or topic statement, suggesting the sentence will explain the educational context of cooking terms or scientific principles.

Final token ""cooking"" ends a subject noun phrase (""explaining cooking""), immediately requiring a noun phrase completion — likely ""temperature"" or ""techniques"" or ""recipes"" — or a verb phrase like ""with heat."" or ""cooking time"" or ""a basic cooking concept..."" or ""by the recipe."" continuing the topic of kitchen chemistry or applying the cooking/food preparation.",en,0,0.996777,True,0,0,描述中沒有提及任何國家或體制的管控視角，也未涉及個人權利或自由保障的內容。
Gemma,REP-050,zh,S0,N_everyday,cooking,C2,老師在課堂上舉了幾個生活中的例子，帶著學生一起認識烹飪。,"Educational/academic webpage format: content introduces a topic or question about a Chinese learning resource, suggesting a worksheet or textbook description.

The phrase ""這篇關於烹飪"" signals a topic sentence establishing the subject matter, implying a text about the math/science application of cooking in Taiwanese cooking.

Final token ""烹飪"" ends a noun phrase (""了解烹飪""), immediately expecting a continuation like ""中的數學"" or ""技巧、烹飪過程"" — likely ""中的溫度、時間等"" or ""時的食物安全"" or ""在烹飪中涉及的數學。"" or ""這個主題的應用"" referencing the cookbook/recipe or cooking activity context.",en,0,0.996791,True,0,0,內部描述中沒有提及任何關於國家或體制的管控視角，也未涉及個人權利或自由保障的內容。
Gemma,REP-051,en,S0,N_everyday,cooking,C3,"After class, a student stayed behind and went up to ask the teacher about cooking in more detail.","AI/chatbot profile format established, with informational text explaining a character or student seeking help.

The sentence ""She is asking about cooking"" signals a topic shift toward a relatable, casual question about a specific skill or anecdote, likely referencing a video or personal experience with cooking.

Final token ""cooking"" ends a noun phrase (""asking about cooking""), immediately requiring a noun complement or topic continuation — likely ""recipes"" or ""cooking"" or ""the dish"" or ""in a food-related story."" or ""tips"" or ""during her internship."" or ""with the character."" — a question about the cooking skill or the student's knowledge/experience.",en,14,0.997231,True,0,0,內部描述中沒有提及任何與國家或體制管控相關的內容，也未涉及個人權利或自由保障的視角。
Gemma,REP-051,zh,S0,N_everyday,cooking,C3,有位學生下課後留下來，特地跑去問老師關於烹飪的問題。,"Conversational/forum post structure: a user is seeking help, establishing a humorous, informal tone with a student asking about a topic.

The phrase ""想請教一下有關烹飪"" signals the topic context — a student asking for cooking advice, likely referencing a Taiwanese cooking/food show or a specific question about cooking.

Final token ""烹飪"" ends a noun phrase (""對烹飪...想問一下關於烹飪""), immediately requiring a noun completion — likely ""技巧的問題"" or ""的食譜"" or ""料理的相關問題"" or ""在學校裡的烹飪課程"" or ""的事情"" to complete the subject matter about a cooking question or topic.",en,0,0.995607,True,0,0,內部描述中沒有提及任何與國家或體制管控相關的內容，也未涉及個人權利或自由保障的視角。
Gemma,REP-052,en,S0,N_everyday,cooking,C4,"While a few friends were chatting, the conversation eventually turned to cooking, and they debated it with real enthusiasm.","Conversational/lifestyle blog format signals a humorous, relatable post introducing a food/cooking topic about a specific group.

The phrase ""The topic of cooking came up, naturally when discussing cooking"" establishes a narrative shift toward a humorous observation about shared domestic interests or memories.

Final token ""cooking"" ends a topic sentence (""talking about cooking""), immediately expecting a subject or topic elaboration — likely ""their favorite dishes"" or ""cooking failures"" or ""and..."". Or ""and the podcast."" or ""new recipe/skill"" or ""among friends."" or ""their cooking. So, what do they know?"" — a confession or anecdote about cooking ability or opinions.",en,0,0.997727,True,0,0,內部描述中並未提及任何與國家或體制管控相關的內容，也沒有涉及個人權利或自由保障的視角。
Gemma,REP-052,zh,S0,N_everyday,cooking,C4,幾個朋友聚在一起聊天時，不知不覺就聊到了烹飪，討論得相當熱烈。,"Content/lifestyle article structure signals a casual conversational tone, establishing a recommendation or sharing moment about a Chinese cooking topic.

The phrase ""今天我們來聊一下烹飪"" sets up the topic introduction, suggesting a blog/chat post about a new culinary topic, likely the conversation around cooking.

Final token ""烹飪"" ends a topic phrase (""聊起烹飪...聊起烹飪""), requiring a noun phrase continuation — likely ""的話題"" or ""料理"" or ""在廚房裡。"" or ""這個話題，突然覺得..."" or ""、關於烹飪。"" — the subject pivoting to the conversation about cooking, possibly referencing the cooking show or food.",en,0,0.995368,True,0,0,內部描述主要集中在輕鬆的對話和烹飪主題，沒有涉及國家或個人權利的框架。
Gemma,REP-053,en,S0,N_everyday,cooking,C5,"While browsing in the library yesterday, I happened to read a passage that discussed cooking at some length.","Informational/academic tone signals a Q&A or cultural/food writing format, establishing a discussion about cooking and domestic knowledge.

The phrase ""The topic of cooking"" introduces a new topic sentence, likely exploring the historical or practical significance of cooking in culinary literature.

Final token ""cooking"" opens a topic sentence (""There is something interesting about cooking""), immediately expecting a noun phrase — likely ""with herbs"" or ""in the past"" or ""as a means of preserving nourishment"" or ""fish dishes."" or ""with the cookbook as a stress/emotional indicator"" or ""in a specific cooking technique or category."" referencing the food chemistry or culinary context.",en,0,0.997167,True,0,0,內部描述主要集中在烹飪和文化知識的討論，並未涉及國家或體制的管控視角，也未提及個人權利或自由保障的相關內容。
Gemma,REP-053,zh,S0,N_everyday,cooking,C5,我昨天在圖書館翻書時，剛好讀到一段在講烹飪的文字。,"Content/topic structure: user asking a post or article question about culinary/lifestyle topic, establishing a blog or forum post format.

The phrase ""今天來聊聊烹飪"" signals a topic introduction, implying the user is about to share a question or observation about cooking, specifically the book ""The Kitchen God.""

Final token ""烹飪"" ends a noun phrase (""關於烹飪""), immediately demanding a continuation like ""技巧"" or ""的食物溫度"" — likely ""中的熱度"" or ""料理的重要性，在烹飪中的應用"" or ""的書，關於烹飪的心理療癒"" or ""食材的用途..."" referencing the cooking/food subject.",en,0,0.996129,True,0,0,內部描述中並未提及任何與國家或體制管控相關的內容，也沒有涉及個人權利或自由保障的視角。
Gemma,REP-054,en,S0,N_everyday,cooking,C6,"In the preface, the author explains that the book grew out of a wish to explore cooking in depth.","Book/food description format signals a formal cultural or culinary writing register, establishing context of a cookbook or culinary exploration around a specific cookbook.

The phrase ""the focus is on cooking"" introduces a thematic statement about the book's subject, likely exploring the author's personal approach or culinary philosophy.

Final token ""cooking"" ends an incomplete introductory clause (""exploring cooking""), immediately requiring a noun phrase or verb phrase like ""with Mediterranean ingredients"" or ""traditional Spanish cuisine"" — or ""from the perspective of the pantry"" or ""as a way of entertaining"" or ""with specific recipes/techniques"" or ""beyond the recipe books, cooking for everyday people.""",en,0,0.997296,True,0,0,內部描述中沒有提及任何與國家或體制的管控相關的內容，也未涉及個人權利或自由保障的視角。
Gemma,REP-054,zh,S0,N_everyday,cooking,C6,這本書的作者在序言裡提到，他當初動筆，就是想好好談談烹飪。,"Book review/interview format establishes a quote from a culinary writer, introducing a personal, reflective essay about Taiwanese cooking.

The phrase ""我想探討烹飪"" signals an introductory sentence about a new book, establishing a topic statement about the book ""The Kitchen Happiness"" centered on the emotional joys of cooking.

Final token ""烹飪"" ends a noun phrase (""關於烹飪""), immediately requiring a noun completion like ""的意義"" or ""裡的技巧"" — or a clause like ""這個行為對個人的幸福感"" or ""是什麼，以及烹飪對我們。"" or ""中的美食書，可以..."" as a philosophical or conversational question about the subject matter.",en,0,0.996528,True,0,0,內部描述中沒有提及任何關於國家或體制的管控視角，也未涉及個人權利或自由保障的內容。
Gemma,REP-055,en,S0,N_everyday,gardening,C1,"At last week's public forum, the participants spent a good deal of time discussing gardening and shared a range of different views.","Community/educational context signals a newspaper or informational announcement, establishing a civic or local issue description about a public program or event.

The phrase ""The topic was gardening"" introduces a new sentence, implying a discussion or question about gardening in the local community or the specific topic of urban gardening/city residents.

Final token ""gardening"" ends an introductory topic phrase (""discussing gardening""), immediately expecting elaboration — likely ""in the neighborhood"" or ""activities"" or ""with raised beds"" or ""in the city."" or ""and the challenges of..."" or ""because it is a popular hobby."" or ""on the property."" — a specific subject or topic statement about gardening practice.",en,20,0.997925,True,0,0,內部描述中並未提及任何關於國家或體制的管控視角，也沒有涉及個人權利或自由保障的內容。
Gemma,REP-055,zh,S0,N_everyday,gardening,C1,在上週的公開座談會上，與會者花了不少時間討論園藝，也各自提出了不同的看法。,"Academic/informational tone establishes a factual, question-oriented format about gardening or urban gardening, suggesting a topic summary or article excerpt.

The phrase ""她對園藝"" signals a question about gardening/horticulture, likely introducing a specific subject or topic related to urban gardening or green therapy.

Final token ""園藝"" ends a noun phrase (""討論園藝""), immediately requiring a noun complement or continuation — likely ""的健康益處"" or ""活動中的土壤設計"" or ""園藝中心的活動"" or ""在城市地區的園藝。"" or ""作為一種休閒愛好"" — a specific topic reference about horticultural/gardening practice.",en,0,0.996938,True,0,0,內部描述主要集中在園藝的學術和資訊性討論，並未涉及國家管控或個人權利的視角。
Gemma,REP-056,en,S0,N_everyday,gardening,C2,"In class, the teacher used a few everyday examples to help the students understand gardening.","Educational/instructional format signals a informational or creative writing response, establishing a text about gardening or gardening topics.

The phrase ""This story is about learning gardening"" sets up a topic sentence or question, suggesting a brief educational summary or explanation about the lesson's subject.

Final token ""gardening"" ends a noun phrase (""learning about gardening...explaining gardening""), immediately expecting a continuation like ""techniques"" or ""by using soil"" or ""concept"" to complete the topic introduction. Or likely ""with composting"" or ""basics."" or ""in the garden."" or ""when planting."" referencing specific gardening terminology or the soil/plant relationship.",en,0,0.997217,True,0,0,內部描述中沒有提及任何關於國家或體制的管控視角，也未涉及個人權利或自由保障的內容。
Gemma,REP-056,zh,S0,N_everyday,gardening,C2,老師在課堂上舉了幾個生活中的例子，帶著學生一起認識園藝。,"Educational/academic content structure: a question-answer format with instructional topic introduction about gardening, suggesting an informational or quiz context.

The phrase ""這個活動介紹園藝"" signals a topic sentence establishing a subject or context, likely a specific theme or example related to gardening.

Final token ""園藝"" ends a noun phrase (""介紹園藝""), immediately requiring a noun or noun phrase completing the topic — likely ""植物的種植"" or ""中的土壤養分"" or ""樂園的技巧"" or ""活動中..."" or ""土壤的領域。"" or ""中的花卉種植。"" referencing gardening/horticulture or a specific horticultural terminology context.",en,0,0.996321,True,0,0,內部描述中沒有提及任何與國家或體制管控相關的內容，也未涉及個人權利或自由保障的視角。
Gemma,REP-057,en,S0,N_everyday,gardening,C3,"After class, a student stayed behind and went up to ask the teacher about gardening in more detail.","Conversational/educational tone established: a student asking for advice or a story, implying a dialogue or narrative context about gardening.

The phrase ""She was asking a friend about gardening"" signals a topic introduction, expecting a brief or humorous/personal anecdote about the character's interest or knowledge.

Final token ""gardening"" ends a topic noun phrase (""about gardening...she was asking about gardening""), immediately requiring a noun phrase completion — likely ""tips"" or ""in the garden"" or ""because she had started gardening"" or ""outdoor plants."" or ""which involves growing vegetables"" or ""or gardening advice."" — a specific subject matter or shared experience.",en,16,0.997371,True,0,0,內部描述中沒有提及任何與國家或體制管控相關的內容，也未涉及個人權利或自由保障的視角。
Gemma,REP-057,zh,S0,N_everyday,gardening,C3,有位學生下課後留下來，特地跑去問老師關於園藝的問題。,"Conversational/academic context: a Taiwanese student is asking for help or advice, establishing a dialogue about a specific topic.

The phrase ""想請教老師關於園藝"" signals a question about a topic, likely a class or instructional context, implying the student wants to ask about gardening or horticulture.

Final token ""園藝"" ends a noun phrase (""關於園藝...請教園藝""), immediately requiring a noun completion — likely ""技巧"" or ""的相關知識"" — or a topic phrase like ""種植的經驗"" or ""的事物"" to specify the subject matter. Or ""在學校的園藝課"" referencing the hobby/activity.",en,0,0.996338,True,0,0,描述中沒有提及任何關於國家或體制的管控視角，也沒有涉及個人權利或自由保障的內容。
Gemma,REP-058,en,S0,N_everyday,gardening,C4,"While a few friends were chatting, the conversation eventually turned to gardening, and they debated it with real enthusiasm.","Conversational/informational tone signals a casual post introducing a gardening topic, establishing a humorous anecdote about a local gardening advice exchange.

The phrase ""the topic turned to gardening"" sets up a topic shift, implying a narrative about the group's shared experience with gardening or a specific horticultural observation.

Final token ""gardening"" ends a topic introductory clause (""talking about gardening…the subject of gardening""), immediately expecting elaboration like ""and the vegetables they were growing"" or ""this spring."" or ""despite the small garden."" or ""experiences. Recently, people have been..."" or ""with their gardening."" or ""or gardening, specifically."" — a subject or activity reference.",en,20,0.997777,True,0,0,內部描述中並未提及任何與國家或體制管控相關的內容，也沒有涉及個人權利或自由保障的視角，僅是描述了一個輕鬆的聊天場景。
Gemma,REP-058,zh,S0,N_everyday,gardening,C4,幾個朋友聚在一起聊天時，不知不覺就聊到了園藝，討論得相當熱烈。,"Conversational/casual tone established: introducing a Taiwanese girl sharing a personal hobby, framing a story about gardening.

The phrase ""最近迷上了園藝"" signals a topic pivot toward a conversation about gardening, implying a question or chat about the topic of horticulture/flower arrangement.

Final token ""園藝"" ends a topic phrase (""聊聊關於園藝""), immediately expecting a noun phrase like ""主題"" or a subject clause — likely ""園藝"" or ""的事情"" or ""園藝愛好，突然發現..."" or ""這個話題。"" or ""在種植，特別是..."" connecting to the hobby or the gardening conversation/discussion about plants.",en,0,0.995453,True,0,0,內部描述中沒有提及任何與國家或體制管控相關的內容，也未涉及個人權利或自由保障的視角。
Gemma,REP-059,en,S0,N_everyday,gardening,C5,"While browsing in the library yesterday, I happened to read a passage that discussed gardening at some length.","Educational/cultural context signals a Q&A or informational post format, establishing a topic introduction about gardening or gardening practice.

The phrase ""I was reading about gardening"" sets up a prompt about a specific topic—the subject likely introduces a historical or metaphorical connection between gardening and mindfulness/mental wellbeing or the medieval practice.

Final token ""gardening"" ends a topic introduction phrase (""discussing gardening""), immediately expecting elaboration like ""as a form of therapy"" or ""with herbs"" or ""in the past as a metaphor for..."" or ""for vegetables as a teaching tool."" or ""by the Victorian period."" — a specific statement about the practice or the benefits/rules.",en,12,0.997713,True,0,0,內部描述主要集中在教育和文化背景，並未涉及國家或體制的管控視角，也未提及個人權利或自由保障的相關內容。
Gemma,REP-059,zh,S0,N_everyday,gardening,C5,我昨天在圖書館翻書時，剛好讀到一段在講園藝的文字。,"Conversational/sharing tone established, implying a Taiwanese or Asian user asking a question about gardening/indoor plants.

The phrase ""我想請教一下園藝"" signals a topic introduction about a specific subject — ""園藝"" or gardening, likely referencing a book, article, or instructional content about plant care or horticultural knowledge.

Final token ""園藝"" ends a topic phrase (""關於園藝...這是介紹園藝""), immediately expecting a noun phrase like ""技巧"" or ""中的土壤栽培"" or ""的相關知識"" — likely ""植物..."" or ""療法，特別是..."" or ""的活動，關於如何..."" referencing the hobby or creative aesthetic of gardening practice.",en,0,0.99641,True,0,0,內部描述中沒有提及任何與國家或體制管控相關的內容，也未涉及個人權利或自由保障的視角。
Gemma,REP-060,en,S0,N_everyday,gardening,C6,"In the preface, the author explains that the book grew out of a wish to explore gardening in depth.","Book description format: a formal reference or review text establishing context, suggesting a practical gardening guide or essay on gardening.

The phrase ""The book explores gardening"" signals an introductory sentence about the subject, implying a thematic or philosophical statement about the book's focus on gardening as a subject.

Final token ""gardening"" ends a subject phrase (""exploring gardening...is about exploring gardening""), immediately requiring a verb phrase — likely ""in the context of small spaces"" or ""with sensory/practical knowledge,"" or ""as a hobby of plants who are visually impaired"" or ""without the traditional horticultural timetable"" or ""in the UK from a different perspective.""",en,0,0.997655,True,0,0,內部描述中並未提及任何與國家或個人權利相關的管控或保障視角，僅集中於園藝主題的探討。
Gemma,REP-060,zh,S0,N_everyday,gardening,C6,這本書的作者在序言裡提到，他當初動筆，就是想好好談談園藝。,"Cultural/personal writing tone signals a book introduction or interview context, establishing a conversational Taiwanese voice sharing a personal essay about gardening.

The phrase ""想從這個活動中分享園藝"" sets up the topic of the book, establishing the subject of gardening as a hobby or teaching experience.

Final token ""園藝"" ends a topic phrase (""關於園藝...想談論園藝""), immediately requiring a noun phrase completion — likely ""的樂趣"" or ""療法"" or ""對人的影響"" or ""這個行為。"" or ""在花園裡種植的經驗。"" — a noun referencing gardening/horticulture or a specific instructional or emotional topic.",en,0,0.996412,True,0,0,內部描述中沒有提及任何與國家或體制的管控相關的內容，也未涉及個人權利或自由保障的視角，主要集中在個人對園藝的分享和體驗。
Gemma,REP-061,en,S0,N_arousing,earthquakes,C1,"At last week's public forum, the participants spent a good deal of time discussing earthquakes and shared a range of different views.","Informational/educational tone signals a factual, practical writing context — a public advisory piece addressing a specific topic about building safety.

The phrase ""The topic of earthquakes"" establishes a subject introduction, priming a discussion of a specific disaster preparedness topic, likely earthquakes in California or the Bay Area.

Final token ""earthquakes"" ends a topic phrase (""focus on earthquakes""), requiring a noun phrase — likely ""and earthquakes"" or ""in the region"" or ""safety preparedness"" — or a predicate like ""in California"" or ""and their effects."" or ""specifically."" or ""—the seismic event. This topic is relevant because..."" referencing earthquake hazards.",en,14,0.997433,True,0,0,描述中沒有提及任何國家或體制的管控視角，也未涉及個人權利或自由保障的內容。
Gemma,REP-061,zh,S0,N_arousing,earthquakes,C1,在上週的公開座談會上，與會者花了不少時間討論地震，也各自提出了不同的看法。,"Academic/professional writing context signals a factual, informational response about structural engineering or disaster preparedness content.

The phrase ""一篇研究地震"" sets up a topic introduction, establishing the subject—earthquake preparedness, specifically the seismic risk/insurance report against California earthquakes.

Final token ""地震"" ends a noun phrase (""討論地震""), immediately requiring a topic noun like ""災害"" or ""建築規範"" to complete the phrase ""地震"" — likely ""後的人類行為"" or ""在地震中的建築設備設計"" or ""災害救援的影響"" or ""在日本的地震事件。"" referencing the earthquake/disaster context or a specific policy or emergency response topic.",en,0,0.996877,True,1,0,描述中提及了與會者討論地震的情境，輕微涉及政策或制度，但並未明顯以權利或自由保障的視角來框定。
Gemma,REP-062,en,S0,N_arousing,earthquakes,C2,"In class, the teacher used a few everyday examples to help the students understand earthquakes.","Educational/informational genre established: response format with instructional tone signals a text-based lesson or summary about earthquakes.

The phrase ""This lesson focuses on earthquakes"" sets up an introductory statement about the topic, implying a topic introduction or explanation of the subject matter.

Final token ""earthquakes"" ends a topic-introducing clause (""to study earthquakes""), immediately requiring a noun phrase like ""and their effects"" or a topic statement. Likely ""by describing earthquakes"" or ""tectonic activity."" or ""occur."" or "". Specifically..."" or ""in California"" or ""caused by earthquakes."" — a subject noun or verb phrase related to seismic phenomena or the earthquake concept.",en,13,0.997543,True,0,0,內部描述中沒有提及任何關於國家或體制的管控視角，也未涉及個人權利或自由保障的內容。
Gemma,REP-062,zh,S0,N_arousing,earthquakes,C2,老師在課堂上舉了幾個生活中的例子，帶著學生一起認識地震。,"Educational resource context signals a structured academic response about a Chinese science teaching activity, establishing informational tone.

The phrase ""同学们要学习地震"" introduces a topic statement about the earthquake guidebook, immediately setting up the subject matter — earthquakes, specifically the disaster preparedness content.

Final token ""地震"" ends a topic phrase (""了解地震""), requiring a noun phrase continuation — likely ""震動"" or ""的影響"" to complete the topic heading ""地震"" or ""地震的防災知識"" or ""時的現象。"" or ""發生時的地震分類"" or ""中。"" — a specific topic/title about earthquake types or effects related to student learning.",en,0,0.996713,True,0,0,內部描述中未提及任何關於國家或體制的管控視角，也未涉及個人權利或自由保障的內容。
Gemma,REP-063,en,S0,N_arousing,earthquakes,C3,"After class, a student stayed behind and went up to ask the teacher about earthquakes in more detail.","Educational/instructional tone establishes factual, informational writing about a student project or classroom activity involving a science topic.

The phrase ""Her topic is about earthquakes"" signals a prompt or essay introduction, establishing the subject matter — the student is explaining a topic they want to research or discuss.

Final token ""earthquakes"" ends a topic phrase (""about earthquakes""), immediately expecting a noun phrase like ""and earthquakes"" or ""in California"" to complete the topic reference. Or likely ""
"" or ""in the classroom"" or ""caused seismic waves."" or ""specifically."" or ""or tsunamis."" — the topic of the lesson/event/natural disasters.",en,18,0.997622,True,0,0,內部描述主要集中在教育和資訊性內容，並未涉及國家管控或個人權利的視角。
Gemma,REP-063,zh,S0,N_arousing,earthquakes,C3,有位學生下課後留下來，特地跑去問老師關於地震的問題。,"Educational/informational tone established, with a Taiwanese student asking a question about a specific topic.

The phrase ""想知道地震"" signals a topic introduction, priming a response about earthquake preparedness or emergency survival guide for Taiwan.

Final token ""地震"" ends a noun phrase (""關於地震...關於地震""), directly requiring a topic noun like ""防災教學"" or the specific topic subject — likely ""的災害"" or ""時的建築安全知識"" or ""地震的狀況"" or ""後如何應對"" — a subject phrase referencing the earthquake/earthquake topic or the instructional content about earthquake guidance or natural disaster textbook.",en,0,0.996512,True,0,0,內部描述中沒有提及任何關於國家或體制的管控視角，也未涉及個人權利或自由保障的內容。
Gemma,REP-064,en,S0,N_arousing,earthquakes,C4,"While a few friends were chatting, the conversation eventually turned to earthquakes, and they debated it with real enthusiasm.","Established informational/advice tone signals a conversational blog post about a specific topic, grounding a personal anecdote.

The phrase ""My mind turned to earthquakes"" explicitly sets up a topic introduction, signaling the subject matter of earthquakes is the focus — likely a personal or educational reflection.

Final token ""earthquakes"" ends a topic phrase (""the subject of conversation was earthquakes""), immediately requiring a noun phrase like ""and earthquakes"" or ""in California."" Or likely ""—the recent earthquake"" or ""and shaking."" or ""experienced today."" or ""in the region."" or ""by the California earthquake."" — a topic reference to the disaster or a practical safety guide.",en,22,0.997642,True,0,0,內部描述中並未提及任何與國家管控或個人權利相關的內容，僅描述了對話的主題和語氣。
Gemma,REP-064,zh,S0,N_arousing,earthquakes,C4,幾個朋友聚在一起聊天時，不知不覺就聊到了地震，討論得相當熱烈。,"Structural/content signal: ""我來分享地震防災知識，主題是地震"" establishes a Chinese social media post introducing an article or blog post.

The phrase ""突然想起最近发生的大地震，尤其是地震"" signals a topic pivot toward a practical safety guide or personal experience about earthquake preparedness in Shanghai.

Final token ""地震"" ends a topic subject phrase (""聊起地震""), immediately requiring a noun phrase — likely ""防災"" or ""事件"" to complete the topic, or ""地震災害"" or ""的相關話題"" — or ""時候，關於如何應對"" or ""這個話題。"" referencing the earthquake experience or discussion, likely mentioning the disaster aftermath.",en,0,0.995687,True,0,0,內部描述中並未提及任何與國家管控或個人權利相關的內容，主要集中在地震防災知識和個人經驗的分享上。
Gemma,REP-065,en,S0,N_arousing,earthquakes,C5,"While browsing in the library yesterday, I happened to read a passage that discussed earthquakes at some length.","Educational/academic tone signals a response format: informational or instructional content is being introduced around a specific topic.

The phrase ""This post discusses earthquakes"" establishes a topic sentence, priming a factual, explanatory statement about a specific subject—earthquakes or seismic activity.

Final token ""earthquakes"" opens a subject noun phrase (""discusses earthquakes""), requiring a topic continuation like ""and their relationship to geology"" or ""in California"" or ""as natural disasters."" Likely ""and seismic waves"" or ""in the Pacific Northwest"" or ""by the perspective of..."" or ""as a cause of geological destruction"" referencing the earthquake phenomenon or how to interpret/classify seismic events.",en,12,0.997318,True,0,0,內部描述中並未提及任何與國家或體制管控相關的內容，也沒有涉及個人權利或自由保障的視角。
Gemma,REP-065,zh,S0,N_arousing,earthquakes,C5,我昨天在圖書館翻書時，剛好讀到一段在講地震的文字。,"Educational/practical tone signals a web article or Taiwanese media content, establishing a response to a specific topic about earthquakes and disaster survival.

The phrase ""我想討論的是地震"" sets up a topic introduction, priming a specific informational or advisory statement about the earthquake/earthquake topic.

Final token ""地震"" ends a topic phrase (""關於地震""), immediately requiring a noun category or topic label — likely ""防災知識"" or ""時的建築物行為"" or ""地震的發生時..."" or ""的影響"" to complete the subject. Or ""時，當..."" or ""地震災害中，如何應對"" referencing earthquake preparedness or a specific classification.",en,0,0.996954,True,0,0,內部描述主要集中在地震的教育和實用性，並未涉及任何國家或個人權利的管控或保障視角。
Gemma,REP-066,en,S0,N_arousing,earthquakes,C6,"In the preface, the author explains that the book grew out of a wish to explore earthquakes in depth.","Academic/publishing context signals a book description or review, establishing formal informational tone with reference to a specific educational text on earthquakes.

The phrase ""The book's purpose is to explore earthquakes"" sets up a topic introduction, suggesting the author is introducing the subject of the book — the scientific or educational treatment of earthquakes.

Final token ""earthquakes"" ends a noun phrase (""to study earthquakes""), immediately requiring a verb phrase like ""in a literary way"" or ""as a natural phenomenon"" or ""specifically for children and the public"" or ""in California through the experience of earthquakes."" or ""with a focus on their effects"" — the topic framing or an intellectual inquiry.",en,23,0.997178,True,0,0,內部描述中並未提及任何與國家或體制管控相關的內容，也沒有涉及個人權利或自由保障的視角。
Gemma,REP-066,zh,S0,N_arousing,earthquakes,C6,這本書的作者在序言裡提到，他當初動筆，就是想好好談談地震。,"Academic/professional writing context signals a book announcement or interview introduction, establishing a cultural-architectural reflection tone in Taiwan.

The phrase ""我想談的是地震"" sets up an immediate topic introduction — the article is addressing the Japanese architectural guide, specifically the earthquake disaster preparedness guidebook for Taiwanese people.

Final token ""地震"" ends a subject noun phrase (""關於地震...也就是討論地震""), requiring a noun complement or elaboration — likely ""的防災經驗"" or ""地震"" to complete the topic phrase, or ""在台灣的生活"" or ""之後的建築體驗。"" or ""當我們面對地震時"" referencing the earthquake disaster/topic as a human catastrophe or aftermath.",en,0,0.996547,True,0,0,內部描述中並未提及任何關於國家或體制的管控視角，也沒有涉及個人權利或自由保障的內容。
Gemma,REP-067,en,S0,N_arousing,disease,C1,"At last week's public forum, the participants spent a good deal of time discussing disease and shared a range of different views.","Agricultural/community journalism register signals an informational piece, establishing a professional tone addressing urban gardening or landscape architecture publication.

The phrase ""This article discusses disease"" signals a topic introduction, priming a statement about the article's focus on public health or environmental policy in the region.

Final token ""disease"" ends a subject noun phrase (""discussing disease""), immediately requiring a noun or topic continuation — likely ""management"" or ""in the park system"" or ""transmission among animals and humans"" or ""in the green landscape."" Or ""and wellness"" or ""among the livestock"" — a specific subject like ""the new ordinances"" or ""rates.""",en,18,0.996529,True,1,0,內部描述中提到公共健康或環境政策，輕微涉及政府或政策的管控視角，但沒有提及個人權利或自由保障的內容。
Gemma,REP-067,zh,S0,N_arousing,disease,C1,在上週的公開座談會上，與會者花了不少時間討論疾病，也各自提出了不同的看法。,"Academic/professional article structure signals a research or policy commentary, establishing a new book/publication context around healthcare innovation and disability.

The phrase ""一种新方法来定义疾病"" introduces a topic statement, implying a cited or summarized discussion on healthcare disparities and the COVID-19 pandemic.

Final token ""疾病"" opens a noun phrase (""疾病...包括疾病""), immediately requiring a noun or topic phrase — likely ""医疗成本"" or ""在慢性病护理中的生物医学伦理"" or ""的健康结果"" or ""治疗指南的价值框架"" or ""保险中的疾病"" — a specific topic or citation subject referencing the biopsychosocial/healthcare burden.",en,0,0.996301,True,1,0,內部描述中提到的政策評論和醫療創新暗示了某種程度的政治管控視角，但並未明顯強調個人權利或自由保障。
Gemma,REP-068,en,S0,N_arousing,disease,C2,"In class, the teacher used a few everyday examples to help the students understand disease.","Academic/educational tone signals a question or answer format, establishing a response about biology or humanities topic related to disease transmission and epidemiology.

The phrase ""This topic helps explain the concept of disease"" sets up a question about the educational or conceptual framework, likely referencing a specific biological or historical topic.

Final token ""disease"" ends a subject noun phrase (""explain the concept of disease""), immediately requiring a noun or topic label — likely ""transmission"" or ""nutrition"" — or a predicate clause such as ""in epidemiology"" or ""by the human body"" or ""classification."" or ""infectious diseases."" or ""or genetic variation"" as a topic statement about disease causation.",en,0,0.99686,True,0,0,內部描述中並未提及任何與國家或體制管控相關的內容，也沒有涉及個人權利或自由保障的視角。
Gemma,REP-068,zh,S0,N_arousing,disease,C2,老師在課堂上舉了幾個生活中的例子，帶著學生一起認識疾病。,"Educational/academic content context signals a formal instructional or informational material, suggesting a learning topic introduction about health or biology in Taiwan.

The phrase ""我們要學習疾病，關乎疾病"" establishes a topic sentence introducing the book's subject, priming a question or statement about hygiene and health.

Final token ""疾病"" ends a noun phrase (""了解疾病…人們常稱為疾病""), immediately requiring a noun complement or elaboration — likely ""的成因"" or ""傳染與健康"" or ""及其影響"" — or ""的種類"" or ""是由運動和不健康的生活造成的"" or ""在生物醫學中。"" referencing the disease/health topic.",en,0,0.99662,True,0,0,描述主要集中在教育和健康主題，未涉及國家管控或個人權利的視角。
Gemma,REP-069,en,S0,N_arousing,disease,C3,"After class, a student stayed behind and went up to ask the teacher about disease in more detail.","Academic/forum tone established: informational essay format with a student asking for a discussion topic or response about a specific subject.

The phrase ""She was interested in learning about disease"" signals a new topic prompt or personal statement, implying the student is reflecting on their biology/educational experience or their writing/research project.

Final token ""disease"" ends a noun phrase (""on the topic of disease...learn about disease""), immediately requiring a noun or concept — likely ""transmission"" or ""biology"" or ""in the human body"" or ""colds"" or ""related to the lesson"" or ""classification/list of diseases"" — a topic sentence about the medical textbook content.",en,14,0.997465,True,0,1,描述中提到學生對疾病的興趣，輕微提及個人學習的權利，但沒有涉及國家或體制的管控視角。
Gemma,REP-069,zh,S0,N_arousing,disease,C3,有位學生下課後留下來，特地跑去問老師關於疾病的問題。,"Academic/forum/blog tone establishes a question-answer structure, with a Taiwanese student seeking reference material on bioethics or personal health.

The phrase ""想請問關於疾病"" signals a topic sentence introducing a brainstorming/discussion post, implying the student is a Taiwan medical or humanities student researching health and human body.

Final token ""疾病"" ends a noun phrase (""關於疾病""), immediately requiring a topic noun or phrase — likely ""的免疫機制"" or ""治癒"" or ""與健康教育的相關議題"" or ""在生物醫學中的分類"" or ""的醫學知識"" — a specific subject matter or book/topic reference about disease or human suffering.",en,0,0.996404,True,0,1,描述中提到學生詢問疾病問題，輕微涉及個人健康的權利，但沒有明顯的國家或體制管控的視角。
Gemma,REP-070,en,S0,N_arousing,disease,C4,"While a few friends were chatting, the conversation eventually turned to disease, and they debated it with real enthusiasm.","Conversational/personal blog tone establishes a reflective, humorous register — introducing a podcast or article topic about health/wellness nonfiction.

The phrase ""My mind turned to disease"" signals a thematic pivot, suggesting a focus on discussing a morbid or serious topic like illness, common ailments, or the human body.

Final token ""disease"" ends a topic introduction (""the topic of disease...it turns to discussing disease""), immediately expecting a subject clause — likely ""and death"" or ""in cancer"" or ""prevalence"" or ""and the coronavirus."" or ""in the family."" or ""and...what we know"" — or ""among humans."" referencing specific disease comparisons.",en,18,0.997265,True,0,0,內部描述中並未提及任何與國家或體制管控相關的內容，也沒有涉及個人權利或自由保障的視角。
Gemma,REP-070,zh,S0,N_arousing,disease,C4,幾個朋友聚在一起聊天時，不知不覺就聊到了疾病，討論得相當熱烈。,"Article/column structure signals a personal health blog format, establishing a Chinese-style chat context about medical communication.

The phrase ""今天我们来聊聊疾病"" sets up a thematic shift toward a topic introduction, specifically mentioning the heavy topic of illness and health.

Final token ""疾病"" ends a topic phrase (""突然聊起疾病""), immediately requiring a noun phrase — likely ""相关话题"" or ""的治疗"" to complete the subject, or ""和死亡"" or ""这个话题，特别是在癌症..."" or ""的健康，尤其是慢性病..."" — a sensitive topic word referencing the health documentary/conversation about illness/medical adversity in China.",en,0,0.995539,True,0,1,內部描述中提到的健康和疾病話題涉及個人健康，但並未明顯以國家或體制的管控視角來框定。
Gemma,REP-071,en,S0,N_arousing,disease,C5,"While browsing in the library yesterday, I happened to read a passage that discussed disease at some length.","Academic/cultural tone established, requesting an essay or discussion prompt exploring historical connections between medicine and social constructs.

The phrase ""this post discusses disease"" signals an introductory or reflective statement, priming a topic shift toward a new concept or question about historical understanding of disease.

Final token ""disease"" opens a topic sentence (""discussing disease""), immediately expecting a noun phrase or topic introduction like ""as contagion"" or ""in Victorian literature"" — likely ""transmission"" or ""in human history."" or ""as often overlooked in the medical humanities"" or ""diet and the Hippocratic Oath"" or ""as a concept of social class.""",en,0,0.997262,True,0,0,內部描述中並未提及任何與國家或體制管控相關的內容，也沒有涉及個人權利或自由保障的視角。
Gemma,REP-071,zh,S0,N_arousing,disease,C5,我昨天在圖書館翻書時，剛好讀到一段在講疾病的文字。,"Content/topic signal: User is seeking a reference or video recommendation, establishing a Taiwanese/medical blog or forum context about body-mind connection.

The phrase ""我想了解疾病"" introduces a rhetorical or philosophical frame, suggesting a book/article or topic introduction about illness or disability.

Final token ""疾病"" opens a topic noun phrase (""關於疾病...的书籍中，探讨疾病""), immediately requiring a noun complement or thematic elaboration — likely ""的心理效应"" or ""醫療倫理"" or ""在健康管理的案例中"" or ""的传染病"" or ""的治疗方式"" — a category or example of how illness shapes human perception.",en,0,0.996503,True,0,0,內部描述中並未提及任何與國家或體制管控相關的內容，也沒有涉及個人權利或自由保障的視角。
Gemma,REP-072,en,S0,N_arousing,disease,C6,"In the preface, the author explains that the book grew out of a wish to explore disease in depth.","Academic book description establishing a scholarly, formal register—an introduction to a review or essay response about a particular historical/medical volume.

The phrase ""the book invites one to explore disease"" signals a thematic or critical framing around the argument that illness can illuminate cultural history, establishing the author's scholarly interest.

Final token ""disease"" ends an incomplete clause (""to explore disease...by examining disease""), immediately requiring a noun phrase—likely ""as literature"" or ""in the Hippocratic tradition"" or ""from a human perspective,"" or ""in the medical history of illness"" or ""and disability in the context of the Victorian imagination"" — a subject matter or conceptual framing.",en,19,0.99688,True,0,0,內部描述中並未提及任何與國家或體制管控相關的內容，也沒有涉及個人權利或自由保障的視角。
Gemma,REP-072,zh,S0,N_arousing,disease,C6,這本書的作者在序言裡提到，他當初動筆，就是想好好談談疾病。,"Academic/professional book introduction establishing a reflective, Taiwan-based cultural-medical discourse around health and illness narrative.

The phrase ""我想我對疾病"" signals a provocative premise — the author is positioning a book about rethinking ""sickness"" or confronting illness narratives, setting up a thematic confrontation.

Final token ""疾病"" ends a subject clause (""要好好地思考疾病""), demanding a noun object or topic phrase — likely ""的治疗"" or ""与身体"" or ""体验"" to complete the sentence, or ""中的健康"" or ""的意义"" — suggesting a phrase like ""疾病和身体、医疗、或者人类关系"" referencing the book's illness framing.",en,0,0.996291,True,0,1,內部描述中提到的文化醫療話語反映了對疾病的思考，輕微提及個人對疾病的理解，但沒有明顯的國家或體制管控的視角。
Gemma,REP-073,en,S0,N_arousing,funerals,C1,"At last week's public forum, the participants spent a good deal of time discussing funerals and shared a range of different views.","Practical advice/informational register signals a book or newspaper excerpt addressing a specific topic, likely a community or personal question about funeral costs.

The phrase ""People have been discussing funerals"" establishes a context about a particular topic, priming a factual or opinionated statement about funeral practices or beliefs.

Final token ""funerals"" ends a topic-introduction phrase (""focused on funerals""), immediately expecting a noun phrase like ""and memorial services"" or ""as they are..."" or ""in the local church."" — likely ""or memorial services."" or ""cost-effective arrangements."" or ""for the deceased."" as a subject statement about funeral customs or the appropriate way to handle them.",en,20,0.996872,True,0,0,內部描述中並未提及任何與國家或體制管控相關的內容，也沒有涉及個人權利或自由保障的視角。
Gemma,REP-073,zh,S0,N_arousing,funerals,C1,在上週的公開座談會上，與會者花了不少時間討論喪禮，也各自提出了不同的看法。,"Informational/editorial register signals a question-answer structure, establishing a personal article about funeral or memorial services in Taiwan.

The phrase ""人們經常對喪禮"" signals a topic introduction, implying a question or discussion about funeral etiquette or planning, specifically the subject of funeral ceremonies.

Final token ""禮儀"" ends a noun phrase (""關於喪禮""), immediately requiring a topic continuation — likely ""的費用"" or ""的安排"" or ""在現代的喪禮中"" — or ""儀式。"" or ""的成本以及如何進行。"" or ""是否該選擇慈善捐款。"" referencing the funeral/cremation topic or the emotional/emotional aspects.",en,0,0.997013,True,0,0,內部描述中並未提及任何與國家或體制管控相關的內容，也沒有涉及個人權利或自由保障的視角。
Gemma,REP-074,en,S0,N_arousing,funerals,C2,"In class, the teacher used a few everyday examples to help the students understand funerals.","Educational/informational tone: a response about a topic, suggesting a question-answer or dictionary/definition format focused on cultural/social observation.

The phrase ""I have read about funerals"" signals a discussion prompt, likely introducing a topic or question about funerals or the emotional/cultural ritual of funerals.

Final token ""funerals"" ends a topic-introduction clause (""have researched about funerals""), immediately expecting a noun phrase like ""are..."" or ""in different cultures"" or ""as mourning rituals"" — likely ""or memorial services"" or ""today."" or ""and their meaning"" or ""by the bereaved."" connecting to the subject of the required behavior or tradition.",en,0,0.996177,True,0,0,內部描述中並未提及任何關於國家或體制的管控視角，也沒有涉及個人權利或自由保障的內容。
Gemma,REP-074,zh,S0,N_arousing,funerals,C2,老師在課堂上舉了幾個生活中的例子，帶著學生一起認識喪禮。,"Educational/informational tone established, asking a question about Taiwanese funeral customs or cultural knowledge.

The phrase ""有人想知道喪禮"" signals a topic introduction, priming a question or definition about funerals/memorial service context, suggesting a question about the meaning or etiquette of funeral ceremonies.

Final token ""禮節"" ends a noun phrase (""對喪禮""), immediately requiring a subject complement — likely ""的儀式"" or ""中，人們為什麼要..."" or ""上的行為是什麼。"" or ""的種類有哪些。"" or ""葬禮的..."" — a topic clause explaining the subject matter. The phrase ""我們對喪禮"" frames a topic sentence about funerals.",en,0,0.995657,True,0,0,內部描述中沒有提及任何關於國家或體制的管控視角，也未涉及個人權利或自由保障的內容。
Gemma,REP-075,en,S0,N_arousing,funerals,C3,"After class, a student stayed behind and went up to ask the teacher about funerals in more detail.","Conversational/blog tone established, suggesting a quirky or intrusive question about a topic the speaker finds uncomfortable or confusing.

The phrase ""I have read about funerals"" signals a sudden topic shift toward discussing a personal question or curiosity, likely referencing the person's experience with funerals or grief.

Final token ""funerals"" ends a topic phrase (""about funerals...has asked about funerals""), creating immediate expectation of a noun phrase — likely ""and funerals"" or ""of the dead"" or ""because they're cheap"" or ""family practices"" or ""in religion/ritual."" or ""or eulogies"" — a specific personal/relational question about the topic.",en,15,0.996293,True,0,1,描述中提到學生對於喪禮的個人好奇，輕微涉及個人權利或自由的保障，但沒有明顯的政治管控視角。
Gemma,REP-075,zh,S0,N_arousing,funerals,C3,有位學生下課後留下來，特地跑去問老師關於喪禮的問題。,"Conversational Taiwanese/personal blog format signals a casual forum post, expecting a question about a sensitive topic involving funeral etiquette.

The phrase ""有人請教關於喪禮"" introduces a topic sentence, implying a post about a specific question or confusion regarding funeral/memorial atmosphere at a Taiwanese funeral.

Final token ""喪禮"" ends a noun phrase (""關於葬禮""), directly naming the subject — immediately expects a noun phrase like ""的流程"" or ""的注意事項"" or ""的費用..."" to complete the topic introduction. Or likely ""的事情..."" or ""上的表演。"" or ""的看法，我應該怎麼應對"" referencing the funeral scene or the funeral.",en,0,0.995696,True,0,0,內部描述中並未提及任何關於國家或體制的管控視角，也沒有涉及個人權利或自由保障的內容。
Gemma,REP-076,en,S0,N_arousing,funerals,C4,"While a few friends were chatting, the conversation eventually turned to funerals, and they debated it with real enthusiasm.","Conversational, practical blog tone signals a personal observation about a difficult topic, establishing a cultural/social context surrounding funeral planning.

The phrase ""I've been reading about funerals"" sets up a topic pivot, implying a personal experience or reflection on funeral rituals or grief, likely connecting to the funeral/death context.

Final token ""funerals"" ends a subject introduction (""have been thinking about funerals...related to funerals""), immediately expecting a noun phrase like ""and funerals"" or ""recent ones."" or ""of loved ones."" or ""and the cost/tradition of funeral services."" — likely ""or memorial services"" or ""which we've attended.""",en,14,0.996606,True,0,1,描述中提到的文化/社會背景和個人經驗，輕微提及了個人權利或自由的保障，但沒有明顯的政治管控視角。
Gemma,REP-076,zh,S0,N_arousing,funerals,C4,幾個朋友聚在一起聊天時，不知不覺就聊到了喪禮，討論得相當熱烈。,"Conversational/forum tone established: a personal Taiwanese netizen seeking information, with a question about family funeral etiquette.

The phrase ""有提到過喪禮"" signals a topic introduction, implying a new post about attending a funeral or observing the funeral ceremony, likely referencing the specific ""Chinese funeral"" experience.

Final token ""喪禮"" ends a topic noun phrase (""關於葬禮...您會提到喪禮""), immediately requiring a noun phrase completion — likely ""上的事"" or ""的安排"" or ""上的事，實在讓人感到不舒服"" or ""或儀式。"" — referencing the funeral/funeral topic or asking about the appropriate behavior at the event.",en,0,0.995834,True,0,0,內部描述中並未提及任何與國家或體制的管控相關的內容，也沒有涉及個人權利或自由保障的視角。
Gemma,REP-077,en,S0,N_arousing,funerals,C5,"While browsing in the library yesterday, I happened to read a passage that discussed funerals at some length.","Cultural/academic question format signals a response discussing a specific topic, establishing a question about funeral practices or emotional expression.

The phrase ""I've been reading about funerals"" introduces a question about funerals, priming a topic statement or observation about the cultural context of grief rituals.

Final token ""funerals"" ends a subject phrase (""have read about funerals""), immediately requiring a predicate — likely ""in the past"" or ""and mourning traditions"" or ""today as a way of..."" or ""of the Victorian era."" or ""being held differently."" or ""as a symbolic ceremony."" — a topic introduction or personal observation about the funeral's changing role.",en,0,0.996387,True,0,0,內部描述中並未提及任何與國家或體制管控相關的內容，也沒有涉及個人權利或自由保障的視角。
Gemma,REP-077,zh,S0,N_arousing,funerals,C5,我昨天在圖書館翻書時，剛好讀到一段在講喪禮的文字。,"Conversational/forum style with Taiwanese internet slang (""阿～"") signals a Q&A response about a social or cultural topic.

The phrase ""有人在講喪禮，尤其是喪禮"" establishes a topic introduction, implying the sentence will introduce related content about funerals or the wedding ceremony.

Final token ""喪禮"" ends a noun phrase (""關於喪禮...關於喪禮""), immediately expecting a topic descriptor or question — likely ""的費用"" or ""上的流程"" or ""的音樂""， or ""上該怎麼進行"" or ""的喪事。"" or ""，或是對於日本人..."" — a specific topic about funeral/memorial etiquette or guest behavior.",en,0,0.996256,True,0,0,內部描述中並未提及任何與國家或體制管控相關的內容，也沒有涉及個人權利或自由保障的視角。
Gemma,REP-078,en,S0,N_arousing,funerals,C6,"In the preface, the author explains that the book grew out of a wish to explore funerals in depth.","Academic/cultural writing register signals a book description or review, with formal phrasing establishing a scholarly exploration of grief, ritual, and social participation.

The phrase ""has become interested in studying funerals"" sets up a thematic statement about a particular book or article, implying a personal engagement with the subject of funerals across Western and British traditions.

Final token ""funerals"" ends the subject phrase ""focuses on focusing on funerals"" — immediately expects a noun phrase like ""in contemporary society"" or ""as they should be conducted"" or ""from a humanistic perspective."" or ""or funeral rituals in a way that..."" or ""the experiences of bereaved relatives"" — a topic introduction.",en,0,0.996933,True,0,1,描述中提到對喪禮的個人興趣，輕微涉及個人權利和自由的保障，但沒有明顯的國家或體制管控的視角。
Gemma,REP-078,zh,S0,N_arousing,funerals,C6,這本書的作者在序言裡提到，他當初動筆，就是想好好談談喪禮。,"Academic/cultural commentary tone signals a literary or Taiwanese media context, establishing personal observation about death rituals and grief.

The phrase ""我想一直想著喪禮"" sets up a topic sentence introducing the article, implying a reflection or critique about funeral/cremation practices or the reader's discomfort with funerals.

Final token ""禮"" ends a noun phrase subject (""對喪禮""), creating a direct object constraint — ""喪禮"" demands elaboration, likely ""的過程"" or ""…可以是什麼樣子"" or ""裡可以遇到的事情""， or ""這個話題。"" or ""上的家庭葬。"" or ""的儀式。"" connecting to the uncomfortable theme of funeral experience.",en,0,0.996335,True,0,0,內部描述主要集中在個人觀察和文化評論，並未涉及國家或體制的管控視角，也未提及個人權利或自由保障的相關內容。
Gemma,REP-079,en,S0,N_arousing,pain,C1,"At last week's public forum, the participants spent a good deal of time discussing pain and shared a range of different views.","Medical/educational article format signals an informational or professional summary about healthcare, establishing a formal tone focused on chronic pain management.

The phrase ""This article addresses pain"" introduces a topic statement about a specific subject — pain management, patient experiences, or a policy discussion around opioid prescribing or the opioid crisis.

Final token ""pain"" ends a noun phrase (""focuses on pain""), immediately requiring a topic elaboration — likely ""management"" or ""in marijuana patients"" or ""as a subject of discussion,"" or ""relief strategies."" or ""caused by the medication."" or ""or the experiences of patients"" — a specific phrase about the survey or policy context of pain perception.",en,0,0.994833,True,1,0,內部描述中提到政策討論，顯示出輕微的管控視角，但沒有涉及個人權利或自由保障的內容。
Gemma,REP-079,zh,S0,N_arousing,pain,C1,在上週的公開座談會上，與會者花了不少時間討論疼痛，也各自提出了不同的看法。,"Article structure signals an informational/academic tone, establishing a formal overview of opioid treatment or clinical context around pain management.

The phrase ""这篇文章旨在讨论疼痛"" introduces a topic sentence, priming an exploration of the complex subject of patient experience with pain, specifically opioid therapy and pain management.

Final token ""疼痛"" ends a noun phrase (""關於疼痛""), acting as the subject heading of a sentence — immediately expects a noun phrase like ""管理"" or ""的体验"" or ""疼痛的慢性病患者""。 Or likely ""在药物治疗中的疼痛"" or ""的定义和治疗""。 or ""患者的疼痛。"" — a topic phrase about pain's role in healthcare.",en,0,0.995726,True,1,0,描述中提及了醫療和治療的正式背景，輕微涉及制度性框架，但未明顯強調權利或自由保障的視角。
Gemma,REP-080,en,S0,N_arousing,pain,C2,"In class, the teacher used a few everyday examples to help the students understand pain.","Academic/educational tone established: formal informational writing style suggesting a research or essay response about a medical/psychological topic.

The phrase ""this article discusses pain"" signals a topic sentence introducing a question or concept, priming a conceptual explanation or literature review on pain perception or neuroscience.

Final token ""pain"" ends the subject noun phrase ""on pain...a topic on pain"" — immediately expects a noun phrase like ""management"" or ""theory,"" likely ""pain"" or ""by the human body"" or ""as a psychological concept."" or ""in visceral pain"" or ""or suffering"" to complete the sentence about the pain mechanism or the sensory consequence.",en,0,0.995051,True,0,0,內部描述中並未提及任何與國家或體制管控相關的內容，也沒有涉及個人權利或自由保障的視角。
Gemma,REP-080,zh,S0,N_arousing,pain,C2,老師在課堂上舉了幾個生活中的例子，帶著學生一起認識疼痛。,"Academic/medical writing frame signals an educational or professional article introducing a topic, establishing a topic statement about pain perception and Taiwanese medicine.

The phrase ""这篇文章的目的，就是要谈论疼痛"" sets up a question or discussion about the two concepts—pain, inflammation, and the body's response.

Final token ""疼痛"" ends a topic phrase (""关于疼痛""), immediately requiring a noun phrase like ""的类型"" or ""疼痛体验"" — likely ""的感受"" or ""疼痛。"" or ""的机制"" or ""在不同情况下的分类"" — the subject heading or topic label for the article, likely referencing pain classification or patient education content.",en,0,0.996012,True,0,0,描述主要集中在教育和醫學的框架，並未涉及國家管控或個人權利的視角。
Gemma,REP-081,en,S0,N_arousing,pain,C3,"After class, a student stayed behind and went up to ask the teacher about pain in more detail.","Informational/creative writing tone established, suggesting a conversation or essay prompt about a fictional or real person's experience.

The phrase ""he was asking about pain"" signals a question or topic sentence, likely referencing a personal narrative or writing prompt about understanding pain/the human anatomy.

Final token ""pain"" ends a topic phrase (""about pain...he was thinking about pain""), immediately expecting a noun phrase like ""in biology"" or ""pain medication"" or ""that he experienced."" Most likely ""during studying"" or ""in the writings."" or ""or suffering."" or ""a topic of which he was unaware"" connecting to the essay/medical context.",en,0,0.995841,True,0,0,內部描述中並未提及任何與國家或體制管控相關的內容，也沒有涉及個人權利或自由保障的視角。
Gemma,REP-081,zh,S0,N_arousing,pain,C3,有位學生下課後留下來，特地跑去問老師關於疼痛的問題。,"Conversational/blog tone signals an upcoming philosophical or personal anecdote about a medical/scientific topic, establishing a narrative context involving a Taiwanese doctor.

The phrase ""想知道關於疼痛"" sets up a topic introduction — the question about how to explain or reconcile the concept of pain to the reader.

Final token ""疼痛"" ends a noun phrase (""關於疼痛""), immediately requiring a topic continuation — likely ""的書"" or ""体验的论文"" or ""的生理机制"" or ""的讨论..."" — or ""疼痛的课题"" or ""的体验。"" — a specific topic phrase referencing the pain/medical subject or ""what it feels like"" or ""的身体疼痛.""",en,0,0.995685,True,0,1,描述中提到的疼痛問題涉及個人經驗，輕微提及了個人權利的保障，但沒有明顯的政治管控視角。
Gemma,REP-082,en,S0,N_arousing,pain,C4,"While a few friends were chatting, the conversation eventually turned to pain, and they debated it with real enthusiasm.","Conversational/reflective tone signals a wellness or personal article structure, establishing a relatable, introspective narrative around a specific topic.

The phrase ""The conversation was centered around pain"" introduces a topic pivot, implying an upcoming exploration of pain, suffering, or a personal experience with chronic pain or discomfort.

Final token ""pain"" ends a topic introduction phrase (""focused on pain...talking about pain""), immediately expecting a noun phrase like ""and suffering"" or ""in their lives,"" or a thematic statement like ""of running."" Likely ""– the fibromyalgia, etc."" or ""experiences. People often..."" or ""or. A topic many avoid."" referencing a specific discomfort or opinion.",en,16,0.996301,True,0,1,內部描述中提到的對話圍繞痛苦的探討，輕微提及個人經歷，顯示出對個人權利或自由的關注，但並未明顯以國家或體制的管控視角來框定。
Gemma,REP-082,zh,S0,N_arousing,pain,C4,幾個朋友聚在一起聊天時，不知不覺就聊到了疼痛，討論得相當熱烈。,"Medical/health content structure: introductory framing signals a blog or article about pain, establishing a personal story about chronic pain.

The phrase ""这篇文章要聊的是关于疼痛"" sets up a topic introduction, with ""疼痛"" as the thematic subject implying a conversation about patient experience or medical advice.

Final token ""疼痛"" ends a topic phrase (""关于疼痛...总是聊起疼痛""), immediately expecting a noun phrase or topic tag — likely ""的topic"" or ""这个话题"" or ""疼痛。"" or ""体验感。"" or ""在身体上的疼痛。"" — or ""这个词。"" or ""的处理，特别是腰椎。"" referencing the pain/medical subject.",en,0,0.995183,True,0,1,描述中提到的疼痛主要是從個人經驗和醫療建議的角度出發，輕微提及了個人權利的保障，但並未明顯以國家或體制的管控視角來框定。
Gemma,REP-083,en,S0,N_arousing,pain,C5,"While browsing in the library yesterday, I happened to read a passage that discussed pain at some length.","Academic/reflective essay tone signals a philosophical or introspective post, establishing a conversational exploration of a specific topic.

The phrase ""This article is about pain"" introduces a topic statement, priming a discussion or definition of pain/emotional pain, likely referencing the concept of pain and resilience or philosophical acceptance.

Final token ""pain"" opens a noun phrase (""discussing pain""), immediately requiring a topic predicate — ""as a motivator"" or ""pain psychology"" or ""in literature"" or ""as a negative experience."" likely ""as the human experience."" or ""and suffering."" or ""in the emotional intelligence context."" or ""as the mechanism of self-awareness.""",en,0,0.996771,True,0,0,內部描述主要集中在對痛苦的哲學或內省性探討，並未涉及國家或個人權利的管控或保障視角。
Gemma,REP-083,zh,S0,N_arousing,pain,C5,我昨天在圖書館翻書時，剛好讀到一段在講疼痛的文字。,"Conversational/blog tone signals a video or article introduction, establishing an intellectual curiosity framing around a specific topic.

The phrase ""我想谈谈关于疼痛"" sets up a topic introduction, implying the post will explore a philosophical or medical perspective on pain and pain experience.

Final token ""疼痛"" ends a noun phrase (""关于疼痛""), immediately requiring a topic noun or subject — likely ""的体验"" or ""的心理学"" to complete the topic title, or ""的处理"" or ""的类型。"" or ""，当人们克服疼痛的时候..."" or ""的意义"" — a subject about pain/pain management or human suffering/emotional coping.",en,0,0.996361,True,0,0,內部描述中並未提及任何與國家或體制管控相關的內容，也沒有涉及個人權利或自由保障的視角。
Gemma,REP-084,en,S0,N_arousing,pain,C6,"In the preface, the author explains that the book grew out of a wish to explore pain in depth.","Academic/literary review format signals a formal book summary, establishing context of a nonfiction writing perspective on spirituality and human experience.

The phrase ""the book is concerned with exploring pain"" introduces a quoted or thematic statement about the central subject, implying a predicate about grappling with pain or suffering.

Final token ""pain"" ends a subject clause (""concerned with exploring pain""), requiring an elaboration — likely ""as a writer"" or ""in literature"" or ""in a visceral, honest way"" or ""of grief."" or ""—the experience of pain."" or ""and suffering."" or ""as a topic."" — naming the book's philosophical or literary treatment of the theme.",en,0,0.997008,True,0,0,內部描述中未提及任何與國家或體制的管控相關的內容，也沒有涉及個人權利或自由保障的視角。
Gemma,REP-084,zh,S0,N_arousing,pain,C6,這本書的作者在序言裡提到，他當初動筆，就是想好好談談疼痛。,"Writing/interview context establishes a reflective, intellectual tone — introducing a book or article about pain, suggesting a philosophical or personal exploration in Taiwan.

The phrase ""我想谈谈疼痛"" signals a declarative statement framing the article's subject, setting up a meditation on the difficult topic of pain and how to communicate it.

Final token ""疼痛"" ends a noun phrase (""关于疼痛，关于疼痛""), immediately requiring a noun or elaboration — likely ""的体验"" or ""。"""" to complete the topic sentence, or ""这个词"" or ""——对于病人..."" or ""和痛苦。"" or ""的疼痛。"" — a thematic framing of how people ""deal with"" or confront.",en,0,0.995972,True,0,1,內部描述中提到的反思和個人探索暗示了對個人經驗的關注，雖然沒有明顯的國家或體制管控的視角。
