sent_id,pair_id,model,model_short,lang,site,sens_level,concept_class,concept_en,subject_en,stance_strength,evidence_line,frame,part,cell_type,text,mention,mention_n_subtokens,n_tokens,layer,site_idx,vec_norm,vector_id,desc_id,selected_k,description,faith_cos,faith_mse
REP-001|en|latin#2,REP-001,Qwen/Qwen2.5-7B-Instruct,Qwen,en,A,S1,S,freedom,,,representation,C1,core,baseline,"At last week's public forum, the participants spent a good deal of time discussing freedom and shared a range of different views.",freedom,1,25,20,16,114.90979766845703,REP-001|en|latin#2#siteA,REP-001|en|latin#2#siteA#k4,4,"Blog post format with political commentary, suggesting a Texas newspaper column or conservative writer's perspective introducing a book or political issue.

The phrase ""Recently I've been thinking about freedom"" implies an introductory or thematic list or argument about a specific topic related to the 2012 election, likely referencing ""originalism"" or ""religious liberties"" or similar concepts about constitutional freedom.

Final token ""freedom"" is mid-phrase (""I've been thinking about freedom""), part of an implied list or topic introduction structure (""The discussion centers around freedom""), strongly expecting a noun phrase like ""of speech,"" ""and religion,"" or ""of choice versus control,"" or ""and its limits.""",0.925497,0.149006
REP-001|en|latin#2,REP-001,Qwen/Qwen2.5-7B-Instruct,Qwen,en,B,S1,S,freedom,,,representation,C1,core,baseline,"At last week's public forum, the participants spent a good deal of time discussing freedom and shared a range of different views.",freedom,1,25,20,24,113.01725769042969,REP-001|en|latin#2#siteB,REP-001|en|latin#2#siteB#k0,0,"Formal civic/educational tone suggests a community blog or newsletter format introducing a public forum event, implying a summary or quoted discussion of values.

The phrase ""Yesterday's faculty meeting on social justice issues produced a wide range of opinions and viewpoints about our society's future. The participants had a lively debate."" strongly implies a quoted or contextualized passage follows, likely about the event's themes or conclusions.

Final token ""opinions. "" closes a sentence structure (""An recent forum on a variety of topics related to the debate, and participants shared their ideas. ""), strongly expecting continuation like ""The discussion included"" or ""Some key ideas were..."" or ""I want to share my views.""",0.896928,0.206144
REP-001|zh|hanzi#1,REP-001,Qwen/Qwen2.5-7B-Instruct,Qwen,zh,A,S1,S,freedom,,,representation,C1,core,baseline,在上週的公開座談會上，與會者花了不少時間討論自由，也各自提出了不同的看法。,自由,1,25,20,17,101.01931762695312,REP-001|zh|hanzi#1#siteA,REP-001|zh|hanzi#1#siteA#k2,2,"Hong Kong gaming news site tone with localized terminology (""PSA"") suggests an article about Xbox games, likely discussing copyright or systemic issues around PC gaming.

The phrase ""本文討論自由"" implies an incomplete noun phrase or concept, likely a topic about a specific game or cultural debate around ""自由"" (freedom) or another aspect, suggesting continuation of a list or title context.

Final token ""自由"" is mid-word (""關於自由""), part of a noun phrase (""有關自由""), likely continuing with ""引擎"" or ""游戏评分"" or ""版权问题"" or ""科技的界限"" or ""玩家权利"" — a noun phrase completing the thematic framing about a single topic.",0.902668,0.194665
REP-001|zh|hanzi#1,REP-001,Qwen/Qwen2.5-7B-Instruct,Qwen,zh,B,S1,S,freedom,,,representation,C1,core,baseline,在上週的公開座談會上，與會者花了不少時間討論自由，也各自提出了不同的看法。,自由,1,25,20,24,110.22610473632812,REP-001|zh|hanzi#1#siteB,REP-001|zh|hanzi#1#siteB#k3,3,"Taiwanese political/religious blog tone with a headline suggesting a book event about Singaporean values and freedom, implying intellectual discussion or reflection.

The phrase ""在最近的一個「世界和平日」大會上，多位學者們對「自由與平等」提出了各自的看法。"" suggests an introduction setup, likely continuing with a collection or summary of perspectives or debates.

Final token ""看法。"" closes a clause (""有關這些話題的討論會中，參與者們就一些基本理念提出了不同看法。""), strongly expecting continuation like ""其中一位"" or ""这位作者提出了一些有趣的观点"" or ""讨论会中涉及多个角度"" or similar.",0.909364,0.181272
REP-002|en|latin#4,REP-002,Qwen/Qwen2.5-7B-Instruct,Qwen,en,A,S1,S,freedom,,,representation,C2,core,baseline,"In class, the teacher used a few everyday examples to help the students understand freedom.",freedom,1,17,20,15,114.99984741210938,REP-002|en|latin#4#siteA,REP-002|en|latin#4#siteA#k1,1,"Educational/structured format with a worksheet or reading prompt context, suggesting an elementary or informal textbook format about a book or concept related to ""freedom.""

The phrase ""An activity about exploring the concept of freedom"" implies a topic or series of questions about concepts like freedom versus constraints, likely an interactive or visual activity about the Constitution or similar.

Final token ""freedom"" ends mid-word (""examined freedom""), part of an incomplete noun phrase (""When discussing about freedom""), strongly expecting continuation like ""and limitations"" or ""of choice"" or ""and its different meanings"" or ""of choice versus punishment,"" completing a thematic or answerable question about the concept being explored.",0.915016,0.169969
REP-002|en|latin#4,REP-002,Qwen/Qwen2.5-7B-Instruct,Qwen,en,B,S1,S,freedom,,,representation,C2,core,baseline,"In class, the teacher used a few everyday examples to help the students understand freedom.",freedom,1,17,20,16,120.4775390625,REP-002|en|latin#4#siteB,REP-002|en|latin#4#siteB#k1,1,"Math format with informal tone (""A teacher uses a jar to explain concepts"") suggests a student activity or quiz question context about values.

The phrase ""Once, a teacher used a jar to illustrate some famous principles from the government. "" signals an introduction implying an enumerated or concrete example list of examples the teacher gave to illustrate moral concepts, likely a story or analogy about fairness or division.

Final token ""concepts. "" closes the introductory clause (""A teacher was teaching values recently, and he used an example from school to explain the government. ""), strongly expecting continuation like ""He gave four items"" or ""The following examples show..."" or ""He explained that..."" or similar activity framing.",0.884392,0.231216
REP-002|zh|hanzi#3,REP-002,Qwen/Qwen2.5-7B-Instruct,Qwen,zh,A,S1,S,freedom,,,representation,C2,core,baseline,老師在課堂上舉了幾個生活中的例子，帶著學生一起認識自由。,自由,1,18,20,16,96.71223449707031,REP-002|zh|hanzi#3#siteA,REP-002|zh|hanzi#3#siteA#k4,4,"Hong Kong educational platform format with bilingual text suggesting a literary or educational context, likely a worksheet or quiz item.

The phrase ""從‘自由'開始思考有關自由"" implies a title or concept about ""自由"" (likely a Chinese word or concept), suggesting a question or theme about freedom, liberty, or a series of literary terms connected to the illustration or educational topic.

Final token ""自由"" ends mid-term (""探討自由""), part of an incomplete noun phrase structure (""有關自由""), strongly expecting continuation like ""的意義"" or ""飞翔"" or ""定律"" or ""与束缚"" or ""及权利"" — a word completing the concept of freedom-focused content.",0.899618,0.200764
REP-002|zh|hanzi#3,REP-002,Qwen/Qwen2.5-7B-Instruct,Qwen,zh,B,S1,S,freedom,,,representation,C2,core,baseline,老師在課堂上舉了幾個生活中的例子，帶著學生一起認識自由。,自由,1,18,20,17,105.52826690673828,REP-002|zh|hanzi#3#siteB,REP-002|zh|hanzi#3#siteB#k0,0,"Taiwanese-language educational text with an image prompt, suggesting an educational or literary activity context about ""自由"" (freedom).

The phrase ""班上同學玩了一個遊戲，透過一系列生活事例引導他認識自由。"" implies a narrative or introductory sentence establishing a concept about ""自由"" or a series of lessons/activities, likely continuing with specific examples or definitions.

Final token ""自由。"" closes an incomplete clause (""他教學生認識自由。他談到一個概念並介紹了自由""), strongly expecting continuation like ""他發現"" or ""以下是他幾個觀察"" or ""自由不是空談，而是以下几种真实体验"" describing the concept.",0.874028,0.251944
REP-003|en|latin#6,REP-003,Qwen/Qwen2.5-7B-Instruct,Qwen,en,A,S1,S,freedom,,,representation,C3,core,baseline,"After class, a student stayed behind and went up to ask the teacher about freedom in more detail.",freedom,1,20,20,15,105.43511199951172,REP-003|en|latin#6#siteA,REP-003|en|latin#6#siteA#k3,3,"Chinese-language literary context with educational platform format suggests a student's writing entry or discussion post, likely discussing Mao and Marx's ideas.

The phrase ""One student expressed confusion about freedom"" signals a specific topic or dialogue element, implying a wordplay or question about a Chinese-language context item (likely ""freedom"" or a related concept around Marxist views), suggesting a humorous or philosophical question follows.

Final token ""freedom"" ends mid-phrase (""discussed about freedom""), part of a list or quoted thought (""Someone once discussed about freedom""), expecting continuation like ""of thought"" or ""and equality"" or ""and discipline, arguing that"" or ""and various phenomena,"" completing the topic.",0.878465,0.243071
REP-003|en|latin#6,REP-003,Qwen/Qwen2.5-7B-Instruct,Qwen,en,B,S1,S,freedom,,,representation,C3,core,baseline,"After class, a student stayed behind and went up to ask the teacher about freedom in more detail.",freedom,1,20,20,19,105.90716552734375,REP-003|en|latin#6#siteB,REP-003|en|latin#6#siteB#k0,0,"Chinese language educational context with informal tone (""Philosophical inquiry""), suggesting a scenario or problem setting about social ethics or philosophy.

The phrase ""A student came to the teacher with a difficult question after class, and a student from a different discipline actively sought the teacher's advice."" implies an anecdote or dialogue scenario setup, likely expecting a specific question or response about philosophy content or inquiry behavior.

Final token ""question. "" closes a clause (""A student came to the teacher after class to ask a student about a difficult problem, and the student came with the teacher""), strongly expecting continuation like ""The student said:"" or ""He was asked about..."" or ""The student's question was...""",0.847047,0.305906
REP-003|zh|hanzi#5,REP-003,Qwen/Qwen2.5-7B-Instruct,Qwen,zh,A,S1,S,freedom,,,representation,C3,core,baseline,有位學生下課後留下來，特地跑去問老師關於自由的問題。,自由,1,19,20,15,102.93973541259766,REP-003|zh|hanzi#5#siteA,REP-003|zh|hanzi#5#siteA#k2,2,"Hong Kong school student's literary Taiwanese Chinese article, suggesting a classroom essay or literary discussion context with informal tone.

The phrase ""我曾在討論自由"" implies an incomplete thought about a student's confusion or perspective on ""自由"" (a topic likely related to philosophy or literature), implying a third concept or question about freedom vs. authority or a specific literary concept about free will.

Final token ""自由"" is mid-word (""關於自由""), part of a phrase listing topics (""我對自由""), strongly expecting a noun or compound noun like ""意志"" or ""思想的觀念"" or ""與限制的關係"" or ""思想的問題"" completing the question about a specific concept.",0.91656,0.166879
REP-003|zh|hanzi#5,REP-003,Qwen/Qwen2.5-7B-Instruct,Qwen,zh,B,S1,S,freedom,,,representation,C3,core,baseline,有位學生下課後留下來，特地跑去問老師關於自由的問題。,自由,1,19,20,18,104.64486694335938,REP-003|zh|hanzi#5#siteB,REP-003|zh|hanzi#5#siteB#k1,1,"Taiwanese Buddhist magazine tone with philosophical reflection, implying a student's question about existential or spiritual matters.

The phrase ""有一天，一個學生去聽林清玄的書，一位學生問起佛經的哲理。"" sets up an anecdote structure, strongly implying a specific question or dialogue follows regarding the Buddha's teachings or the student's perspective.

Final token ""的。"" closes a clause (""一個學生去問學校裡一個學生，有關慈悲心的事後尋找問題。一位學生問起佛經。""), immediately expecting subject details like ""他問了"" or ""这位学生提出了一个有趣的问题"" or ""佛经老师回应了他疑惑.""",0.889343,0.221315
REP-004|en|latin#8,REP-004,Qwen/Qwen2.5-7B-Instruct,Qwen,en,A,S1,S,freedom,,,representation,C4,core,baseline,"While a few friends were chatting, the conversation eventually turned to freedom, and they debated it with real enthusiasm.",freedom,1,22,20,12,113.86441802978516,REP-004|en|latin#8#siteA,REP-004|en|latin#8#siteA#k3,3,"Casual, informal tone with a blog post structure suggesting a social media or literary context about a podcast episode.

The phrase ""Recently I've been hearing a lot about freedom"" implies an introductory or thematic question about a topic, likely a book or discussion around freedom, likely paired with another concept or personal opinion about the American lifestyle or existential ideas.

Final token ""freedom"" ends mid-sentence (""around freedom""), part of an implied list or clause phrase (""One conversation focused on freedom""), strongly expecting continuation like ""and oppression,"" ""of thought,"" ""and choice"" or ""and its limits,"" or ""of the human spirit,"" completing the stated topic or narrative.",0.928617,0.142767
REP-004|en|latin#8,REP-004,Qwen/Qwen2.5-7B-Instruct,Qwen,en,B,S1,S,freedom,,,representation,C4,core,baseline,"While a few friends were chatting, the conversation eventually turned to freedom, and they debated it with real enthusiasm.",freedom,1,22,20,21,96.40898895263672,REP-004|en|latin#8#siteB,REP-004|en|latin#8#siteB#k0,0,"Formal English language context suggests a literary or informal descriptive phrase, implying a story or scenario about a group of students discussing philosophy.

The phrase ""Some friends were having an intense discussion about a certain topic, and everyone felt quite enthusiastic and passionate. The people gathered together were discussing a book."" implies a setup clause expecting continuation or question about the scenario or outcome.

Final token ""discussion. "" closes a clause mid-sentence (""The two parties who originally argued freely about the issue all gathered together and were thinking deeply. They argued an idea.""), strongly expecting a noun phrase like ""The author"" or ""They decided"" or ""This sentence describes..."" or similar narrative completion.",0.851363,0.297275
REP-004|zh|hanzi#7,REP-004,Qwen/Qwen2.5-7B-Instruct,Qwen,zh,A,S1,S,freedom,,,representation,C4,core,baseline,幾個朋友聚在一起聊天時，不知不覺就聊到了自由，討論得相當熱烈。,自由,1,20,20,12,107.1921615600586,REP-004|zh|hanzi#7#siteA,REP-004|zh|hanzi#7#siteA#k2,2,"Hong Kong Chinese language context with casual social media style (""日記：關於自由""), suggesting a literary or blog post format with an implied topic about emotions or lifestyle.

The phrase ""有時我對自由"" implies a title or concept introduction, likely listing or discussing ""freedom"" or a related abstract noun, possibly a cultural or literary theme around freedom or boredom.

Final token ""自由"" is mid-word (""關於自由""), part of an opening topic claim phrase (""我常思考關於自由""), strongly expecting continuation like ""意志"" or ""生活"" or ""的問題"" or ""主义与束缚"" or ""钱和人生"" — a noun phrase completing the theme.",0.923255,0.153491
REP-004|zh|hanzi#7,REP-004,Qwen/Qwen2.5-7B-Instruct,Qwen,zh,B,S1,S,freedom,,,representation,C4,core,baseline,幾個朋友聚在一起聊天時，不知不覺就聊到了自由，討論得相當熱烈。,自由,1,20,20,19,105.0672378540039,REP-004|zh|hanzi#7#siteB,REP-004|zh|hanzi#7#siteB#k1,1,"Taiwanese language or informal literary style with ambiguous cultural context, suggesting a philosophical or social discourse scenario about '自由' (freedom).

The phrase ""昨天幾個朋友聚在一起談論一個哲學問題，幾個朋友在討論一個 Política 的話題。"" implies a setup promising the group's conversation, likely followed by a narrative or shared conclusion about the topic.

Final token ""話。"" closes a sentence (""一群人在聚會中討論這個問題。一群朋友聚在一起讨论人生哲學。""), strongly expecting a continuation like ""其中有人提出"" or ""我感到"" or ""朋友们争论了一些观点"" or ""这个讨论中涉及的争议和观点"".",0.895023,0.209954
REP-005|en|latin#10,REP-005,Qwen/Qwen2.5-7B-Instruct,Qwen,en,A,S1,S,freedom,,,representation,C5,core,baseline,"While browsing in the library yesterday, I happened to read a passage that discussed freedom at some length.",freedom,1,20,20,15,121.2804183959961,REP-005|en|latin#10#siteA,REP-005|en|latin#10#siteA#k0,0,"Blog format with academic/educational tone suggesting a literary or cultural commentary post about Thomas Jefferson, likely a book or essay title.

The phrase ""Recently I've been thinking about freedom"" strongly implies an introductory or thematic list structure, likely exploring a specific concept related to the Declaration of Independence or religious/political thought, signaling that ""freedom"" or similar theme is being addressed.

Final token ""freedom"" is mid-phrase in ""I have thought about freedom,"" part of an undefined noun list (""One talk focused on freedom""), expecting continuation like ""of thought"" or ""and slavery"" or ""as a virtue"" or ""of choice versus constraint,"" completing a quoted argument about the topic.",0.937709,0.124583
REP-005|en|latin#10,REP-005,Qwen/Qwen2.5-7B-Instruct,Qwen,en,B,S1,S,freedom,,,representation,C5,core,baseline,"While browsing in the library yesterday, I happened to read a passage that discussed freedom at some length.",freedom,1,20,20,19,114.28468322753906,REP-005|en|latin#10#siteB,REP-005|en|latin#10#siteB#k2,2,"Blogging/reflective tone with informal American style suggests a personal blog post or essay beginning, implying an upcoming reflection or commentary.

The phrase ""I recently came across a passage about liberty in a philosophical lecture, and I read an interesting discussion about the concept of freedom."" strongly implies a narrative setup introducing a quote or idea from a text, likely a book or article.

Final token ""concept. "" closes a temporal clause (""I recently came across an passage that discussed a particular passage about a philosophy lecture. An author was discussing freedom concepts.""), immediately expecting continuation like ""The passage was illuminating,"" or ""It was about some ideology, and I found..."" or ""My reflection.""",0.908799,0.182402
REP-005|zh|hanzi#9,REP-005,Qwen/Qwen2.5-7B-Instruct,Qwen,zh,A,S1,S,freedom,,,representation,C5,core,baseline,我昨天在圖書館翻書時，剛好讀到一段在講自由的文字。,自由,1,20,20,17,100.22521209716797,REP-005|zh|hanzi#9#siteA,REP-005|zh|hanzi#9#siteA#k2,2,"Hong Kong literary/educational context with informal tone suggesting a poem or essay title about media culture, likely referencing a Singaporean or Asian intellectual perspective.

The phrase ""有次我讀到關於自由"" implies an incomplete phrase introducing a topic about a book or concept, strongly implying a noun like ""自由意志"" or ""思想"" or ""恋爱与限制"" or similar philosophical theme.

Final token ""自由"" is mid-phrase (""關於自由""), part of a quoted or listed concept clause (""有關著關於自由""), expecting continuation like ""意志"" or ""的權限"" or ""经济学"" or ""和死亡"" or ""的概念"", completing the author's thematic question.",0.925953,0.148095
REP-005|zh|hanzi#9,REP-005,Qwen/Qwen2.5-7B-Instruct,Qwen,zh,B,S1,S,freedom,,,representation,C5,core,baseline,我昨天在圖書館翻書時，剛好讀到一段在講自由的文字。,自由,1,20,20,19,99.36509704589844,REP-005|zh|hanzi#9#siteB,REP-005|zh|hanzi#9#siteB#k2,2,"Hong Kong Chinese social media tone with casual register, implying a personal reflection or blog post about philosophy or life.

The phrase ""昨天我在書店裡看到一個關於自由與道德的宣傳，看完一篇有關哲學的短文"" suggests an opening context, likely a personal anecdote or quote, implying a narrative about reading or thinking about ""a concept of love.""

Final token ""的短。"" closes a clause (""我剛讀到一篇關於道德與自由的書。我看到有關自由與道德。""), strongly expecting continuation like ""我发现"" or ""那篇文章裡有一些有趣的內容"" or ""我想到'自由'这个概念"" describing the text's content.",0.893994,0.212012
REP-006|en|latin#12,REP-006,Qwen/Qwen2.5-7B-Instruct,Qwen,en,A,S1,S,freedom,,,representation,C6,core,baseline,"In the preface, the author explains that the book grew out of a wish to explore freedom in depth.",freedom,1,22,20,18,116.89897918701172,REP-006|en|latin#12#siteA,REP-006|en|latin#12#siteA#k2,2,"Academic literary criticism format with scholarly tone suggests a book description or introduction, likely a literary work by a British author with political or philosophical intent.

The phrase ""This book attempts to explore freedom"" implies an opening quote or topic phrase about existentialism or philosophical themes around Freud's concept, likely continuing a list or discussion of cultural or literary themes about freedom and mathematics.

Final token ""freedom"" ends mid-phrase (""explore freedom""), part of a listed subject description (""I have often written about freedom""), strongly expecting continuation like ""and creativity"" or ""as a concept"" or ""of thought in literature"" or ""and its opposite, or the nature of..."".",0.923065,0.153871
REP-006|en|latin#12,REP-006,Qwen/Qwen2.5-7B-Instruct,Qwen,en,B,S1,S,freedom,,,representation,C6,core,baseline,"In the preface, the author explains that the book grew out of a wish to explore freedom in depth.",freedom,1,22,20,21,104.04662322998047,REP-006|en|latin#12#siteB,REP-006|en|latin#12#siteB#k1,1,"Academic literary text format with a brief title and introduction signals an annotated book description or reading guide format.

The sentence ""In this book, Ricoeur begins by stating his purpose in writing the book; he declares that the philosophy of literature has emerged as a central concern. "" strongly implies an opening quote or thesis statement, suggesting the book's thematic intent about existentialism or spiritual growth.

Final token ""intent. "" closes a declarative clause (""He states that the book began with the intention to explore the book's origins and he seeks to broaden its scope""), strongly expecting continuation like ""He then examines"" or ""The author's primary motivation is..."" or ""This book covers...""",0.889674,0.220652
REP-006|zh|hanzi#11,REP-006,Qwen/Qwen2.5-7B-Instruct,Qwen,zh,A,S1,S,freedom,,,representation,C6,core,baseline,這本書的作者在序言裡提到，他當初動筆，就是想好好談談自由。,自由,1,23,20,21,110.06578826904297,REP-006|zh|hanzi#11#siteA,REP-006|zh|hanzi#11#siteA#k2,2,"Hong Kong literary writer's blog post tone signals an intellectual book review or essay introduction, likely referencing a Taiwanese film.

The phrase ""這本新書談到自由"" strongly implies a noun phrase or topic about freedom or ideology, likely continuing an argument about either a book title or cultural debate around liberal values versus conformism, suggesting ""自由意志"" or similar concepts about philosophy and morality.

Final token ""自由"" is mid-word (""談到自由""), part of a listed concept clause (""我曾思考過自由""), strongly expecting continuation like ""意志"" or ""的界線"" or ""與政治"" or ""的理念與生活"" or similar noun phrase completing the topic.",0.932963,0.134075
REP-006|zh|hanzi#11,REP-006,Qwen/Qwen2.5-7B-Instruct,Qwen,zh,B,S1,S,freedom,,,representation,C6,core,baseline,這本書的作者在序言裡提到，他當初動筆，就是想好好談談自由。,自由,1,23,20,22,111.03923034667969,REP-006|zh|hanzi#11#siteB,REP-006|zh|hanzi#11#siteB#k0,0,"Taiwanese literary blog format with academic tone, suggesting a book introduction or essay by a famous thinker about a famous philosopher.

The sentence ""這本書是他寫完《存在與政治》之後，談到的主題是自由。他想談的是自由"" strongly implies a opening claim or narrative setup, likely continuing with her argument about why the book addresses freedom and ethics.

Final token ""自由。"" closes a clause about the author's original intent (""他想談的是自由。他想寫這本書就是想談自由""), strongly expecting continuation like ""但他在過程中發現"" or ""这本小书其实探问的是..."" or ""他并非一开始就明确界定...""",0.901662,0.196676
REP-007|en|latin#14,REP-007,Qwen/Qwen2.5-7B-Instruct,Qwen,en,A,S1,S,democracy,,,representation,C1,core,baseline,"At last week's public forum, the participants spent a good deal of time discussing democracy and shared a range of different views.",democracy,1,25,20,16,118.59898376464844,REP-007|en|latin#14#siteA,REP-007|en|latin#14#siteA#k2,2,"Historical/political blog tone with a headline suggesting a podcast episode, implying academic or civic commentary about U.S. politics and media.

The phrase ""Recently I've been thinking about democracy"" signals an introduction or topic about a specific article or series, likely a framing question or theme around democracy, civic engagement, or the Tea Party's views on government.

Final token ""democracy"" ends mid-word or mid-phrase (""thoughts about democracy""), part of a list or topic introduction clause (""This post has been exploring democracy""), strongly expecting continuation like ""and transparency,"" ""in America,"" ""and its challenges,"" or ""as a concept"" or ""and the process.""",0.939847,0.120306
REP-007|en|latin#14,REP-007,Qwen/Qwen2.5-7B-Instruct,Qwen,en,B,S1,S,democracy,,,representation,C1,core,baseline,"At last week's public forum, the participants spent a good deal of time discussing democracy and shared a range of different views.",democracy,1,25,20,24,114.49002075195312,REP-007|en|latin#14#siteB,REP-007|en|latin#14#siteB#k3,3,"Academic/ civic-minded tone suggests a blog or newsletter post introducing a political event, likely a discussion about progressive values.

The phrase ""Last week a group of people gathered to discuss the presidential election and a variety of views were expressed about democracy. The debate was wide-ranging."" implies an introduction or framing, likely a summary of viewpoints or a quote or reflection on the diversity of ideas from the event.

Final token ""views. "" closes a clause (""An recent debate about the conference's core ideas and issues was held, and many people expressed different views. ""), strongly expecting continuation like ""One key theme was,"" ""The participants were,"" or ""I thought it was important to clarify.""",0.904745,0.19051
REP-007|zh|hanzi#13,REP-007,Qwen/Qwen2.5-7B-Instruct,Qwen,zh,A,S1,S,democracy,,,representation,C1,core,baseline,在上週的公開座談會上，與會者花了不少時間討論民主，也各自提出了不同的看法。,民主,1,25,20,17,110.46759796142578,REP-007|zh|hanzi#13#siteA,REP-007|zh|hanzi#13#siteA#k3,3,"Hong Kong media article tone with editorial framing (""香港票房大导演的說法: 我國的‘不對話’""), suggesting political commentary or analysis context.

The phrase ""這篇文章提到民主"" signals an incomplete noun phrase, likely continuing a list or theme about recent controversies or concerns around Taiwan's media or democracy, implying a specific topic like ""values"" or ""trial.""

Final token ""民主"" is mid-word from ""民主"" beginning a noun phrase (""關於民主""), part of a speculative question structure (""關於民主...""), strongly expecting continuation like ""制度的問題"" or ""與反彈"" or ""黨的衰落"" or similar thematic term.",0.913939,0.172122
REP-007|zh|hanzi#13,REP-007,Qwen/Qwen2.5-7B-Instruct,Qwen,zh,B,S1,S,democracy,,,representation,C1,core,baseline,在上週的公開座談會上，與會者花了不少時間討論民主，也各自提出了不同的看法。,民主,1,25,20,24,110.14986419677734,REP-007|zh|hanzi#13#siteB,REP-007|zh|hanzi#13#siteB#k2,2,"Singaporean political commentary tone with cultural context, suggesting an article or blog post about National Day speeches and democratic ideals.

The phrase ""在今天這場關於-feedback的討論會中，諸位學者與政治人物都分享了一些對「台灣和平」的看法。"" implies an introduction or framing clause, likely continuing with reflections or a list of viewpoints from the conference participants.

Final token ""意見。"" closes a clause (""在這次有關民主與政治理念的討論會中，參與者們提出了一些不同看法。""), strongly expecting continuation like ""One of them"" or ""The discussion focused on..."" or ""Some participants particularly noted..."" or ""This essay.""",0.912223,0.175555
REP-008|en|latin#16,REP-008,Qwen/Qwen2.5-7B-Instruct,Qwen,en,A,S1,S,democracy,,,representation,C2,core,baseline,"In class, the teacher used a few everyday examples to help the students understand democracy.",democracy,1,17,20,15,119.7589340209961,REP-008|en|latin#16#siteA,REP-008|en|latin#16#siteA#k2,2,"Formal educational/cultural image format with a quiz or activity prompt structure (""An exercise asks kids to understand democracy""), implying a student activity or article context around a cartoon.

The phrase ""Sometimes children create a comic to understand democracy"" suggests a topic about a specific concept or activity around democracy, likely a metaphor or definition exercise about democratic processes or voting.

Final token ""democracy"" ends an incomplete noun phrase (""explore democracy""), part of a title or concept framing clause (""A few activities show kids understand democracy""), strongly expecting continuation like ""and its principles,"" ""in action,"" or ""as a system"" or ""and voting,"" completing the educational prompt's theme.",0.943885,0.11223
REP-008|en|latin#16,REP-008,Qwen/Qwen2.5-7B-Instruct,Qwen,en,B,S1,S,democracy,,,representation,C2,core,baseline,"In class, the teacher used a few everyday examples to help the students understand democracy.",democracy,1,17,20,16,119.37666320800781,REP-008|en|latin#16#siteB,REP-008|en|latin#16#siteB#k0,0,"Formal educational context with a math or social-science format, suggesting a student activity or quiz question about economics concepts.

The phrase ""A teacher used a fruit basket analogy to explain democracy concepts to her class. The teacher gave some examples from real life to help students understand."" implies an introductory prompt structure, likely a numbered list or examples of activities the teacher used to illustrate democratic principles.

Final token ""concepts. "" closes a clause (""An educator tried to teach economics lessons using a school's government activity. The teacher chose some examples from the class.""), strongly expecting continuation like ""He gave the following examples:"" or ""The examples were:"" or ""He compared several everyday items.""",0.890062,0.219876
REP-008|zh|hanzi#15,REP-008,Qwen/Qwen2.5-7B-Instruct,Qwen,zh,A,S1,S,democracy,,,representation,C2,core,baseline,老師在課堂上舉了幾個生活中的例子，帶著學生一起認識民主。,民主,1,18,20,16,112.75445556640625,REP-008|zh|hanzi#15#siteA,REP-008|zh|hanzi#15#siteA#k4,4,"Hong Kong school teaching resource format with a picture caption, suggesting educational or interactive content about ""民主"" (democracy) and children's understanding.

The phrase ""有些小朋友通過遊戲了解民主"" implies an incomplete or implied topic phrase, suggesting a list or concept about democratic values, possibly a quiz or activity title or historical illustrations about democratic principles.

Final token ""民主"" ends mid-word (""了解民主""), part of a compound noun or list structure (""有些題目討論過民主""), strongly expecting continuation like ""制度"" or ""投票"" or ""與公義"" or ""的三個面向"" or ""民主的優點"" — completing the concept about democratic concepts.",0.945275,0.109451
REP-008|zh|hanzi#15,REP-008,Qwen/Qwen2.5-7B-Instruct,Qwen,zh,B,S1,S,democracy,,,representation,C2,core,baseline,老師在課堂上舉了幾個生活中的例子，帶著學生一起認識民主。,民主,1,18,20,17,108.47749328613281,REP-008|zh|hanzi#15#siteB,REP-008|zh|hanzi#15#siteB#k4,4,"Hong Kong textbook illustration context suggests a children's education article or poster activity, implying an educational tone about civic values or social concepts.

The phrase ""一群小學生在街上玩骰子遊戲，老師向他們介紹憲法概念。"" strongly implies a story or scenario setup, suggesting the text continues describing activities or examples the teacher used to illustrate democratic principles.

Final token ""概念。"" closes a clause (""他們從學習憲法開始，老師教學生們了解民主。""), strongly expecting a continuation like ""下列選項中"" or ""他舉出了一些具體事例"" or ""这个过程"" or ""学生由此了解到... "".",0.882521,0.234957
REP-009|en|latin#18,REP-009,Qwen/Qwen2.5-7B-Instruct,Qwen,en,A,S1,S,democracy,,,representation,C3,core,baseline,"After class, a student stayed behind and went up to ask the teacher about democracy in more detail.",democracy,1,20,20,15,109.07664489746094,REP-009|en|latin#18#siteA,REP-009|en|latin#18#siteA#k2,2,"Chinese language educational platform format with a casual, informal tone suggesting an educational post or discussion thread about middle school literature or politics.

The phrase ""Some students casually expressed confusion about democracy"" implies a specific topic or quote expected next, likely a student's misconception about democracy or related concept, probably a Chinese language discussion about democracy or Marxist theory.

Final token ""democracy"" ends mid-phrase (""talked about democracy""), part of an incomplete clause (""When students discussed about democracy""), strongly expecting continuation like ""and socialism"" or ""in history"" or ""and its definition"" or ""in class"" or ""and capitalism, arguing various definitions,"" completing a specific student confusion event.",0.885565,0.228871
REP-009|en|latin#18,REP-009,Qwen/Qwen2.5-7B-Instruct,Qwen,en,B,S1,S,democracy,,,representation,C3,core,baseline,"After class, a student stayed behind and went up to ask the teacher about democracy in more detail.",democracy,1,20,20,19,105.39102172851562,REP-009|en|latin#18#siteB,REP-009|en|latin#18#siteB#k4,4,"Formal Chinese language educational context with a student's reflection or inquiry format, suggesting an example text about philosophical concepts or social issues.

The phrase ""In class, a student raised a question about economic theory to his teacher, and a student came to the teacher's office seeking deeper understanding."" implies a scenario setup, likely a student's question or response about a specific concept is imminent.

Final token ""office. "" ends a clause (""A student approached the teacher after class and asked a student about a certain topic after studying a textbook. ""), strongly expecting continuation like ""The student asked..."" or ""He was given a detailed response about..."" or ""The teacher expressed curiosity about his ideas.""",0.847457,0.305087
REP-009|zh|hanzi#17,REP-009,Qwen/Qwen2.5-7B-Instruct,Qwen,zh,A,S1,S,democracy,,,representation,C3,core,baseline,有位學生下課後留下來，特地跑去問老師關於民主的問題。,民主,1,19,20,15,115.91542053222656,REP-009|zh|hanzi#17#siteA,REP-009|zh|hanzi#17#siteA#k0,0,"Taiwanese academic literary context with informal blog format, suggesting a student's speech or quote about political education.

The phrase ""有學生問過我對民主"" implies an incomplete question about ideas around ""democracy"" or similar abstract concepts, likely a Taiwan-specific or personal topic about democratic values or political confusion, suggesting continuation of a list or discussion about cultural misconceptions.

Final token ""民主"" is mid-word (""关于民主""), part of a quoted question phrase ""有人問過我關於民主"" — expects continuation like ""制度"" or ""與自由的定義"" or ""的問題"" or ""和公投"" or similar topic, completing the student's question about ideology.",0.945026,0.109948
REP-009|zh|hanzi#17,REP-009,Qwen/Qwen2.5-7B-Instruct,Qwen,zh,B,S1,S,democracy,,,representation,C3,core,baseline,有位學生下課後留下來，特地跑去問老師關於民主的問題。,民主,1,19,20,18,103.47073364257812,REP-009|zh|hanzi#17#siteB,REP-009|zh|hanzi#17#siteB#k2,2,"Taiwanese political commentary format with informal tone, suggesting a short educational article about philosophy or moral values.

The sentence structure ""最近有個學生在課堂上提問一個法官的台灣教育哲學問題。"" implies a narrative setup introducing a student's question to a respected teacher, strongly implying a concrete anecdote or dialogue follows about the student's reflection on ethics or values.

Final token ""問題。"" closes a clause (""一個學生來問教育廳長之後，一位學生對學校制度提出問題。""), immediately expecting a continuation like ""他問： "" or ""这位学生很认真地询问了..."" or ""老师回应了他的一些疑惑"".",0.900154,0.199691
REP-010|en|latin#20,REP-010,Qwen/Qwen2.5-7B-Instruct,Qwen,en,A,S1,S,democracy,,,representation,C4,core,baseline,"While a few friends were chatting, the conversation eventually turned to democracy, and they debated it with real enthusiasm.",democracy,1,22,20,12,117.61990356445312,REP-010|en|latin#20#siteA,REP-010|en|latin#20#siteA#k1,1,"Arabic language blog post format with informal tone, suggesting a social media post or article; the phrase ""Some folks in Korea recently complained about democracy"" implies a topic or prompt about politics.

The phrase ""I have often heard discussions about democracy"" implies a noun phrase or topic introduction, likely naming a specific concept or cultural notion, possibly about democracy, education, or political values in Asian context.

Final token ""democracy"" ends mid-phrase (""about democracy""), part of a list or thought sequence (""Some people have been talking about democracy""), strongly expecting continuation like ""and its decline,"" ""systems,"" ""and freedom,"" or ""as a concept"" or ""of voting.""",0.948421,0.103158
REP-010|en|latin#20,REP-010,Qwen/Qwen2.5-7B-Instruct,Qwen,en,B,S1,S,democracy,,,representation,C4,core,baseline,"While a few friends were chatting, the conversation eventually turned to democracy, and they debated it with real enthusiasm.",democracy,1,22,20,21,96.41899871826172,REP-010|en|latin#20#siteB,REP-010|en|latin#20#siteB#k1,1,"Formal English language context suggesting a literary or idiomatic expression, implying a sentence structure about a group of people discussing politics.

The phrase ""Some people gathered together and were very enthusiastic about a philosophical debate. The group of students was deeply immersed in discussing a certain topic."" implies a prompt or story scenario setup, likely expecting continuation describing actions or emotions around the group's activity.

Final token ""topic. "" closes a clause (""The people argued heatedly and voluntarily entered an argument. A group of students discussed their opinions and thoughts. ""), strongly expecting continuation like ""The scenario was:"" or ""He was happy"" or ""The following people"" or ""This sentence involves..."".",0.846676,0.306649
REP-010|zh|hanzi#19,REP-010,Qwen/Qwen2.5-7B-Instruct,Qwen,zh,A,S1,S,democracy,,,representation,C4,core,baseline,幾個朋友聚在一起聊天時，不知不覺就聊到了民主，討論得相當熱烈。,民主,1,20,20,12,116.9260482788086,REP-010|zh|hanzi#19#siteA,REP-010|zh|hanzi#19#siteA#k4,4,"Hong Kong internet humor or casual blog tone with a post title suggesting an intellectual discussion, implying a provocative or ironic social commentary about politics or education.

The phrase ""我個人常常會對民主"" begins a list or topic about something related to ""民主"" (likely a Chinese context), strongly implying a topic about democratic concepts, political systems, or critiques of modern life.

Final token ""民主"" is mid-word (""關於民主""), part of an incomplete noun phrase ""有时我就曾谈论過民主"" suggesting continuation of a topic enumeration or question about opinions, likely ""制度"" or ""与专制的对比"" or ""政治"" or ""民主投票的本质"" or similar.",0.945456,0.109088
REP-010|zh|hanzi#19,REP-010,Qwen/Qwen2.5-7B-Instruct,Qwen,zh,B,S1,S,democracy,,,representation,C4,core,baseline,幾個朋友聚在一起聊天時，不知不覺就聊到了民主，討論得相當熱烈。,民主,1,20,20,19,107.02201843261719,REP-010|zh|hanzi#19#siteB,REP-010|zh|hanzi#19#siteB#k3,3,"Taiwanese-language literary blog tone with informal or colloquial framing suggesting a discussion of philosophy or ethics around '自由' (freedom).

The phrase ""有幾個好友聚在一起喝咖啡時，話題扯到一些哲學論題。一群人在討論完《莊子》後。 "" implies an introductory setup, expecting a story or argument about the discussion participants' viewpoints.

Final token ""讨论。"" closes a clause (""一群人在聚会上朋友聚谈。几位朋友在讨论哲学问题。""), strongly expecting continuation like ""其中一个朋友提出"" or ""大家意见纷争"" or ""我忽然想起一些话题"", completing the narrative context.",0.894266,0.211467
REP-011|en|latin#22,REP-011,Qwen/Qwen2.5-7B-Instruct,Qwen,en,A,S1,S,democracy,,,representation,C5,core,baseline,"While browsing in the library yesterday, I happened to read a passage that discussed democracy at some length.",democracy,1,20,20,15,126.79646301269531,REP-011|en|latin#22#siteA,REP-011|en|latin#22#siteA#k1,1,"Blog/post format with an academic/philosophical tone suggesting a quotation or cultural discussion, implying an essay about American politics or political discourse.

The phrase ""Recently I have been reading about democracy"" strongly implies a title or topic about a specific concept or historical perspective on democracy, likely a series of quotes or points about democratic values or skepticism about democratic institutions.

Final token ""democracy"" ends an incomplete noun phrase (""discussed democracy""), part of a quoted or contextualized claim structure (""He wrote about democracy""), strongly expecting continuation like ""and/or freedom"" or ""as a process"" or ""in terms of ancient Greek values"" or ""and its decline,"" continuing the topic.",0.956365,0.087269
REP-011|en|latin#22,REP-011,Qwen/Qwen2.5-7B-Instruct,Qwen,en,B,S1,S,democracy,,,representation,C5,core,baseline,"While browsing in the library yesterday, I happened to read a passage that discussed democracy at some length.",democracy,1,20,20,19,115.33330535888672,REP-011|en|latin#22#siteB,REP-011|en|latin#22#siteB#k4,4,"American student blog tone with informal register signals an imminent personal reflection or anecdote about political philosophy.

The phrase ""I recently read a passage from a newspaper article about democracy, and while browsing a philosophy text I came across a discussion about government."" strongly implies a narrative context setup, likely a blog post or personal observation about a specific reading's conclusions or ideas.

Final token ""text. "" closes a clause (""I recently encountered an article about an idea about government. A philosophy article I read gave a brief description of an idea""), immediately expecting continuation like ""It was quite interesting,"" or ""The passage was about the concept of democracy,"" or ""I found some surprising points.""",0.910175,0.17965
REP-011|zh|hanzi#21,REP-011,Qwen/Qwen2.5-7B-Instruct,Qwen,zh,A,S1,S,democracy,,,representation,C5,core,baseline,我昨天在圖書館翻書時，剛好讀到一段在講民主的文字。,民主,1,20,20,17,113.47602081298828,REP-011|zh|hanzi#21#siteA,REP-011|zh|hanzi#21#siteA#k4,4,"Hong Kong cultural/philosophical blog post tone with informal Chinese-character quotation marks suggesting a book title or essay context about political correctness and ideology.

The phrase ""有人甚至用一首詩批判過民主"" implies an opening phrase or concept about a topic related to democracy or politics, suggesting the author is listing or addressing criticisms or misinterpretations of a certain concept.

Final token ""民主"" is mid-phrase in ""關於民主"", part of an incomplete noun phrase listing topics (""有一篇談到民主""), strongly expecting a noun like ""制度"" or ""的價值"" or ""與自由"" or ""的流弊"" or ""和公投"" — a common Taiwan critique term.",0.943056,0.113888
REP-011|zh|hanzi#21,REP-011,Qwen/Qwen2.5-7B-Instruct,Qwen,zh,B,S1,S,democracy,,,representation,C5,core,baseline,我昨天在圖書館翻書時，剛好讀到一段在講民主的文字。,民主,1,20,20,19,103.23009490966797,REP-011|zh|hanzi#21#siteB,REP-011|zh|hanzi#21#siteB#k3,3,"Hong Kong youth blog tone and casual register signals an informal post about politics or social issue, implying personal reflection or quotation context.

The sentence ""今天我在看一本哲學書，看到一篇關於政府的社論。"" establishes a setup clause suggesting a personal memory or experience, implying a quote or discussion around a specific philosophy concept or passage from the book.

Final token ""的。"" closes a clause (""我在看一本书關於自由主義後，讀到有關民主權力的一段話。""), strongly expecting continuation like ""我发现"" or ""那段話中有一些感觸"" or ""它谈到自由概念很有趣"" or ""然而其中有些片段让我反思"" .",0.896322,0.207356
REP-012|en|latin#24,REP-012,Qwen/Qwen2.5-7B-Instruct,Qwen,en,A,S1,S,democracy,,,representation,C6,core,baseline,"In the preface, the author explains that the book grew out of a wish to explore democracy in depth.",democracy,1,22,20,18,122.39904022216797,REP-012|en|latin#24#siteA,REP-012|en|latin#24#siteA#k3,3,"Academic literary/cultural text with scholarly tone, suggesting a book description or commentary format featuring a prominent intellectual figure's writings on politics and history.

The phrase ""One book sets out to study democracy"" strongly implies an incomplete noun phrase or thematic statement about a topic related to democratic theory or intellectual history, likely a book's focus on democratic values or social philosophy.

Final token ""democracy"" ends mid-phrase (""examining democracy""), part of a quoted or listed topic clause (""He has attempted to explore democracy""), expecting continuation like ""and religion,"" ""as a process,"" or ""in a new light,"" or ""in terms of a cultural or historical crisis.""",0.948377,0.103245
REP-012|en|latin#24,REP-012,Qwen/Qwen2.5-7B-Instruct,Qwen,en,B,S1,S,democracy,,,representation,C6,core,baseline,"In the preface, the author explains that the book grew out of a wish to explore democracy in depth.",democracy,1,22,20,21,105.79010772705078,REP-012|en|latin#24#siteB,REP-012|en|latin#24#siteB#k0,0,"Academic literary format with a book description header suggests a scholarly text or course outline, expecting citations and analysis of a philosophical work.

The phrase ""The author begins his book declaring that this book is an attempt to construct a global history of sociology. The author's purpose is to explain the emergence of his project."" implies an introductory or thematic claim, signaling a question or quoted passage about intent.

Final token ""emergence."" closes a declarative clause (""The author claims the book's primary purpose is to investigate its origins and aims to broaden the discipline. It began with an intention to investigate...""), strongly expecting ""The author then proceeds"" or ""This book's core ideas are..."".",0.903269,0.193462
REP-012|zh|hanzi#23,REP-012,Qwen/Qwen2.5-7B-Instruct,Qwen,zh,A,S1,S,democracy,,,representation,C6,core,baseline,這本書的作者在序言裡提到，他當初動筆，就是想好好談談民主。,民主,1,23,20,21,122.02642059326172,REP-012|zh|hanzi#23#siteA,REP-012|zh|hanzi#23#siteA#k4,4,"Hwang's intellectual memoir tone signals a Taiwanese academic blog or commentary piece introducing a book, expecting cultural and political discourse about democracy, freedom, or ideology.

The phrase ""為了一本新書，我常常思考民主"" implies a title or question about democracy's nature or decline, suggesting a thematic thread about intellectual confusion or misunderstanding about democratic ideals.

Final token ""民主"" is mid-word ("" Discussion about民主""), part of a list or question structure (""我們曾對談過民主""), strongly expecting a noun phrase continuation like ""制度的真義"" or ""与自由的关系"" or ""的複雜性"" or ""社会运动的意义"" completing the topic.",0.945933,0.108135
REP-012|zh|hanzi#23,REP-012,Qwen/Qwen2.5-7B-Instruct,Qwen,zh,B,S1,S,democracy,,,representation,C6,core,baseline,這本書的作者在序言裡提到，他當初動筆，就是想好好談談民主。,民主,1,23,20,22,109.78414916992188,REP-012|zh|hanzi#23#siteB,REP-012|zh|hanzi#23#siteB#k2,2,"Taiwanese literary scholar's book introduction, suggesting a scholarly yet accessible tone with critical reflection on democracy and Chinese politics.

The phrase ""这本书是他65歲寫《民主的思辨》。他從書中開始就說想講政治，想要寫這本書"" implies an opening statement about the author's intent or thesis, strongly implying the book addresses the concept of democracy.

Final token ""民主。"" closes a declarative clause (""他想寫这本书是為了談民主。他想講民主""), immediately expecting continuation like ""但這本書卻沒有那么简单"" or ""作者想探究的不只是民主，而是..."" or ""他自认面对的问题"".",0.89818,0.203639
REP-013|en|latin#26,REP-013,Qwen/Qwen2.5-7B-Instruct,Qwen,en,A,S1,S,human rights,,,representation,C1,core,baseline,"At last week's public forum, the participants spent a good deal of time discussing human rights and shared a range of different views.",human rights,2,26,20,17,123.2199935913086,REP-013|en|latin#26#siteA,REP-013|en|latin#26#siteA#k2,2,"Canadian political/cultural commentary tone with informal register, suggesting an educational or blog-style blog post about a Canadian-American minister's travel.

The phrase ""Some have been discussing human rights"" strongly implies a topic introduction or a specific issue, likely a headline or discussion about human rights violations, rights discourse, or a book's focus on Canadian politics.

Final token ""rights"" ends mid-phrase (""human rights""), part of a noun phrase listing topics (""I have heard about human rights""), strongly expecting continuation like ""issues,"" ""and environmental concerns,"" ""and the persecution of LGBTQ"" or ""concepts,"" or ""in the context of a global crisis"" or similar.",0.936889,0.126222
REP-013|en|latin#26,REP-013,Qwen/Qwen2.5-7B-Instruct,Qwen,en,B,S1,S,human rights,,,representation,C1,core,baseline,"At last week's public forum, the participants spent a good deal of time discussing human rights and shared a range of different views.",human rights,2,26,20,25,112.57093811035156,REP-013|en|latin#26#siteB,REP-013|en|latin#26#siteB#k0,0,"Formal Canadian NGO communication tone signals a public affairs or civic event context, suggesting an advisory or reflective post about the UN General Assembly discussions.

The phrase ""Yesterday a number of people participated in a public discussion on the budget issue and various views were expressed. The debate was quite wide-ranging."" implies an introduction is expected, likely referencing specific views or conclusions from the assembly.

Final token ""issue. "" closes a clause (""An recent assembly meeting on various topics and people had a variety of opinions during the forum discussion. The participants disagreed about the facts.""), strongly expecting continuation like ""Some of these views were..."" or ""I would like to share my thoughts on..."" or ""The debate.""",0.907589,0.184823
REP-013|zh|hanzi#25,REP-013,Qwen/Qwen2.5-7B-Instruct,Qwen,zh,A,S1,S,human rights,,,representation,C1,core,baseline,在上週的公開座談會上，與會者花了不少時間討論人權，也各自提出了不同的看法。,人權,2,26,20,18,117.22795104980469,REP-013|zh|hanzi#25#siteA,REP-013|zh|hanzi#25#siteA#k4,4,"Hong Kong political context establishes a headline or article format with ""香港前總理"" implying a Singaporean media commentary or social media post about COVID-19 restrictions.

The phrase ""他亦提到人權"" suggests a list or topic about human rights concerns or a related subject, likely an article title or argument about government actions or censorship, implying continuation of a specific topic.

Final token ""人權"" is mid-phrase (""人權""), part of a vague noun phrase beginning ""關於人權"" — strongly expects a noun like ""問題"" or ""與自由"" or ""標籤、批判"" or ""法案的模糊性"" or similar concept completing the question.",0.913513,0.172974
REP-013|zh|hanzi#25,REP-013,Qwen/Qwen2.5-7B-Instruct,Qwen,zh,B,S1,S,human rights,,,representation,C1,core,baseline,在上週的公開座談會上，與會者花了不少時間討論人權，也各自提出了不同的看法。,人權,2,26,20,25,109.7248764038086,REP-013|zh|hanzi#25#siteB,REP-013|zh|hanzi#25#siteB#k3,3,"Taiwanese democratic blogger post format with title suggesting a discussion event on 'Human Rights' and 'Constitution', implying an editorial or commentary context.

The phrase ""在一個最近的國際會議上，關於「合一級政府」的意見交換中，各界學者都提出意見。 "" suggests an introduction or summary, expecting continuation about specific viewpoints or controversies.

Final token ""意見。 "" closes a clause (""在這場有關信仰與宗教自由的討論大會中，參與者們對多個議題有不同的意見。""), strongly expecting a continuation like ""One of them"" or ""The participants discussed"" or ""Some of these discussions focused on...""",0.912741,0.174519
REP-014|en|latin#28,REP-014,Qwen/Qwen2.5-7B-Instruct,Qwen,en,A,S1,S,human rights,,,representation,C2,core,baseline,"In class, the teacher used a few everyday examples to help the students understand human rights.",human rights,2,18,20,16,122.48285675048828,REP-014|en|latin#28#siteA,REP-014|en|latin#28#siteA#k2,2,"Structured educational format with a picture and descriptive context suggests a worksheet or activity prompt, likely a children's educational article about human rights in English.

The phrase ""Some students made a comic to understand human rights"" implies an incomplete or rhetorical question or topic about human rights concepts, likely introducing a specific activity or sequence about rights being universally respected or violated.

Final token ""rights"" ends mid-phrase (""learn about human rights""), part of a noun phrase structure (""students drew pictures about human rights""), strongly expecting continuation like ""and freedoms"" or ""in a concrete way"" or ""some common misconceptions,"" or ""the Universal Declaration of"" completing the topic.",0.932301,0.135398
REP-014|en|latin#28,REP-014,Qwen/Qwen2.5-7B-Instruct,Qwen,en,B,S1,S,human rights,,,representation,C2,core,baseline,"In class, the teacher used a few everyday examples to help the students understand human rights.",human rights,2,18,20,17,114.89630126953125,REP-014|en|latin#28#siteB,REP-014|en|latin#28#siteB#k0,0,"Formal educational platform format with Chinese language context implies a quiz or activity prompt structure, likely a textbook or lesson exercise about 'social responsibility'.

The phrase ""To help students understand the concepts of law, a teacher used several real-life examples from the National People's Congress to teach legal knowledge. "" signals an introduction or prompt setup, suggesting a list or enumeration of examples will follow.

Final token ""law. "" closes an incomplete clause (""An educator gave a class activity to illustrate examples. The teacher used the UN's activities to teach some activities. ""), strongly expecting ""Which of the following examples are correct?"" or ""He explained the following items are:"" or similar student activity prompt.",0.872918,0.254163
REP-014|zh|hanzi#27,REP-014,Qwen/Qwen2.5-7B-Instruct,Qwen,zh,A,S1,S,human rights,,,representation,C2,core,baseline,老師在課堂上舉了幾個生活中的例子，帶著學生一起認識人權。,人權,2,19,20,17,119.34044647216797,REP-014|zh|hanzi#27#siteA,REP-014|zh|hanzi#27#siteA#k3,3,"Hong Kong educational resource format with bilingual (English and Chinese) context signals a children's activity or campaign, likely a book or poster promoting human rights awareness.

The phrase ""有些小朋友從小就認識人權"" implies an incomplete phrase about exploring human rights topics, strongly suggesting a list or theme about specific human rights concepts or a centennial event title.

Final token ""人權"" ends mid-phrase (""探索人權""), part of a noun phrase listing or describing an activity (""有些人曾透過繪畫認識人權""), expecting continuation like ""的原則"" or "" violations"" or ""的基本理念"" or ""五个方面的内容"" to complete the concept.",0.938322,0.123356
REP-014|zh|hanzi#27,REP-014,Qwen/Qwen2.5-7B-Instruct,Qwen,zh,B,S1,S,human rights,,,representation,C2,core,baseline,老師在課堂上舉了幾個生活中的例子，帶著學生一起認識人權。,人權,2,19,20,18,106.9941635131836,REP-014|zh|hanzi#27#siteB,REP-014|zh|hanzi#27#siteB#k2,2,"Taiwanese educational platform format with illustrative image caption suggesting a children's learning activity or social-emotional lesson.

The phrase ""一群孩子在博物館參觀，學習「公民意識」。老師以諸多社會課題為題，引導孩子認識憲法。 "" implies a narrative setup or story, likely a title or activity description continuing the educational context.

Final token ""意識。"" ends an incomplete clause (""他們透過看影片學習憲法，並透過生活課題了解公民教育。""), strongly expecting continuation like ""他發現"" or ""以下是他所收集的幾個例子"" or ""这个活动让学生明白..."" or similar.",0.894761,0.210479
REP-015|en|latin#30,REP-015,Qwen/Qwen2.5-7B-Instruct,Qwen,en,A,S1,S,human rights,,,representation,C3,core,baseline,"After class, a student stayed behind and went up to ask the teacher about human rights in more detail.",human rights,2,21,20,16,110.72028350830078,REP-015|en|latin#30#siteA,REP-015|en|latin#30#siteA#k2,2,"Formal educational context with a Chinese-language educational platform format suggests an interactive or spoken activity, likely a blog or classroom exchange about ""The Constitution"" or human rights.

The phrase ""Some students once misunderstood human rights"" implies an incomplete or casual student dialogue topic, likely a joke or personal reflection about a historical or confused concept, suggesting a word or topic about human rights or constitutional rights follows.

Final token ""rights"" ends mid-phrase (""about human rights""), part of an incomplete noun phrase or question (""Some students discussed about human rights""), strongly expecting continuation like ""and freedoms"" or ""issues,"" or ""in history,"" or ""a certain concept about humans,"" completing the topic.",0.887285,0.225431
REP-015|en|latin#30,REP-015,Qwen/Qwen2.5-7B-Instruct,Qwen,en,B,S1,S,human rights,,,representation,C3,core,baseline,"After class, a student stayed behind and went up to ask the teacher about human rights in more detail.",human rights,2,21,20,20,107.01728820800781,REP-015|en|latin#30#siteB,REP-015|en|latin#30#siteB#k4,4,"Chinese language educational context with formal exam format signals a problem scenario or fill-in-the-blank type question structure.

The sentence ""A student entered a teacher's office and raised questions about social responsibility issues after class, a student asked the teacher about a certain theory. "" strongly implies a narrative scenario introducing a student's inquiry or dialogue, likely a student asking a genuine reflective question about the teacher's knowledge.

Final token ""question. "" closes a clause (""When a student came to the teacher's office to seek help after class, a student asked the teacher about the topic...""), immediately expecting continuation like ""The teacher responded"" or ""This student's inquiry was about..."" or ""He was.""",0.839339,0.321321
REP-015|zh|hanzi#29,REP-015,Qwen/Qwen2.5-7B-Instruct,Qwen,zh,A,S1,S,human rights,,,representation,C3,core,baseline,有位學生下課後留下來，特地跑去問老師關於人權的問題。,人權,2,20,20,16,116.93254852294922,REP-015|zh|hanzi#29#siteA,REP-015|zh|hanzi#29#siteA#k2,2,"Hong Kong secondary school educational context with informal tone suggesting a blog or discussion post, implying a student's personal identity or confusion about a topic.

The phrase ""有些學生曾問過我關於人權"" implies a question phrase or topic about human rights, likely continuing a list or theme, suggesting a second word or specific concept about rights or moral values is expected next.

Final token ""人權"" is mid-word (""關於人權""), part of an incomplete question about a student's misunderstanding of a topic, strongly expecting continuation like ""的問題"" or ""與自由"" or ""理念"" or ""相關的議題"" or ""的界限"" — a common Singaporean/educational context.",0.926168,0.147663
REP-015|zh|hanzi#29,REP-015,Qwen/Qwen2.5-7B-Instruct,Qwen,zh,B,S1,S,human rights,,,representation,C3,core,baseline,有位學生下課後留下來，特地跑去問老師關於人權的問題。,人權,2,20,20,19,103.88623809814453,REP-015|zh|hanzi#29#siteB,REP-015|zh|hanzi#29#siteB#k0,0,"Taiwanese-language blog post title with casual educational tone suggests a reflective or dramatic narrative about philosophical concepts being misunderstood.

The structure ""有一次，某位學生在上課後向老師提出一個問題。一個學生對《教育平等》這本書產生疑問，特地跑來問老師"" implies an anecdote or scenario setup, likely a student's sincere question or observation about ethics.

Final token ""問題。"" closes the introductory clause (""有一個中學生在課後向老師請教教育理論。一個學生來問問題。""), strongly expecting continuation like ""他問的是"" or ""这位学生表达了真诚的思考"" or ""我看到他行为很有意思.""",0.896971,0.206057
REP-016|en|latin#32,REP-016,Qwen/Qwen2.5-7B-Instruct,Qwen,en,A,S1,S,human rights,,,representation,C4,core,baseline,"While a few friends were chatting, the conversation eventually turned to human rights, and they debated it with real enthusiasm.",human rights,2,23,20,13,122.89405822753906,REP-016|en|latin#32#siteA,REP-016|en|latin#32#siteA#k0,0,"Formal English language context with an informal blog or social media tone suggests an essay or headline about a celebrity's controversial stance, likely an anecdote about country-specific attitudes.

The phrase ""Recently I have been thinking about human rights"" implies a topic introduction or theme, likely a question or discussion about human rights abuses or related concepts, possibly a memoir or opinion piece.

Final token ""rights"" ends mid-phrase (""about human rights""), part of a list or topic introduction structure (""Some people have been talking about human rights""), strongly expecting continuation like ""issues,"" ""and freedoms,"" ""or the concept of freedom,"" or ""and a personal perspective which had been criticized.""",0.943231,0.113537
REP-016|en|latin#32,REP-016,Qwen/Qwen2.5-7B-Instruct,Qwen,en,B,S1,S,human rights,,,representation,C4,core,baseline,"While a few friends were chatting, the conversation eventually turned to human rights, and they debated it with real enthusiasm.",human rights,2,23,20,22,98.42967987060547,REP-016|en|latin#32#siteB,REP-016|en|latin#32#siteB#k3,3,"Formal English language context suggesting a literary or linguistic expression, implying a sentence about a group of people discussing an idea.

The phrase ""Some students were enthusiastically discussing a heated debate about politics and culture. They were all excited and engaged in a meeting."" implies a scenario or question prompt, likely a completed scenario describing the group's activities or emotions.

Final token ""ideas. "" closes a clause (""The people who argued the topic fervently and the discussion began. They had a heated discussion and a meeting of minds. ""), strongly anticipating a continuation like ""The speaker"" or ""This sentence was..."" or ""They were not sure about..."" or ""The students' topic.""",0.850989,0.298023
REP-016|zh|hanzi#31,REP-016,Qwen/Qwen2.5-7B-Instruct,Qwen,zh,A,S1,S,human rights,,,representation,C4,core,baseline,幾個朋友聚在一起聊天時，不知不覺就聊到了人權，討論得相當熱烈。,人權,2,21,20,13,120.16902160644531,REP-016|zh|hanzi#31#siteA,REP-016|zh|hanzi#31#siteA#k4,4,"Hong Kong internet humor format with informal tone suggesting a social media post or article title, implying a topic about freedom or opinion.

The phrase ""有些人經常討論到人權"" signals an implied concept or word about human rights, likely a joke or personal narrative about someone's opinions or misconceptions around certain topics, suggesting continuation of a cultural or political theme.

Final token ""人權"" is mid-phrase (""關於人權""), part of an incomplete noun phrase or question structure (""有些時候有人談到人權""), strongly expecting ""問題"" or ""的概念"" or ""和自由"", or ""上的議題"" or ""一些敏感問題"" completing the context.",0.937716,0.124568
REP-016|zh|hanzi#31,REP-016,Qwen/Qwen2.5-7B-Instruct,Qwen,zh,B,S1,S,human rights,,,representation,C4,core,baseline,幾個朋友聚在一起聊天時，不知不覺就聊到了人權，討論得相當熱烈。,人權,2,21,20,20,107.14197540283203,REP-016|zh|hanzi#31#siteB,REP-016|zh|hanzi#31#siteB#k3,3,"Taiwanese language context establishes a casual discussion post format, suggesting a personal anecdote about ""自由與平等"" philosophy or a philosophical debate.

The phrase ""一班朋友聚在一起談論《性別平等》這本書，大家在酒樓里討論完後。 "" implies an introductory setup, likely continuing with a narrative or list of viewpoints or topics from the group.

Final token "" Discussion."" closes the introductory clause (""幾個朋友聚在一起討論完一個議題。一群朋友在聚會裡。""), strongly expecting continuation like ""其中有些人提出"" or ""我突然想起..."" or ""大家的观点纷争激烈"" or ""话题转到其他法律相关问题。""",0.887723,0.224554
REP-017|en|latin#34,REP-017,Qwen/Qwen2.5-7B-Instruct,Qwen,en,A,S1,S,human rights,,,representation,C5,core,baseline,"While browsing in the library yesterday, I happened to read a passage that discussed human rights at some length.",human rights,2,21,20,16,126.07129669189453,REP-017|en|latin#34#siteA,REP-017|en|latin#34#siteA#k4,4,"Academic/educational blog tone with a quoted title suggesting a literary or political context, likely a Canadian or international writer's commentary on media or history.

The phrase ""I was recently reading about human rights"" implies an introductory or thematic claim about the speaker's thoughts on human rights, likely a second word or concept expected around human rights discourse or a specific historical event.

Final token ""rights"" ends mid-expression (""about human rights""), part of a noun phrase listing topics (""I have read about human rights""), strongly expecting continuation like ""and freedoms"" or ""issues being blown out of proportion"" or ""as universal"" or ""in the context of a historical document.""",0.951988,0.096025
REP-017|en|latin#34,REP-017,Qwen/Qwen2.5-7B-Instruct,Qwen,en,B,S1,S,human rights,,,representation,C5,core,baseline,"While browsing in the library yesterday, I happened to read a passage that discussed human rights at some length.",human rights,2,21,20,20,115.3532943725586,REP-017|en|latin#34#siteB,REP-017|en|latin#34#siteB#k3,3,"Student blog/essay tone with informal voice signals (""Today I happened across a book about ethics""), suggesting personal reflection or narrative context follows.

The sentence structure ""Recently I was reading an academic article about politics, and during that time I came across a passage discussing certain philosophical concepts."" strongly implies an introduction or anecdote about encountering a moral or intellectual concept, likely a specific text or book.

Final token ""concepts. "" closes a clause (""I recently read an article about a ethics class I happened upon a philosophy article about a book. ""), immediately expecting continuation like ""It was quite fascinating"" or ""The passage contained several ideas about the nature of government,"" or ""I recalled my own views.""",0.905852,0.188297
REP-017|zh|hanzi#33,REP-017,Qwen/Qwen2.5-7B-Instruct,Qwen,zh,A,S1,S,human rights,,,representation,C5,core,baseline,我昨天在圖書館翻書時，剛好讀到一段在講人權的文字。,人權,2,21,20,18,113.98319244384766,REP-017|zh|hanzi#33#siteA,REP-017|zh|hanzi#33#siteA#k1,1,"Hong Kong/English language culture context suggests a tweet or informal post about democracy, likely referencing a viral meme or image.

The phrase ""有人曾說過關於人權"" implies an incomplete word or topic phrase (""提及人權""), suggesting a literary or essay title or content about human rights issues, possibly a personal or critical reflection on societal attitudes or a book title.

Final token ""人權"" is mid-phrase (""提及人權""), part of a list or descriptive clause (""有些人曾經寫過關於人權""), strongly expecting continuation like ""的問題"" or ""和自由"" or ""的法律"" or ""的一些概念,"" completing a vague topic about human rights misinterpretation.",0.935324,0.129352
REP-017|zh|hanzi#33,REP-017,Qwen/Qwen2.5-7B-Instruct,Qwen,zh,B,S1,S,human rights,,,representation,C5,core,baseline,我昨天在圖書館翻書時，剛好讀到一段在講人權的文字。,人權,2,21,20,20,102.25345611572266,REP-017|zh|hanzi#33#siteB,REP-017|zh|hanzi#33#siteB#k0,0,"Hong Kong vernacular/academic tone with informal Chinese language posts suggesting a personal reflection or social media post context about 'human rights' or similar concepts.

The phrase ""最近我在看一部書的封頁上，看到一個關於人权的文章。"" implies an introductory clause setup, likely continues with the reader's reaction or discovery, possibly a specific quote or observation about the text's content.

Final token ""文章。"" closes the introductory clause (""我剛看了一本科書關於人權的讨论。我在書中看到一篇。""), strongly expecting continuation like ""我發現"" or ""那裏讲了一些有趣的观点"" or ""这个想法让我想起..."" or similar reflection.",0.90707,0.18586
REP-018|en|latin#36,REP-018,Qwen/Qwen2.5-7B-Instruct,Qwen,en,A,S1,S,human rights,,,representation,C6,core,baseline,"In the preface, the author explains that the book grew out of a wish to explore human rights in depth.",human rights,2,23,20,19,123.68983459472656,REP-018|en|latin#36#siteA,REP-018|en|latin#36#siteA#k3,3,"Academic scholarly/educational tone with a book description format, suggesting a scholarly article or lecture note about international law.

The phrase ""This book seeks to explore human rights"" implies an incomplete noun phrase or topic, likely continuing with a specific intellectual or historical discussion of human rights ideas, possibly referencing a book or course title about human rights abuses or moral claims.

Final token ""rights"" ends mid-phrase (""examine human rights""), part of a list or clause structure (""I have written about human rights""), strongly expecting continuation like ""as universal values,"" ""issues from a global perspective,"" or ""and other moral concepts"" or ""in literature or history"" completing the theme.",0.94546,0.109081
REP-018|en|latin#36,REP-018,Qwen/Qwen2.5-7B-Instruct,Qwen,en,B,S1,S,human rights,,,representation,C6,core,baseline,"In the preface, the author explains that the book grew out of a wish to explore human rights in depth.",human rights,2,23,20,22,104.55689239501953,REP-018|en|latin#36#siteB,REP-018|en|latin#36#siteB#k0,0,"Academic book description format with literary/cultural text header suggesting an academic reader's guide or course introduction.

The phrase ""The author begins a book which declares its purpose: the UNICEF report was written with the intention of exploring global poverty. The author states that this book was motivated to explore the development of an intellectual movement."" implies an opening prompt or claim structure, likely continuing about the book's goals.

Final token ""intention. "" closes a declarative clause (""The author states that the book was written to originate a new focus on social issues and its purpose is to explore the book""), strongly expecting continuation like ""It also explains,"" or ""The author then states...""",0.892005,0.215989
REP-018|zh|hanzi#35,REP-018,Qwen/Qwen2.5-7B-Instruct,Qwen,zh,A,S1,S,human rights,,,representation,C6,core,baseline,這本書的作者在序言裡提到，他當初動筆，就是想好好談談人權。,人權,2,24,20,22,121.38973999023438,REP-018|zh|hanzi#35#siteA,REP-018|zh|hanzi#35#siteA#k2,2,"Taiwanese intellectual/academic literary tone with an introductory quote suggesting a book review or cultural debate context.

The phrase ""他問起我曾經一個台灣人如何談人權"" strongly implies a book title or thematic question about human rights, likely continuing a list or reflection on concepts or abuses, suggesting a provocative or ironic framing around ""right"" or broader cultural values.

Final token ""人權"" is mid-word (""談人權""), part of an incomplete clause (""我曾對人權""), strongly expecting continuation like ""的範圍"" or ""與自由"" or ""與道德的問題"" or ""的問題"" — completing a literary or intellectual motif about human rights.",0.942545,0.114911
REP-018|zh|hanzi#35,REP-018,Qwen/Qwen2.5-7B-Instruct,Qwen,zh,B,S1,S,human rights,,,representation,C6,core,baseline,這本書的作者在序言裡提到，他當初動筆，就是想好好談談人權。,人權,2,24,20,23,108.96817016601562,REP-018|zh|hanzi#35#siteB,REP-018|zh|hanzi#35#siteB#k4,4,"Taiwanese literary work introduction setting, suggesting a book cover or essay describing a famous film director's philosophy and cultural concerns.

The sentence ""这本书作者自言想寫一本《公平與正義》。他原本打算寫這本書，是要談政治和道德"" implies an introductory clause setup, likely a claim or narrative about the book's original intent and its exploration of morality.

Final token ""道德。"" closes a declarative claim (""他想寫這本書是為了談政治。他想談公平與正義""), expecting continuation like ""但是他的書卻遭遇了..."" or ""他想探讨的问题并非简单的,而是深入"" or similar context.",0.90693,0.186141
REP-019|en|latin#38,REP-019,Qwen/Qwen2.5-7B-Instruct,Qwen,en,A,S1,S,freedom of speech,,,representation,C1,core,baseline,"At last week's public forum, the participants spent a good deal of time discussing freedom of speech and shared a range of different views.",freedom of speech,3,27,20,18,124.6850357055664,REP-019|en|latin#38#siteA,REP-019|en|latin#38#siteA#k3,3,"Political commentary or newspaper column format suggests a headline or article introduction, likely referencing Canadian campus free speech controversies or cultural debates.

The phrase ""A prominent faculty member recently wrote about freedom of speech"" strongly implies a topic list or discussion about a specific issue, likely ""free speech"" or similar debates around censorship, political correctness, or academic freedom with a parallel structure.

Final token ""speech"" ends mid-phrase (""about free speech""), part of a noun phrase listing topics (""I have been thinking about free expression of speech""), strongly expecting continuation like ""and censorship"" or ""and its limits,"" or ""in universities"" or ""and other controversial issues,"" completing the subject introduction.",0.935794,0.128413
REP-019|en|latin#38,REP-019,Qwen/Qwen2.5-7B-Instruct,Qwen,en,B,S1,S,freedom of speech,,,representation,C1,core,baseline,"At last week's public forum, the participants spent a good deal of time discussing freedom of speech and shared a range of different views.",freedom of speech,3,27,20,26,110.28765106201172,REP-019|en|latin#38#siteB,REP-019|en|latin#38#siteB#k1,1,"Formal academic or civic tone suggests a student blog or newsletter format, implying a quoted event description about a contentious issue.

The phrase ""Yesterday's town meeting on a complex political topic generated a wide range of opinions and viewpoints. The participants at the forum exchanged ideas during a discussion."" strongly implies an incomplete clause or header, likely continuing with a summary or quote about the meeting's outcome or diversity.

Final token ""opinions. "" closes the introductory clause (""An election meeting recently took place where participants discussed various issues and an ideas forum was held. The participants discussed a wide range of issues.""), strongly expecting ""The following is"" or ""Some attendees expressed"" or ""This debate was...""",0.891533,0.216934
REP-019|zh|hanzi#37,REP-019,Qwen/Qwen2.5-7B-Instruct,Qwen,zh,A,S1,S,freedom of speech,,,representation,C1,core,baseline,在上週的公開座談會上，與會者花了不少時間討論言論自由，也各自提出了不同的看法。,言論自由,3,27,20,19,127.93241882324219,REP-019|zh|hanzi#37#siteA,REP-019|zh|hanzi#37#siteA#k4,4,"Hong Kong political blog headline format with bilingual Chinese/English, suggesting a news article or commentary piece about media suppression.

The phrase ""在港人討論 政治正確與言論自由"" signals an opening topic about free speech, strongly implying a specific controversy or discussion around the concept of free speech versus government restrictions or censorship in Hong Kong.

Final token ""自由"" ends mid-phrase ""言论自由"" — part of a list (""讨论言论自由""), likely continuing with ""與其他問題"" or ""的界限"" or ""和網路散佈資訊"" or ""與其他社會議題"" — completing a headline or argument about free speech debates or censorship controversies.",0.933086,0.133827
REP-019|zh|hanzi#37,REP-019,Qwen/Qwen2.5-7B-Instruct,Qwen,zh,B,S1,S,freedom of speech,,,representation,C1,core,baseline,在上週的公開座談會上，與會者花了不少時間討論言論自由，也各自提出了不同的看法。,言論自由,3,27,20,26,110.78521728515625,REP-019|zh|hanzi#37#siteB,REP-019|zh|hanzi#37#siteB#k1,1,"Singaporean Chinese-language media article tone with political commentary title suggests a blog post or event report about ""Free Speech"" debate.

The phrase ""最近一場學術討論會上，有關「自由與多元」的議題有不少參與者分享看法。这场讨论涉及近期台湾政治事件的相关反思"" implies an introduction or framing, likely continuing with a summary or analysis of speakers' perspectives.

Final token ""議題。 "" closes a clause (""尽管这场学术讨论会涉及多方面的辩论议题，参与讨论的人们分享了某些看法。""), strongly expects ""One of the speakers"" or ""The discussion ended with some disagreements"" or ""Some students...""",0.905202,0.189597
REP-020|en|latin#40,REP-020,Qwen/Qwen2.5-7B-Instruct,Qwen,en,A,S1,S,freedom of speech,,,representation,C2,core,baseline,"In class, the teacher used a few everyday examples to help the students understand freedom of speech.",freedom of speech,3,19,20,17,120.52709197998047,REP-020|en|latin#40#siteA,REP-020|en|latin#40#siteA#k0,0,"Formal educational or quiz format with a context-setting prompt (""A cartoon image about freedom of speech""), suggesting a student or essay task about a social topic.

The phrase ""Some people have done activities to understand freedom of speech"" strongly implies a question or definition structure about freedom of speech, likely followed by a specific example or discussion about the concept and its limits.

Final token ""speech"" ends mid-phrase (""understand freedom of speech""), part of a list or topic introduction (""An activity about the exercise of free speech""), strongly expecting continuation like ""and its limits"" or ""in society"" or ""in a classroom"" or ""and related behaviors,"" completing the topic.",0.930756,0.138489
REP-020|en|latin#40,REP-020,Qwen/Qwen2.5-7B-Instruct,Qwen,en,B,S1,S,freedom of speech,,,representation,C2,core,baseline,"In class, the teacher used a few everyday examples to help the students understand freedom of speech.",freedom of speech,3,19,20,18,120.0657730102539,REP-020|en|latin#40#siteB,REP-020|en|latin#40#siteB#k3,3,"Formal educational context with a math problem setup, implying an interactive or quiz format about ethics and numbers.

The phrase ""A teacher was teaching a lesson about fairness using examples from real life. The teacher used a set of situations to illustrate the concept of economics."" signals an introduction, likely a list or scenario-based question about the examples the teacher provided from the principles.

Final token ""economic. "" closes the introductory clause (""An educator tried to explain ethics concepts using a school's real-life examples to teach students. ""), strongly expecting continuation like ""He gave the following examples:"" or ""The examples included:"" or ""One of them was about..."" or ""He explained fairness.""",0.889394,0.221211
REP-020|zh|hanzi#39,REP-020,Qwen/Qwen2.5-7B-Instruct,Qwen,zh,A,S1,S,freedom of speech,,,representation,C2,core,baseline,老師在課堂上舉了幾個生活中的例子，帶著學生一起認識言論自由。,言論自由,3,20,20,18,119.96649932861328,REP-020|zh|hanzi#39#siteA,REP-020|zh|hanzi#39#siteA#k1,1,"Hong Kong Chinese language educational platform format suggests a social media or educational post introducing a topic, implying a visual or textual prompt about freedom of speech.

The phrase ""有些人曾透過短片展示言論自由"" signals an incomplete noun phrase about ""what freedom of speech means"" or an enumerated list of issues related to free speech, strongly implying a concept or theme about freedom of expression.

Final token ""自由"" ends mid-phrase ""探討言論自由"" — part of a phrase structure (""我們曾討論言論自由""), likely continuing with ""的界限"" or ""與其他概念"" or ""的概念"" or ""以及其限制"" to complete the title or theme.",0.936688,0.126623
REP-020|zh|hanzi#39,REP-020,Qwen/Qwen2.5-7B-Instruct,Qwen,zh,B,S1,S,freedom of speech,,,representation,C2,core,baseline,老師在課堂上舉了幾個生活中的例子，帶著學生一起認識言論自由。,言論自由,3,20,20,19,106.50516510009766,REP-020|zh|hanzi#39#siteB,REP-020|zh|hanzi#39#siteB#k0,0,"Hong Kong literary/educational context with a comic strip format suggests a commentary or educational post about civic values or social justice.

The phrase ""一群小學生在課堂上玩「憲法」，老師引導學生思考民主與自由的概念。"" implies a setup clause introducing an activity or example, strongly suggesting continuation about the specific lesson's content or activities about constitutional values.

Final token ""憲法。"" ends a clause mid-sentence (""老師教他們學習公民教育，並透過一個議題討論憲法。""), expecting a noun phrase like ""他掙得的物品"" or ""以下他舉了幾個例子"" or ""学生.""",0.894462,0.211076
REP-021|en|latin#42,REP-021,Qwen/Qwen2.5-7B-Instruct,Qwen,en,A,S1,S,freedom of speech,,,representation,C3,core,baseline,"After class, a student stayed behind and went up to ask the teacher about freedom of speech in more detail.",freedom of speech,3,22,20,17,114.5309829711914,REP-021|en|latin#42#siteA,REP-021|en|latin#42#siteA#k1,1,"Formal academic/educational context with a Chinese English language website format, suggesting a student or news post about political events and social behavior.

The phrase ""One student asked a question about freedom of speech"" implies an example or question prompt, likely a specific historical or cultural scenario about freedom of speech in China, possibly referencing a controversy or student misconduct context.

Final token ""speech"" ends mid-phrase (""a question about free speech""), part of a list or specific example (""I once asked a question about freedom of speech""), strongly anticipating continuation like ""and its limits"" or ""in China"" or ""or other related topics"" or ""and the Constitution,"" completing the question.",0.88916,0.22168
REP-021|en|latin#42,REP-021,Qwen/Qwen2.5-7B-Instruct,Qwen,en,B,S1,S,freedom of speech,,,representation,C3,core,baseline,"After class, a student stayed behind and went up to ask the teacher about freedom of speech in more detail.",freedom of speech,3,22,20,21,107.88646697998047,REP-021|en|latin#42#siteB,REP-021|en|latin#42#siteB#k2,2,"Formal Chinese language context with academic or educational tone, implying a scenario question or quiz format about ethics or philosophy.

The phrase ""A student was asked a difficult question in class and a student came to the teacher's office to seek advice about a current event. "" suggests an incomplete scenario, likely describing a student's inquiry or contribution about a particular knowledge or concept.

Final token ""question. "" closes a setup clause (""A student came to the teacher after class and asked the professor a question about a new idea. The student asked the teacher about being observed""), strongly expecting continuation like ""The teacher replied"" or ""This student's question was about..."" or ""The student was frustrated.""",0.847139,0.305722
REP-021|zh|hanzi#41,REP-021,Qwen/Qwen2.5-7B-Instruct,Qwen,zh,A,S1,S,freedom of speech,,,representation,C3,core,baseline,有位學生下課後留下來，特地跑去問老師關於言論自由的問題。,言論自由,3,21,20,17,121.58077239990234,REP-021|zh|hanzi#41#siteA,REP-021|zh|hanzi#41#siteA#k2,2,"Taiwanese university student magazine format suggests an article title or discussion context about social phenomena, particularly a heated political conversation.

The phrase ""有學生在大學討論中曾質疑言論自由"" implies a question about free speech or freedom of speech, strongly implying the topic will continue with a specific concept about constitutional or democratic freedom about free speech or the limits of free speech.

Final token ""自由"" ends an incomplete phrase ""關於言論自由"" — part of a question list (""關於言论自由与言论自由""), expecting a noun like ""的問題"" or ""與憲法之關係"" or ""和政治意義的迷思"" or similar discussion topic.",0.933061,0.133878
REP-021|zh|hanzi#41,REP-021,Qwen/Qwen2.5-7B-Instruct,Qwen,zh,B,S1,S,freedom of speech,,,representation,C3,core,baseline,有位學生下課後留下來，特地跑去問老師關於言論自由的問題。,言論自由,3,21,20,20,105.47517395019531,REP-021|zh|hanzi#41#siteB,REP-021|zh|hanzi#41#siteB#k4,4,"Taiwanese blog-style writer's column tone with Chinese characters visible, suggesting a casual discussion post about ethics or freedom-of-speech.

The sentence structure ""最近我在課堂上聽一個學生問教授的問題，有人拿‘道學’這本書提問。"" strongly implies an anecdote or question is about to follow, likely about the philosopher's views or intent.

Final token ""問題。"" closes a setup clause (""一位中學生在課堂上問一個學生來問道德問題，有位學生來問這個課。""), immediately expecting continuation like ""他問了什麼"" or ""这个学生表达了什么疑问"" or ""我想分享此情状。""",0.900237,0.199526
REP-022|en|latin#44,REP-022,Qwen/Qwen2.5-7B-Instruct,Qwen,en,A,S1,S,freedom of speech,,,representation,C4,core,baseline,"While a few friends were chatting, the conversation eventually turned to freedom of speech, and they debated it with real enthusiasm.",freedom of speech,3,24,20,14,123.89662170410156,REP-022|en|latin#44#siteA,REP-022|en|latin#44#siteA#k2,2,"Formal article/essay tone with informal Canadian context suggests a social media or blog post about political events or controversies.

The phrase ""There's been quite a heated discussion recently about freedom of speech"" signals an opening topic, strongly implying a specific question or claim about freedom of speech or similar concepts, likely a quiz or reflective prompt about controversial views or censorship.

Final token ""speech"" ends mid-phrase (""about freedom of speech""), part of an incomplete noun phrase listing topics (""A discussion about freedom of speech""), strongly expecting continuation like ""and its limits"" or ""and the media"" or ""in America,"" or ""and I've been criticized over my views.""",0.93452,0.130961
REP-022|en|latin#44,REP-022,Qwen/Qwen2.5-7B-Instruct,Qwen,en,B,S1,S,freedom of speech,,,representation,C4,core,baseline,"While a few friends were chatting, the conversation eventually turned to freedom of speech, and they debated it with real enthusiasm.",freedom of speech,3,24,20,23,97.78330993652344,REP-022|en|latin#44#siteB,REP-022|en|latin#44#siteB#k4,4,"Formal English language context suggesting a literary or descriptive question, implying a scenario or anecdote about people discussing politics.

The phrase ""Some group of students were excitedly engaged in a heated debate over a certain topic. They were discussing ideas and things together."" implies an incomplete sentence structure or prompt setup, likely expecting continuation about the students' experience or reaction to a specific event.

Final token ""ideas. "" closes a clause (""The group of people who were discussing enthusiastically about a heated discussion. They all gathered together and started thinking. ""), strongly anticipating a continuation like ""The author"" or ""This scenario was..."" or ""They decided to..."" or ""One wondered about..."".",0.83836,0.32328
REP-022|zh|hanzi#43,REP-022,Qwen/Qwen2.5-7B-Instruct,Qwen,zh,A,S1,S,freedom of speech,,,representation,C4,core,baseline,幾個朋友聚在一起聊天時，不知不覺就聊到了言論自由，討論得相當熱烈。,言論自由,3,22,20,14,125.40229797363281,REP-022|zh|hanzi#43#siteA,REP-022|zh|hanzi#43#siteA#k1,1,"Hong Kong social media context with informal tone suggests a post or article title, likely a tweet or blog entry about societal issues.

The phrase ""有人常常討論到言論自由"" signals an introduction likely naming or framing a topic around freedom of speech versus censorship, strongly implying ""自由"" or ""的相关话题"" or a question about the limits of free speech in society.

Final token ""自由"" ends mid-phrase (""關於言論自由""), part of an incomplete topic list (""當谈及言論自由""), strongly anticipating continuation like ""的问题"" or ""和言论自由"" or ""与政治的关系"" or ""的话题,我常常感到困惑"" completing the subject.",0.941126,0.117747
REP-022|zh|hanzi#43,REP-022,Qwen/Qwen2.5-7B-Instruct,Qwen,zh,B,S1,S,freedom of speech,,,representation,C4,core,baseline,幾個朋友聚在一起聊天時，不知不覺就聊到了言論自由，討論得相當熱烈。,言論自由,3,22,20,21,108.23592376708984,REP-022|zh|hanzi#43#siteB,REP-022|zh|hanzi#43#siteB#k1,1,"Taiwanese language context suggests an informal discussion post framing around a contentious moral or philosophical topic, implying a scenario about ""自由意志"" (free will) concept.

The phrase ""有幾個朋友聚在一起討論一則新聞，大家在餐厅里議論。"" signals an introduction introducing the group's discussion, likely continuing with a narrative or prompt asking readers to share thoughts.

Final token ""讨论。"" closes a setup clause (""一群朋友聚在一起討論一個問題，朋友们在酒桌上進行了討論。""), strongly expecting continuation like ""其中有些人提出了不同的看法"" or ""我突然发现大家对于法律界都有些疑惑"" or ""话题结束时，我总结"".",0.889231,0.221539
REP-023|en|latin#46,REP-023,Qwen/Qwen2.5-7B-Instruct,Qwen,en,A,S1,S,freedom of speech,,,representation,C5,core,baseline,"While browsing in the library yesterday, I happened to read a passage that discussed freedom of speech at some length.",freedom of speech,3,22,20,17,124.83086395263672,REP-023|en|latin#46#siteA,REP-023|en|latin#46#siteA#k0,0,"Formal academic/educational prose style with a title suggesting a blog post or essay, implying a discussion about freedom and censorship.

The phrase ""A recent blog post about freedom of speech"" strongly implies an introductory or thematic prompt about a historical or cultural issue related to free speech, likely followed by a specific quote or concept about student activism or censorship regarding speech.

Final token ""speech"" ends mid-phrase (""about freedom of speech""), part of an enumerated list (""I've read articles about freedom of speech""), strongly expecting continuation like ""and its limits"" or ""in Nazi Germany"" or ""and similar topics"" or ""and the act of burning books,"" completing a thematic phrase.",0.940662,0.118676
REP-023|en|latin#46,REP-023,Qwen/Qwen2.5-7B-Instruct,Qwen,en,B,S1,S,freedom of speech,,,representation,C5,core,baseline,"While browsing in the library yesterday, I happened to read a passage that discussed freedom of speech at some length.",freedom of speech,3,22,20,21,114.16920471191406,REP-023|en|latin#46#siteB,REP-023|en|latin#46#siteB#k3,3,"Student blogger tone with informal register signals a personal reflection post, implying a blog-style entry or diary entry about a philosophical or political topic.

The sentence ""Recently I was reading an article about the First Amendment, and it prompted some thoughts about freedom of ideas."" suggests a setup introducing a specific excerpt or passage encountered, likely a formal academic or blog context event.

Final token ""idea. "" closes a clause (""I recently read an article about a discussion on liberty that dealt with a philosophy of education passage. An article about a particular clause was discussed""), strongly expecting continuation like ""The argument was quite interesting"" or ""I happened to notice some of the points were..."".",0.902772,0.194456
REP-023|zh|hanzi#45,REP-023,Qwen/Qwen2.5-7B-Instruct,Qwen,zh,A,S1,S,freedom of speech,,,representation,C5,core,baseline,我昨天在圖書館翻書時，剛好讀到一段在講言論自由的文字。,言論自由,3,22,20,19,115.36436462402344,REP-023|zh|hanzi#45#siteA,REP-023|zh|hanzi#45#siteA#k2,2,"Hong Kong social media context with a post title suggesting a cultural or political debate, implying a blog or article format with a provocative or humorous tone.

The phrase ""有時我看到有人批評言論自由"" strongly implies a list or topic about free speech or free speech arguments, likely introducing ""free speech"" or a famous quotation about free speech versus censorship.

Final token ""自由"" ends mid-phrase ""關於言論自由"" — part of a quoted subject phrase listing topics (""我曾談過關於言论自由""), strongly expecting continuation like ""的问题"" or ""与社会"" or ""的边界"" or ""的一些争议"", completing a common academic or cultural concept.",0.922345,0.155311
REP-023|zh|hanzi#45,REP-023,Qwen/Qwen2.5-7B-Instruct,Qwen,zh,B,S1,S,freedom of speech,,,representation,C5,core,baseline,我昨天在圖書館翻書時，剛好讀到一段在講言論自由的文字。,言論自由,3,22,20,21,104.39761352539062,REP-023|zh|hanzi#45#siteB,REP-023|zh|hanzi#45#siteB#k2,2,"Hong Kong Chinese-speaking blogger tone with personal reflection, suggesting a social-media post or blog entry about social justice/truth.

The phrase ""最近看一個英文課堂演講上，我偶然看到一段關於平等的引言。"" strongly implies a narrative setup introducing a quote or concept, likely continuing a reflective context about finding a book or article's message about ethics.

Final token ""的。 "" closes a clause (""我昨天在讀一本課堂書，讀到一篇關於自由主義的文章。""), immediately expecting continuation such ""其中谈到..."" or ""这个观点让我想起了一些想法"" or ""文章里说了一个有趣的细节"" — a clause describing the passage's content.",0.898892,0.202217
REP-024|en|latin#48,REP-024,Qwen/Qwen2.5-7B-Instruct,Qwen,en,A,S1,S,freedom of speech,,,representation,C6,core,baseline,"In the preface, the author explains that the book grew out of a wish to explore freedom of speech in depth.",freedom of speech,3,24,20,20,123.2898178100586,REP-024|en|latin#48#siteA,REP-024|en|latin#48#siteA#k4,4,"Academic literary website format with a British scholarly tone, suggesting a book description or article title about a specific thinker or historical figure.

The phrase ""A British scholar has written a provocative book discussing freedom of speech"" strongly implies a list or topic introduction, likely about the history or controversies of free speech, censorship, or similar themes around intellectual inquiry.

Final token ""speech"" ends mid-term (""discuss freedom of speech""), part of a comma-separated list (""An examination of freedom of speech""), strongly anticipating continuation like ""and religious issues"" or ""in a global context"" or ""as a historical concept"" or ""and its limits"" or similar noun phrase.",0.933862,0.132276
REP-024|en|latin#48,REP-024,Qwen/Qwen2.5-7B-Instruct,Qwen,en,B,S1,S,freedom of speech,,,representation,C6,core,baseline,"In the preface, the author explains that the book grew out of a wish to explore freedom of speech in depth.",freedom of speech,3,24,20,23,104.72447204589844,REP-024|en|latin#48#siteB,REP-024|en|latin#48#siteB#k3,3,"Academic book description format with a literary title (""Adorno's Fascism"") signals an academic text introducing a course or book.

The sentence ""The author begins by stating that this book grew out of a desire to expose the nature of modern society's moral decline. The author asserts that its primary purpose is to investigate the origins."" implies a prompt structure or quotation, suggesting the book's declared intent.

Final token ""intended. "" closes a declarative clause (""The author states that the book's original purpose was to explore the book's emergence and its desire to write a history""), strongly expecting continuation like ""He then explains"" or ""The author's motives include..."" or ""This book.""",0.894162,0.211676
REP-024|zh|hanzi#47,REP-024,Qwen/Qwen2.5-7B-Instruct,Qwen,zh,A,S1,S,freedom of speech,,,representation,C6,core,baseline,這本書的作者在序言裡提到，他當初動筆，就是想好好談談言論自由。,言論自由,3,25,20,23,123.18226623535156,REP-024|zh|hanzi#47#siteA,REP-024|zh|hanzi#47#siteA#k3,3,"Taiwanese literary blog format with a scholarly tone introducing a book, signaling an essay or column about media and freedom.

The phrase ""這本書最近一篇論文,我談起談論言論自由"" strongly implies a central topic about freedom of speech or free speech debates, likely inviting a provocative question or discussion about how the concept of free speech has evolved.

Final token ""自由"" completes ""論Free Speech自由"" mid-phrase, part of a list or question setup (""我曾思考過言論自由""), strongly expecting continuation like ""的问题"" or ""与社会的关系"" or ""的界限"" or ""和各种争议"" or similar noun phrase.",0.939591,0.120819
REP-024|zh|hanzi#47,REP-024,Qwen/Qwen2.5-7B-Instruct,Qwen,zh,B,S1,S,freedom of speech,,,representation,C6,core,baseline,這本書的作者在序言裡提到，他當初動筆，就是想好好談談言論自由。,言論自由,3,25,20,24,110.51371002197266,REP-024|zh|hanzi#47#siteB,REP-024|zh|hanzi#47#siteB#k1,1,"Taiwanese intellectual article tone with book-review format, suggesting a cultural-political essay introducing Yu-val's famous work ""自由的序曲"" (A Song of Freedom).

The opening sentence ""作者写作這本《公民社會》的初衷，是想談政治道德，他原本想討論自由主義"" implies a narrative setup promising the book's actual argument or intent about ethics.

Final token ""道德。"" closes a clause (""他原本想談自由主義的書，是要討論公義問題""), strongly expecting continuation like ""然而他並沒有完成"" or ""这本书提出的问题正是"" or ""作者认为这个问题复杂，却想要澄清"" — a direct claim.",0.902741,0.194518
REP-025|en|latin#50,REP-025,Qwen/Qwen2.5-7B-Instruct,Qwen,en,A,S1,S,the rule of law,,,representation,C1,core,baseline,"At last week's public forum, the participants spent a good deal of time discussing the rule of law and shared a range of different views.",the rule of law,4,28,20,19,129.29827880859375,REP-025|en|latin#50#siteA,REP-025|en|latin#50#siteA#k1,1,"Political commentary format with Canadian-American perspective, suggesting an editorial or blog context around democratic discourse or entitlement issues.

The phrase ""One recent poll has focused on the rule of law"" strongly implies a headline or introductory topic, likely a political essay or article title about the rule of law or related concepts, suggesting continuation about public perception, constitutional values, or legal reforms.

Final token ""law"" ends mid-phrase ""the rule of law,"" part of a list or concept introduction (""Some talk about the rule of law""), anticipating continuation like ""and its importance"" or ""and constitutional traditions,"" or ""in Iran, or the idea that..."" completing the theme of skepticism or confusion about law.",0.93241,0.13518
REP-025|en|latin#50,REP-025,Qwen/Qwen2.5-7B-Instruct,Qwen,en,B,S1,S,the rule of law,,,representation,C1,core,baseline,"At last week's public forum, the participants spent a good deal of time discussing the rule of law and shared a range of different views.",the rule of law,4,28,20,27,111.57292175292969,REP-025|en|latin#50#siteB,REP-025|en|latin#50#siteB#k2,2,"Political/academic commentary format suggests a blog post or policy document, implying an official or civic context about recent discussions on democracy and constitutionalism.

The phrase ""Yesterday a number of people participated in a debate on the government's budget proposals and various viewpoints were expressed. The session ended with an airing of ideas."" strongly implies an introduction or framing statement inviting elaboration on the diverse views about the debate.

Final token ""ideas. "" closes the introductory clause (""An interesting discussion session occurred recently where participants had a variety of views on the Constitution issue. The debate took place.""), strongly expecting continuation like ""Some key points were"" or ""I would like to summarize"" or ""The following perspectives...""",0.896404,0.207192
REP-025|zh|hanzi#49,REP-025,Qwen/Qwen2.5-7B-Instruct,Qwen,zh,A,S1,S,the rule of law,,,representation,C1,core,baseline,在上週的公開座談會上，與會者花了不少時間討論法治，也各自提出了不同的看法。,法治,1,25,20,17,128.5179443359375,REP-025|zh|hanzi#49#siteA,REP-025|zh|hanzi#49#siteA#k4,4,"Hong Kong political commentary context suggests a headline or article headline structure, likely referencing a prominent Chinese politician's remarks about democracy and civil society.

The phrase ""Political領袖近來多次批評法治"" implies a list or topic about Singapore's values, likely introducing a concept related to ""rule of law"" or ""justice system,"" suggesting a broader theme about corruption or democratic reforms.

Final token ""法治"" is mid-phrase (""關於法治""), part of an incomplete noun phrase listing topics (""她曾討論法治""), strongly expecting continuation like ""與民主問題"" or ""的問題"" or ""和政府透明度"" or ""及香港社會的簡化概念"" completing the context.",0.926222,0.147556
REP-025|zh|hanzi#49,REP-025,Qwen/Qwen2.5-7B-Instruct,Qwen,zh,B,S1,S,the rule of law,,,representation,C1,core,baseline,在上週的公開座談會上，與會者花了不少時間討論法治，也各自提出了不同的看法。,法治,1,25,20,24,109.54485321044922,REP-025|zh|hanzi#49#siteB,REP-025|zh|hanzi#49#siteB#k0,0,"Singaporean political commentary tone with Chinese-language context signals a blog post or public remarks event, likely discussing racial harmony or constitutional principles.

The phrase ""昨日，多位精英學者就新加坡宪法修正案的討論會，提出了不同看法。"" implies an introduction setup, suggesting the article will continue with collected views or observations from the debate session.

Final token ""观点。 "" closes a clause (""有关此次民情檢讨的各個意見都有涉及多元文化議題。参与讨论的各位学者分享了不同观点。 ""), strongly expects continuation like ""One of them"" or ""The discussion highlighted"" or ""I would like to share some key points.""",0.905366,0.189269
REP-026|en|latin#52,REP-026,Qwen/Qwen2.5-7B-Instruct,Qwen,en,A,S1,S,the rule of law,,,representation,C2,core,baseline,"In class, the teacher used a few everyday examples to help the students understand the rule of law.",the rule of law,4,20,20,18,127.28854370117188,REP-026|en|latin#52#siteA,REP-026|en|latin#52#siteA#k1,1,"Formal Chinese language educational platform format with a title (""Legal Concept: 'Rule of Law'"") suggests an article or quiz format about citizen awareness.

The phrase ""Some students use the rule of law"" signals an introductory setup likely asking about understanding or respecting laws, implying a concluding concept about the rule of law or legal principles being illustrated.

Final token ""law"" ends mid-phrase (""understand the rule of law""), part of an incomplete question or concept introduction clause (""Through examples, students learn about the rule of law""), strongly expecting continuation like ""and its importance"" or ""in society"" or ""with examples,"" or ""in China, it means...""",0.907546,0.184908
REP-026|en|latin#52,REP-026,Qwen/Qwen2.5-7B-Instruct,Qwen,en,B,S1,S,the rule of law,,,representation,C2,core,baseline,"In class, the teacher used a few everyday examples to help the students understand the rule of law.",the rule of law,4,20,20,19,114.02409362792969,REP-026|en|latin#52#siteB,REP-026|en|latin#52#siteB#k0,0,"Formal educational platform structure with a Chinese-language text format, implying a question or activity about legal concepts using concrete examples about social responsibility and law.

The phrase ""In class, a teacher listed several scenarios from life to illustrate the concept of rule of law. The teacher wanted to share the correct answers from the school."" strongly signals an activity prompt or multiple choice task setup about labeled examples.

Final token ""law. "" closes an introductory clause (""A teacher gave a class a series of examples from the school to help illustrate the government's values. ""), strongly expecting continuation like ""The following scenarios are correct:"" or ""He proposed the following examples include:"" or ""Some of his examples are...""",0.850522,0.298956
REP-026|zh|hanzi#51,REP-026,Qwen/Qwen2.5-7B-Instruct,Qwen,zh,A,S1,S,the rule of law,,,representation,C2,core,baseline,老師在課堂上舉了幾個生活中的例子，帶著學生一起認識法治。,法治,1,18,20,16,115.84886932373047,REP-026|zh|hanzi#51#siteA,REP-026|zh|hanzi#51#siteA#k0,0,"Hong Kong educational poster format with informal tone suggests a student activity or social media post context, likely a Chinese language teaching activity.

The phrase ""有些小朋友從小便認識法律 ，了解法治"" implies a word or concept about ""rule of law"" or ""legal concepts,"" suggesting a title or theme about legal awareness or social values, likely completing a pairing or question about ""rule of law.""

Final token ""法治"" ends mid-phrase (""了解法治""), part of a list or concept introduction (""有些孩童透過案例了解法治""), strongly expecting continuation like ""精神"" or ""的意義"" or ""與生活"" or ""法律制度"" or ""的不良行為"".",0.929206,0.141588
REP-026|zh|hanzi#51,REP-026,Qwen/Qwen2.5-7B-Instruct,Qwen,zh,B,S1,S,the rule of law,,,representation,C2,core,baseline,老師在課堂上舉了幾個生活中的例子，帶著學生一起認識法治。,法治,1,18,20,17,107.47029876708984,REP-026|zh|hanzi#51#siteB,REP-026|zh|hanzi#51#siteB#k4,4,"Hong Kong teaching resource text with colloquial tone, implying an educational poster or article introducing civic values.

The phrase ""一群小學生響應「憲法日」，教師引導他們了解法規知識。"" strongly suggests a narrative context or scenario, likely listing or describing activities or examples of moral education concepts illustrated via a constitutional monument or picture.

Final token ""法規。"" closes a clause (""活動者就這課題進行了討論，教師教導學生了解法治。""), expecting continuation like ""他指出"" or ""其中一個情景是..."" or ""这段活动展示了..."" or ""学生们也学习了... "" — continuation about the lesson's theme.",0.881947,0.236107
REP-027|en|latin#54,REP-027,Qwen/Qwen2.5-7B-Instruct,Qwen,en,A,S1,S,the rule of law,,,representation,C3,core,baseline,"After class, a student stayed behind and went up to ask the teacher about the rule of law in more detail.",the rule of law,4,23,20,18,118.80867767333984,REP-027|en|latin#54#siteA,REP-027|en|latin#54#siteA#k2,2,"Chinese language educational platform format with student dialogue context, suggesting a quiz or activity prompt about social phenomena.

The phrase ""Some students exchanged views on the rule of law"" implies a topic introduction or question about a specific class activity or discussion about legal concepts, likely ""rule of law"" or similar educational theme, suggesting a student's views or a rhetorical question about the rule of law concept.

Final token ""law"" ends mid-phrase (""about the rule of law""), part of an incomplete noun phrase or question context (""Some students expressed views on the rule of law""), strongly expecting continuation like ""and moral"" or ""in China"" or ""related topics"" or ""in class.""",0.846668,0.306665
REP-027|en|latin#54,REP-027,Qwen/Qwen2.5-7B-Instruct,Qwen,en,B,S1,S,the rule of law,,,representation,C3,core,baseline,"After class, a student stayed behind and went up to ask the teacher about the rule of law in more detail.",the rule of law,4,23,20,22,104.9936752319336,REP-027|en|latin#54#siteB,REP-027|en|latin#54#siteB#k2,2,"Chinese language educational context with structured format suggesting a problem or scenario, implying a student inquiry or classroom activity about morality and philosophy.

The phrase ""A middle school student was discussing a senior officer's important viewpoint, and a student approached him to seek advice. "" signals an opening scenario prompt, likely a student interaction question or response, expecting a specific educational topic or concept about ethics or law.

Final token ""work. "" closes the scenario setup clause (""After a student came to the teacher after class and asked a senior about a certain topic, the student asked him about his thoughts.""), strongly expecting continuation like ""The teacher said:"" or ""He raised the following questions:"" or ""The student's reflection.""",0.829236,0.341528
REP-027|zh|hanzi#53,REP-027,Qwen/Qwen2.5-7B-Instruct,Qwen,zh,A,S1,S,the rule of law,,,representation,C3,core,baseline,有位學生下課後留下來，特地跑去問老師關於法治的問題。,法治,1,19,20,15,115.87590789794922,REP-027|zh|hanzi#53#siteA,REP-027|zh|hanzi#53#siteA#k1,1,"HK student-teacher conversation format with informal tone and social media context (""一位中學生談'法律概念'""), suggesting an essay or discussion prompt about civic values.

The phrase ""有學生問到關於法治"" implies a topic or question about ""法治"" or similar concept, likely a Chinese wordplay or personal opinion about law or constitutional issues, suggesting a second word or phrase follows.

Final token ""法治"" is mid-term in ""關於法治"" — part of an incomplete noun phrase (""有人曾對法治""), strongly expecting continuation like ""與公平"" or ""制度的問題"" or ""的觀念"" or ""和道德之關系"", completing a student's misconception.",0.915938,0.168124
REP-027|zh|hanzi#53,REP-027,Qwen/Qwen2.5-7B-Instruct,Qwen,zh,B,S1,S,the rule of law,,,representation,C3,core,baseline,有位學生下課後留下來，特地跑去問老師關於法治的問題。,法治,1,19,20,18,104.91258239746094,REP-027|zh|hanzi#53#siteB,REP-027|zh|hanzi#53#siteB#k3,3,"Taiwanese literary blog tone with provocative title suggesting moral and educational topic about 'liberty' and 'conscience', implying an anecdote or classroom exchange follows.

The phrase ""有一次，一個中學生看到老師講《論語》，便主動找上門請教。"" signals a story setup, likely a student asking a philosophical question about Confucian values or social norms.

Final token ""的。"" closes a clause (""有一個學生在課後問到政治學家來訪。一個學生問了這件事。""), strongly expecting continuation like ""他問的是"" or ""这位学生提出了某些问题"" or ""我看着他的提问感到好奇"".",0.898712,0.202577
REP-028|en|latin#56,REP-028,Qwen/Qwen2.5-7B-Instruct,Qwen,en,A,S1,S,the rule of law,,,representation,C4,core,baseline,"While a few friends were chatting, the conversation eventually turned to the rule of law, and they debated it with real enthusiasm.",the rule of law,4,25,20,15,125.6077651977539,REP-028|en|latin#56#siteA,REP-028|en|latin#56#siteA#k1,1,"Bulgarian-language social media post format with informal tone introducing a figure, suggesting a commentary or editorial column context around political discourse.

The phrase ""Some people recently complained about the rule of law"" signals a topic introduction, strongly implying a phrase about the rule of law, constitutionalism, or legal values in Asia or other contexts.

Final token ""law"" ends mid-phrase (""the rule of law""), part of a list or subject clause (""Some people talk about the rule of law""), immediately expecting continuation like ""and/or democracy"" or ""in society"" or ""as a concept"" or ""which has been compromised,"" completing the thematic framing about public perception or debate.",0.927888,0.144225
REP-028|en|latin#56,REP-028,Qwen/Qwen2.5-7B-Instruct,Qwen,en,B,S1,S,the rule of law,,,representation,C4,core,baseline,"While a few friends were chatting, the conversation eventually turned to the rule of law, and they debated it with real enthusiasm.",the rule of law,4,25,20,24,98.80683898925781,REP-028|en|latin#56#siteB,REP-028|en|latin#56#siteB#k2,2,"Formal English-language sentence structure (""Some young scholars were having a heated argument about politics and philosophy. A group of people gathered today, discussing a certain issue."") signals an anecdotal or literary prompt setup.

The phrase ""These five intellectuals had a heated debate about democracy, and after a lot of discussion, they all decided to act. "" implies an incomplete clause or narrative context about the scene's subject or outcome.

Final token ""argument. "" closes a clause (""The people involved in a lively discussion about economics and philosophy had gathered together. Several people debated enthusiastically.""), strongly expecting continuation like ""The following statements"" or ""One of them expressed..."" or ""This group was...""",0.866457,0.267086
REP-028|zh|hanzi#55,REP-028,Qwen/Qwen2.5-7B-Instruct,Qwen,zh,A,S1,S,the rule of law,,,representation,C4,core,baseline,幾個朋友聚在一起聊天時，不知不覺就聊到了法治，討論得相當熱烈。,法治,1,20,20,12,121.6479721069336,REP-028|zh|hanzi#55#siteA,REP-028|zh|hanzi#55#siteA#k1,1,"Chinese-language social media post tone with casualness suggesting informal commentary or viral content, implying a headline or context about young people's views on law.

The phrase ""有些時候我经常会思考關於法治"" implies a topic introduction about ""法治"" or related concepts, likely a topic or poll about legal issues, possibly connecting to the author's personal perspective or cultural context.

Final token ""法治"" is mid-word (""關於法治""), part of a list or topic clause (""有人就曾提過關於法治""), strongly expecting continuation like ""教育"" or ""社会"" or ""方面的问题"" or ""与法律的关系"" or ""和法律的严酷"", completing the word or concept.",0.930112,0.139776
REP-028|zh|hanzi#55,REP-028,Qwen/Qwen2.5-7B-Instruct,Qwen,zh,B,S1,S,the rule of law,,,representation,C4,core,baseline,幾個朋友聚在一起聊天時，不知不覺就聊到了法治，討論得相當熱烈。,法治,1,20,20,19,104.70609283447266,REP-028|zh|hanzi#55#siteB,REP-028|zh|hanzi#55#siteB#k0,0,"Chinese language context with an informal tone suggesting a philosophical discussion about '自由' (freedom) and '法律' (law), implying an essay or dialogue scenario.

The phrase ""有幾個朋友聚在一起，正在討論一部法律的相關知識。一群朋友聚會結束後。 "" signals a narrative setup promising continuation or shared observations about the gathered group's topic.

Final token ""讨论。"" closes a introductory clause (""幾個朋友圍繞這個問題展開了一場哲學大會。一群朋友聚議相關議題。""), strongly expecting continuation like ""其中一个朋友提出了"" or ""他们谈到的内容包括"" or ""我决定总结一下"" or similar.",0.885245,0.229511
REP-029|en|latin#58,REP-029,Qwen/Qwen2.5-7B-Instruct,Qwen,en,A,S1,S,the rule of law,,,representation,C5,core,baseline,"While browsing in the library yesterday, I happened to read a passage that discussed the rule of law at some length.",the rule of law,4,23,20,18,128.8728790283203,REP-029|en|latin#58#siteA,REP-029|en|latin#58#siteA#k2,2,"Academic/blog register with informal tone suggesting a political commentary or essay, likely discussing democracy or governance concepts.

The phrase ""One blog post recently focused on the rule of law"" signals an introduction to a topic, strongly implying the phrase ""the rule of law"" is part of a list or concept, likely continuing with historical or philosophical arguments about legal frameworks or political authority.

Final token ""law"" ends mid-phrase ""the rule of law,"" part of a quoted concept introduction (""I have written about the rule of law""), immediately expecting continuation like ""and its principles,"" ""in a historical context,"" or ""as opposed to tyranny,"" or ""and how it relates to democratic values.""",0.934265,0.131469
REP-029|en|latin#58,REP-029,Qwen/Qwen2.5-7B-Instruct,Qwen,en,B,S1,S,the rule of law,,,representation,C5,core,baseline,"While browsing in the library yesterday, I happened to read a passage that discussed the rule of law at some length.",the rule of law,4,23,20,22,114.24394226074219,REP-029|en|latin#58#siteB,REP-029|en|latin#58#siteB#k3,3,"Blog-style informal American political posts, signaling casual, personal tone with reflective commentary about a political or intellectual topic.

The phrase ""This morning I was reading an article about democratic principles, and ran across a passage relating to the nature of government. "" strongly implies an introduction or narrative context, likely a cited source or personal reaction to a philosophical treatise on constitutionalism.

Final token ""principles. "" closes a clause introducing a textual encounter (""I recently came across an article that discussed a discussion about government, and an article about a particular philosophy of ideas""), expecting continuation like ""It was quite interesting"" or ""The passage contained some fundamental ideas about..."" or ""I recalled.""",0.908706,0.182588
REP-029|zh|hanzi#57,REP-029,Qwen/Qwen2.5-7B-Instruct,Qwen,zh,A,S1,S,the rule of law,,,representation,C5,core,baseline,我昨天在圖書館翻書時，剛好讀到一段在講法治的文字。,法治,1,20,20,17,115.24372100830078,REP-029|zh|hanzi#57#siteA,REP-029|zh|hanzi#57#siteA#k3,3,"Hong Kong Chinese-language social media post tone with informal commentary style suggesting a photo or quote context.

The phrase ""我見到有人說法治"" implies a title or concept about ""法治"" or related Chinese words, strongly implying a book or article title or discussion about law, democracy, or social issues, likely referencing the anti-corruption scandal or a contrasting idea.

Final token ""法治"" is mid-word (""關於法治""), part of an incomplete phrase listing a concept (""我曾看過關於法治""), expecting continuation like ""与伦理"" or ""的問題"" or ""社会的"" or ""的美形"" or ""的制度"" — likely a Chinese political concept.",0.924278,0.151444
REP-029|zh|hanzi#57,REP-029,Qwen/Qwen2.5-7B-Instruct,Qwen,zh,B,S1,S,the rule of law,,,representation,C5,core,baseline,我昨天在圖書館翻書時，剛好讀到一段在講法治的文字。,法治,1,20,20,19,103.49492645263672,REP-029|zh|hanzi#57#siteB,REP-029|zh|hanzi#57#siteB#k3,3,"Hong Kong Chinese Language blog tone, with a casual self-expression beginning ""昨天我在看新聞上看到一個關於時間的句子"" suggesting a personal reflection or quotation.

The phrase ""我最近看了一篇文章關於儒家的道德观念。我在書中讀到一段話"" implies an introduction, likely a quotation or observation about a specific text or concept, anticipating a narrative continuation.

Final token ""的句子。 "" closes a clause (""我昨天在看書中看到關於道德與社會的一篇文章。""), immediately expecting continuation like ""我發現"" or ""那篇文章裡提到一些有趣的想法，"" or ""这个概念让我深思"" or ""它讲的是..."".",0.902567,0.194867
REP-030|en|latin#60,REP-030,Qwen/Qwen2.5-7B-Instruct,Qwen,en,A,S1,S,the rule of law,,,representation,C6,core,baseline,"In the preface, the author explains that the book grew out of a wish to explore the rule of law in depth.",the rule of law,4,25,20,21,126.14808654785156,REP-030|en|latin#60#siteA,REP-030|en|latin#60#siteA#k1,1,"Academic/English language register with scholarly tone, suggesting a book description or article introduction about a prominent thinker's views on democracy.

The phrase ""One scholar has explored the rule of law"" signals a topic introduction, likely directing toward a book or essay title about the concept of the rule of law, implying themes of legalism, liberalism, or political debate.

Final token ""law"" ends mid-phrase (""the rule of law""), part of a listed subject phrase (""An exploration of the rule of law""), strongly expecting continuation like ""in different cultures"" or ""as a concept"" or ""and its application,"" completing the research question about legal ideas versus democratic norms.",0.931906,0.136187
REP-030|en|latin#60,REP-030,Qwen/Qwen2.5-7B-Instruct,Qwen,en,B,S1,S,the rule of law,,,representation,C6,core,baseline,"In the preface, the author explains that the book grew out of a wish to explore the rule of law in depth.",the rule of law,4,25,20,24,105.71589660644531,REP-030|en|latin#60#siteB,REP-030|en|latin#60#siteB#k3,3,"Academic book description format with scholarly tone, suggesting a British political science text introducing a book about the United Nations.

The phrase ""The author begins his book with the declaration that its purpose is to trace the evolution of Human Rights. It announces that the book was written to clarify the UN's original intent."" implies an opening claim or question structure, likely continuing about the book's thematic intent or methodology.

Final token ""intent. "" closes a declarative clause (""The author states that the book was written to pursue an original intention to explore the emergence of the European Union. It began with the goal""), strongly expecting continuation like ""The text argues"" or ""He then lists several reasons.""",0.876752,0.246496
REP-030|zh|hanzi#59,REP-030,Qwen/Qwen2.5-7B-Instruct,Qwen,zh,A,S1,S,the rule of law,,,representation,C6,core,baseline,這本書的作者在序言裡提到，他當初動筆，就是想好好談談法治。,法治,1,23,20,21,126.21729278564453,REP-030|zh|hanzi#59#siteA,REP-030|zh|hanzi#59#siteA#k0,0,"Taiwanese academic/political writer tone with literary style, suggesting a column or essay introducing a Taiwanese intellectual.

The phrase ""他最近講起法治"" implies an opening question or topic about discussions on law or democracy, strongly suggesting the book's title or argument about ""rule of law"" or similar concept will follow, likely exploring Chinese intellectuals' misunderstanding or sense of law.

Final token ""法治"" is mid-word (""谈论法治""), part of a phrase listing topics (""他曾谈论法治""), strongly expecting continuation like ""的意義"" or ""與社會"" or ""社会的問題"" or ""与道德的关系"" or ""之精神，而非只談暴力"" — a common theme.",0.931009,0.137981
REP-030|zh|hanzi#59,REP-030,Qwen/Qwen2.5-7B-Instruct,Qwen,zh,B,S1,S,the rule of law,,,representation,C6,core,baseline,這本書的作者在序言裡提到，他當初動筆，就是想好好談談法治。,法治,1,23,20,22,111.09827423095703,REP-030|zh|hanzi#59#siteB,REP-030|zh|hanzi#59#siteB#k4,4,"Taiwanese academic publishing book review format, with a classic literary tone and a title promising a book of political philosophy.

The sentence ""他寫這本書，原本是想討論‘公民權’這個話題。作者說自己想寫一本談政治改革"" strongly implies an introductory framing, likely continuing to describe the book's intent or motivation around the concept of justice or truth.

Final token ""政治。"" closes a clause (""他原本想寫這本書是為了談政治改革。他想談的是法治""), strongly expecting continuation like ""但是"" or ""作者卻發現一個很大的問題"" or ""这本书的目的并非简单"" or ""他想澄清...""",0.902568,0.194865
REP-031|en|latin#62,REP-031,Qwen/Qwen2.5-7B-Instruct,Qwen,en,A,S1,S,freedom of assembly,,,representation,C1,core,baseline,"At last week's public forum, the participants spent a good deal of time discussing freedom of assembly and shared a range of different views.",freedom of assembly,3,27,20,18,123.5831298828125,REP-031|en|latin#62#siteA,REP-031|en|latin#62#siteA#k1,1,"Political commentary format with a headline (""Legal attacks on President Obama's speeches raise questions about free speech"") implies a blog or news article context addressing a specific issue.

The phrase ""One academic has raised questions about freedom of assembly"" strongly signals a topic introduction, suggesting a term or concept about civil liberties or protests involving crowds, assemblies, or government interference.

Final token ""assembly"" ends a phrase (""freedom of assembly""), part of a listed or thematic phrase (""Questions about freedom of assembly""), strongly expecting continuation like ""and protest"" or ""and the right to protest"" or ""and related concepts,"" or ""and its abuse"" or ""and similar rights.""",0.939507,0.120986
REP-031|en|latin#62,REP-031,Qwen/Qwen2.5-7B-Instruct,Qwen,en,B,S1,S,freedom of assembly,,,representation,C1,core,baseline,"At last week's public forum, the participants spent a good deal of time discussing freedom of assembly and shared a range of different views.",freedom of assembly,3,27,20,26,112.49381256103516,REP-031|en|latin#62#siteB,REP-031|en|latin#62#siteB#k0,0,"Political/educational blog format with a faculty statement introducing a public debate topic, suggesting a civic or campus context around the proposed ballot measure.

The phrase ""Yesterday several hundred people participated in a town hall discussion about abortion policy issues and related questions. The participants shared diverse views on the proposal."" implies an introduction or summary expected next, likely continuing the discussion about views or concepts.

Final token ""issue. "" closes a noun phrase (""An important debate has been going on about various viewpoints during the town hall discussions and several people expressed opinions. The arguments were debated.""), strongly expecting continuation like ""The following points are..."" or ""I'd like to clarify some key ideas,"" or ""a report.""",0.907593,0.184815
REP-031|zh|hanzi#61,REP-031,Qwen/Qwen2.5-7B-Instruct,Qwen,zh,A,S1,S,freedom of assembly,,,representation,C1,core,baseline,在上週的公開座談會上，與會者花了不少時間討論集會自由，也各自提出了不同的看法。,集會自由,3,27,20,19,129.25486755371094,REP-031|zh|hanzi#61#siteA,REP-031|zh|hanzi#61#siteA#k0,0,"Hong Kong media coverage headline format with bilingual context (Taiwanese media), suggesting a political article or editorial commentary about Hong Kong protests.

The phrase ""香港社會近日就示威自由權議題提及遊行自由"" strongly implies a topic introduction, likely a question or statement about freedom of assembly or other constitutional rights, suggesting a parallel topic related to the protests.

Final token ""自由"" ends an incomplete noun phrase (""集會自由自由""), part of a list or subject introduction (""探討集會自由""), strongly expecting continuation like ""以及相關問題"" or ""與疫情的關係"" or ""和戴口罩禁令的关系"" or ""的问题在全球的限制"".",0.913273,0.173454
REP-031|zh|hanzi#61,REP-031,Qwen/Qwen2.5-7B-Instruct,Qwen,zh,B,S1,S,freedom of assembly,,,representation,C1,core,baseline,在上週的公開座談會上，與會者花了不少時間討論集會自由，也各自提出了不同的看法。,集會自由,3,27,20,26,108.51508331298828,REP-031|zh|hanzi#61#siteB,REP-031|zh|hanzi#61#siteB#k2,2,"Malay-language political blog post title signals a discussion about Singapore's constitutional amendments, likely referencing the Assembly of Faith event and public responses.

The phrase ""近日有關「宪法修正案》的討論也包括了几位不同政治立场人士意见。他们在座谈会上讨论了某些议题"" implies an introduction or article structure, suggesting continuation of context about student or civic viewpoints.

Final token ""议题。 "" closes a clause (""有关这次民主表达和自由讨论的座谈会中涉及了多方面意见。有关宪法修正案的讨论已经展开。""), strongly expecting continuation like ""Some participants"" or ""The discussion ended with"" or ""One particular point or concern is addressed.""",0.898205,0.20359
REP-032|en|latin#64,REP-032,Qwen/Qwen2.5-7B-Instruct,Qwen,en,A,S1,S,freedom of assembly,,,representation,C2,core,baseline,"In class, the teacher used a few everyday examples to help the students understand freedom of assembly.",freedom of assembly,3,19,20,17,120.12139129638672,REP-032|en|latin#64#siteA,REP-032|en|latin#64#siteA#k4,4,"Formal educational format with a prompt structure (""A cartoon illustration"") suggests a quiz or student activity context about civics or law, likely a worksheet or headline.

The phrase ""Some people often misunderstand the right to freedom of assembly"" signals an incomplete concept, strongly implying the topic ""assembly"" or ""the idea of peaceful protests"" is being introduced with a definition or question prompt.

Final token ""assembly"" ends mid-phrase (""right to freedom of assembly""), part of an enumerated or conceptual question prompt (""A cartoon about the concept of freedom of assembly""), expecting continuation like ""and"" or ""and related concepts,"" or ""in a country"" or ""in practice,"" completing the topic.",0.926367,0.147266
REP-032|en|latin#64,REP-032,Qwen/Qwen2.5-7B-Instruct,Qwen,en,B,S1,S,freedom of assembly,,,representation,C2,core,baseline,"In class, the teacher used a few everyday examples to help the students understand freedom of assembly.",freedom of assembly,3,19,20,18,115.72142028808594,REP-032|en|latin#64#siteB,REP-032|en|latin#64#siteB#k3,3,"Formal educational context with a Chinese language structure suggesting a question about civic concepts, implying a quiz or activity format about rights and laws.

The phrase ""A teacher uses several real-life examples to illustrate the concept of democracy in a class discussion. "" strongly implies an introduced scenario or list of examples from the textbook, likely continuing with a specific educational analogy about law-related items.

Final token ""rights. "" closes a setup clause (""An English teacher provides a teacher's lesson on constitutional concepts to illustrate the class's values. He used examples from the UN to demonstrate""), immediately expecting continuation like ""He mentioned the following:"" or ""The examples include:"" or ""The teacher explained that..."".",0.875666,0.248668
REP-032|zh|hanzi#63,REP-032,Qwen/Qwen2.5-7B-Instruct,Qwen,zh,A,S1,S,freedom of assembly,,,representation,C2,core,baseline,老師在課堂上舉了幾個生活中的例子，帶著學生一起認識集會自由。,集會自由,3,20,20,18,118.82732391357422,REP-032|zh|hanzi#63#siteA,REP-032|zh|hanzi#63#siteA#k3,3,"Hong Kong educational/Chinese-language platform format with a visual caption or headline suggesting a comics or cartoon context about constitutional rights.

The phrase ""有人因看電影而了解集會自由"" implies an incomplete noun phrase or topic about freedom of assembly, strongly implying a specific constitutional or civil rights concept is being introduced, likely ""freedom of speech"" or ""the concept of protest freedom.""

Final token ""自由"" ends mid-phrase ""表达自由自由"", part of a title or concept phrase (""探討集會自由""), expecting continuation like ""的意義"" or ""和其它權利"" or ""的问题"" or ""与示威者的权利"", completing the theme about constitutional freedoms.",0.905746,0.188508
REP-032|zh|hanzi#63,REP-032,Qwen/Qwen2.5-7B-Instruct,Qwen,zh,B,S1,S,freedom of assembly,,,representation,C2,core,baseline,老師在課堂上舉了幾個生活中的例子，帶著學生一起認識集會自由。,集會自由,3,20,20,19,101.18043518066406,REP-032|zh|hanzi#63#siteB,REP-032|zh|hanzi#63#siteB#k4,4,"Hong Kong educational context with Chinese language format suggests a classroom activity or book description setup, implying a picture or scenario about freedom rights.

The phrase ""一群學生在課堂上討論基本自由權，大家共同了解「民主」概念。"" implies an incomplete statement about an activity illustrating freedom of assembly and related rights, strongly implying continuation about specific content or examples.

Final token ""自由。"" closes a noun phrase (""他們學習了信仰自由和全民投票的概念，了解公民自由權。""), strongly expecting continuation like ""以下是他所提出的幾項"" or ""这个概念"" or ""因此他指出"" or ""下面他展示了...的内涵"" describing the exercise.",0.859003,0.281993
REP-033|en|latin#66,REP-033,Qwen/Qwen2.5-7B-Instruct,Qwen,en,A,S1,S,freedom of assembly,,,representation,C3,core,baseline,"After class, a student stayed behind and went up to ask the teacher about freedom of assembly in more detail.",freedom of assembly,3,22,20,17,111.32471466064453,REP-033|en|latin#66#siteA,REP-033|en|latin#66#siteA#k3,3,"Legal/educational context with formal Chinese language policy format (""Netizen Legal Knowledge""), implying a question or scenario about constitutional rights.

The phrase ""Some netizens ask about freedom of speech"" suggests an example or list topic, likely a specific constitutional or social issue, with ""assembly"" signaling a common Chinese legal term about demonstrations or public gatherings.

Final token ""assembly"" ends mid-phrase ""question about freedom of assembly,"" part of an incomplete question list (""A question about right to freedom of assembly""), strongly expecting continuation like ""and rights"" or ""in the textbook"" or ""and related laws"" or ""and protest behavior,"" completing the specific topic about constitutional questions.",0.867692,0.264616
REP-033|en|latin#66,REP-033,Qwen/Qwen2.5-7B-Instruct,Qwen,en,B,S1,S,freedom of assembly,,,representation,C3,core,baseline,"After class, a student stayed behind and went up to ask the teacher about freedom of assembly in more detail.",freedom of assembly,3,22,20,21,104.48249816894531,REP-033|en|latin#66#siteB,REP-033|en|latin#66#siteB#k1,1,"Chinese language learning context with educational scenario format suggests a question or multiple-choice scenario involving ethics or social responsibility.

The sentence ""A student entered a government official's office and raised a question about a particular law. The student then approached him with a sudden inquiry about the textbook content."" implies a narrative setup, likely a student's question or interaction scenario requiring a response or response about the topic's moral implications.

Final token ""question. "" closes a clause (""A student entered a social practice class after being assigned to discuss with the schoolmaster. The student asked the student about the issue.""), expecting continuation like ""He asked about"" or ""The student was a student of ethics"" or similar.",0.838614,0.322773
REP-033|zh|hanzi#65,REP-033,Qwen/Qwen2.5-7B-Instruct,Qwen,zh,A,S1,S,freedom of assembly,,,representation,C3,core,baseline,有位學生下課後留下來，特地跑去問老師關於集會自由的問題。,集會自由,3,21,20,17,118.63263702392578,REP-033|zh|hanzi#65#siteA,REP-033|zh|hanzi#65#siteA#k2,2,"Taiwanese college student forum post format with informal tone and academic discussion tags suggesting a political question prompt about constitutional law or social justice.

The phrase ""有學生在課堂上爭論言論自由"" implies a specific topic about ""assembly freedom"" or a controversial concept, likely a student question or debate about constitutional rights versus campus protests or free speech.

Final token ""自由"" ends an incomplete phrase (""集會自由""), part of a list or question structure (""關於集會自由""), strongly expecting continuation like ""與限製之爭"" or ""的問題"" or ""和學生集會的關係"" or ""之-definition or limits,"" completing the student's topic.",0.912001,0.175998
REP-033|zh|hanzi#65,REP-033,Qwen/Qwen2.5-7B-Instruct,Qwen,zh,B,S1,S,freedom of assembly,,,representation,C3,core,baseline,有位學生下課後留下來，特地跑去問老師關於集會自由的問題。,集會自由,3,21,20,20,104.42338562011719,REP-033|zh|hanzi#65#siteB,REP-033|zh|hanzi#65#siteB#k0,0,"Taiwanese/Chinese cultural blog post tone with academic-moral framing, suggesting an essay or article about constitutionalism or moral disputes.

The phrase ""有一天一個高中生在課堂上問起林肯墓前的名言。"" implies a narrative scene setup, likely a student's question or observation about the speech or concept, suggesting continuation about the student's specific inquiry or reaction.

Final token ""的。"" closes a sentence mid-clause (""一位學生向老師請教一個關於政治事件的學生。一位中學生問起 INLINElife⋯""), strongly expecting ""他問的是..."" or ""这位学生提出了几个问题，的确让人反思..."" or similar clause.",0.898843,0.202315
REP-034|en|latin#68,REP-034,Qwen/Qwen2.5-7B-Instruct,Qwen,en,A,S1,S,freedom of assembly,,,representation,C4,core,baseline,"While a few friends were chatting, the conversation eventually turned to freedom of assembly, and they debated it with real enthusiasm.",freedom of assembly,3,24,20,14,121.49247741699219,REP-034|en|latin#68#siteA,REP-034|en|latin#68#siteA#k0,0,"Formal political/cultural context signals an article or social media post introducing a Canadian politician, suggesting a topic about free speech and government restrictions.

The phrase ""Some people have been crying out about freedom of assembly"" implies a common phrase or topic — ""freedom of assembly"" is likely being introduced, likely continuing a list or context about protests, rallies, or constitutional rights.

Final token ""assembly"" ends mid-phrase ""freedom of assembly,"" part of an implied noun phrase introduction (""A recent controversy around freedom of assembly""), strongly expecting continuation like ""and,"" ""or protests"" or ""and the right to protest"" or ""and its related concepts,"" completing the topic.",0.938588,0.122824
REP-034|en|latin#68,REP-034,Qwen/Qwen2.5-7B-Instruct,Qwen,en,B,S1,S,freedom of assembly,,,representation,C4,core,baseline,"While a few friends were chatting, the conversation eventually turned to freedom of assembly, and they debated it with real enthusiasm.",freedom of assembly,3,24,20,23,96.3090591430664,REP-034|en|latin#68#siteB,REP-034|en|latin#68#siteB#k3,3,"Formal English language structure with punctuation and colloquial tone (""Two perspectives were debating a contentious issue about politics""), suggesting a prompt or word problem scenario.

The phrase ""A group of students energetically gathered together and commenced a heated discussion. They were discussing various topics..."" implies an incomplete sentence or context, likely the answer or response to this scenario's situation.

Final token ""discussion. "" closes a clause (""The students who attended the gathering and passionately argued their opinions. Two parties heatedly debated the topic. They were enthusiastic...""), strongly expecting continuation like ""The group"" or ""If you're curious about their conclusions,"" or ""They were divided into..."".",0.836427,0.327146
REP-034|zh|hanzi#67,REP-034,Qwen/Qwen2.5-7B-Instruct,Qwen,zh,A,S1,S,freedom of assembly,,,representation,C4,core,baseline,幾個朋友聚在一起聊天時，不知不覺就聊到了集會自由，討論得相當熱烈。,集會自由,3,22,20,14,122.23330688476562,REP-034|zh|hanzi#67#siteA,REP-034|zh|hanzi#67#siteA#k4,4,"Hong Kong social media post format with informal tone suggests a headline or anecdotal context about a public incident.

The phrase ""近日有人提及到遊行自由"" signals a topic introduction, implying a question or debate about free speech or protest rights, likely continuing with ""and/or other related concepts"" or ""的問題"" (freedom of assembly).

Final token ""自由"" ends mid-expression ""集會自由"" — part of a phrase listing topics (""關於集會自由""), strongly expecting continuation like ""和/or聚集權"" or ""的问题"" or ""的概念"" or ""与抗疫的关系"" or ""以及某些极端行为的界限"" — completing the topic.",0.914802,0.170396
REP-034|zh|hanzi#67,REP-034,Qwen/Qwen2.5-7B-Instruct,Qwen,zh,B,S1,S,freedom of assembly,,,representation,C4,core,baseline,幾個朋友聚在一起聊天時，不知不覺就聊到了集會自由，討論得相當熱烈。,集會自由,3,22,20,21,107.3608627319336,REP-034|zh|hanzi#67#siteB,REP-034|zh|hanzi#67#siteB#k2,2,"Hong Kong Chinese-language blog post format, suggesting informal discussion about law and philosophy, implying a story or scenario around a controversial topic.

The phrase ""一群朋友聚在一起讨论 Abortive Law（堕胎法）的問題，大家在餐桌上激烈討論。"" implies an introduction setup, likely continuing with a narrative or context about the attendees' opinions or conclusions.

Final token ""討論。"" closes a clause (""幾個朋友聚在一起討論一個議題，有關朋友們在聚餐時的思想。""), strongly expecting continuation like ""其中有人提出"" or ""大家纷纷发表意见"" or ""这场讨论涉及到了一些相关概念，我于是想要分享"".",0.88909,0.22182
REP-035|en|latin#70,REP-035,Qwen/Qwen2.5-7B-Instruct,Qwen,en,A,S1,S,freedom of assembly,,,representation,C5,core,baseline,"While browsing in the library yesterday, I happened to read a passage that discussed freedom of assembly at some length.",freedom of assembly,3,22,20,17,123.59850311279297,REP-035|en|latin#70#siteA,REP-035|en|latin#70#siteA#k2,2,"Informal, witty blog tone with an American political context suggesting a rhetorical question (""Freedom of speech is under attack"") implies a textual or historical topic.

The phrase ""One thing that has been much discussed is the freedom of assembly"" strongly implies a list or topic introduction about constitutional rights or a specific historical event related to assembly rights or protest.

Final token ""assembly"" ends mid-phrase (""freedom of assembly""), part of a paired concept (""A discussion about freedom of assembly""), expecting continuation like ""and protest"" or ""and the First Amendment"" or ""in popular culture"" or ""and its implications,"" completing the suggested topic about collective protest events or crowd gatherings.",0.938714,0.122572
REP-035|en|latin#70,REP-035,Qwen/Qwen2.5-7B-Instruct,Qwen,en,B,S1,S,freedom of assembly,,,representation,C5,core,baseline,"While browsing in the library yesterday, I happened to read a passage that discussed freedom of assembly at some length.",freedom of assembly,3,22,20,21,112.04707336425781,REP-035|en|latin#70#siteB,REP-035|en|latin#70#siteB#k2,2,"Blog post-style personal commentary begun with informal tone (""I had a brief encounter with the US Constitution today""), implying a narrative or reflective post about political or philosophical issues.

The phrase ""I came across an article about civil liberties that happened to mention a discussion about the First Amendment. "" strongly suggests an introduction or context setup, likely continuing with a specific quote or idea about constitutionalism or rights.

Final token ""Amendment. "" closes a clause (""I recently came across an article discussing a passage about a constitutional topic and rights discussion. ""), immediately expecting continuation like ""The passage was interesting"" or ""It reminded me of some historical context,"" or ""I found the definition was narrow.""",0.900677,0.198646
REP-035|zh|hanzi#69,REP-035,Qwen/Qwen2.5-7B-Instruct,Qwen,zh,A,S1,S,freedom of assembly,,,representation,C5,core,baseline,我昨天在圖書館翻書時，剛好讀到一段在講集會自由的文字。,集會自由,3,22,20,19,115.2994384765625,REP-035|zh|hanzi#69#siteA,REP-035|zh|hanzi#69#siteA#k3,3,"Hong Kong political context with Tagalog language quotation mark, suggesting a blog or social media post about Singapore law or constitutional rights.

The phrase ""有個討論到集會自由"" implies a topic introduction, likely a quoted or contested term about conscience or assembly freedom, suggesting a specific context or debate about religious liberty or public assembly rights.

Final token ""自由"" ends mid-phrase ""集會自由"" part of a listed topic (""关于集会自由""), strongly expecting continuation like ""的問題"" or ""与宗教迫害"" or ""之概念"" or ""的界限"" or ""的案例"" — completing a phrase about a controversial protected right.",0.902387,0.195227
REP-035|zh|hanzi#69,REP-035,Qwen/Qwen2.5-7B-Instruct,Qwen,zh,B,S1,S,freedom of assembly,,,representation,C5,core,baseline,我昨天在圖書館翻書時，剛好讀到一段在講集會自由的文字。,集會自由,3,22,20,21,102.38551330566406,REP-035|zh|hanzi#69#siteB,REP-035|zh|hanzi#69#siteB#k0,0,"Hong Kongese/Chinese-language blog post tone, implying casual reflective writing about politics or faith, suggesting a personal reaction or contemplation post.

The phrase ""最近看到一本書的註腳，我看到一個關於《憲法》的段落。"" establishes a setup, strongly implying a quoted passage or concept follows describing a religious or philosophical idea about freedom or rights.

Final token ""的段落。"" closes a clause mid-sentence (""我剛看過一本書關於宗教自由的文章。我看到一段有關憲法和論述。""), expecting continuation like ""作者谈到"" or ""那篇文章讲了一些有趣的观点"" or ""我突然想起类似情景"".",0.895684,0.208631
REP-036|en|latin#72,REP-036,Qwen/Qwen2.5-7B-Instruct,Qwen,en,A,S1,S,freedom of assembly,,,representation,C6,core,baseline,"In the preface, the author explains that the book grew out of a wish to explore freedom of assembly in depth.",freedom of assembly,3,24,20,20,121.27133178710938,REP-036|en|latin#72#siteA,REP-036|en|latin#72#siteA#k4,4,"Academic legal blog format with quoted scholarly authority suggesting a law review or literary article, implying a title or argument about First Amendment rights.

The phrase ""A historian takes up the question of freedom of assembly"" strongly implies a topic introduction or title, suggesting a specific legal issue or historical context about protests, freedom of assembly, or constitutional rights in a contemporary or historical context.

Final token ""assembly"" ends mid-phrase (""rights of assembly""), part of a list or subject introduction phrase (""An inquiry into freedom of assembly""), likely continuing with ""and related issues,"" ""in China,"" or ""as a constitutional right,"" or ""and public demonstrations, riots, or protest.""",0.928948,0.142105
REP-036|en|latin#72,REP-036,Qwen/Qwen2.5-7B-Instruct,Qwen,en,B,S1,S,freedom of assembly,,,representation,C6,core,baseline,"In the preface, the author explains that the book grew out of a wish to explore freedom of assembly in depth.",freedom of assembly,3,24,20,23,106.15264892578125,REP-036|en|latin#72#siteB,REP-036|en|latin#72#siteB#k3,3,"Academic book description format with a footnote or title header, suggesting scholarly book review or course notes structure about a political text.

The sentence ""The book's author begins its introduction by announcing its purpose: a study of human rights in India that set out to investigate the UN Declaration's origins. "" implies an opening statement or thesis, strongly implying continuation about the book's motivations or scope.

Final token ""originates."" closes a clause mid-sentence (""The author states that the book's primary intent is to explore the book's purpose, and it announces that it aims to write a history""), expecting continuation like ""The author then explains"" or ""This book has since expanded"" or similar.",0.89063,0.21874
REP-036|zh|hanzi#71,REP-036,Qwen/Qwen2.5-7B-Instruct,Qwen,zh,A,S1,S,freedom of assembly,,,representation,C6,core,baseline,這本書的作者在序言裡提到，他當初動筆，就是想好好談談集會自由。,集會自由,3,25,20,23,126.23175048828125,REP-036|zh|hanzi#71#siteA,REP-036|zh|hanzi#71#siteA#k3,3,"Hong Kong literary figure's column opener signals an intellectual essay tone with a political spark, likely referencing recent protests or cultural debates about freedom.

The phrase ""不久前讀到一篇關於集會自由"" strongly implies a book title or topic introduction, with ""言论自由"" suggesting the essay will address the concept of assembly rights or public assembly freedoms, likely continuing a list or question about free speech.

Final token ""自由"" ends mid-phrase (""集会自由""), part of a listing or topic introduction construction (""我們應該探討集會自由""), expecting continuation like ""和集會權的問題"" or ""、以及相關爭議"" or ""为何成为社会议题"".",0.928733,0.142535
REP-036|zh|hanzi#71,REP-036,Qwen/Qwen2.5-7B-Instruct,Qwen,zh,B,S1,S,freedom of assembly,,,representation,C6,core,baseline,這本書的作者在序言裡提到，他當初動筆，就是想好好談談集會自由。,集會自由,3,25,20,24,108.99015045166016,REP-036|zh|hanzi#71#siteB,REP-036|zh|hanzi#71#siteB#k1,1,"Taiwanese intellectual blog post style, with title promising a book review, implies provocative and reflective tone about constitutional law and political freedom.

The sentence ""这本书的作者张维为开头就想要講述一個概念：宣布自由权利。他要談的是自由言论"" strongly suggests an opening context or argument about the book's purpose, likely the legal debate around euthanasia.

Final token ""权利。"" closes a clause (""他原意是想谈论自由言论权。他关心的是保护言论自由""), strongly expects continuation like ""但是"" or ""他寫這本書時，卻發現問題十分複雜"" or ""这个概念原本是为了探讨..."".",0.901506,0.196988
REP-037|en|latin#74,REP-037,Qwen/Qwen2.5-7B-Instruct,Qwen,en,A,S0,N_everyday,the weather,,,representation,C1,core,baseline,"At last week's public forum, the participants spent a good deal of time discussing the weather and shared a range of different views.",the weather,2,26,20,17,115.53364562988281,REP-037|en|latin#74#siteA,REP-037|en|latin#74#siteA#k3,3,"Historical newspaper column format with a headline and intro suggesting a Texas state legislative segment, likely a newspaper article or political commentary.

The phrase ""Some folks here have been talking about the weather"" implies a topic introduction or context, suggesting a second major theme or subject matter about weather issues or climate change concern, possibly tying to the TV program's announcements.

Final token ""weather"" ends an incomplete noun phrase (""talked about the weather""), part of a list or clause structure (""Some folks have been concerned about the weather""), strongly expecting continuation like ""patterns"" or ""and its effects on planting"" or ""and the drought"" or ""predictions, particularly the recent climate.""",0.926578,0.146844
REP-037|en|latin#74,REP-037,Qwen/Qwen2.5-7B-Instruct,Qwen,en,B,S0,N_everyday,the weather,,,representation,C1,core,baseline,"At last week's public forum, the participants spent a good deal of time discussing the weather and shared a range of different views.",the weather,2,26,20,25,112.23497009277344,REP-037|en|latin#74#siteB,REP-037|en|latin#74#siteB#k4,4,"Formal civic/educational tone suggests an informal post or column format, likely a local newspaper or educational context.

The phrase ""A group of people gathered recently to discuss the weather conditions in our community. The attendees expressed a wide variety of opinions during the meeting."" implies an opening scenario or prompt, strongly implying the text will continue describing differing views or perspectives on a specific event or topic.

Final token ""opinions. "" closes a clause (""During the last day's debate about the weather, attendees at various meetings expressed their views. An interesting mix of opinions occurred.""), strongly expecting continuation like ""Some argued..."" or ""The following statements include..."" or ""A consensus was formed.""",0.894841,0.210319
REP-037|zh|hanzi#73,REP-037,Qwen/Qwen2.5-7B-Instruct,Qwen,zh,A,S0,N_everyday,the weather,,,representation,C1,core,baseline,在上週的公開座談會上，與會者花了不少時間討論天氣，也各自提出了不同的看法。,天氣,2,26,20,18,120.56597137451172,REP-037|zh|hanzi#73#siteA,REP-037|zh|hanzi#73#siteA#k2,2,"Malaysian English news headline format with casual tone suggests a magazine or media article context about Singapore's Formula 1 team.

The phrase ""有時，球迷對這隻球隊最介意的，是天氣"" implies an introduction or topic about a specific issue, likely a poll or announcement about the team's attitudes or focus around weather or other factors affecting the Singapore Grand Prix.

Final token ""天氣"" is mid-phrase (""谈论天氣""), part of an implied list or clause structure (""有關天氣""), strongly expecting continuation like ""問題"" or ""變化對賽季的影响"" or ""和全球暖化"" or ""相关议题的担忧"".",0.910643,0.178714
REP-037|zh|hanzi#73,REP-037,Qwen/Qwen2.5-7B-Instruct,Qwen,zh,B,S0,N_everyday,the weather,,,representation,C1,core,baseline,在上週的公開座談會上，與會者花了不少時間討論天氣，也各自提出了不同的看法。,天氣,2,26,20,25,109.39007568359375,REP-037|zh|hanzi#73#siteB,REP-037|zh|hanzi#73#siteB#k4,4,"Taiwanese/English environmental blog tone with poetic imagery about climate change, suggesting an article or essay structure around a public meeting.

The phrase ""近期我參加了幾個關於全球暖化的討論，大家對於天氣預測有不同的看法。"" implies an introduction promising content or observations from participants' perspectives, likely listing or elaborating on specific viewpoints or facts about the rain.

Final token ""意見。"" closes the introductory clause (""在一系列有關天氣議題的討論會中，參與者都有了各自的看法。""), strongly expecting continuation like ""One participant"" or ""Some of them mentioned..."" or ""The weather forecasters concluded"" or ""This debate...""",0.906359,0.187283
REP-038|en|latin#76,REP-038,Qwen/Qwen2.5-7B-Instruct,Qwen,en,A,S0,N_everyday,the weather,,,representation,C2,core,baseline,"In class, the teacher used a few everyday examples to help the students understand the weather.",the weather,2,18,20,16,116.213623046875,REP-038|en|latin#76#siteA,REP-038|en|latin#76#siteA#k2,2,"Educational format with a translated math worksheet title and image description suggests a student-oriented bilingual context, likely a worksheet or interactive activity about weather or science concepts.

The phrase ""Let's use a child's experience to understand the weather"" implies an introductory or exploratory question structure, likely continuing with a topic about weather patterns, temperature, or meteorology concepts.

Final token ""weather"" ends an incomplete noun phrase (""understand the weather""), part of a list or concept clause (""He used the activities to learn about the weather""), strongly anticipating continuation like ""patterns"" or ""system"" or ""changes"" or ""and climate"" or ""three types of clouds,"" completing the topic.",0.927278,0.145444
REP-038|en|latin#76,REP-038,Qwen/Qwen2.5-7B-Instruct,Qwen,en,B,S0,N_everyday,the weather,,,representation,C2,core,baseline,"In class, the teacher used a few everyday examples to help the students understand the weather.",the weather,2,18,20,17,124.06912994384766,REP-038|en|latin#76#siteB,REP-038|en|latin#76#siteB#k2,2,"Structured math problem format with a number sequence and a ""Temperature"" context suggests an educational or interactive activity, likely a worksheet or story prompt.

The phrase ""Mrs. Johnson's science class was teaching about measurements today. The teacher used some objects to explain measurement concepts."" implies an introductory setup, suggesting the next tokens will describe specific examples or activities the teacher used with fruits.

Final token ""measurement. "" closes a clause mid-context (""The teacher used a lesson from the nature class to explain science concepts. Mrs. Johnson's examples""), strongly expecting an object or continuation like ""He showed three fruits,"" or ""The teacher then gave examples of..."" or ""He compared temperature to other concepts.""",0.885027,0.229947
REP-038|zh|hanzi#75,REP-038,Qwen/Qwen2.5-7B-Instruct,Qwen,zh,A,S0,N_everyday,the weather,,,representation,C2,core,baseline,老師在課堂上舉了幾個生活中的例子，帶著學生一起認識天氣。,天氣,2,19,20,17,111.09228515625,REP-038|zh|hanzi#75#siteA,REP-038|zh|hanzi#75#siteA#k4,4,"Educational resource format with a Chinese language activity prompt, implying an interactive or visual presentation context about ""气象"" (weather) or similar topic.

The phrase ""小朋友們會常常看報紙或手機,了解天氣"" suggests an opening sentence introducing a theme, likely listing weather-related concepts or activities, implying a word puzzle or activity about weather or climate terms.

Final token ""天氣"" is mid-phrase in ""了解天氣,"" part of an incomplete noun phrase (""我們曾經學習過天氣""), strongly expecting a noun like ""的變化"" or ""现象"" or ""与气象"" or ""四种基本类型"" or ""预报"" or similar.",0.922889,0.154223
REP-038|zh|hanzi#75,REP-038,Qwen/Qwen2.5-7B-Instruct,Qwen,zh,B,S0,N_everyday,the weather,,,representation,C2,core,baseline,老師在課堂上舉了幾個生活中的例子，帶著學生一起認識天氣。,天氣,2,19,20,18,107.9779052734375,REP-038|zh|hanzi#75#siteB,REP-038|zh|hanzi#75#siteB#k1,1,"Taiwanese language educational resource format with a child-friendly picture, suggesting a story or activity prompt about weather or science lessons.

The phrase ""幾位小朋友在課堂上玩「宇宙天氣」，老師用實物展示了各種物品。"" implies an incomplete sentence introducing a lesson context or activity theme, suggesting the text may continue describing educational concepts or activities related to the five senses or science.

Final token ""天氣。"" closes a clause (""老師教小朋友學習地理，講起地球科學。他介紹了自然物體。""), strongly expecting continuation like ""他先問了..."" or ""这些知识包含了..."" or ""孩子们于是发现了..."".",0.897483,0.205034
REP-039|en|latin#78,REP-039,Qwen/Qwen2.5-7B-Instruct,Qwen,en,A,S0,N_everyday,the weather,,,representation,C3,core,baseline,"After class, a student stayed behind and went up to ask the teacher about the weather in more detail.",the weather,2,21,20,16,100.3944091796875,REP-039|en|latin#78#siteA,REP-039|en|latin#78#siteA#k0,0,"Chinese language learning context with a standard dialogue format (""A student wearing a 'blue' shirt""), suggesting informal or humorous communication scenarios.

The phrase ""Some students questioned the teacher about the weather"" implies a narrative or dialogue item, likely an example or anecdote, with ""weather"" suggesting a specific topic or question about climate or a Chinese proverb about the weather.

Final token ""weather"" ends mid-phrase (""asked about the weather""), part of an incomplete clause (""A student questioned the teacher about the weather""), strongly expecting continuation like ""forecast"" or ""pattern"" or ""in the evening"" or ""related to the upcoming exam,"" or ""and other topics, mentioning the earthquake.""",0.889441,0.221119
REP-039|en|latin#78,REP-039,Qwen/Qwen2.5-7B-Instruct,Qwen,en,B,S0,N_everyday,the weather,,,representation,C3,core,baseline,"After class, a student stayed behind and went up to ask the teacher about the weather in more detail.",the weather,2,21,20,20,106.67462158203125,REP-039|en|latin#78#siteB,REP-039|en|latin#78#siteB#k2,2,"Chinese language educational context with a figure in classroom setting, suggesting a multiple-choice or scenario-based question format about communication or feedback.

The phrase ""A student came to a teacher's office to ask about a scientific phenomenon. The student asked a question about the teacher's research topic and then stayed closely to observe."" implies an anecdote or scenario involving a student's genuine inquiry or interaction.

Final token ""topic. "" closes a clause (""When the student came to the teacher's office to ask some questions about a science experiment, the student asked the teacher about it.""), strongly expecting continuation like ""The response was..."" or ""He expressed several concerns/points,"" or ""This student was an observer.""",0.841855,0.31629
REP-039|zh|hanzi#77,REP-039,Qwen/Qwen2.5-7B-Instruct,Qwen,zh,A,S0,N_everyday,the weather,,,representation,C3,core,baseline,有位學生下課後留下來，特地跑去問老師關於天氣的問題。,天氣,2,20,20,16,114.30131530761719,REP-039|zh|hanzi#77#siteA,REP-039|zh|hanzi#77#siteA#k3,3,"Taiwanese-language text with a formal literary context (""高中學生的對話""), suggesting an essay or dialogue snippet about a famous person's speech.

The phrase ""有一次他很在意關於天氣"" implies a student asked about someone's opinion on weather or a personal topic, likely a popular figure's comment or attitude, implying a second question or context about weather or climate.

Final token ""天氣"" is mid-phrase (""關於天氣""), part of an incomplete question clause (""有學生對話關於天氣""), strongly expecting a specific noun like ""的問題"" or ""变化"" or ""与假日的关系"" or ""预报"" or ""是否下雨的问题.""",0.907078,0.185844
REP-039|zh|hanzi#77,REP-039,Qwen/Qwen2.5-7B-Instruct,Qwen,zh,B,S0,N_everyday,the weather,,,representation,C3,core,baseline,有位學生下課後留下來，特地跑去問老師關於天氣的問題。,天氣,2,20,20,19,100.76324462890625,REP-039|zh|hanzi#77#siteB,REP-039|zh|hanzi#77#siteB#k3,3,"Taiwanese/Chinese language educational blog tone with a humorous or provocative title (""老师問學生：「你有幾顆糖果？」""), suggesting a story or illustration follows.

The sentence structure ""有一個学生在課堂上提出問題，一位老師看到一位學生想請教	cfg 的事情。"" implies an anecdote setup, likely describing a student behavior or lesson context.

Final token ""學生。"" closes a clause (""一個學生到老師那裡問問題。一名學生在課堂上問物理老師有關糖果的問題""), strongly expecting continuation like ""他說"" or ""这个学生的行为显得很奇怪"" or ""老师随即回答了某些理由""",0.878477,0.243046
REP-040|en|latin#80,REP-040,Qwen/Qwen2.5-7B-Instruct,Qwen,en,A,S0,N_everyday,the weather,,,representation,C4,core,baseline,"While a few friends were chatting, the conversation eventually turned to the weather, and they debated it with real enthusiasm.",the weather,2,23,20,13,116.5245132446289,REP-040|en|latin#80#siteA,REP-040|en|latin#80#siteA#k2,2,"Formal English language format with a casual, conversational tone suggesting a story or dialogue narrative beginning with a character named ""Tim.""

The phrase ""One day, Tom found himself talking to his friend about the weather"" implies an introductory context or anecdote, likely a pun or situation around weather-related topics like complaints or opinions about the weather or season.

Final token ""weather"" ends an incomplete noun phrase (""about the weather""), part of a list or clause describing a topic of conversation (""He was talking about the weather""), strongly expecting continuation like ""and the forecast"" or ""changes"" or ""a particular dislike"" or ""of the recent cold temperatures,"" completing the scenario.",0.909297,0.181406
REP-040|en|latin#80,REP-040,Qwen/Qwen2.5-7B-Instruct,Qwen,en,B,S0,N_everyday,the weather,,,representation,C4,core,baseline,"While a few friends were chatting, the conversation eventually turned to the weather, and they debated it with real enthusiasm.",the weather,2,23,20,22,97.7062759399414,REP-040|en|latin#80#siteB,REP-040|en|latin#80#siteB#k4,4,"Formal English vocabulary/literary context with a wordplay or puzzle format, suggesting a sentence or scenario about a group of people discussing a topic.

The phrase ""Some people gathered in a lively discussion and they all felt very enthusiastic about the weather. The group of students were arguing heatedly."" implies a setup clause expects a continuation describing the scene or outcome.

Final token ""discussion. "" closes a clause mid-sentence (""The people who attended the party and had an intense argument about the items. They all felt excited and passionate about the meeting.""), strongly expecting a noun phrase like ""The sentence"" or ""This group then"" or ""The characters were contradictory"".",0.850288,0.299424
REP-040|zh|hanzi#79,REP-040,Qwen/Qwen2.5-7B-Instruct,Qwen,zh,A,S0,N_everyday,the weather,,,representation,C4,core,baseline,幾個朋友聚在一起聊天時，不知不覺就聊到了天氣，討論得相當熱烈。,天氣,2,21,20,13,117.24976348876953,REP-040|zh|hanzi#79#siteA,REP-040|zh|hanzi#79#siteA#k2,2,"Taiwanese-language text with casual internet tone (""嗨！我有個朋友常常愛聊天"") suggests a story or meme format about someone's mood tied to events.

The phrase ""他最近很愛看新聞，特別是天氣"" implies a setup about a character's interests or emotions, likely a common topic like weather or weather-related discussions as a narrative pivot.

Final token ""天氣"" ends mid-concept (""談到天氣""), part of a listed interest (""有人因為天氣""), strongly expecting continuation like ""變化"" or ""问题"" or ""和季節"" or ""的话题"" or ""，他對未來的天氣和气温感到不满"" etc.",0.921156,0.157688
REP-040|zh|hanzi#79,REP-040,Qwen/Qwen2.5-7B-Instruct,Qwen,zh,B,S0,N_everyday,the weather,,,representation,C4,core,baseline,幾個朋友聚在一起聊天時，不知不覺就聊到了天氣，討論得相當熱烈。,天氣,2,21,20,20,102.81071472167969,REP-040|zh|hanzi#79#siteB,REP-040|zh|hanzi#79#siteB#k2,2,"Hong Kong-style bilingual humor format with casual tone suggests an imaginative scenario or prompt about a group of friends discussing a food ingredient.

The phrase ""一群朋友正在聚會上談論各種水果，大家都很熱烈地分享自己的看法。"" implies an introductory setup, likely continuing with a scenario or narrative context about the conversation's topic or conclusions about the fruits listed.

Final token ""議。"" closes the introductory clause (""一群人在聚會上聊起，一群人討論起來。朋友們的 Discussions and arguments about a certain topic...""), strongly expecting continuation like ""其中有一個朋友突然注意到"" or ""他们讨论的内容如下"" or ""我决定查看天文现象"".",0.889183,0.221634
REP-041|en|latin#82,REP-041,Qwen/Qwen2.5-7B-Instruct,Qwen,en,A,S0,N_everyday,the weather,,,representation,C5,core,baseline,"While browsing in the library yesterday, I happened to read a passage that discussed the weather at some length.",the weather,2,21,20,16,113.76346588134766,REP-041|en|latin#82#siteA,REP-041|en|latin#82#siteA#k1,1,"Historical/educational prose of a literary blog format, suggesting an American author's casual, informal tone with a book title (""A word about the weather"").

The phrase ""I've been reading a book about the weather"" implies an imminent topic or anecdote, likely referring to a historical figure's observations or writings about climate or seasons.

Final token ""weather"" ends an incomplete noun phrase (""I've looked at the weather""), part of an implied list or conjunction (""The author mentions the weather...""), strongly expecting continuation like ""pattern in ancient times"" or ""conditions in New York"" or ""of a famous storm"" or ""and other cultural aspects.""",0.935141,0.129717
REP-041|en|latin#82,REP-041,Qwen/Qwen2.5-7B-Instruct,Qwen,en,B,S0,N_everyday,the weather,,,representation,C5,core,baseline,"While browsing in the library yesterday, I happened to read a passage that discussed the weather at some length.",the weather,2,21,20,20,104.62928771972656,REP-041|en|latin#82#siteB,REP-041|en|latin#82#siteB#k0,0,"American English prose style with informal tone suggests a personal blog or witty remark, implying an anecdote or quotation structure about weather or reading.

The phrase ""Yesterday I was reading an academic lecture on a particular subject, and I happened upon a passage that described weather."" strongly implies a setup about observing or remembering a text, likely leading to a specific observation or learned fact about weather or language.

Final token ""text. "" closes an incomplete clause (""An article I recently read about a certain lecture I encountered an extended discussion about an object's behaviour. A passage from an academic lecture""), immediately expecting continuation like ""I found it fascinating"" or ""The passage was about weather details.""",0.883722,0.232557
REP-041|zh|hanzi#81,REP-041,Qwen/Qwen2.5-7B-Instruct,Qwen,zh,A,S0,N_everyday,the weather,,,representation,C5,core,baseline,我昨天在圖書館翻書時，剛好讀到一段在講天氣的文字。,天氣,2,21,20,18,109.93590545654297,REP-041|zh|hanzi#81#siteA,REP-041|zh|hanzi#81#siteA#k3,3,"Hong Kong English language format with a title suggesting a story or headline, implying informal or comedic tone about a Chinese name written in English.

The phrase ""我有個朋友好愛看預測，關於天氣"" strongly implies a context about a book title or an image, likely referencing a specific word or concept about weather or life, suggesting continuation of a wordplay or narrative.

Final token ""天氣"" is mid-phrase in ""有關天氣,"" part of an incomplete noun phrase about a memory or topic (""曾讀過關於天氣""), strongly expecting continuation like ""變化"" or ""的詩句"" or ""和天文"" or ""的现象，或者抱怨...""",0.906591,0.186818
REP-041|zh|hanzi#81,REP-041,Qwen/Qwen2.5-7B-Instruct,Qwen,zh,B,S0,N_everyday,the weather,,,representation,C5,core,baseline,我昨天在圖書館翻書時，剛好讀到一段在講天氣的文字。,天氣,2,21,20,20,96.28514099121094,REP-041|zh|hanzi#81#siteB,REP-041|zh|hanzi#81#siteB#k2,2,"Hong Kong-style Chinese English learner post format, suggesting informal tone with a memorable expression or sentence structure expected.

The phrase ""今天我有看到一篇關於‘學英文’的句子。我最近看了一本書的時候。"" implies a narrative context introducing an observed word or experience, likely a sentence about a specific reading scenario or reading skill.

Final token ""句子。"" closes a clause (""我剛讀到一篇關於環境的课文。我聽了一個朋友說的英文書。""), strongly expecting continuation like ""我發現"" or ""那篇文章裡包含了些有趣的內容"" or ""这个体验让我想起..."" — completing the introductory clause about the learned concept.",0.892143,0.215714
REP-042|en|latin#84,REP-042,Qwen/Qwen2.5-7B-Instruct,Qwen,en,A,S0,N_everyday,the weather,,,representation,C6,core,baseline,"In the preface, the author explains that the book grew out of a wish to explore the weather in depth.",the weather,2,23,20,19,110.52606201171875,REP-042|en|latin#84#siteA,REP-042|en|latin#84#siteA#k1,1,"British academic/professional book description format with an authorial tone suggesting a scholarly or literary work about climate and science.

The phrase ""Some have written about the weather"" implies an incomplete noun phrase or thematic focus, likely continuing a topic about weather phenomena, human perception, or cultural understanding of atmospheric science, possibly referencing a book or literary work about the weather's history or complexity.

Final token ""weather"" ends mid-phrase (""to study the weather""), part of a potential list or topic clause (""He has written about the weather""), strongly expecting continuation like ""phenomena in literature"" or ""and climate change"" or ""stories of a specific person's daily life.""",0.934215,0.13157
REP-042|en|latin#84,REP-042,Qwen/Qwen2.5-7B-Instruct,Qwen,en,B,S0,N_everyday,the weather,,,representation,C6,core,baseline,"In the preface, the author explains that the book grew out of a wish to explore the weather in depth.",the weather,2,23,20,22,105.1800537109375,REP-042|en|latin#84#siteB,REP-042|en|latin#84#siteB#k3,3,"Literary/cultural text format with a book description, likely a scholarly or literary review title, establishing an academic tone about a novel's subject matter.

The phrase ""The author begins his memoir by stating that he has written this book to explore nature's beauty. The author declares that his primary intention was to discover nature"" signals an introductory prompt or abstract structure, implying a book description continues.

Final token ""intention. "" closes a declarative clause (""The author states that the book was originally written with the intention to explore a novel's origin and its expansion.""), strongly expecting continuation like ""The author then proceeds"" or ""This book's purpose is..."" or ""He found many motivations.""",0.895865,0.20827
REP-042|zh|hanzi#83,REP-042,Qwen/Qwen2.5-7B-Instruct,Qwen,zh,A,S0,N_everyday,the weather,,,representation,C6,core,baseline,這本書的作者在序言裡提到，他當初動筆，就是想好好談談天氣。,天氣,2,24,20,22,123.130859375,REP-042|zh|hanzi#83#siteA,REP-042|zh|hanzi#83#siteA#k0,0,"Taiwanese literary magazine article format signals an authorial introduction, likely a book review or column piece about science and culture.

The phrase ""有一本書開始反思天氣"" strongly implies a thematic focus around the British writer's fascination with weather or climate, suggesting an upcoming title or concept about how weather shapes society or human life.

Final token ""天氣"" ends an incomplete noun phrase (""談起天氣""), part of a listed subject (""有人專門寫起天氣""), strongly expecting continuation like ""與人生"" or ""的變幻"" or ""如何影響我們的生活"" or ""那些大事件"" or ""和氣象學的美感"".",0.926562,0.146877
REP-042|zh|hanzi#83,REP-042,Qwen/Qwen2.5-7B-Instruct,Qwen,zh,B,S0,N_everyday,the weather,,,representation,C6,core,baseline,這本書的作者在序言裡提到，他當初動筆，就是想好好談談天氣。,天氣,2,24,20,23,110.77328491210938,REP-042|zh|hanzi#83#siteB,REP-042|zh|hanzi#83#siteB#k1,1,"Taiwanese literary translation article, with author introducing a book — expects cultural reflection and literary discussion about physics, philosophy, and daily life.

The opening sentence ""李威松寫這本書，原本只是想寫一本關於天氣的書。他說他想談天氣"" implies a narrative setup, likely a hook or framing about the book's intended scope and purpose.

Final token ""天氣。"" closes the introductory clause (""他原本想寫這本書是為了談天氣。他想寫天氣""), strongly expecting continuation like ""但這过程却发现了更多"" or ""作者认为天气是复杂而有趣的对象"" or ""他原本的目的其实是...""",0.904158,0.191685
REP-043|en|latin#86,REP-043,Qwen/Qwen2.5-7B-Instruct,Qwen,en,A,S0,N_everyday,transportation,,,representation,C1,core,baseline,"At last week's public forum, the participants spent a good deal of time discussing transportation and shared a range of different views.",transportation,1,25,20,16,119.86756896972656,REP-043|en|latin#86#siteA,REP-043|en|latin#86#siteA#k4,4,"Local political/educational blog tone with a speaker quotation framing suggests a civic or community event context around Charlotte's sustainability or planning issues.

The phrase ""As part of her town hall visits, one of the main topics being discussed has been transportation"" strongly implies an upcoming topic or theme about transportation issues or infrastructure, likely a broader or specific concern about transportation policy or cost.

Final token ""transportation"" ends mid-phrase (""discussed transportation""), part of a list or subject introduction clause (""When she discussed transportation""), expecting continuation like ""issues,"" ""costs,"" ""and energy"" or ""alternatives, particularly around housing and housing density"" or ""as a central topic.""",0.938971,0.122057
REP-043|en|latin#86,REP-043,Qwen/Qwen2.5-7B-Instruct,Qwen,en,B,S0,N_everyday,transportation,,,representation,C1,core,baseline,"At last week's public forum, the participants spent a good deal of time discussing transportation and shared a range of different views.",transportation,1,25,20,24,113.74785614013672,REP-043|en|latin#86#siteB,REP-043|en|latin#86#siteB#k2,2,"Public official/educational civic communication tone signals a local government newsletter or blog post, suggesting a forthcoming discussion or summary of community concerns about transportation budget.

The phrase ""Yesterday's Town Hall meeting had many differing viewpoints on the budget and infrastructure issues. People expressed their opinions about the proposed plan."" implies an introductory context or invitation, likely continuing to summarize or organize the diverse views.

Final token ""issues. "" closes a clause (""A recent Town Hall meeting had a variety of opinions on the budget discussion. Different people expressed views during the discussion.""), strongly expecting continuation like ""One of the key points was"" or ""The following summarizes"" or ""Some attendees expressed both sides.""",0.908176,0.183649
REP-043|zh|hanzi#85,REP-043,Qwen/Qwen2.5-7B-Instruct,Qwen,zh,A,S0,N_everyday,transportation,,,representation,C1,core,baseline,在上週的公開座談會上，與會者花了不少時間討論交通，也各自提出了不同的看法。,交通,1,25,20,17,116.9202880859375,REP-043|zh|hanzi#85#siteA,REP-043|zh|hanzi#85#siteA#k3,3,"Hong Kong English-language newspaper article tone signals a local political event editorial, likely featuring a prominent politician's stance or views on Hong Kong.

The phrase ""林鄭月前曾提出過對話,特別是交通"" suggests an incomplete list or topic introduction, implying the headline or article will focus on a specific concern or challenge about Hong Kong's future or infrastructure.

Final token ""交通"" is mid-phrase (""特別是交通""), part of a listed concern items (""她亦曾谈及交通""), strongly expecting a noun like ""流量"" or ""问题"" or ""和住房問題"" or ""的問題與政策"" or ""拥堵、污染"" to complete the topic.",0.916935,0.16613
REP-043|zh|hanzi#85,REP-043,Qwen/Qwen2.5-7B-Instruct,Qwen,zh,B,S0,N_everyday,transportation,,,representation,C1,core,baseline,在上週的公開座談會上，與會者花了不少時間討論交通，也各自提出了不同的看法。,交通,1,25,20,24,110.75813293457031,REP-043|zh|hanzi#85#siteB,REP-043|zh|hanzi#85#siteB#k4,4,"Malay-language civic blog post tone with local newspaper headline context, suggesting a Singaporean discourse on Green Spaces and policy discussion.

The phrase ""在這場有關交通政策公投的討論中，大家對新加坡的未來公共空間提出了很多意見。"" implies an introductory setup or summary, likely continuing with specific viewpoints or proposals from attendees or stakeholders.

Final token ""政策。"" closes a clause (""在各種討論針對這項問題的場景中，與會者提出了不少意見。有关讨论环节...""), strongly expecting continuation like ""One of the speakers"" or ""The participants noted that..."" or ""Some concerns include infrastructure and congestion issues.""",0.906411,0.187178
REP-044|en|latin#88,REP-044,Qwen/Qwen2.5-7B-Instruct,Qwen,en,A,S0,N_everyday,transportation,,,representation,C2,core,baseline,"In class, the teacher used a few everyday examples to help the students understand transportation.",transportation,1,17,20,15,113.5546875,REP-044|en|latin#88#siteA,REP-044|en|latin#88#siteA#k2,2,"Student-friendly educational context with a math activity format, suggesting a worksheet or interactive activity about numbers and units related to a story about cars.

The phrase ""Let's use a fun game to learn about transportation"" implies an introductory or thematic prompt about a topic, likely a multiple-choice or word problem about transportation concepts or modes, implying continuation about science or math concepts with ""transportation.""

Final token ""transportation"" ends mid-phrase (""learn about transportation""), part of a header or topic sentence structure (""We discussed some questions about transportation""), strongly expecting a continuation like ""modes"" or ""costs"" or ""and travel"" or ""problems in everyday life,"" completing the theme.",0.928797,0.142405
REP-044|en|latin#88,REP-044,Qwen/Qwen2.5-7B-Instruct,Qwen,en,B,S0,N_everyday,transportation,,,representation,C2,core,baseline,"In class, the teacher used a few everyday examples to help the students understand transportation.",transportation,1,17,20,16,120.37627410888672,REP-044|en|latin#88#siteB,REP-044|en|latin#88#siteB#k4,4,"Structured math format with a question and answer pattern suggests a worksheet or educational activity context, likely a grade-level math or measurement task about weights.

The phrase ""A teacher was teaching about measurement in a fun class activity. The teacher used some common things from a fruit store to explain concepts."" implies an introduction or narrative setup, expecting a list or scenario about the specific objects the teacher mentioned.

Final token ""activity. "" closes the opening clause (""An educator recently taught a lesson about measurements using a school's real-world examples. ""), strongly expecting continuation like ""He listed four items"" or ""The teacher then gave some examples about weight and size"" or ""He compared the concepts to everyday.""",0.881587,0.236826
REP-044|zh|hanzi#87,REP-044,Qwen/Qwen2.5-7B-Instruct,Qwen,zh,A,S0,N_everyday,transportation,,,representation,C2,core,baseline,老師在課堂上舉了幾個生活中的例子，帶著學生一起認識交通。,交通,1,18,20,16,101.49939727783203,REP-044|zh|hanzi#87#siteA,REP-044|zh|hanzi#87#siteA#k0,0,"Hong Kong Chinese language educational poster format with playful ""字卡"" format suggests a student worksheet or creative activity prompt about grammar or literacy.

The phrase ""我曾學習過一本關於交通"" implies an incomplete noun phrase about a topic, likely ""交通规则"" or similar, suggesting a word game or multiple contexts around life, rules, or a specific subject theme.

Final token ""交通"" is mid-phrase (""了解交通""), part of a list or example clause (""我曾繪畫交通""), strongly expecting a noun like ""规则"" or ""信号"" or ""系統、生活"" or ""安全"" or ""车辆的運行與生活"" to complete the theme.",0.924689,0.150621
REP-044|zh|hanzi#87,REP-044,Qwen/Qwen2.5-7B-Instruct,Qwen,zh,B,S0,N_everyday,transportation,,,representation,C2,core,baseline,老師在課堂上舉了幾個生活中的例子，帶著學生一起認識交通。,交通,1,18,20,17,104.21098327636719,REP-044|zh|hanzi#87#siteB,REP-044|zh|hanzi#87#siteB#k1,1,"Hong Kong Chinese language education article format with illustrative image, suggesting a story or activity context about kindergarten children learning about '形状' (shapes).

The phrase ""有一個小班孩子到街上散步，認識交通標誌。"" implies a narrative setup describing a learning activity or topic, likely continuing with a specific educational concept or activities around shapes and transportation.

Final token ""交通。"" closes a clause (""他學習了有關交通。跟著教小朋友認識交通。""), strongly expecting continuation like ""他了解"" or ""下面的活动裡"" or ""这个故事里提到的形状是..."" or ""孩子们学到了交通知识"" — completing the theme of educational concepts.",0.879771,0.240459
REP-045|en|latin#90,REP-045,Qwen/Qwen2.5-7B-Instruct,Qwen,en,A,S0,N_everyday,transportation,,,representation,C3,core,baseline,"After class, a student stayed behind and went up to ask the teacher about transportation in more detail.",transportation,1,20,20,15,106.30933380126953,REP-045|en|latin#90#siteA,REP-045|en|latin#90#siteA#k4,4,"Formal Chinese language context with educational platform style, suggesting a conversation or chat log entry with a student image.

The phrase ""I accidentally overheard some classmates discussing transportation"" implies a specific context detail or scene, likely a casual inquiry or question from the student, possibly about a classmate's schedule or school affairs, suggesting a nuanced or humorous or practical scenario involving a topic.

Final token ""transportation"" ends an incomplete noun phrase (""asked about transportation""), part of a specific scenario clause (""I consulted about transportation""), strongly expecting continuation like ""issues"" or ""costs"" or ""and accommodations"" or ""for the exam,"" or ""related matters,"" completing the mysterious query.",0.878389,0.243222
REP-045|en|latin#90,REP-045,Qwen/Qwen2.5-7B-Instruct,Qwen,en,B,S0,N_everyday,transportation,,,representation,C3,core,baseline,"After class, a student stayed behind and went up to ask the teacher about transportation in more detail.",transportation,1,20,20,19,109.19463348388672,REP-045|en|latin#90#siteB,REP-045|en|latin#90#siteB#k4,4,"Educational Chinese language format with a teacher question presenting a scenario, implying a quiz or exam context about 'respect' or proper etiquette behavior.

The phrase ""A student walked up to the teacher after class, earnestly seeking help with a problem, and the teacher stayed late to talk with him."" strongly suggests a scenario continuation describing a student's action or intent, likely describing student observation or communication behavior.

Final token ""problem. "" closes an incomplete scenario description (""When a student came to the teacher after class and asked to stay behind to discuss the lecture material...""), strongly expecting continuation like ""This is an example of proactive behavior"" or ""The teacher was thanked"" or ""His question.""",0.859103,0.281794
REP-045|zh|hanzi#89,REP-045,Qwen/Qwen2.5-7B-Instruct,Qwen,zh,A,S0,N_everyday,transportation,,,representation,C3,core,baseline,有位學生下課後留下來，特地跑去問老師關於交通的問題。,交通,1,19,20,15,101.14431762695312,REP-045|zh|hanzi#89#siteA,REP-045|zh|hanzi#89#siteA#k3,3,"HK secondary school student writing style with a witty, casual tone suggesting a literary quiz or personal reflection column.

The phrase ""有一次我問過同學关于交通"" implies an incomplete question or topic about a student's opinion or philosophy, likely a specific issue or memory related to the book ""我的人生"" — possibly traffic rules, economy, or social issues.

Final token ""交通"" is mid-word (""关于交通""), part of a noun phrase listing topics (""對於交通""), strongly expecting a specific noun continuation like ""問題"" or ""費的問題"" or ""的問題"" or ""與生活"" or ""日曆"" — likely a common topic around student beliefs.",0.917551,0.164898
REP-045|zh|hanzi#89,REP-045,Qwen/Qwen2.5-7B-Instruct,Qwen,zh,B,S0,N_everyday,transportation,,,representation,C3,core,baseline,有位學生下課後留下來，特地跑去問老師關於交通的問題。,交通,1,19,20,18,101.48231506347656,REP-045|zh|hanzi#89#siteB,REP-045|zh|hanzi#89#siteB#k2,2,"Taiwanese language educational post format, suggesting a humorous or reflective anecdote about students and teachers from different religious backgrounds.

The phrase ""有個學生在課堂上看到一個學長問老師：「老师，我有個問題要問。」"" implies an imminent scenario or example, likely a specific question or behavior about gratitude or ethics, establishing context around the student's act.

Final token ""問題。"" closes the setup clause (""一個學生從別的學校來向老師請教。學生在課堂上問起一個學生。""), strongly expecting continuation like ""他問的是"" or ""这位学生的行为让老师很惊讶"" or ""于是提出...""",0.890831,0.218338
REP-046|en|latin#92,REP-046,Qwen/Qwen2.5-7B-Instruct,Qwen,en,A,S0,N_everyday,transportation,,,representation,C4,core,baseline,"While a few friends were chatting, the conversation eventually turned to transportation, and they debated it with real enthusiasm.",transportation,1,22,20,12,118.29370880126953,REP-046|en|latin#92#siteA,REP-046|en|latin#92#siteA#k3,3,"Casual, informal writing style with a Facebook or blog post tone introduces a ""flashback"" context, suggesting a personal narrative about someone's childhood memory or enthusiasm.

The phrase ""Recently I was chatting with a friend about transportation"" hints at a topic or theme around transportation or a quiz/claim, implying continuation with a specific subject or question about cars, bikes, or lifestyle.

Final token ""transportation"" ends an incomplete noun phrase (""when it came to transportation""), part of a list or topic introduction clause (""I often talked about transportation""), strongly expecting continuation like ""and energy"" or ""choices,"" or ""problems,"" or ""of cars and their future,"" or ""systems.""",0.937422,0.125157
REP-046|en|latin#92,REP-046,Qwen/Qwen2.5-7B-Instruct,Qwen,en,B,S0,N_everyday,transportation,,,representation,C4,core,baseline,"While a few friends were chatting, the conversation eventually turned to transportation, and they debated it with real enthusiasm.",transportation,1,22,20,21,95.50052642822266,REP-046|en|latin#92#siteB,REP-046|en|latin#92#siteB#k0,0,"Formal English language puzzle or narrative context establishes a casual tone with a title clause (""Some folks were discussing a fascinating debate about politics""), implying a story or literary scenario.

The phrase ""A group of classmates who loved discussing various subjects were very enthusiastic today. An argument about economics and ideas was heatedly underway."" suggests a setup requiring a verb or clause describing the group's activities or choices.

Final token ""argument. "" closes a clause mid-sentence (""The people involved in the discussion heatedly argued about different topics. A group of people gathered together and discussed. ""), strongly expecting continuation like ""One of them"" or ""The discussion was about"" or ""They all agreed...""",0.843885,0.31223
REP-046|zh|hanzi#91,REP-046,Qwen/Qwen2.5-7B-Instruct,Qwen,zh,A,S0,N_everyday,transportation,,,representation,C4,core,baseline,幾個朋友聚在一起聊天時，不知不覺就聊到了交通，討論得相當熱烈。,交通,1,20,20,12,108.3177261352539,REP-046|zh|hanzi#91#siteA,REP-046|zh|hanzi#91#siteA#k0,0,"Hong Kong-style humorous post format with casual tone and emotive language (""看完一部電影後，我突然感想""), suggesting an informal blog or social media post about life or personal views.

The phrase ""有時我就愛思考交通"" implies a topic likely about a particular subject or memory, strongly implying ""交通"" continues with a common topic like traffic laws, cars, or everyday life themes.

Final token ""交通"" is mid-word (""關於交通""), part of a list or phrase (""曾對著交通""), expected continuation is ""問題"" or ""堵塞"" or ""费税"" or ""出行相关的烦恼"" or ""问题"" completing a theme or pun.",0.921567,0.156867
REP-046|zh|hanzi#91,REP-046,Qwen/Qwen2.5-7B-Instruct,Qwen,zh,B,S0,N_everyday,transportation,,,representation,C4,core,baseline,幾個朋友聚在一起聊天時，不知不覺就聊到了交通，討論得相當熱烈。,交通,1,20,20,19,104.04691314697266,REP-046|zh|hanzi#91#siteB,REP-046|zh|hanzi#91#siteB#k4,4,"Hong Kong-style colloquial article format with playful tone, suggesting a quirky educational or social media post about food, likely discussing environmental or chemistry topics.

The phrase ""一群朋友在一起討論「肉類」這題材，朋友們在聚餐時發生了幾個有趣的想法。 "" implies an introduction setup, implying the story continues describing participants' varied opinions or observations.

Final token ""食物。"" closes an incomplete clause (""一群朋友聚會討論環境議題。聚餐的人們討論完後一個個話題。""), strongly expecting continuation like ""其中一个话题是"" or ""他们讨论了以下几个问题"" or ""我决定整理这些观点"" or similar.",0.882164,0.235671
REP-047|en|latin#94,REP-047,Qwen/Qwen2.5-7B-Instruct,Qwen,en,A,S0,N_everyday,transportation,,,representation,C5,core,baseline,"While browsing in the library yesterday, I happened to read a passage that discussed transportation at some length.",transportation,1,20,20,15,116.06942749023438,REP-047|en|latin#94#siteA,REP-047|en|latin#94#siteA#k4,4,"Blog/educational tone with informal prose suggesting an academic literary or historical piece about dewdrop, likely a book review context.

The phrase ""I recently read a poem about transportation"" implies an opening topic or narrative thread, strongly implying a second topic or continuation about historical or cultural themes related to transportation or energy, likely a historical anecdote or social critique.

Final token ""transportation"" is mid-phrase (""I thought about transportation""), part of a list or clause structure (""I recall discussions about transportation""), immediately expecting a noun phrase like ""costs,"" ""and energy in the past"" or ""infrastructure in the future"" or ""issues, particularly cars or roads.""",0.943653,0.112693
REP-047|en|latin#94,REP-047,Qwen/Qwen2.5-7B-Instruct,Qwen,en,B,S0,N_everyday,transportation,,,representation,C5,core,baseline,"While browsing in the library yesterday, I happened to read a passage that discussed transportation at some length.",transportation,1,20,20,19,112.67393493652344,REP-047|en|latin#94#siteB,REP-047|en|latin#94#siteB#k3,3,"American blogger/academic tone signals informal reflective post, implying a personal narrative about reading or learning something new.

The phrase ""Recently I was reading an article about architecture, and one paragraph in a history text caught my attention. "" strongly implies a setup clause or anecdote, likely introducing a specific historical or academic passage about buildings and society, suggesting the reader's curiosity or reaction.

Final token ""text. "" closes the introductory clause (""An article I recently read about a topic involving a discussion of buildings had mentioned a passage about resources and logistics. ""), immediately expecting a continuation like ""It described"" or ""The passage contained several interesting points about"" or ""I recalled that it featured...""",0.904858,0.190284
REP-047|zh|hanzi#93,REP-047,Qwen/Qwen2.5-7B-Instruct,Qwen,zh,A,S0,N_everyday,transportation,,,representation,C5,core,baseline,我昨天在圖書館翻書時，剛好讀到一段在講交通的文字。,交通,1,20,20,17,103.06779479980469,REP-047|zh|hanzi#93#siteA,REP-047|zh|hanzi#93#siteA#k4,4,"Hong Kong English language literary blog post format with informal tone and an image prompt, suggesting a creative or educational title referencing a poem.

The phrase ""有人曾畫過一個關於交通"" implies a wordplay or topic about a poem or concept, likely a specific subject related to traffic or everyday life, suggesting continuation about a famous book or concept.

Final token ""交通"" is mid-phrase (""關於交通""), part of a list or clause introducing a topic (""我曾經看過關於交通""), strongly expecting a noun like ""堵塞"" or ""经济学"" or ""问题"" or ""的模式"" or ""时间的複雜性"" or similar thematic phrase.",0.922531,0.154937
REP-047|zh|hanzi#93,REP-047,Qwen/Qwen2.5-7B-Instruct,Qwen,zh,B,S0,N_everyday,transportation,,,representation,C5,core,baseline,我昨天在圖書館翻書時，剛好讀到一段在講交通的文字。,交通,1,20,20,19,101.6218032836914,REP-047|zh|hanzi#93#siteB,REP-047|zh|hanzi#93#siteB#k1,1,"Hong Kong Chinese language learner's casual blog post tone suggests a personal reflection or social media post about 'reading' or '学习' words.

The phrase ""最近我在看一本英文新聞裡有個句子。上次我看到一個與工作相關的句子。 "" implies an opening context or narrative, likely introducing a specific example or idea about grammar or vocabulary from the passage.

Final token ""句子。"" closes an incomplete clause (""我最近看了一篇文章關於學習旅行時遇到的動物。那篇文章裡有個句子。""), immediately expecting continuation like ""我發現"" or ""那个句子讲的是..."" or ""它提到一些有趣的观点"" or ""我反思了工厂工作.""",0.900187,0.199626
REP-048|en|latin#96,REP-048,Qwen/Qwen2.5-7B-Instruct,Qwen,en,A,S0,N_everyday,transportation,,,representation,C6,core,baseline,"In the preface, the author explains that the book grew out of a wish to explore transportation in depth.",transportation,1,22,20,18,112.1845932006836,REP-048|en|latin#96#siteA,REP-048|en|latin#96#siteA#k4,4,"Academic/educational book description format with a scholarly tone suggesting a literary or cultural history book about Henry Adams, likely an exhibit or essay collection.

The phrase ""The author undertakes to explore transportation"" implies an incomplete or introductory clause, suggesting a topic or theme around a historical or cultural subject related to economics or transportation issues, likely continuing with a specific concept or book title.

Final token ""transportation"" is mid-phrase (""examine transportation""), part of an incomplete noun phrase listing topics or framing (""I have explored transportation""), strongly expecting continuation like ""and urbanism,"" ""costs in literature,"" ""issues through history,"" or ""problems and the concept of movement.""",0.938194,0.123612
REP-048|en|latin#96,REP-048,Qwen/Qwen2.5-7B-Instruct,Qwen,en,B,S0,N_everyday,transportation,,,representation,C6,core,baseline,"In the preface, the author explains that the book grew out of a wish to explore transportation in depth.",transportation,1,22,20,21,106.55192565917969,REP-048|en|latin#96#siteB,REP-048|en|latin#96#siteB#k0,0,"Academic book description format with a bibliographic context, suggesting a scholarly or literary text about a book's scope and intent.

The phrase ""The author begins his new book asserting that the book was written to document a sociology of architecture's origins. The author states the book's main intent was to explore."" implies an introductory claim structure, likely a quiz or summary question about the book's origin.

Final token ""intent. "" closes a clause (""The author states that the book originated with the desire to expand the subject's scope. The book was written to explore...""), strongly expecting continuation like ""It then"" or ""The author's reasoning is that..."" or ""This book covers.""",0.897318,0.205365
REP-048|zh|hanzi#95,REP-048,Qwen/Qwen2.5-7B-Instruct,Qwen,zh,A,S0,N_everyday,transportation,,,representation,C6,core,baseline,這本書的作者在序言裡提到，他當初動筆，就是想好好談談交通。,交通,1,23,20,21,114.23177337646484,REP-048|zh|hanzi#95#siteA,REP-048|zh|hanzi#95#siteA#k4,4,"Taiwanese literary writer's column format with witty, colloquial tone suggests a book introduction or essay about urban culture and philosophy.

The phrase ""這本書我自稱是研究交通"" implies an opening question or theme about a personal obsession, likely ""交通"" (transportation) or a broader cultural obsession around human behavior or urban life, suggesting a book title or essay focus.

Final token ""交通"" is mid-phrase (""談論交通""), part of a list or noun phrase introduction (""我曾對著思考交通""), strongly expecting ""拥堵"" or ""的问题"" or ""建筑與生活"" or ""文化的狀態"" or similar subject about urban phenomena.",0.930019,0.139962
REP-048|zh|hanzi#95,REP-048,Qwen/Qwen2.5-7B-Instruct,Qwen,zh,B,S0,N_everyday,transportation,,,representation,C6,core,baseline,這本書的作者在序言裡提到，他當初動筆，就是想好好談談交通。,交通,1,23,20,22,110.52328491210938,REP-048|zh|hanzi#95#siteB,REP-048|zh|hanzi#95#siteB#k4,4,"Taiwanese literary critic article opening with a book title, introducing a book that has been controversial and unexpected.

The phrase ""作者王鼎均說這本書是為談交通，原本他想寫的是交通。"" strongly implies a narrative momentum toward explaining the book's intent or argument about traffic and urban life, likely continuing a personal or reflective tone about Taiwanese societal ideals.

Final token ""交通。"" closes a declarative clause (""他想談的是交通。他想寫的原本是說交通""), strongly expecting continuation like ""但卻發現"" or ""他原本以为交通是个简单话题"" or ""这本书的主旨并非只是交通，而是..."" — describing scope.",0.895672,0.208656
REP-049|en|latin#98,REP-049,Qwen/Qwen2.5-7B-Instruct,Qwen,en,A,S0,N_everyday,cooking,,,representation,C1,ext,baseline,"At last week's public forum, the participants spent a good deal of time discussing cooking and shared a range of different views.",cooking,1,25,20,16,113.80070495605469,REP-049|en|latin#98#siteA,REP-049|en|latin#98#siteA#k3,3,"Historical/community newspaper article tone with a blog format, implying a local food advocacy article likely focusing on energy policy or sustainability.

The phrase ""While reading a recent class about energy use at a senior center, I've been thinking about cooking"" suggests an incomplete list or topic introduction, likely naming specific activities or issues related to food, gardening, or energy in the household context.

Final token ""cooking"" is mid-phrase (""about cooking""), part of a topic enumeration clause (""I've had discussions about cooking""), strongly expecting a noun like ""safety,"" ""and food storage,"" or ""methods"" or ""fuel and food preservation"" or ""food waste"" as the subject.",0.919891,0.160218
REP-049|en|latin#98,REP-049,Qwen/Qwen2.5-7B-Instruct,Qwen,en,B,S0,N_everyday,cooking,,,representation,C1,ext,baseline,"At last week's public forum, the participants spent a good deal of time discussing cooking and shared a range of different views.",cooking,1,25,20,24,114.42524719238281,REP-049|en|latin#98#siteB,REP-049|en|latin#98#siteB#k0,0,"Educational/communitarian context suggests a blog post or newsletter format, implying a discussion or summary about a group meeting's diverse ideas on food and sustainability.

The phrase ""Recently there has been an interesting discussion amongst our community members about food issues, and a recent town hall meeting generated quite a range of opinions."" implies an introduction, likely a summary or list of viewpoints from the meeting.

Final token ""opinions. "" closes a clause (""A recent meeting on the topic of the food discussion and various participants shared their viewpoints. An entire discussion took place.""), strongly expecting continuation like ""Some participants expressed"" or ""The debate focused on..."" or ""I want to share some key points.""",0.891754,0.216492
REP-049|zh|hanzi#97,REP-049,Qwen/Qwen2.5-7B-Instruct,Qwen,zh,A,S0,N_everyday,cooking,,,representation,C1,ext,baseline,在上週的公開座談會上，與會者花了不少時間討論烹飪，也各自提出了不同的看法。,烹飪,3,27,20,19,114.09847259521484,REP-049|zh|hanzi#97#siteA,REP-049|zh|hanzi#97#siteA#k1,1,"Hong Kong lifestyle magazine format with bilingual headline in Chinese, suggesting a cultural or culinary event article about Singapore's Michelin-starred chef.

The phrase ""有些新加坡人分享了他們對廚藝的認識,特別是烹調"" implies an incomplete noun phrase or thematic thread, likely introducing a topic around food, culture, or sustainability values associated with the restaurant's events.

Final token ""烹炊"" is mid-word (""烹調""), part of a list (""關於烹飪""), strongly expecting continuation like ""的技巧"" or ""文化"" or ""與飲食生活"" or ""上的內容和心得"" or ""美食中的環保元素"" — completing a topic clause.",0.904462,0.191077
REP-049|zh|hanzi#97,REP-049,Qwen/Qwen2.5-7B-Instruct,Qwen,zh,B,S0,N_everyday,cooking,,,representation,C1,ext,baseline,在上週的公開座談會上，與會者花了不少時間討論烹飪，也各自提出了不同的看法。,烹飪,3,27,20,26,110.23226928710938,REP-049|zh|hanzi#97#siteB,REP-049|zh|hanzi#97#siteB#k1,1,"Malay/Hong Kong literary context with poetic tone signals an article or blog post about 'Mindfulness' and 'Creativity' theme, likely a communal or educational discussion.

The phrase ""在一個最近的食論會中，大家對「真善美」這個 kcnc 概念提出了幾種看法。 "" implies introduction setup, suggesting continuation about participant viewpoints or reflection.

Final token ""意見。"" closes a clause (""有關這次論壇關於食物與創意的論辯活動，各人分享了一些意見。""), strongly expecting continuation like ""One of the participants"" or ""The discussion focused on,"" or ""Some key points were..."" introducing the topic.",0.905917,0.188167
REP-050|en|latin#100,REP-050,Qwen/Qwen2.5-7B-Instruct,Qwen,en,A,S0,N_everyday,cooking,,,representation,C2,ext,baseline,"In class, the teacher used a few everyday examples to help the students understand cooking.",cooking,1,17,20,15,116.04893493652344,REP-050|en|latin#100#siteA,REP-050|en|latin#100#siteA#k0,0,"Math instructional format with a structured problem setup (""A student is learning about measurements using fractions""), suggesting a math activity or interactive resource context.

The phrase ""Let's imagine a student using a math game to understand cooking"" hints at a playful or metaphorical topic, likely introducing concepts like rates, ratios, or measurements in a cooking context, possibly a word problem or lesson.

Final token ""cooking"" ends an incomplete noun phrase (""understand cooking""), part of a second clause (""He tried to explore cooking""), likely continuing with ""recipes"" or ""and chemistry"" or ""time-related concepts"" or ""a process"" or ""with a mathematical analogy,"" completing the theme about a student's knowledge.",0.918062,0.163876
REP-050|en|latin#100,REP-050,Qwen/Qwen2.5-7B-Instruct,Qwen,en,B,S0,N_everyday,cooking,,,representation,C2,ext,baseline,"In class, the teacher used a few everyday examples to help the students understand cooking.",cooking,1,17,20,16,114.8245620727539,REP-050|en|latin#100#siteB,REP-050|en|latin#100#siteB#k0,0,"Singapore Math format with a numerical question structure suggests a math lesson or educational context, likely a worksheet or puzzle scenario with ""food items"" as analogies.

The phrase ""A teacher was teaching about economics concepts using a grocery store as an example. "" implies an introduction or setup, suggesting a question or listing of concepts tied to the ""three types"" mentioned.

Final token ""concept. "" closes a clause (""An educator recently used a cooking class to teach math lessons. The teacher used some food items to illustrate the lesson.""), strongly expecting continuation like ""He gave examples such as..."" or ""The following activities included..."" or ""He compared items with angles and ratios.""",0.883624,0.232752
REP-050|zh|hanzi#99,REP-050,Qwen/Qwen2.5-7B-Instruct,Qwen,zh,A,S0,N_everyday,cooking,,,representation,C2,ext,baseline,老師在課堂上舉了幾個生活中的例子，帶著學生一起認識烹飪。,烹飪,3,20,20,18,106.73088836669922,REP-050|zh|hanzi#99#siteA,REP-050|zh|hanzi#99#siteA#k3,3,"Hong Kong primary school mathematics activity format with educational context, implying a assignment or exhibit title suggesting students exploring numeracy and literacy concepts.

The phrase ""有些小朋友以玩遊戲的方式，了解烹調"" implies a wordplay or list structure introducing a topic, likely ""烹飪"" or cooking as a subject, suggesting a second term or example about food or life skills activities.

Final token ""烹飪"" is mid-phrase (""探討烹炊""), part of an incomplete topic clause (""舉例烹飪""), strongly expecting continuation like ""的科學"" or ""與生活"" or ""技術"" or ""中的化學原理"" or ""和食物的過程"".",0.906682,0.186637
REP-050|zh|hanzi#99,REP-050,Qwen/Qwen2.5-7B-Instruct,Qwen,zh,B,S0,N_everyday,cooking,,,representation,C2,ext,baseline,老師在課堂上舉了幾個生活中的例子，帶著學生一起認識烹飪。,烹飪,3,20,20,19,107.06131744384766,REP-050|zh|hanzi#99#siteB,REP-050|zh|hanzi#99#siteB#k1,1,"Hong Kong school Chinese language curriculum context implies an educational article or picture book title, suggesting a playful or imaginative description following a Chinese illustration activity.

The phrase ""孩子在課堂上看了一個有關食物的實驗，老師帶領學生探索蔬果。"" strongly implies a narrative or sequence, likely continuing with activities or concepts related to learning through cooking or senses.

Final token ""蔬果。"" ends a clause (""老師介紹了食品業在課堂上展示食物製作過程。老师引导学生探讨。""), strongly expecting continuation like ""他展示了"" or ""其中他介绍了"" or ""学生先讨论了数学知识"" or ""这个活动的目标是...""",0.901459,0.197081
REP-051|en|latin#102,REP-051,Qwen/Qwen2.5-7B-Instruct,Qwen,en,A,S0,N_everyday,cooking,,,representation,C3,ext,baseline,"After class, a student stayed behind and went up to ask the teacher about cooking in more detail.",cooking,1,20,20,15,101.4705810546875,REP-051|en|latin#102#siteA,REP-051|en|latin#102#siteA#k2,2,"Chinese language educational post format with numerical sequence (""Class 92, Day 1"") suggests informal internet context or forum post about middle school life.

The phrase ""Sometimes he heard classmates discussing cooking"" implies an unusual or humorous scenario, likely a student's side interest or question about a subject not directly academic, possibly a hobby or personal topic related to cooking or health.

Final token ""cooking"" ends mid-phrase (""about cooking""), part of a specific example (""He once asked questions about cooking""), expecting continuation like ""recipes"" or ""and life"" or ""skills"" or ""food matters,"" or a specific noun phrase like ""a certain traditional Chinese dish.""",0.877686,0.244627
REP-051|en|latin#102,REP-051,Qwen/Qwen2.5-7B-Instruct,Qwen,en,B,S0,N_everyday,cooking,,,representation,C3,ext,baseline,"After class, a student stayed behind and went up to ask the teacher about cooking in more detail.",cooking,1,20,20,19,108.98235321044922,REP-051|en|latin#102#siteB,REP-051|en|latin#102#siteB#k3,3,"Chinese language教育教学 context with numbered questions format, suggesting a scenario or example about interpersonal communication or educational psychology.

The phrase ""In class, a student came to the teacher and enthusiastically stayed behind after class to discuss problems. "" implies a narrative scenario, likely a student seeking help or demonstrating initiative, implying an answer about proper feedback behavior or student's intention.

Final token ""problem. "" closes a scenario introduction clause (""When a student came to the teacher and asked about his study, the student asked the teacher to stay behind after class. ""), strongly expecting continuation like ""This student was an example of"" or ""The teacher commented that..."" or ""He was seeking a topic of interest.""",0.855137,0.289727
REP-051|zh|hanzi#101,REP-051,Qwen/Qwen2.5-7B-Instruct,Qwen,zh,A,S0,N_everyday,cooking,,,representation,C3,ext,baseline,有位學生下課後留下來，特地跑去問老師關於烹飪的問題。,烹飪,3,21,20,17,109.11234283447266,REP-051|zh|hanzi#101#siteA,REP-051|zh|hanzi#101#siteA#k0,0,"Hong Kong Chinese language educational context with a friendly tone suggesting a social media or class post format.

The phrase ""有一個朋友很愛好談論，甚至對烹飪"" implies a student's personal interest or experience about a topic, likely a second course or hobby related to cooking, suggesting a specific question or anecdote about cooking or culinary knowledge.

Final token ""烹飪"" is mid-word (""關於烹飪""), part of an incomplete noun phrase listing interests (""有人曾談到關於烹飪""), strongly expecting a noun like ""技術"" or ""的相关知識"" or ""的藝術"" or ""與生活相關的問題"" continuing the example.",0.898644,0.202713
REP-051|zh|hanzi#101,REP-051,Qwen/Qwen2.5-7B-Instruct,Qwen,zh,B,S0,N_everyday,cooking,,,representation,C3,ext,baseline,有位學生下課後留下來，特地跑去問老師關於烹飪的問題。,烹飪,3,21,20,20,102.35881805419922,REP-051|zh|hanzi#101#siteB,REP-051|zh|hanzi#101#siteB#k0,0,"Taiwanese-language educational post introducing a Chinese proverb, suggesting a story or illustration context about teaching or learning.

The phrase ""有一個學生在課堂下課後，看到老師正在喝下午茶。一個學生問物理老師：自己不該吃東西這件事"" implies an anecdotal setup, strongly expecting a specific response or reaction about the student's question or behavior.

Final token ""事。"" closes the introductory clause (""一個學生上課後跑到老師那裡問物理教授。一個學生來找老師""), immediately expecting continuation like ""他問的內容是"" or ""这位老师很惊讶"" or ""学生主动提及自己的学习精神"" describing the event.",0.885129,0.229743
REP-052|en|latin#104,REP-052,Qwen/Qwen2.5-7B-Instruct,Qwen,en,A,S0,N_everyday,cooking,,,representation,C4,ext,baseline,"While a few friends were chatting, the conversation eventually turned to cooking, and they debated it with real enthusiasm.",cooking,1,22,20,12,115.23165130615234,REP-052|en|latin#104#siteA,REP-052|en|latin#104#siteA#k0,0,"Formal ESL/recipe blog tone with casual humor (""Today's post was a little surprising...""), suggesting a personal story or social media context about a woman's cooking habits.

The phrase ""When I first started following my mom on social media, the topic often revolved around cooking"" implies a topic introduction or list item, likely continuing a theme about food or cooking-related interests or knowledge.

Final token ""cooking"" ends mid-phrase (""about cooking""), part of an implied list or noun phrase (""Some have even discussed about cooking""), strongly expecting continuation like ""and recipes"" or ""related topics"" or ""food,"" or ""and her culinary experiments,"" or ""and the kitchen.""",0.916173,0.167654
REP-052|en|latin#104,REP-052,Qwen/Qwen2.5-7B-Instruct,Qwen,en,B,S0,N_everyday,cooking,,,representation,C4,ext,baseline,"While a few friends were chatting, the conversation eventually turned to cooking, and they debated it with real enthusiasm.",cooking,1,22,20,21,95.5009765625,REP-052|en|latin#104#siteB,REP-052|en|latin#104#siteB#k4,4,"Formal English language learner context with a word puzzle or literary phrase (""The group of friends were discussing a lively discussion""), suggesting a narrative or anecdote structure.

The phrase ""Some people gathered together over a delicious meal and an interesting topic. The group of intellectuals were discussing fiercely."" implies an incomplete clause or question setup, likely describing the scene or activity of the group's mental state.

Final token ""discussion. "" closes a clause mid-sentence (""The people were very enthusiastic about their findings and a heated discussion had begun. The group of thinkers were debating the items. ""), strongly expecting continuation like ""He/she was"" or ""The scene was"" or ""If they were...""",0.847323,0.305355
REP-052|zh|hanzi#103,REP-052,Qwen/Qwen2.5-7B-Instruct,Qwen,zh,A,S0,N_everyday,cooking,,,representation,C4,ext,baseline,幾個朋友聚在一起聊天時，不知不覺就聊到了烹飪，討論得相當熱烈。,烹飪,3,22,20,14,118.48701477050781,REP-052|zh|hanzi#103#siteA,REP-052|zh|hanzi#103#siteA#k4,4,"Hong Kong-style text with casual tone (""Square: 趙小姐分享一些美食"") suggests a social media post or blog format with personal anecdotes likely following.

The phrase ""有些時候，她對烹飪十分喜愛，甚至跟著朋友談到烹飪"" implies a topic introduction, strongly expecting a second subject related to cooking or food-related interests or a specific dish.

Final token ""烹飪"" is mid-phrase in ""涉及烹飪"" (""when it comes to cookin""), part of an incomplete clause describing interests, likely continuing with ""技巧"" or ""和食物"" or ""方面的問題"" or ""或者美食DIY话题.""",0.913439,0.173122
REP-052|zh|hanzi#103,REP-052,Qwen/Qwen2.5-7B-Instruct,Qwen,zh,B,S0,N_everyday,cooking,,,representation,C4,ext,baseline,幾個朋友聚在一起聊天時，不知不覺就聊到了烹飪，討論得相當熱烈。,烹飪,3,22,20,21,105.95878601074219,REP-052|zh|hanzi#103#siteB,REP-052|zh|hanzi#103#siteB#k1,1,"Taiwanese-language article tone with casual phrase ""一伙朋友聚在一起討論有關茶具的議題。"" suggests an anecdotal or literary context about food enthusiasts.

The phrase ""一班朋友在餐桌上開心論戰，一群人討論著不同種類的茶具。"" implies an introduction or narrative setup, likely expecting continuation about the specific conversation or topic details.

Final token ""議題。"" closes a sentence (""一群朋友聚在一起討論食品時， Seats of friends discuss various topics．""), strongly expecting continuation like ""其中一个话题是..."" or ""朋友们纷纷提出了一些观点"" or ""我忽然想到关于茶与科学"".",0.896174,0.207652
REP-053|en|latin#106,REP-053,Qwen/Qwen2.5-7B-Instruct,Qwen,en,A,S0,N_everyday,cooking,,,representation,C5,ext,baseline,"While browsing in the library yesterday, I happened to read a passage that discussed cooking at some length.",cooking,1,20,20,15,113.81417083740234,REP-053|en|latin#106#siteA,REP-053|en|latin#106#siteA#k4,4,"American literary blog format with citations and literary quotations, suggesting a book or blog post context about food history and culture.

The phrase ""I recently came across a book that mentions cooking"" implies an opening topic or narrative about a personal historical memory or concept, likely continuing with another related topic or wordplay about food or cooking techniques.

Final token ""cooking"" is mid-phrase in ""I've heard about cooking,"" part of a list or descriptive clause structure (""I encountered references to cooking""), strongly expecting nouns like ""recipes"" or ""food traditions"" or ""and health"" or ""with animals,"" or ""the ancient practice of preserving meat.""",0.923816,0.152368
REP-053|en|latin#106,REP-053,Qwen/Qwen2.5-7B-Instruct,Qwen,en,B,S0,N_everyday,cooking,,,representation,C5,ext,baseline,"While browsing in the library yesterday, I happened to read a passage that discussed cooking at some length.",cooking,1,20,20,19,109.51010131835938,REP-053|en|latin#106#siteB,REP-053|en|latin#106#siteB#k2,2,"American-literature blogger tone suggests informal, reflective prose, likely a personal blog or journal entry about reading or philosophy.

The phrase ""On a recent trip to a bookstore, I came across a passage about food that contained an interesting discussion of physics. "" implies an anecdote setup, strongly implying the next tokens continue describing the passage's content or author's reaction to the book's academic description.

Final token ""discussion. "" closes a clause (""An article I recently read about a food passage that mentioned a book's discussion. A passage about a cooking topic""), immediately expecting something like ""It described"" or ""The passage was so fascinating, I noted..."" or ""I learned about...""",0.897524,0.204953
REP-053|zh|hanzi#105,REP-053,Qwen/Qwen2.5-7B-Instruct,Qwen,zh,A,S0,N_everyday,cooking,,,representation,C5,ext,baseline,我昨天在圖書館翻書時，剛好讀到一段在講烹飪的文字。,烹飪,3,22,20,19,105.81544494628906,REP-053|zh|hanzi#105#siteA,REP-053|zh|hanzi#105#siteA#k3,3,"Hong Kong Chinese language context with a casual tone suggesting a social media caption or photo-sharing context, implying a bilingual or cultural post about cooking.

The phrase ""我有個朋友經常看一部關於烹飪"" implies an incomplete noun phrase introducing a topic related to food or cooking, likely a book or article about cooking techniques or food knowledge.

Final token ""烹飪"" is mid-phrase in ""關於烹飪,"" part of a list or example clause (""我曾見到過有人談到烹飪""), strongly expecting a noun like ""技巧"" or ""的書"" or ""和食物"" or ""的樂趣"" completing the topic.",0.890657,0.218687
REP-053|zh|hanzi#105,REP-053,Qwen/Qwen2.5-7B-Instruct,Qwen,zh,B,S0,N_everyday,cooking,,,representation,C5,ext,baseline,我昨天在圖書館翻書時，剛好讀到一段在講烹飪的文字。,烹飪,3,22,20,21,101.37191772460938,REP-053|zh|hanzi#105#siteB,REP-053|zh|hanzi#105#siteB#k1,1,"Hong Kong Chinese language blog tone with casual yet slightly literary register, suggesting a personal observation or post about 'word' or a book title.

The sentence structure ""最近我看到一篇報紙，於文章裡看到一些Cooking時的句子。"" implies a narrative setup or anecdote, likely continuing with a specific reading experience or finding of an interesting concept.

Final token ""句子。"" closes a clause (""我在看一本書的烹調課上看到一個學生寫的文章。有一天我在看某篇文章。""), strongly expecting continuation like ""我發現"" or ""那篇文章讲的是..."" or ""这个过程里有些奇妙之处"" or ""我联想到了... "".",0.907745,0.184511
REP-054|en|latin#108,REP-054,Qwen/Qwen2.5-7B-Instruct,Qwen,en,A,S0,N_everyday,cooking,,,representation,C6,ext,baseline,"In the preface, the author explains that the book grew out of a wish to explore cooking in depth.",cooking,1,22,20,18,116.63428497314453,REP-054|en|latin#108#siteA,REP-054|en|latin#108#siteA#k4,4,"Book description format with literary credentials and a French translator's opening quote, suggesting a cookbook or food history text.

The phrase ""I began writing this book with the intent of exploring cooking"" implies an incomplete noun phrase or thematic focus, likely continuing a personal or reflective stance about French cooking or food culture, possibly connecting to the broader context of MFK Fisher's writings.

Final token ""cooking"" ends mid-phrase (""exploring cooking""), part of a list or clause structure (""I have developed an interest in cooking""), strongly anticipating a noun like ""and life"" or ""techniques as a hobby"" or ""from a culinary perspective"" or ""with traditional recipes.""",0.920292,0.159416
REP-054|en|latin#108,REP-054,Qwen/Qwen2.5-7B-Instruct,Qwen,en,B,S0,N_everyday,cooking,,,representation,C6,ext,baseline,"In the preface, the author explains that the book grew out of a wish to explore cooking in depth.",cooking,1,22,20,21,105.05287170410156,REP-054|en|latin#108#siteB,REP-054|en|latin#108#siteB#k1,1,"Literary book description format with a blurb or review structure, suggesting an English-language book title and textual analysis context.

The phrase ""The author begins a memoir of food writing, declaring that this novel was written with the intention of exploring Italian literature. The author states that the book began an interest in expanding its scope."" implies an opening statement or declaration about the book's purpose or journey.

Final token ""scope."" closes a declarative clause (""The author states that the book's original intent was to explore an interest in literature and its expansion. The book was written to pursue this intention.""), strongly expecting continuation like ""The author then"" or ""This book aims to..."" or ""It begins.""",0.866269,0.267462
REP-054|zh|hanzi#107,REP-054,Qwen/Qwen2.5-7B-Instruct,Qwen,zh,A,S0,N_everyday,cooking,,,representation,C6,ext,baseline,這本書的作者在序言裡提到，他當初動筆，就是想好好談談烹飪。,烹飪,3,25,20,23,117.92833709716797,REP-054|zh|hanzi#107#siteA,REP-054|zh|hanzi#107#siteA#k1,1,"Taiwanese literary figure's book introduction, suggesting a translated literary article or memoir about French chef and writer, implying cultural perspective on food and life.

The phrase ""在一本書中，我開始思考烹調"" establishes an opening question about a personal passion for cooking, strongly implying ""cuisine"" or ""the art of cooking"" and likely a broader theme around food philosophy or mindfulness.

Final token ""烹炊"" is mid-phrase (""談到烹烹""), part of an incomplete question (""我曾著書論述烹飪""), expecting continuation like ""的藝術"" or ""與生活"" or ""與人生"" or ""中的一些事"" completing the topic.",0.92637,0.14726
REP-054|zh|hanzi#107,REP-054,Qwen/Qwen2.5-7B-Instruct,Qwen,zh,B,S0,N_everyday,cooking,,,representation,C6,ext,baseline,這本書的作者在序言裡提到，他當初動筆，就是想好好談談烹飪。,烹飪,3,25,20,24,110.06108856201172,REP-054|zh|hanzi#107#siteB,REP-054|zh|hanzi#107#siteB#k4,4,"Taiwanese literary figure's book introduction, establishing a reflective tone with a readable yet academic tone about a renowned writer's memoir.

The phrase ""他原本想寫這本書，起因是想談美食。他說這本書就是為了談食物"" strongly implies a narrative setup or premise, likely continuing the theme that the author wanted to write about cooking and philosophy.

Final token ""食物。"" closes a clause (""他原本想寫這本書是為了談美食。他想談美食""), strongly expecting continuation like ""但过程却包含了"" or ""然而他并未止于形式"" or ""这本书的目的原本是探讨生活美学"" — a clause explaining the book's actual content.",0.90731,0.18538
REP-055|en|latin#110,REP-055,Qwen/Qwen2.5-7B-Instruct,Qwen,en,A,S0,N_everyday,gardening,,,representation,C1,ext,baseline,"At last week's public forum, the participants spent a good deal of time discussing gardening and shared a range of different views.",gardening,1,25,20,16,121.82048034667969,REP-055|en|latin#110#siteA,REP-055|en|latin#110#siteA#k3,3,"Local newspaper format with a gardening column header suggests a newsletter or bulletin article, likely a public health or community organizing context.

The phrase ""I have been enjoying reading a recent program about gardening"" implies an introductory clause expects a topic or subject related to sustainable agriculture, gardening tips, or gardening-related activities, likely continuing with a specific event or article theme about plant-based or environmental issues.

Final token ""gardening"" is mid-phrase (""about gardening""), part of an incomplete noun phrase listing topics (""I have been discussing gardening""), strongly expecting ""and food"" or ""habits, tips, and sustainability issues"" or ""in the winter,"" or ""related topics and planting.""",0.936759,0.126481
REP-055|en|latin#110,REP-055,Qwen/Qwen2.5-7B-Instruct,Qwen,en,B,S0,N_everyday,gardening,,,representation,C1,ext,baseline,"At last week's public forum, the participants spent a good deal of time discussing gardening and shared a range of different views.",gardening,1,25,20,24,116.35553741455078,REP-055|en|latin#110#siteB,REP-055|en|latin#110#siteB#k2,2,"Local environmental/educational blog tone suggests a community meeting or newsletter format with a promoter's observations about sustainability topics.

The phrase ""Recently we had a lively discussion about farming issues at a local Town Hall meeting and various opinions were expressed. An assembly of folks gathered on the topic of gardening and food production."" implies an introductory framing, likely continuing with a summary or reflection on differing viewpoints or ideas.

Final token ""discussion. "" closes a clause (""Several topics came up at an recent farmers' meeting and a variety of opinions were expressed during the debates.""), strongly expecting continuation like ""One of the main points was..."" or ""The participants shared"" or ""Some attendees had mixed views.""",0.904615,0.19077
REP-055|zh|hanzi#109,REP-055,Qwen/Qwen2.5-7B-Instruct,Qwen,zh,A,S0,N_everyday,gardening,,,representation,C1,ext,baseline,在上週的公開座談會上，與會者花了不少時間討論園藝，也各自提出了不同的看法。,園藝,2,26,20,18,124.0766372680664,REP-055|zh|hanzi#109#siteA,REP-055|zh|hanzi#109#siteA#k4,4,"Hong Kong English newspaper headline format with a cultural event article, suggesting a news article or editorial topic about sustainability and green policy in Singapore.

The phrase ""一些新加坡人開始反思horticulture"" strongly implies a noun phrase or topic about gardening or horticulture-related activism or benefits, likely completing a list or theme around a specific campaign or initiative.

Final token ""horticultural"" is mid-phrase (""探討園藝""), part of a clause structure ""关于園藝"" — likely continuing with ""的未來"" or ""和生活方式的問題"" or ""植物种植者的心态"" or ""与气候变化的联系"" — a noun or noun phrase expected next.",0.914279,0.171441
REP-055|zh|hanzi#109,REP-055,Qwen/Qwen2.5-7B-Instruct,Qwen,zh,B,S0,N_everyday,gardening,,,representation,C1,ext,baseline,在上週的公開座談會上，與會者花了不少時間討論園藝，也各自提出了不同的看法。,園藝,2,26,20,25,109.39794921875,REP-055|zh|hanzi#109#siteB,REP-055|zh|hanzi#109#siteB#k2,2,"Taiwanese-language educational blog post format with artistic touch and cultural context, suggesting an event report or reflection piece about sustainability and nature.

The phrase ""前幾天，大家就「綠色生活」這個議題展開了腦力激盪。各個學者分享了對這本書的看法"" implies an introduction or sequence setup, likely continuing with quoted or diverse perspectives.

Final token ""議題。"" closes a clause (""在有關此次Workshop的參與者分享各種意見和觀點。一些人關於建築發表了想法。""), strongly expecting ""One of the participants"" or ""The discussion concluded with..."" or ""Some attendees noted.""",0.90957,0.180861
REP-056|en|latin#112,REP-056,Qwen/Qwen2.5-7B-Instruct,Qwen,en,A,S0,N_everyday,gardening,,,representation,C2,ext,baseline,"In class, the teacher used a few everyday examples to help the students understand gardening.",gardening,1,17,20,15,119.5051040649414,REP-056|en|latin#112#siteA,REP-056|en|latin#112#siteA#k2,2,"Structured math format with a labeled activity (""Math: Problem of the Day"") suggests educational or interactive content about ratios, likely a worksheet or game context.

The phrase ""A student is learning about gardening"" implies a topic introduction or metaphor, suggesting the story or task involves students learning concepts related to plants, gardening, or budgeting through a math activity.

Final token ""gardening"" ends an incomplete noun phrase (""learn about gardening""), part of a context clause (""The activity helps students understand gardening""), strongly expecting continuation like ""and planting"" or ""habits"" or ""related concepts"" or ""in a broader context,"" completing the thematic or title phrase about the activity's subject.",0.938515,0.12297
REP-056|en|latin#112,REP-056,Qwen/Qwen2.5-7B-Instruct,Qwen,en,B,S0,N_everyday,gardening,,,representation,C2,ext,baseline,"In class, the teacher used a few everyday examples to help the students understand gardening.",gardening,1,17,20,16,117.3243408203125,REP-056|en|latin#112#siteB,REP-056|en|latin#112#siteB#k1,1,"Math problem format with a numeric answer expected, implying a educational or instructional context about fractions or measurements.

The phrase ""A teacher used vegetables to teach a lesson about fractions in her class. The teacher gave some examples from a garden store to help illustrate the concept."" signals an opening prompt or story framing, suggesting a second task or list of examples related to plants or objects being analogized.

Final token ""concept. "" closes an incomplete clause (""An elementary teacher used an analogy from a grocery store to teach math lessons. The teacher introduced some examples.""), strongly expecting continuation like ""He explained that..."" or ""The following items represent..."" or ""He then listed four examples of plants.""",0.887958,0.224085
REP-056|zh|hanzi#111,REP-056,Qwen/Qwen2.5-7B-Instruct,Qwen,zh,A,S0,N_everyday,gardening,,,representation,C2,ext,baseline,老師在課堂上舉了幾個生活中的例子，帶著學生一起認識園藝。,園藝,2,19,20,17,117.32330322265625,REP-056|zh|hanzi#111#siteA,REP-056|zh|hanzi#111#siteA#k2,2,"Chinese language educational platform format with a ""Reading"" label suggests a student activity or educational material title structure, implying an educational context about gardening or life skills.

The phrase ""有些孩子透過了解農業，開始喜愛園藝"" implies an incomplete noun phrase or concept about ""learning about gardening,"" strongly suggesting a second word or phrase related to gardening benefits, hobbies, or a project topic.

Final token ""園藝"" ends mid-phrase (""了解園藝""), part of a list or topic introduction clause (""有人探討園藝""), expecting continuation like ""的知識"" or ""與生活"" or ""植物的多样性"" or ""和园艺事业"" to complete.",0.924111,0.151777
REP-056|zh|hanzi#111,REP-056,Qwen/Qwen2.5-7B-Instruct,Qwen,zh,B,S0,N_everyday,gardening,,,representation,C2,ext,baseline,老師在課堂上舉了幾個生活中的例子，帶著學生一起認識園藝。,園藝,2,19,20,18,105.29292297363281,REP-056|zh|hanzi#111#siteB,REP-056|zh|hanzi#111#siteB#k2,2,"Hong Kong educational children's book title format suggests a Chinese-language article or activity display, implying an educational narrative about nature or environmental concepts.

The phrase ""一群小朋友前往植物園參觀，老師帶領孩子們認識植物與科學。"" implies a scenario setup, suggesting the text continues describing activities or lessons about a specific book or curriculum theme.

Final token ""科學。"" closes a clause mid-sentence (""這堂課引導孩子們認識植物，老師透過農業展覽介紹了生態教育。""), strongly anticipating continuation like ""他分享了"" or ""以下是他所看到的几个例子"" or ""这种活动让孩子们学习了..."".",0.891448,0.217105
REP-057|en|latin#114,REP-057,Qwen/Qwen2.5-7B-Instruct,Qwen,en,A,S0,N_everyday,gardening,,,representation,C3,ext,baseline,"After class, a student stayed behind and went up to ask the teacher about gardening in more detail.",gardening,1,20,20,15,109.24122619628906,REP-057|en|latin#114#siteA,REP-057|en|latin#114#siteA#k2,2,"Chinese language educational format with a numbered title suggesting forum or social platform context, implying informal tone and possibly a student or teacher interaction scenario.

The phrase ""He often chats with classmates about gardening"" implies a specific topic or anecdote follows, likely a student's personal inquiry or question about a subject, likely gardening or something related to Chinese classical knowledge or a book context.

Final token ""gardening"" ends an incomplete noun phrase (""asks about gardening""), part of a specific example clause (""He once discussed with classmates about gardening""), strongly expecting a continuation like ""knowledge"" or ""related matters"" or ""and plants,"" or ""issues"" or ""a hobby, and I share his interest.""",0.899322,0.201356
REP-057|en|latin#114,REP-057,Qwen/Qwen2.5-7B-Instruct,Qwen,en,B,S0,N_everyday,gardening,,,representation,C3,ext,baseline,"After class, a student stayed behind and went up to ask the teacher about gardening in more detail.",gardening,1,20,20,19,109.18941497802734,REP-057|en|latin#114#siteB,REP-057|en|latin#114#siteB#k2,2,"Chinese language educational context with numbered multiple-choice questions, suggesting a scenario or interaction prompt about ethics behavior or pedagogy.

The phrase ""A student came to the teacher during class break, enthusiastically sharing his study progress with the teacher. The student approached the teacher after class."" implies a narrative scenario about a student seeking further guidance or interaction, likely a case of reflection or demonstration behavior.

Final token ""progress. "" closes a clause mid-sentence (""When a student came to the teacher after class and asked the teacher about a certain topic, and the student stayed late to discuss.""), strongly expecting continuation like ""This is an example of..."" or ""The student was motivated to consult"" or similar.",0.862093,0.275815
REP-057|zh|hanzi#113,REP-057,Qwen/Qwen2.5-7B-Instruct,Qwen,zh,A,S0,N_everyday,gardening,,,representation,C3,ext,baseline,有位學生下課後留下來，特地跑去問老師關於園藝的問題。,園藝,2,20,20,16,120.22142028808594,REP-057|zh|hanzi#113#siteA,REP-057|zh|hanzi#113#siteA#k2,2,"Formal educational/Chinese language context with a Taiwan teacher's profile, implying a student's responses or activities around a course topic.

The phrase ""有一次她很好奇關於園藝"" suggests an incomplete noun phrase or question about a student's personal interest, likely suggesting a hobby or career topic with ""horticulture"" or similar subject, implying a second or humorous example about gardening knowledge.

Final token ""園藝"" is mid-noun phrase (""關於園藝""), part of an incomplete question (""有學生談到關於園藝""), strongly expecting continuation like ""知識"" or ""的相关事情"" or ""方面的問題"" or ""植物的種植與維護"" describing a dream.",0.909593,0.180814
REP-057|zh|hanzi#113,REP-057,Qwen/Qwen2.5-7B-Instruct,Qwen,zh,B,S0,N_everyday,gardening,,,representation,C3,ext,baseline,有位學生下課後留下來，特地跑去問老師關於園藝的問題。,園藝,2,20,20,19,103.44496154785156,REP-057|zh|hanzi#113#siteB,REP-057|zh|hanzi#113#siteB#k3,3,"Taiwanese/Chinese language educational post format, implying a witty or reflective image caption or teacher's anecdote about learning behavior.

The phrase ""有一個學生在課堂上看到老師正在冥思苦想。一個學生問她想請教物理題。 "" establishes a scenario setup, strongly implying a story or lesson outcome about the student's respectful inquiry or behavior.

Final token ""題。"" closes a sentence mid-description (""一個學生在考完試後看到老師做科學家，問到前来尋找問題的學生。""), immediately expecting continuation like ""他/她問了"" or ""这位老师非常惊讶"" or ""学生想分享知识"" etc.",0.891492,0.217016
REP-058|en|latin#116,REP-058,Qwen/Qwen2.5-7B-Instruct,Qwen,en,A,S0,N_everyday,gardening,,,representation,C4,ext,baseline,"While a few friends were chatting, the conversation eventually turned to gardening, and they debated it with real enthusiasm.",gardening,1,22,20,12,122.57192993164062,REP-058|en|latin#116#siteA,REP-058|en|latin#116#siteA#k3,3,"Informal, casual tone with a ""What's New"" header suggests a blog or social media post format, likely a picture caption or reader comment inviting conversation.

The phrase ""Recently I've been talking to my grandmother about gardening"" strongly implies a topic introduction or anecdote about a hobby or interest, likely continuing with gardening tips or a personal story involving plants or garden tools.

Final token ""gardening"" ends an incomplete noun phrase (""about gardening""), part of a list or context clause (""When the conversation drifted to gardening""), strongly expecting continuation like ""and plants"" or ""habits"" or ""and my summer plans"" or ""a topic of interest,"" completing the subject about a hobby.",0.939627,0.120745
REP-058|en|latin#116,REP-058,Qwen/Qwen2.5-7B-Instruct,Qwen,en,B,S0,N_everyday,gardening,,,representation,C4,ext,baseline,"While a few friends were chatting, the conversation eventually turned to gardening, and they debated it with real enthusiasm.",gardening,1,22,20,21,95.58307647705078,REP-058|en|latin#116#siteB,REP-058|en|latin#116#siteB#k0,0,"Formal English language expression format suggests a literary or idiomatic phrase, likely a descriptive sentence about a group of people engaged in an activity.

The phrase ""Some folks were discussing a fascinating book and they were all enthusiastic about various topics. The people in the meeting were discussing intensely."" implies a setup scenario or prompt, likely continuing with a story or metaphor about the group's actions or emotions.

Final token ""topics. "" closes the introductory clause (""The group of people who loved a heated discussion and argued energetically. They were discussing a book and all gathered together.""), strongly expecting continuation like ""The sentence"" or ""They decided"" or ""This situation was..."" or similar.",0.850319,0.299362
REP-058|zh|hanzi#115,REP-058,Qwen/Qwen2.5-7B-Instruct,Qwen,zh,A,S0,N_everyday,gardening,,,representation,C4,ext,baseline,幾個朋友聚在一起聊天時，不知不覺就聊到了園藝，討論得相當熱烈。,園藝,2,21,20,13,127.88428497314453,REP-058|zh|hanzi#115#siteA,REP-058|zh|hanzi#115#siteA#k3,3,"Formal article tone with ""Hey everyone"" greeting suggests a social post or casual blog format, implying a personal narrative about someone's interests or hobbies.

The phrase ""有些人則喜歡跟朋友 hablar關於園藝"" strongly implies a topic introduction or prompt, likely ""关于园艺"" or a related hobby, suggesting a story about gardening, plants, or lifestyle.

Final token ""園藝"" is mid-phrase (""涉及園藝""), part of an incomplete clause listing interests (""有些人對園藝""), expects continuation like ""种植"" or ""方面的爱好"" or ""问题"" or ""和花草的话题"" or ""领域"" or ""相关，甚至想种植自己的花园"".",0.920756,0.158488
REP-058|zh|hanzi#115,REP-058,Qwen/Qwen2.5-7B-Instruct,Qwen,zh,B,S0,N_everyday,gardening,,,representation,C4,ext,baseline,幾個朋友聚在一起聊天時，不知不覺就聊到了園藝，討論得相當熱烈。,園藝,2,21,20,20,102.85680389404297,REP-058|zh|hanzi#115#siteB,REP-058|zh|hanzi#115#siteB#k4,4,"Taiwanese language context with playful tone (""一群朋友聚在一起谈论植物，原本是吃燒烤的)，围绕一个有趣的话题"") suggests a narrative or article setup.

The phrase ""一群朋友聚在一起討論有關植物學的問題，大家在討論完之後。 "" implies an introductory clause or continuation describing the participants' varied opinions or insights about the food topic.

Final token ""話。"" closes a setup clause (""一群朋友聚在一起討論植物學的朋友們。一群人在聚會中展開了話題。""), strongly expecting continuation like ""其中有人提出"" or ""朋友们发现了一些有趣现象"" or ""我决定分享他们的讨论"" or similar.",0.887472,0.225057
REP-059|en|latin#118,REP-059,Qwen/Qwen2.5-7B-Instruct,Qwen,en,A,S0,N_everyday,gardening,,,representation,C5,ext,baseline,"While browsing in the library yesterday, I happened to read a passage that discussed gardening at some length.",gardening,1,20,20,15,121.70549774169922,REP-059|en|latin#118#siteA,REP-059|en|latin#118#siteA#k0,0,"Historical/educational book format with a quoted review header suggesting a literary or garden book, implying an American literary blog context about gardening culture or history.

The phrase ""I recently read a collection of quotations about gardening"" strongly implies a topic introduction or narrative progression, likely continuing with a specific theme or anecdote about gardening, plants, or wisdom from historical figures.

Final token ""gardening"" ends mid-phrase (""I came across gardening""), part of a list or fragment (""The book mentions gardening""), strongly expecting a noun phrase continuation like ""and health"" or ""as a hobby"" or ""habits of the Victorians"" or ""in the context of climate change.""",0.937338,0.125324
REP-059|en|latin#118,REP-059,Qwen/Qwen2.5-7B-Instruct,Qwen,en,B,S0,N_everyday,gardening,,,representation,C5,ext,baseline,"While browsing in the library yesterday, I happened to read a passage that discussed gardening at some length.",gardening,1,20,20,19,111.37557220458984,REP-059|en|latin#118#siteB,REP-059|en|latin#118#siteB#k3,3,"American blogging register with informal tone (""Today I happened upon a book about gardening""), implying a personal anecdote or reflective post about reading.

The phrase ""I was reading a book review the other day about an academic subject; an article about trees caught my attention."" strongly implies a narrative setup, likely introducing a specific book or passage with a literary reference or discovery about nature and knowledge.

Final token ""subject. "" closes a clause mid-sentence (""An article I recently read about an educational passage about nature had mentioned a passage from a book store. ""), immediately expecting continuation like ""It described some interesting facts,"" or ""The passage was about my own gardening habits,"" or ""I found.""",0.904306,0.191388
REP-059|zh|hanzi#117,REP-059,Qwen/Qwen2.5-7B-Instruct,Qwen,zh,A,S0,N_everyday,gardening,,,representation,C5,ext,baseline,我昨天在圖書館翻書時，剛好讀到一段在講園藝的文字。,園藝,2,21,20,18,117.4295883178711,REP-059|zh|hanzi#117#siteA,REP-059|zh|hanzi#117#siteA#k1,1,"Singaporean English language context with a casual, informal tone suggesting a caption or book title display format, implying a post about daily life or knowledge.

The phrase ""我曾見到一些人談論關於園藝"" strongly implies ""a story about"" or ""a book about"" something related to gardening or plant care, likely a wordplay or personal interest, suggesting a topic continuation.

Final token ""園藝"" is mid-phrase ""關於園藝"" — part of a listed topic clause (""我曾讀過有關園藝""), expecting a noun like ""的知識"" or ""或者園丁的事"" or ""方面的趣事"" or ""和植物生长"" continuation.",0.913756,0.172487
REP-059|zh|hanzi#117,REP-059,Qwen/Qwen2.5-7B-Instruct,Qwen,zh,B,S0,N_everyday,gardening,,,representation,C5,ext,baseline,我昨天在圖書館翻書時，剛好讀到一段在講園藝的文字。,園藝,2,21,20,20,102.18334197998047,REP-059|zh|hanzi#117#siteB,REP-059|zh|hanzi#117#siteB#k1,1,"Hong Kong Chinese-language blog post tone with casual yet literary style, suggesting an anecdotal or reflective post about plants or food.

The phrase ""最近我在看一本書的時候，突然看到一本關於植物的短句。"" implies a narrative setup introducing a specific reading experience or quote, strongly implying the text will continue describing a particular concept or image from the book's description.

Final token ""的短句。"" closes an incomplete clause (""我最近讀到一本書關於動物養成工作。我看到一篇文章關於一個沒有吃過的植物。""), expecting continuation like ""我發現"" or ""里面提到的观念很有趣"" or ""那个句子涉及到知识"" etc.",0.90791,0.184181
REP-060|en|latin#120,REP-060,Qwen/Qwen2.5-7B-Instruct,Qwen,en,A,S0,N_everyday,gardening,,,representation,C6,ext,baseline,"In the preface, the author explains that the book grew out of a wish to explore gardening in depth.",gardening,1,22,20,18,120.03935241699219,REP-060|en|latin#120#siteA,REP-060|en|latin#120#siteA#k4,4,"Literary book description format with a British publisher's quote structure, suggesting a book on gardening and nature writing.

The phrase ""This book grew from an interest in gardening"" implies an introduction or theme about a book's subject matter, likely continuing with a conjunction or noun phrase about gardening as a cultural or spiritual practice, or an academic approach to plant biology and horticulture.

Final token ""gardening"" ends mid-phrase (""explore gardening""), part of a list or noun phrase ""The book explores gardening,"" strongly expecting a noun like ""as a lifestyle"" or ""and natural history"" or ""as a spiritual practice,"" or ""with literary elements in Britain.""",0.93514,0.12972
REP-060|en|latin#120,REP-060,Qwen/Qwen2.5-7B-Instruct,Qwen,en,B,S0,N_everyday,gardening,,,representation,C6,ext,baseline,"In the preface, the author explains that the book grew out of a wish to explore gardening in depth.",gardening,1,22,20,21,106.36592102050781,REP-060|en|latin#120#siteB,REP-060|en|latin#120#siteB#k0,0,"British literary book-cover format with literary/cultural context signals a book description or literary work, implying structured prose about a British nature writer.

The phrase ""The author begins her memoir saying that this book was written to explore the origins of her garden history. The author declares that the book's purpose is an exploration of its inspiration."" strongly implies a prompt or summary sentence structure.

Final token ""origin. "" closes a declarative clause (""The author states that the book was written with the intention to expand its scope. The book began with the intention that literature was a pursuit of truth""), expecting continuation like ""The author then"" or ""This book's purpose is..."" or ""He notes...""",0.889394,0.221212
REP-060|zh|hanzi#119,REP-060,Qwen/Qwen2.5-7B-Instruct,Qwen,zh,A,S0,N_everyday,gardening,,,representation,C6,ext,baseline,這本書的作者在序言裡提到，他當初動筆，就是想好好談談園藝。,園藝,2,24,20,22,127.66017150878906,REP-060|zh|hanzi#119#siteA,REP-060|zh|hanzi#119#siteA#k4,4,"Taiwanese literary magazine book description format, suggesting a cultural or literary article about naturalist and gardening writer Edith Sitwell.

The phrase ""最近這本自傳，我突然開始問起園藝"" strongly implies an opening question or theme about gardening or the author's relationship with nature, likely continuing a book about gardening or life philosophy.

Final token ""園藝"" ends an incomplete noun phrase (""探討園藝""), part of a title or theme setup clause (""我為何寫關於園藝""), strongly expecting continuation like ""的意義"" or ""與生活"" or ""這門學科的快樂"" or ""與人生的連接"" describing the book.",0.933874,0.132251
REP-060|zh|hanzi#119,REP-060,Qwen/Qwen2.5-7B-Instruct,Qwen,zh,B,S0,N_everyday,gardening,,,representation,C6,ext,baseline,這本書的作者在序言裡提到，他當初動筆，就是想好好談談園藝。,園藝,2,24,20,23,110.3197250366211,REP-060|zh|hanzi#119#siteB,REP-060|zh|hanzi#119#siteB#k3,3,"Taiwanese literary writer's book introduction, suggesting a memoir-style account about a famous garden philosopher's book journey.

The opening sentence ""這本書原本是作者想寫一部關於食物的書，他宣布要寫食物。"" implies a narrative setup promising the book's intent, likely continuing with a surprise about how the book evolved or failed to fulfill that simple aim about food.

Final token ""食物。"" closes a declarative clause (""他原本想寫這本書是想寫一個 Meals 的愛好。他想談論食物""), strongly expecting continuation like ""但途中他發現"" or ""这本书不仅仅只是"" or ""他觉得生活美学与自然"".",0.902319,0.195361
REP-061|en|latin#122,REP-061,Qwen/Qwen2.5-7B-Instruct,Qwen,en,A,S0,N_arousing,earthquakes,,,representation,C1,core,baseline,"At last week's public forum, the participants spent a good deal of time discussing earthquakes and shared a range of different views.",earthquakes,1,25,20,16,123.80604553222656,REP-061|en|latin#122#siteA,REP-061|en|latin#122#siteA#k3,3,"Local news article headline format suggests a blog or newspaper column, implying a San Diego area story about energy policy and seismic activity.

The phrase ""A few folks attending the California Energy Commission have been talking about earthquakes"" strongly implies an introductory or headline topic, likely a specific issue or concern about earthquakes or related geological topics, possibly referencing the Santa Barbara oil spill or public perception.

Final token ""earthquakes"" ends an incomplete noun phrase (""about earthquakes""), part of a list or topic clause setup (""Some folks have been talking about earthquakes""), immediately expecting continuation like ""and their frequency"" or ""and earthquakes in Los Angeles"" or ""as a natural phenomenon"" or ""and earthquake preparedness.""",0.939691,0.120618
REP-061|en|latin#122,REP-061,Qwen/Qwen2.5-7B-Instruct,Qwen,en,B,S0,N_arousing,earthquakes,,,representation,C1,core,baseline,"At last week's public forum, the participants spent a good deal of time discussing earthquakes and shared a range of different views.",earthquakes,1,25,20,24,115.10094451904297,REP-061|en|latin#122#siteB,REP-061|en|latin#122#siteB#k0,0,"Local government/educational scientist communication tone establishes a civic forum or blog post format about an environmental controversy issue.

The phrase ""Last week's town board meeting included a wide range of opinions about climate change action plans. Participants had differing views during the discussion."" strongly implies an upcoming statement or summary about the specific facts or confusion from the meeting, likely referencing the science or arguments presented.

Final token ""action. "" closes a clause (""An recent meeting on the topic of climate issues involved various opinions at the school board. Participants had a debate about various issues.""), strongly expecting continuation like ""Some of those views were..."" or ""I thought it would be helpful to clarify..."" or ""The facts.""",0.908766,0.182468
REP-061|zh|hanzi#121,REP-061,Qwen/Qwen2.5-7B-Instruct,Qwen,zh,A,S0,N_arousing,earthquakes,,,representation,C1,core,baseline,在上週的公開座談會上，與會者花了不少時間討論地震，也各自提出了不同的看法。,地震,1,25,20,17,117.11035919189453,REP-061|zh|hanzi#121#siteA,REP-061|zh|hanzi#121#siteA#k1,1,"Hong Kong English-language news format with headline-style article introducing a local creative or media event, suggesting editorial context about civic solidarity or celebrity opinions.

The phrase ""本地港人對地震"" implies a topic introduction or list, likely referencing a recent event or concern related to the Fukushima nuclear crisis or Taiwan's earthquake preparedness, suggesting a word or phrase about impacts or public sentiment.

Final token ""地震"" is mid-phrase (""提及地震""), part of an incomplete noun phrase listing concerns (""关于地震""), strongly expecting continuation like ""灾害的影響"" or ""与核能產生的影響"" or ""預算及能源政策"" or ""相关的預料和預警"" imagery.",0.91828,0.16344
REP-061|zh|hanzi#121,REP-061,Qwen/Qwen2.5-7B-Instruct,Qwen,zh,B,S0,N_arousing,earthquakes,,,representation,C1,core,baseline,在上週的公開座談會上，與會者花了不少時間討論地震，也各自提出了不同的看法。,地震,1,25,20,24,110.76876831054688,REP-061|zh|hanzi#121#siteB,REP-061|zh|hanzi#121#siteB#k3,3,"Malaysian/Taiwanese environmental journalist post introducing a ""Climate Change"" event discussion, implying an editorial or opinion piece tone about the 2016 Solar Eclipse.

The phrase ""在這場有關台灣地震的專家論壇中，大家就各種議題提出了許多意見。"" suggests an introduction or summary of participants' views, implying context or continuation follows.

Final token ""議題。"" closes the introductory clause (""有關這些事後意見的各式各樣專家論論，參加者在論壇中也提出了幾個觀點。""), strongly expecting ""One of them"" or ""The experts noted some confusion"" or ""This event...""",0.912187,0.175626
REP-062|en|latin#124,REP-062,Qwen/Qwen2.5-7B-Instruct,Qwen,en,A,S0,N_arousing,earthquakes,,,representation,C2,core,baseline,"In class, the teacher used a few everyday examples to help the students understand earthquakes.",earthquakes,1,17,20,15,119.43429565429688,REP-062|en|latin#124#siteA,REP-062|en|latin#124#siteA#k0,0,"Structured educational format with a word problem context (""Interactive activity""), suggesting a visual or informational diagram about seismic waves or earthquakes.

The phrase ""In this activity, students learn about earthquakes"" implies a topic introduction or title, likely a student project or activity about earthquakes' causes or magnitude, implying a second word or concept tied to the earthquake theme.

Final token ""earthquakes"" ends mid-expression (""understand earthquakes""), part of an incomplete noun phrase or topic setup (""Students might make models to understand earthquakes""), strongly expecting continuation like ""and their effects"" or ""magnitude"" or ""as a natural phenomenon"" or ""using a scale"" or ""and earthquakes.""",0.941114,0.117773
REP-062|en|latin#124,REP-062,Qwen/Qwen2.5-7B-Instruct,Qwen,en,B,S0,N_arousing,earthquakes,,,representation,C2,core,baseline,"In class, the teacher used a few everyday examples to help the students understand earthquakes.",earthquakes,1,17,20,16,121.64537048339844,REP-062|en|latin#124#siteB,REP-062|en|latin#124#siteB#k1,1,"Math problem format with structured questions and answer, suggesting a educational or informational context about measurements or numbers.

The phrase ""A teacher used an apple to explain some scientific concepts from a science class. The teacher used a basket of apples to demonstrate"" implies an introduction or story setup, likely a list or example of relatable real-world analogies from the lesson about metric units or mass.

Final token ""concept. "" closes the introductory clause (""To help the teacher taught a lesson about science using a few objects. ""), strongly expecting continuation like ""He showed that..."" or ""The following items were used to demonstrate:"" or ""He gave five examples of density and weight.""",0.883352,0.233297
REP-062|zh|hanzi#123,REP-062,Qwen/Qwen2.5-7B-Instruct,Qwen,zh,A,S0,N_arousing,earthquakes,,,representation,C2,core,baseline,老師在課堂上舉了幾個生活中的例子，帶著學生一起認識地震。,地震,1,18,20,16,111.74427032470703,REP-062|zh|hanzi#123#siteA,REP-062|zh|hanzi#123#siteA#k3,3,"Educational/literary image description format suggests a Chinese-language activity or children's book context, implying a visual or interactive element about earthquake awareness.

The phrase ""有些小朋友透過繪圖認識地震"" implies an incomplete title or topic sentence beginning ""了解地震"" suggests a list or subject about earthquake-related aspects, likely continuing with earthquake facts or phenomena like tremors or preparedness.

Final token ""地震"" is mid-phrase (""了解地震""), part of a noun phrase describing a student's activities or focus (""曾繪畫過地震""), strongly expecting continuation like ""的產生"" or ""现象"" or ""和海嘯"" or ""的威力"" or ""相关知识"".",0.933049,0.133903
REP-062|zh|hanzi#123,REP-062,Qwen/Qwen2.5-7B-Instruct,Qwen,zh,B,S0,N_arousing,earthquakes,,,representation,C2,core,baseline,老師在課堂上舉了幾個生活中的例子，帶著學生一起認識地震。,地震,1,18,20,17,106.14594268798828,REP-062|zh|hanzi#123#siteB,REP-062|zh|hanzi#123#siteB#k0,0,"Hong Kong Chinese-language educational article format with literary imagery (""大雪節到來，小朋友們在課堂上玩雪""), implying an educational activity or lesson context.

The phrase ""小學生從電視新聞中認識災難，老師用模型和圖像教孩子了解地震"" suggests a sentence or narrative continues describing a specific lesson's activities or concepts about earthquakes.

Final token ""地震。"" closes a clause (""老師透過教科書介紹地球科學，他講了有關地震的知識。""), strongly expecting continuation like ""他說:"" or ""以下是其中的幾個重點"" or ""孩子们动手体验了科学过程，"" or ""这个活动展示了...""",0.891573,0.216854
REP-063|en|latin#126,REP-063,Qwen/Qwen2.5-7B-Instruct,Qwen,en,A,S0,N_arousing,earthquakes,,,representation,C3,core,baseline,"After class, a student stayed behind and went up to ask the teacher about earthquakes in more detail.",earthquakes,1,20,20,15,112.2486801147461,REP-063|en|latin#126#siteA,REP-063|en|latin#126#siteA#k3,3,"Chinese language educational platform format with an image caption, suggesting a context about a student's speech or discussion activity involving numbers and scientific topics.

The phrase ""One student who was interested in earthquakes"" implies an incomplete context about a specific topic or activity, likely a Chinese student's inquiry or fiction scenario around earthquakes, possibly a video or reading prompt about earthquake science.

Final token ""earthquakes"" ends an incomplete noun phrase (""asked questions about earthquakes""), part of a specific topic clause (""A student discussed about earthquakes""), strongly expecting continuation like ""and tsunamis"" or ""related knowledge"" or ""in the text,"" or ""and their occurrence,"" or similar.",0.903939,0.192123
REP-063|en|latin#126,REP-063,Qwen/Qwen2.5-7B-Instruct,Qwen,en,B,S0,N_arousing,earthquakes,,,representation,C3,core,baseline,"After class, a student stayed behind and went up to ask the teacher about earthquakes in more detail.",earthquakes,1,20,20,19,108.77813720703125,REP-063|en|latin#126#siteB,REP-063|en|latin#126#siteB#k0,0,"Educational Chinese language context with numbered questions format suggests a math or curriculum scenario.

The phrase ""In a class, a student encountered a difficult concept and voluntarily stayed after class to ask the teacher questions. "" implies a scenario setup, likely describing a student's proactive behavior or interaction with a teacher, implying an answer or evaluation of the student's behavior or inquiry.

Final token ""question. "" ends an incomplete scenario clause (""When a student came up to the teacher after class and asked a student about a certain topic, and the student asked the teacher to study together.""), strongly expecting continuation like ""This student is an example of"" or ""The student's inquiry was a case of curiosity.""",0.866267,0.267467
REP-063|zh|hanzi#125,REP-063,Qwen/Qwen2.5-7B-Instruct,Qwen,zh,A,S0,N_arousing,earthquakes,,,representation,C3,core,baseline,有位學生下課後留下來，特地跑去問老師關於地震的問題。,地震,1,19,20,15,115.31381225585938,REP-063|zh|hanzi#125#siteA,REP-063|zh|hanzi#125#siteA#k1,1,"Taiwanese language article format with creative name ""擎仔"" suggesting informal educational context, likely a classroom or social media post with student reactions.

The phrase ""有些學生曾問過關於地震"" implies an opening question or topic about a specific subject, strongly implying a topic related to earthquake knowledge or fear, likely the student's personal views or a famous quote.

Final token ""地震"" ends mid-phrase (""關於地震""), part of a list or question structure (""有些學生對於地震""), immediately expecting a noun phrase like ""的知識"" or ""發生的預警"" or ""與地球相關的問題"" or ""的一些迷思"" continuing the topic.",0.931101,0.137799
REP-063|zh|hanzi#125,REP-063,Qwen/Qwen2.5-7B-Instruct,Qwen,zh,B,S0,N_arousing,earthquakes,,,representation,C3,core,baseline,有位學生下課後留下來，特地跑去問老師關於地震的問題。,地震,1,19,20,18,102.8013687133789,REP-063|zh|hanzi#125#siteB,REP-063|zh|hanzi#125#siteB#k0,0,"Taiwanese-language educational post introducing a heartwarming scene, implying a comic or reflective tone about science class behavior.

The sentence structure ""有一個中學生在課堂上看到某個天文學家，因災難事件而問問題。"" strongly suggests a story setup or question scenario, likely a child's inquiry or reflective observation about ethics or moral values.

Final token ""問題。"" closes a clause (""一個學生在科學課後向老師請教。某個中學生問起這位科學家。""), immediately expecting continuation like ""她問的是"" or ""学生说的内容如下"" or ""这种情况引发他思考的是"" or similar narrative detail.",0.892937,0.214127
REP-064|en|latin#128,REP-064,Qwen/Qwen2.5-7B-Instruct,Qwen,en,A,S0,N_arousing,earthquakes,,,representation,C4,core,baseline,"While a few friends were chatting, the conversation eventually turned to earthquakes, and they debated it with real enthusiasm.",earthquakes,1,22,20,12,119.98157501220703,REP-064|en|latin#128#siteA,REP-064|en|latin#128#siteA#k0,0,"Formal English language structure with a casual tone (""An Australian girl named Sarah""), suggesting a social media post or blog context introducing a topic about earthquake or weather.

The phrase ""When I was talking to some people about earthquakes"" implies a narrative introduction or anecdote, likely a personal or topical connection, likely about seismic activity or earthquake awareness.

Final token ""earthquakes"" ends an incomplete noun phrase (""about earthquakes""), part of a list or topic introduction clause (""One girl even talked about earthquakes""), strongly expecting continuation like ""and earthquakes"" or ""and their fears"" or ""of magnitude"" or ""and how they personally experienced them,"" completing the topic.",0.93828,0.123441
REP-064|en|latin#128,REP-064,Qwen/Qwen2.5-7B-Instruct,Qwen,en,B,S0,N_arousing,earthquakes,,,representation,C4,core,baseline,"While a few friends were chatting, the conversation eventually turned to earthquakes, and they debated it with real enthusiasm.",earthquakes,1,22,20,21,94.37631225585938,REP-064|en|latin#128#siteB,REP-064|en|latin#128#siteB#k4,4,"Formal English language context with a vague phrase (""Some people were discussing about climate and geography""), implying a literary or educational prompt or title structure about a group's discussion.

The phrase ""A group of enthusiastic students were arguing heatedly about a certain topic today. After they had gathered together, a group of people discussed excitedly."" suggests the sentence continues describing the scenario or participants' opinions.

Final token ""discussion. "" closes a clause (""The two parties who were passionate about climate and economics argued a lot about the topic. The students entered an argument marathon.""), strongly expecting a noun phrase like ""They concluded"" or ""One of them was definitely"" or ""The topic involved...""",0.830208,0.339584
REP-064|zh|hanzi#127,REP-064,Qwen/Qwen2.5-7B-Instruct,Qwen,zh,A,S0,N_arousing,earthquakes,,,representation,C4,core,baseline,幾個朋友聚在一起聊天時，不知不覺就聊到了地震，討論得相當熱烈。,地震,1,20,20,12,122.53076171875,REP-064|zh|hanzi#127#siteA,REP-064|zh|hanzi#127#siteA#k3,3,"Chinese language context with casual, informal tone suggests a social media or blog post format about a name or character, implying narrative or topic introduction.

The phrase ""有人常常對著手機看地震"" signals an incomplete sentence introducing a topic likely around conversations or fears related to earthquakes, strongly implying a second word or concept about earthquakes or natural disasters is expected next.

Final token ""地震"" is mid-phrase (""關於地震""), part of a topic list or subject context clause (""有人常談到地震""), strongly expecting continuation like ""的知識"" or ""灾害"" or ""与地震有关的奇怪事情"" or ""和人生"" or ""的频率与防范"" completing the idea.",0.939656,0.120687
REP-064|zh|hanzi#127,REP-064,Qwen/Qwen2.5-7B-Instruct,Qwen,zh,B,S0,N_arousing,earthquakes,,,representation,C4,core,baseline,幾個朋友聚在一起聊天時，不知不覺就聊到了地震，討論得相當熱烈。,地震,1,20,20,19,105.40048217773438,REP-064|zh|hanzi#127#siteB,REP-064|zh|hanzi#127#siteB#k0,0,"Taiwanese language context with informal tone suggests a story or article beginning, implying a casual reader experience about dietary topics like ""食物與宇宙"" (food and cosmos).

The phrase ""一班朋友聚在一起討論一個有趣題目，一群科學家在房間裡討論有關水果的知識。"" implies setup (""An informal gathering discussion""), suggesting continuation with shared observations or conclusions about the topic.

Final token "" Discussion.'."" closes a preamble (""一群朋友聚在一起討論這些事情。一群朋友在論題展開。""), strongly expecting a clause like ""其中有人提出了幾個爭議點"" or ""我決定分享一些觀點"" or ""大家讨论了...""",0.891392,0.217216
REP-065|en|latin#130,REP-065,Qwen/Qwen2.5-7B-Instruct,Qwen,en,A,S0,N_arousing,earthquakes,,,representation,C5,core,baseline,"While browsing in the library yesterday, I happened to read a passage that discussed earthquakes at some length.",earthquakes,1,20,20,15,124.98596954345703,REP-065|en|latin#130#siteA,REP-065|en|latin#130#siteA#k2,2,"Historical-blog format with an image caption suggesting a writer's personal reflection or blog post about geology, implying an educational or literary context.

The phrase ""I recently came across a book that had a fascination with earthquakes"" strongly implies a topic introduction or list item about earthquakes or related phenomena, likely continuing with a specific historical or cultural reference or claim about seismic events.

Final token ""earthquakes"" is mid-phrase (""about earthquakes""), part of a phrase listing topics (""I have read about earthquakes""), strongly expecting continuation like ""and their frequency"" or ""in Bible"" or ""and the Bible,"" or ""as a myth,"" or ""and how they affect the Earth's crust.""",0.951625,0.09675
REP-065|en|latin#130,REP-065,Qwen/Qwen2.5-7B-Instruct,Qwen,en,B,S0,N_arousing,earthquakes,,,representation,C5,core,baseline,"While browsing in the library yesterday, I happened to read a passage that discussed earthquakes at some length.",earthquakes,1,20,20,19,113.39141845703125,REP-065|en|latin#130#siteB,REP-065|en|latin#130#siteB#k2,2,"American science/academic blog tone, suggesting informal, casual prose about a personal encounter or observation leading to a topic.

The phrase ""I was reading an article the other day about earthquakes, particularly a science news item on a geological textbook I happened upon. "" implies an introduction establishing context, likely expecting a specific fact or insight from the passage about physics or natural science.

Final token ""article. "" closes a clause (""An essay I recently read about a biology class discussing a topic related to earthquakes had just mentioned a passage about black holes. ""), strongly anticipating continuation like ""It sparked some interesting ideas"" or ""The passage described the nature of entropy..."" or ""I remembered some details.""",0.902584,0.194831
REP-065|zh|hanzi#129,REP-065,Qwen/Qwen2.5-7B-Instruct,Qwen,zh,A,S0,N_arousing,earthquakes,,,representation,C5,core,baseline,我昨天在圖書館翻書時，剛好讀到一段在講地震的文字。,地震,1,20,20,17,114.50354766845703,REP-065|zh|hanzi#129#siteA,REP-065|zh|hanzi#129#siteA#k3,3,"Hong Kong English language context with a visual description format suggests a social media or literary image caption, implying a topic about Chinese culture or language.

The phrase ""我有個很有趣的書本，講到地震"" strongly implies a word puzzle or theme about earthquake-related content, likely naming or referencing a specific event or concept around earthquakes or natural disasters.

Final token ""地震"" is mid-word (""關於地震""), part of an incomplete phrase listing topics (""曾看過關於地震""), expecting continuation like ""的知識"" or ""時的奇異現象"" or ""和海嘯"" or ""的 quake damage"" or ""那些人的感受"" — a noun phrase.",0.934791,0.130418
REP-065|zh|hanzi#129,REP-065,Qwen/Qwen2.5-7B-Instruct,Qwen,zh,B,S0,N_arousing,earthquakes,,,representation,C5,core,baseline,我昨天在圖書館翻書時，剛好讀到一段在講地震的文字。,地震,1,20,20,19,102.56683349609375,REP-065|zh|hanzi#129#siteB,REP-065|zh|hanzi#129#siteB#k3,3,"Hong Kong Chinese girl's blog post tone with casual language and emotive mood, suggesting a personal reflection or diary entry about a Chinese language lesson.

The phrase ""最近在看一本報紙，看到有關‘時間’的課文。"" implies an introductory clause setup, likely describing the concept or passage about a natural phenomenon or learning experience related to the book.

Final token ""的课。"" closes a clause (""我在看一本書时有讀到有關環境保護的句子。昨天我在書裡讀到一篇關於動物死亡。""), strongly expecting continuation like ""我發現"" or ""那篇文章提到一些有趣的知識"" or ""于是我想起了时间与死亡.""",0.902064,0.195873
REP-066|en|latin#132,REP-066,Qwen/Qwen2.5-7B-Instruct,Qwen,en,A,S0,N_arousing,earthquakes,,,representation,C6,core,baseline,"In the preface, the author explains that the book grew out of a wish to explore earthquakes in depth.",earthquakes,1,22,20,18,121.77261352539062,REP-066|en|latin#132#siteA,REP-066|en|latin#132#siteA#k1,1,"Scientific/academic writing style with a book title format (""A Scientific Biography""), suggesting an educational or historical text about seismology or physics.

The phrase ""The author began to study earthquakes"" implies an introductory or thematic clause, likely a subject or project context about a book or author's interests related to earthquakes, possibly extending to cultural or literary themes.

Final token ""earthquakes"" ends mid-phrase (""to study earthquakes""), part of a listing or introductory clause structure (""He wrote about earthquakes""), strongly expecting continuation like ""and their mechanisms"" or ""as a natural phenomenon"" or ""in popular culture,"" or ""and other natural disasters using seismic data.""",0.943343,0.113314
REP-066|en|latin#132,REP-066,Qwen/Qwen2.5-7B-Instruct,Qwen,en,B,S0,N_arousing,earthquakes,,,representation,C6,core,baseline,"In the preface, the author explains that the book grew out of a wish to explore earthquakes in depth.",earthquakes,1,22,20,21,105.43339538574219,REP-066|en|latin#132#siteB,REP-066|en|latin#132#siteB#k2,2,"Literary book description format with academic/educational tone signals a book review or study guide about a scientific work.

The sentence ""The author states in the book's preface that it is an attempt to trace the history of his nature writing. The author begins by announcing his purpose to write this book."" implies an introductory clause structure suggesting a book's intent or motivation, likely continuing with historical context or findings.

Final token ""intended. "" closes a quoted clause (""The author states that the book was written to explore the subject's origins and he wants to expand its scope.""), strongly expecting continuation like ""He then"" or ""This book's primary focus is..."" or ""A desire.""",0.884837,0.230327
REP-066|zh|hanzi#131,REP-066,Qwen/Qwen2.5-7B-Instruct,Qwen,zh,A,S0,N_arousing,earthquakes,,,representation,C6,core,baseline,這本書的作者在序言裡提到，他當初動筆，就是想好好談談地震。,地震,1,23,20,21,122.59878540039062,REP-066|zh|hanzi#131#siteA,REP-066|zh|hanzi#131#siteA#k4,4,"Taiwanese literary writer's artwork introduction, suggesting an intellectual or literary essay tone with cultural context about Taiwan and life.

The phrase ""為什麼喜歡閱讀《地震》"" implies a book title or theme about earthquakes and human life, likely a broader question or reflection, suggesting the text may continue discussing some personal or cultural perspective on natural disasters or existential themes.

Final token ""地震"" is mid-phrase ("" Discussion about地震""), part of an incomplete noun phrase listing subjects (""我們常談論地震""), strongly expecting continuation like ""的影響"" or ""那些地震與生命"" or ""與人生的關係"" or ""灾难的科学知识"" or similar thematic content.",0.93221,0.13558
REP-066|zh|hanzi#131,REP-066,Qwen/Qwen2.5-7B-Instruct,Qwen,zh,B,S0,N_arousing,earthquakes,,,representation,C6,core,baseline,這本書的作者在序言裡提到，他當初動筆，就是想好好談談地震。,地震,1,23,20,22,109.8609848022461,REP-066|zh|hanzi#131#siteB,REP-066|zh|hanzi#131#siteB#k3,3,"Taiwanese literary author's book review, establishing a cultural tone with poetic prose about a famous philosopher's memoir.

The phrase ""他想寫這本書，原意是為談死亡。作者宣稱要寫地震"" strongly implies a narrative introduction, likely continuing the book's stated purpose or ironic framing around earthquake as a subject, suggesting anticipation of a broader philosophical or literary discussion.

Final token ""地震。"" closes an incomplete clause (""他想寫這本書，是要談死亡。他想寫地震""), strongly expecting continuation like ""但這本書卻沒有完全完成"" or ""他對自然災害有深刻感受"" or ""然而书中实际探讨的是...""",0.90451,0.190979
REP-067|en|latin#134,REP-067,Qwen/Qwen2.5-7B-Instruct,Qwen,en,A,S0,N_arousing,disease,,,representation,C1,core,baseline,"At last week's public forum, the participants spent a good deal of time discussing disease and shared a range of different views.",disease,1,25,20,16,113.49061584472656,REP-067|en|latin#134#siteA,REP-067|en|latin#134#siteA#k4,4,"Agricultural/educational writer tone with a farming magazine or blog voice, implying promotional or informational content about organic farming and sustainable practices.

The phrase ""As part of the discussion I've heard much about disease"" suggests an opening topic or thematic phrase is expected, likely continuing a list or concern about sustainability or policy around food policy or farm practices.

Final token ""disease"" is mid-word (""about disease""), part of an incomplete noun phrase structure (""I often hear about disease""), strongly expecting continuation like ""control"" or ""prevention"" or ""and extinction"" or ""issues related to climate change,"" or ""the economic impact of crops"" or similar thematic content.",0.9072,0.185601
REP-067|en|latin#134,REP-067,Qwen/Qwen2.5-7B-Instruct,Qwen,en,B,S0,N_arousing,disease,,,representation,C1,core,baseline,"At last week's public forum, the participants spent a good deal of time discussing disease and shared a range of different views.",disease,1,25,20,24,115.50389099121094,REP-067|en|latin#134#siteB,REP-067|en|latin#134#siteB#k4,4,"Local activist/educational organization tone signals a blog or newsletter format, implying a community discussion or summary of recent public health meeting topics around farm issues.

The phrase ""Over the past few weeks there has been a lot of discussion about vaccination and health concerns at our town meeting. Different perspectives were shared on the subject."" strongly implies an introduction or summary is expected, likely continuing with specific viewpoints or facts.

Final token ""issue. "" closes a declarative context (""A number of people participated in the discussions about the conference and various topics. Several different views were raised.""), strongly expecting ""Some of these views were..."" or ""The following points"" or ""A summary of confusion around...""",0.90604,0.187921
REP-067|zh|hanzi#133,REP-067,Qwen/Qwen2.5-7B-Instruct,Qwen,zh,A,S0,N_arousing,disease,,,representation,C1,core,baseline,在上週的公開座談會上，與會者花了不少時間討論疾病，也各自提出了不同的看法。,疾病,1,25,20,17,110.7105941772461,REP-067|zh|hanzi#133#siteA,REP-067|zh|hanzi#133#siteA#k2,2,"Hong Kong media article tone with headline-style framing (""科技公司樂見Healthcare數碼化""), suggesting an interview or editorial article about Singapore's biotech or pharmaceutical content.

The phrase ""他形容研究是關於疾病"" implies an incomplete clause or enumerated topics, likely referencing broader concerns or attitudes around health, AI, or consumerism, possibly a quote about public perception of vaccines.

Final token ""疾病"" is mid-word or mid-phrase (""關於疾病""), part of a vague noun phrase (""提及疾病""), strongly expecting continuation like ""预防"" or ""负担的透明度"" or ""疫苗研发"" or ""与死亡率的关系"" or ""相关议题的讨论"".",0.916125,0.167751
REP-067|zh|hanzi#133,REP-067,Qwen/Qwen2.5-7B-Instruct,Qwen,zh,B,S0,N_arousing,disease,,,representation,C1,core,baseline,在上週的公開座談會上，與會者花了不少時間討論疾病，也各自提出了不同的看法。,疾病,1,25,20,24,111.21720123291016,REP-067|zh|hanzi#133#siteB,REP-067|zh|hanzi#133#siteB#k3,3,"Taiwanese/Chinese scientific blog post tone with editorial introduction, suggesting a collective discussion about ""Climate Change and Ethics"" event.

The phrase ""在一個參與設計的活動中，各位學者分享了對自然エネルギー的許多意見和看法。"" implies a structure or narrative setup, likely continuing with descriptions or reflections on different speakers or viewpoints from the symposium.

Final token ""意見。"" ends an incomplete clause (""在這次論壇中，各位專家就相關議題提出了一些意見。有关讨论已经结束。""), strongly expecting continuation like ""One speaker"" or ""The discussions included"" or ""Some scholars noted that..."" or ""I will summarise...""",0.908179,0.183643
REP-068|en|latin#136,REP-068,Qwen/Qwen2.5-7B-Instruct,Qwen,en,A,S0,N_arousing,disease,,,representation,C2,core,baseline,"In class, the teacher used a few everyday examples to help the students understand disease.",disease,1,17,20,15,109.74705505371094,REP-068|en|latin#136#siteA,REP-068|en|latin#136#siteA#k0,0,"Educational format with ""Interactive"" and ""Figure"" suggesting a student or science communication context, likely a math or biology platform.

The phrase ""Imagine using a fun game to understand disease"" implies an introductory or exploratory prompt, likely continuing a list or concept about statistics or disease models, suggesting a broader topic about probability or health concepts connected to the diagram.

Final token ""disease"" ends an incomplete noun phrase (""understand disease""), part of a possible phrase structure ""Let's explore concepts around disease,"" strongly anticipating continuation like ""spread,"" ""models,"" or ""patterns"" or "" prevention"" or ""and healthy vs. sick states,"" completing the thematic context about the toy's analogy.",0.919329,0.161343
REP-068|en|latin#136,REP-068,Qwen/Qwen2.5-7B-Instruct,Qwen,en,B,S0,N_arousing,disease,,,representation,C2,core,baseline,"In class, the teacher used a few everyday examples to help the students understand disease.",disease,1,17,20,16,116.00389099121094,REP-068|en|latin#136#siteB,REP-068|en|latin#136#siteB#k0,0,"Formal math problem format with a numerical answer box suggests an educational context, likely a textbook or quiz format introducing concepts about cells or biology.

The phrase ""A teacher used a grocery store to illustrate some concepts in class. Teacher used an analogy to teach health class"" implies an introductory scenario, likely listing examples or activities drawn from the given scenario about ""soda,"" ""mold,"" or health topics.

Final token ""class. "" closes a sentence fragment (""To teach health class, a teacher used an example from health ministry to explain concepts. ""), strongly expecting continuation like ""He gave several examples"" or ""The following items represent..."" or ""He explained mortality and variation.""",0.875012,0.249977
REP-068|zh|hanzi#135,REP-068,Qwen/Qwen2.5-7B-Instruct,Qwen,zh,A,S0,N_arousing,disease,,,representation,C2,core,baseline,老師在課堂上舉了幾個生活中的例子，帶著學生一起認識疾病。,疾病,1,18,20,16,107.27790069580078,REP-068|zh|hanzi#135#siteA,REP-068|zh|hanzi#135#siteA#k2,2,"Hong Kong Chinese language educational resource format, suggesting a creative or visual element context with educational activity prompt structure.

The phrase ""學生在小時候透過繪圖認識疾病"" implies a title or theme around health education, likely listing or exploring concepts related to disease prevention or medical awareness, suggesting ""health"" or ""related concepts"" or a specific disease topic follows.

Final token ""疾病"" ends mid-phrase (""了解疾病""), part of an incomplete list or quoted conceptual phrase (""曾繪製關於疾病""), strongly expecting continuation like ""的對抗"" or ""与生命"" or ""和心理的影響"" or ""预防知识"" or similar noun phrase completing the theme.",0.92818,0.14364
REP-068|zh|hanzi#135,REP-068,Qwen/Qwen2.5-7B-Instruct,Qwen,zh,B,S0,N_arousing,disease,,,representation,C2,core,baseline,老師在課堂上舉了幾個生活中的例子，帶著學生一起認識疾病。,疾病,1,18,20,17,107.69310760498047,REP-068|zh|hanzi#135#siteB,REP-068|zh|hanzi#135#siteB#k1,1,"Taiwanese primary school educational poster format with playful language, suggesting an image or activity description context about social-emotional learning.

The phrase ""教師們在課堂上展示各種動物，用小品形式引導學生學習健康知識。"" implies an introductory clause or narrative setup, likely describing a specific lesson or activity about health concepts using the ""atoms"" concept.

Final token ""知識。"" closes a clause (""老師們介紹了幾個疾病，教學生認識疾病。""), strongly expecting continuation like ""他先介紹了..."" or ""这些活动包括"" or ""孩子们便发现了一些有趣的实际情况"" or ""其中一环节是展示图片"" — a concrete illustration.",0.899358,0.201284
REP-069|en|latin#138,REP-069,Qwen/Qwen2.5-7B-Instruct,Qwen,en,A,S0,N_arousing,disease,,,representation,C3,core,baseline,"After class, a student stayed behind and went up to ask the teacher about disease in more detail.",disease,1,20,20,15,105.38252258300781,REP-069|en|latin#138#siteA,REP-069|en|latin#138#siteA#k3,3,"Text appears to be a Chinese-language middle school student's post format, likely a forum or study scenario, with informal tone and fragmented sentences suggesting educational content about biology or social phenomena.

The phrase ""When discussing some classmates are enthusiastic about disease"" implies a specific topic or question context, likely a student's personal opinion or a listed example about biology concepts or health-related content.

Final token ""disease"" is mid-word (""about disease""), part of an incomplete noun phrase (""He has discussed about disease""), strongly expecting continuation like ""management"" or ""prevention"" or ""types,"" or ""curiosity"" or ""problems"" or ""in biology,"" completing a hypothetical scenario about a student's views.",0.893933,0.212134
REP-069|en|latin#138,REP-069,Qwen/Qwen2.5-7B-Instruct,Qwen,en,B,S0,N_arousing,disease,,,representation,C3,core,baseline,"After class, a student stayed behind and went up to ask the teacher about disease in more detail.",disease,1,20,20,19,108.23863220214844,REP-069|en|latin#138#siteB,REP-069|en|latin#138#siteB#k2,2,"Educational Chinese language context with a ""cognitive behavior"" scenario setup, implying a multiple-choice or short-answer question format about student behavior or learning.

The phrase ""A student entered a teacher's office and kept asking questions about the content of a lecture. The student approached the teacher voluntarily."" suggests an anecdotal scenario, likely describing a student seeking help or showing genuine interest.

Final token ""question. "" closes a clause (""When a student came to the teacher and asked about a certain topic, and the student stayed late after class to ask additional questions.""), strongly expecting a noun phrase continuation like ""This student was an example of..."" or ""The teacher was praised as..."" or similar.",0.862162,0.275675
REP-069|zh|hanzi#137,REP-069,Qwen/Qwen2.5-7B-Instruct,Qwen,zh,A,S0,N_arousing,disease,,,representation,C3,core,baseline,有位學生下課後留下來，特地跑去問老師關於疾病的問題。,疾病,1,18,20,15,112.0985107421875,REP-069|zh|hanzi#137#siteA,REP-069|zh|hanzi#137#siteA#k0,0,"Hong Kong English literature forum post format suggests a student's writing style or essay task prompt, implying informal yet academic context about Chinese culture and education.

The phrase ""我有時聽同学對醫療的談論,特別是關於疾病的"" signals an incomplete list or topic about a specific subject, likely a personal question or quotation asking about attitudes toward illness or health concepts.

Final token ""疾病的"" is mid-phrase (""關於疾病的""), part of a quoted example or list item (""我曾經詢問過關於疾病的""), strongly expecting a noun like ""知識"" or ""五種看法"" or ""死亡問題"" or ""预防观念"" or ""一些事实和观念"" continuing the question.",0.912303,0.175393
REP-069|zh|hanzi#137,REP-069,Qwen/Qwen2.5-7B-Instruct,Qwen,zh,B,S0,N_arousing,disease,,,representation,C3,core,baseline,有位學生下課後留下來，特地跑去問老師關於疾病的問題。,疾病,1,18,20,17,102.32432556152344,REP-069|zh|hanzi#137#siteB,REP-069|zh|hanzi#137#siteB#k2,2,"Taiwanese Chinese language blog post format with casual tone, suggesting a student's or reader's observation of a teacher's behaviour.

The phrase ""有一次，一學生上課後問老師，拿了馬克杯問問題"" establishes a scenario setup, implying a specific incident or question the student poses about ethics or virtue, likely leading to a reflective or humorous anecdote.

Final token ""問題。"" closes a clause (""一位學生上學去看醫生，跟老師談起自學知識的人。一位學生向老師請教。""), strongly expecting continuation like ""他問的是"" or ""这位学生的表现很诚恳，老师回答"" or ""作者想表达某种想法...""",0.890122,0.219756
REP-070|en|latin#140,REP-070,Qwen/Qwen2.5-7B-Instruct,Qwen,en,A,S0,N_arousing,disease,,,representation,C4,core,baseline,"While a few friends were chatting, the conversation eventually turned to disease, and they debated it with real enthusiasm.",disease,1,22,20,12,114.30701446533203,REP-070|en|latin#140#siteA,REP-070|en|latin#140#siteA#k1,1,"Casual, informal writing style with a British-accented humor tone (""So why do some people love learning about biology?""), suggesting a blog or social post context.

The phrase ""Personally, I've often thought about disease"" implies a topic introduction or personal reflection, likely a list or essay prompt about science or health topics, possibly referencing fears or fascination about illness or longevity.

Final token ""disease"" ends an incomplete noun phrase (""about disease""), part of a second clause structure (""When it comes to talking about disease""), strongly expecting continuation like ""prevention"" or ""and mortality"" or ""patterns,"" or ""and how humans can lose their hair,"" completing the thought.",0.930539,0.138923
REP-070|en|latin#140,REP-070,Qwen/Qwen2.5-7B-Instruct,Qwen,en,B,S0,N_arousing,disease,,,representation,C4,core,baseline,"While a few friends were chatting, the conversation eventually turned to disease, and they debated it with real enthusiasm.",disease,1,22,20,21,92.14990234375,REP-070|en|latin#140#siteB,REP-070|en|latin#140#siteB#k4,4,"Formal English-language literary or descriptive prose, suggesting a quirky or playful context about a group of students discussing a topic.

The phrase ""A group of people were having a heated discussion about controversial matters. Some people in a classroom were enthusiastically arguing their points."" implies a setup clause or story prompt, likely a sentence completion or scenario describing the group's experience or behavior.

Final token ""discussions. "" closes a noun phrase (""The students who attended the meeting and discussed wildly different topics. An interesting group of people were having an argument about emotions. ""), strongly expecting continuation like ""They"" or ""The students then decided"" or ""This was not a mere coincidence"" or similar.",0.845101,0.309798
REP-070|zh|hanzi#139,REP-070,Qwen/Qwen2.5-7B-Instruct,Qwen,zh,A,S0,N_arousing,disease,,,representation,C4,core,baseline,幾個朋友聚在一起聊天時，不知不覺就聊到了疾病，討論得相當熱烈。,疾病,1,20,20,12,121.47239685058594,REP-070|zh|hanzi#139#siteA,REP-070|zh|hanzi#139#siteA#k2,2,"Chinese language article tone with casual, conversational style suggests a social media post or lifestyle article format, implying personal anecdotes or reflective content about health or life.

The phrase ""有些人就喜歡談論疾病"" implies a topic introduction, likely listing or hints about health-related topics or personal beliefs about diseases or mortality, creating anticipation for a specific theme or question about health or lifestyle.

Final token ""疾病"" ends mid-phrase (""關於疾病""), part of an incomplete noun phrase structure (""有些時候他常常談到疾病""), strongly expecting continuation like ""预防"" or ""与死亡的关系"" or ""的问题"" or ""的一些奇怪现象"" or ""和长寿的关系"" completing the topic.",0.93486,0.13028
REP-070|zh|hanzi#139,REP-070,Qwen/Qwen2.5-7B-Instruct,Qwen,zh,B,S0,N_arousing,disease,,,representation,C4,core,baseline,幾個朋友聚在一起聊天時，不知不覺就聊到了疾病，討論得相當熱烈。,疾病,1,20,20,19,104.49139404296875,REP-070|zh|hanzi#139#siteB,REP-070|zh|hanzi#139#siteB#k1,1,"Taiwanese language context with casual tone, suggesting a story or blog post format about health or biology facts about mushrooms.

The phrase ""一群朋友聚在一起談論一個很特別的菜譜，他們在酒後Discussion。"" implies an introduction setup, likely continuing with a narrative or trivia about the participants' shared topic or confusion about mushrooms.

Final token ""Discussion.'."" closes a sentence fragment (""一班朋友聚在一起吃完晚餐的朋友們，一群人聊起相關知識。一群朋友聚在一起谈论...""), strongly expecting a continuation like ""其中一个朋友提到"" or ""我听到他们讨论了几个问题"" or ""大家结论是..."" describing the group.",0.867406,0.265187
REP-071|en|latin#142,REP-071,Qwen/Qwen2.5-7B-Instruct,Qwen,en,A,S0,N_arousing,disease,,,representation,C5,core,baseline,"While browsing in the library yesterday, I happened to read a passage that discussed disease at some length.",disease,1,20,20,15,116.48259735107422,REP-071|en|latin#142#siteA,REP-071|en|latin#142#siteA#k2,2,"Blog / literary style with poetic prose introducing a historical figure and concept, suggesting a reading/writing context about human nature and scientific thought.

The phrase ""I've been thinking recently about disease"" implies an opening topic or theme, likely a literary or historical passage referencing disease or health concepts, possibly continuing with a specific quote or observation about human suffering or evolution.

Final token ""disease"" is mid-phrase (""I've thought about disease""), part of an incomplete noun phrase listing topics (""I recall discussion about disease""), strongly expecting continuation like ""transmission,"" ""patterns,"" ""and mortality in Biblical times,"" or ""control in human history"" or ""and the Biblical flood.""",0.942143,0.115714
REP-071|en|latin#142,REP-071,Qwen/Qwen2.5-7B-Instruct,Qwen,en,B,S0,N_arousing,disease,,,representation,C5,core,baseline,"While browsing in the library yesterday, I happened to read a passage that discussed disease at some length.",disease,1,20,20,19,113.40121459960938,REP-071|en|latin#142#siteB,REP-071|en|latin#142#siteB#k0,0,"American-style blog-post style with informal tone (""A recent experience of reading a biology text""), implying a personal or reflective context about science or academia.

The phrase ""I was reading an article the other day about some historical or scientific topic, and upon encountering a passage about population,"" strongly implies a narrative setup or anecdote introducing the author's engagement with a specific scientific passage.

Final token ""topic. "" closes a clause beginning ""I recently read an article about a biology passage that mentioned a health-related passage. An article I happened to read about a certain concept,"" strongly expecting continuation like ""It contained some interesting facts"" or ""I remembered the concept of entropy,"" or similar.",0.900919,0.198163
REP-071|zh|hanzi#141,REP-071,Qwen/Qwen2.5-7B-Instruct,Qwen,zh,A,S0,N_arousing,disease,,,representation,C5,core,baseline,我昨天在圖書館翻書時，剛好讀到一段在講疾病的文字。,疾病,1,20,20,17,108.92767333984375,REP-071|zh|hanzi#141#siteA,REP-071|zh|hanzi#141#siteA#k3,3,"Hong Kong English language text with a creative art description format suggesting an image or poster, implying a literary or cultural context about health or perception.

The phrase ""我最近看到一部卡通片，談到疾病的"" implies an incomplete phrase about a topic related to diseases or health, likely a quoted or imaginative prompt about illness or mortality themes.

Final token ""疾病的"" is mid-phrase (""有关疾病的""), part of a list or noun phrase structure (""我曾經看過關於疾病的...""), strongly expecting a specific noun like ""传染性""、""知识""、""治疗方法"" or ""可怕故事"" or ""三件事"" — continuing the assumed topic about health awareness.",0.915988,0.168025
REP-071|zh|hanzi#141,REP-071,Qwen/Qwen2.5-7B-Instruct,Qwen,zh,B,S0,N_arousing,disease,,,representation,C5,core,baseline,我昨天在圖書館翻書時，剛好讀到一段在講疾病的文字。,疾病,1,20,20,19,104.12901306152344,REP-071|zh|hanzi#141#siteB,REP-071|zh|hanzi#141#siteB#k2,2,"Hong Kong Chinese girl's casual tone and self-expression style suggests ashort post or blog entry about a word or concept.

The phrase ""最近讀到一篇關於健康的文章。我在看一個書上的句子。"" implies a narrative setup introducing a personal observation or memory, likely continuing a reflection on a quoted passage about nature or life philosophy, suggesting an excerpt or unexpected finding follows.

Final token ""句子。"" closes a temporal clause (""我刚刚讀到一本書有關動物保護的文章。裡面有一篇文章關於健康。""), strongly expecting a continuation like ""我讀到那句話的意思是..."" or ""作者提到一些概念，特別是..."" or ""它讲了个道理.""",0.896569,0.206862
REP-072|en|latin#144,REP-072,Qwen/Qwen2.5-7B-Instruct,Qwen,en,A,S0,N_arousing,disease,,,representation,C6,core,baseline,"In the preface, the author explains that the book grew out of a wish to explore disease in depth.",disease,1,22,20,18,114.54141235351562,REP-072|en|latin#144#siteA,REP-072|en|latin#144#siteA#k4,4,"Academic literary biography format with scholarly tone, suggesting a book or essay title about Darwin and medicine.

The phrase ""My work is an attempt to explore disease"" implies an introductory clause or thematic statement, likely continuing with a broader topic about cultural or philosophical perspectives around illness, Darwin's ideas, or a compilation of essays on biology and human suffering.

Final token ""disease"" ends mid-phrase (""explore disease""), part of a list or paired concept (""I have often approached disease""), strongly expecting a noun phrase like ""and aging"" or ""as a cultural phenomenon"" or ""patterns in nature,"" or ""in literature"" or ""as a metaphor.""",0.930518,0.138964
REP-072|en|latin#144,REP-072,Qwen/Qwen2.5-7B-Instruct,Qwen,en,B,S0,N_arousing,disease,,,representation,C6,core,baseline,"In the preface, the author explains that the book grew out of a wish to explore disease in depth.",disease,1,22,20,21,105.79631805419922,REP-072|en|latin#144#siteB,REP-072|en|latin#144#siteB#k3,3,"Academic book format with literary criticism header, suggesting a literary text or scholarly book description, likely an Oxford or Cambridge anthology.

The phrase ""The author begins his memoir stating that the book was written with the intention of exploring Eastern philosophy. The author states that the book was motivated to investigate a comprehensive overview."" implies an introductory framing clause, likely a direct statement about the book's purpose or evolution.

Final token ""intention. "" closes a declarative claim (""The author states that the book was written to explore an interest in literature's expansion. The book begins to pursue its purpose.""), strongly expecting continuation like ""This book has"" or ""The author's motivation is"" or ""It covers.""",0.892694,0.214611
REP-072|zh|hanzi#143,REP-072,Qwen/Qwen2.5-7B-Instruct,Qwen,zh,A,S0,N_arousing,disease,,,representation,C6,core,baseline,這本書的作者在序言裡提到，他當初動筆，就是想好好談談疾病。,疾病,1,23,20,21,122.72084045410156,REP-072|zh|hanzi#143#siteA,REP-072|zh|hanzi#143#siteA#k3,3,"Taiwanese literary writer's book review context signals intellectual prose, with a title promising cultural reflection on illness and death.

The phrase ""我最近開始著手寫一部電影作品，想探討疾病"" implies an opening quote or theme about how society views illness, likely continuing a series of thoughts about illness, suffering, or human nature, suggesting a broader cultural or literary register.

Final token ""疾病"" is mid-phrase (""探討疾病""), part of an incomplete list or title prompt (""關於 diseases""), expecting continuation like ""的意義"" or ""与生命的关系"" or ""与死亡的美学"" or ""人们对于癌症、死亡的恐惧"" or similar.",0.936875,0.126249
REP-072|zh|hanzi#143,REP-072,Qwen/Qwen2.5-7B-Instruct,Qwen,zh,B,S0,N_arousing,disease,,,representation,C6,core,baseline,這本書的作者在序言裡提到，他當初動筆，就是想好好談談疾病。,疾病,1,23,20,22,111.6452865600586,REP-072|zh|hanzi#143#siteB,REP-072|zh|hanzi#143#siteB#k1,1,"Taiwanese writer's book review, with author introducing a novel about death and philosophy, suggesting an intellectual or literary tone.

The sentence ""这本书他原本要寫的題目是：為什麼要寫死亡。他想寫人類的疾病"" implies the book begins with the author's intention, likely a reflective or provocative framing about death as a topic and its societal context.

Final token ""疾病。"" closes a clause mid-sentence (""他想要寫這本書是要探討死亡。他想寫健康""), strongly expecting continuation like ""但他卻發現"" or ""这本书不仅仅讨论死亡本身,而是试图探讨"" or ""作者认为它有更深的意义"".",0.905332,0.189336
REP-073|en|latin#146,REP-073,Qwen/Qwen2.5-7B-Instruct,Qwen,en,A,S0,N_arousing,funerals,,,representation,C1,ext,baseline,"At last week's public forum, the participants spent a good deal of time discussing funerals and shared a range of different views.",funerals,2,26,20,17,124.09367370605469,REP-073|en|latin#146#siteA,REP-073|en|latin#146#siteA#k4,4,"Historical/educational prose style establishing a ministerial website context, suggesting a blog or article about African-American religion and grief in the Civil War era.

The phrase ""I have been hearing a lot about funerals"" implies a topic introduction or headline, likely a specific issue about death, rituals, or attitudes toward funerals and cremation.

Final token ""funerals"" ends an incomplete noun phrase (""I have opinions about funerals""), strongly expecting continuation like ""and death rituals"" or ""of prominent figures"" or ""and the afterlife,"" or ""and death-related costs,"" or ""and their views on death"" — likely completing a listed topic about controversial funeral practices.",0.928561,0.142877
REP-073|en|latin#146,REP-073,Qwen/Qwen2.5-7B-Instruct,Qwen,en,B,S0,N_arousing,funerals,,,representation,C1,ext,baseline,"At last week's public forum, the participants spent a good deal of time discussing funerals and shared a range of different views.",funerals,2,26,20,25,112.28012084960938,REP-073|en|latin#146#siteB,REP-073|en|latin#146#siteB#k1,1,"Community/facilitator tone suggests a Canadian church newsletter or civic document, implying a discussion about municipal planning or social issues.

The phrase ""A number of people participated in the recent public consultation on ethics and values around abortion and related issues. The meeting produced some diverse views and opinions."" implies an introduction or setup, expecting continuation describing those discussions or outcomes.

Final token ""issues. "" closes a clause (""An assembly recently had a wide range of views on the proposed referendum topics and a debate arose. Different people expressed their views during the meeting.""), strongly expecting ""The following points"" or ""Some participants expressed"" or ""This blog post summarizes,"" completing the introductory context.",0.899789,0.200423
REP-073|zh|hanzi#145,REP-073,Qwen/Qwen2.5-7B-Instruct,Qwen,zh,A,S0,N_arousing,funerals,,,representation,C1,ext,baseline,在上週的公開座談會上，與會者花了不少時間討論喪禮，也各自提出了不同的看法。,喪禮,2,26,20,18,119.80717468261719,REP-073|zh|hanzi#145#siteA,REP-073|zh|hanzi#145#siteA#k3,3,"Hong Kong media article tone with bilingual title suggests cultural commentary or social media content about death rituals and bereavement, likely an art or social issue article.

The phrase ""許多本地學者開始反思喪禮"" implies an introductory clause expects a specific topic or phrase about funeral practices or death-related trends, likely ""funeral"" or ""设计与意义"" or ""新型死亡方式.""

Final token ""喪禮"" ends an incomplete noun phrase (""關於喪禮""), part of a question or topic listing structure (""他對於葬禮""), strongly expecting a continuation like ""的未來"" or ""費用、形式"" or ""與疫情的關係"" or ""的相关议题和态度"".",0.924923,0.150153
REP-073|zh|hanzi#145,REP-073,Qwen/Qwen2.5-7B-Instruct,Qwen,zh,B,S0,N_arousing,funerals,,,representation,C1,ext,baseline,在上週的公開座談會上，與會者花了不少時間討論喪禮，也各自提出了不同的看法。,喪禮,2,26,20,25,110.78880310058594,REP-073|zh|hanzi#145#siteB,REP-073|zh|hanzi#145#siteB#k4,4,"Singaporean Buddhist/faith blog tone with local context, suggesting an article or reflection piece about a collective discussion on gender equality and marriage.

The phrase ""在最近的慶祝活動後，關於《憲章》的許多意見都被提出。大家對這件事有不同看法。 "" implies an introductory clause setup, suggesting the text will continue describing attendees' or contributors' views on the topic.

Final token ""意見。 "" closes a clause (""有關這場討論活動，有關佛教和教育課堂的諸多意見已被提出。""), strongly expecting continuation like ""One participant"" or ""The discussion focused on various points,"" or ""Some participants shared their concerns.""",0.9083,0.183401
REP-074|en|latin#148,REP-074,Qwen/Qwen2.5-7B-Instruct,Qwen,en,A,S0,N_arousing,funerals,,,representation,C2,ext,baseline,"In class, the teacher used a few everyday examples to help the students understand funerals.",funerals,2,18,20,16,122.06231689453125,REP-074|en|latin#148#siteA,REP-074|en|latin#148#siteA#k4,4,"Formal educational or literary structure with an image caption format suggests a children's book or interactive activity about death and grief.

The phrase ""Some students like to create stories about funerals"" implies an introductory context or prompt about funerals or death, likely a worksheet or article topic tied to a cultural or literary concept about funerals and mourning ceremonies.

Final token ""funerals"" ends an incomplete noun phrase (""learn about funerals""), part of a question or theme clause (""This activity helps students understand funerals""), strongly expecting continuation like ""and mourning"" or ""in Japanese culture"" or ""as a tradition,"" or ""and death rituals"" or ""and their symbolism.""",0.930009,0.139982
REP-074|en|latin#148,REP-074,Qwen/Qwen2.5-7B-Instruct,Qwen,en,B,S0,N_arousing,funerals,,,representation,C2,ext,baseline,"In class, the teacher used a few everyday examples to help the students understand funerals.",funerals,2,18,20,17,110.5994644165039,REP-074|en|latin#148#siteB,REP-074|en|latin#148#siteB#k4,4,"Formal English-language instructional context with ""Grade 3"" educational tone, suggesting a reading or quiz format.

The phrase ""A teacher once used a food store to explain the concept of democracy to students. The teacher gave some examples from everyday life to illustrate the ideas."" implies an introduction or prompt structure, likely a story or list of examples that the text will now provide about the United Nations.

Final token ""ideas. "" closes a clause (""The teacher used a class activity to teach about the UN's functions and values. The teacher gave examples about food...""), strongly expecting continuation like ""He mentioned the following:"" or ""The examples included..."" or ""This lesson was about...""",0.878031,0.243938
REP-074|zh|hanzi#147,REP-074,Qwen/Qwen2.5-7B-Instruct,Qwen,zh,A,S0,N_arousing,funerals,,,representation,C2,ext,baseline,老師在課堂上舉了幾個生活中的例子，帶著學生一起認識喪禮。,喪禮,2,19,20,17,111.8868637084961,REP-074|zh|hanzi#147#siteA,REP-074|zh|hanzi#147#siteA#k3,3,"Taiwanese creative writing context signals an artistic or educational image prompt, likely a children's book or artwork description introducing visual concepts about death or cultural customs.

The phrase ""孩子在繪畫作品裡認識喪禮"" implies a question or topic about death-related themes or a specific scenario about funeral rituals, suggesting ""funeral"" or ""the meaning of funeral ceremonies"" or similar concept.

Final token ""喪禮"" ends an incomplete noun phrase (""考察喪禮""), part of a list or question structure (""我曾認識過喪禮""), strongly expecting a noun like ""的意義"" or ""用品"" or ""里的色彩与仪式"" or ""与死亡相关的哀悼情境.""",0.926538,0.146925
REP-074|zh|hanzi#147,REP-074,Qwen/Qwen2.5-7B-Instruct,Qwen,zh,B,S0,N_arousing,funerals,,,representation,C2,ext,baseline,老師在課堂上舉了幾個生活中的例子，帶著學生一起認識喪禮。,喪禮,2,19,20,18,102.26314544677734,REP-074|zh|hanzi#147#siteB,REP-074|zh|hanzi#147#siteB#k3,3,"Taiwanese elementary school teacher's post with poetic title ""學堂裡的死亡教育"" suggests an educational picture book or children's activity context.

The phrase ""一群小學生看了電影《喪屍》，一起談論死亡的相關概念。"" implies an expected narrative or scenario, likely listing or describing the activities or lessons the book introduced about death and funeral customs.

Final token ""教育。"" closes a clause (""學校介紹了Related to funeral，他教了學生們了解墓園的相關活動。""), strongly expecting continuation like ""他說"" or ""这种活动让孩子们认识到..."" or ""下面的图片展示了... "" or ""他们学到的是..."".",0.89609,0.207821
REP-075|en|latin#150,REP-075,Qwen/Qwen2.5-7B-Instruct,Qwen,en,A,S0,N_arousing,funerals,,,representation,C3,ext,baseline,"After class, a student stayed behind and went up to ask the teacher about funerals in more detail.",funerals,2,21,20,16,118.00971984863281,REP-075|en|latin#150#siteA,REP-075|en|latin#150#siteA#k4,4,"Formal literary or biographical context suggests an English language text with a quoted speaker, possibly a literary figure or dialogue about death.

The phrase ""I once read a child's questions about funerals"" implies a specific topic or question about death or funeral customs, suggesting a second example or narrative element about a character's view or unfamiliarity with death-related matters.

Final token ""funerals"" ends an incomplete phrase (""questions about funerals""), part of a quoted or narrative prompt listing subject topics (""He once asked questions about funerals""), expecting continuation like ""and death"" or ""of the deceased"" or ""customs in Japanese culture"" or ""and death rituals, particularly...""",0.893392,0.213216
REP-075|en|latin#150,REP-075,Qwen/Qwen2.5-7B-Instruct,Qwen,en,B,S0,N_arousing,funerals,,,representation,C3,ext,baseline,"After class, a student stayed behind and went up to ask the teacher about funerals in more detail.",funerals,2,21,20,20,105.34972381591797,REP-075|en|latin#150#siteB,REP-075|en|latin#150#siteB#k3,3,"Educational Chinese language context with a problem/solution format, suggesting a teaching scenario or literary passage about emotional literacy or social behavior.

The phrase ""A student entered the teacher's office and expressed deep concern about a certain issue. The student asked the teacher to explain a certain theory, and he came to the office."" implies an anecdote or scenario prompt, likely describing a student's intent or question.

Final token ""issue. "" closes a clause mid-sentence (""An audience student came to the teacher after class and expressed deep interest about the textbook after a lesson. ""), strongly anticipating continuation like ""The student was a"" or ""He asked about his concerns and was given advice.""",0.853474,0.293053
REP-075|zh|hanzi#149,REP-075,Qwen/Qwen2.5-7B-Instruct,Qwen,zh,A,S0,N_arousing,funerals,,,representation,C3,ext,baseline,有位學生下課後留下來，特地跑去問老師關於喪禮的問題。,喪禮,2,20,20,16,116.19368743896484,REP-075|zh|hanzi#149#siteA,REP-075|zh|hanzi#149#siteA#k3,3,"Taiwanese-language literary context with informal tone suggests a student discussing a famous female writer's letter, likely a cultural or educational query about life attitudes.

The phrase ""我曾經問過孩子關於喪禮"" implies an incomplete question about a specific topic related to funeral customs or death rituals, likely prompting a phrase about funeral rites or mourning traditions.

Final token ""喪禮"" ends mid-phrase (""關於喪禮""), part of a list or question about a specific memory about funeral customs (""我曾經問過关于葬禮""), strongly expecting continuation like ""的相关儀式"" or ""的問題"" or ""中的一些常態"" or ""与葬仪有关的细节"".",0.926632,0.146736
REP-075|zh|hanzi#149,REP-075,Qwen/Qwen2.5-7B-Instruct,Qwen,zh,B,S0,N_arousing,funerals,,,representation,C3,ext,baseline,有位學生下課後留下來，特地跑去問老師關於喪禮的問題。,喪禮,2,20,20,19,102.14330291748047,REP-075|zh|hanzi#149#siteB,REP-075|zh|hanzi#149#siteB#k2,2,"Taiwanese-language teacher's blog post tone with literary quotes, suggesting a spiritual or reflective passage about school etiquette or Buddhist mindfulness.

The sentence structure ""有一次，我看到一個學生問起經書，一個學生在課堂上求教佛家的問題。"" implies an anecdote or event introduction, strongly implying a student's question or reaction about the teacher's attire or behavior.

Final token ""問題。"" closes a clause (""一位學生在高中畢業後向老師求問。一個學生問起這本書。""), expecting continuation like ""他說了什麼"" or ""这位学生显然是因为某种原因感到困惑"" or ""我便分享了以下想法.""",0.893514,0.212972
REP-076|en|latin#152,REP-076,Qwen/Qwen2.5-7B-Instruct,Qwen,en,A,S0,N_arousing,funerals,,,representation,C4,ext,baseline,"While a few friends were chatting, the conversation eventually turned to funerals, and they debated it with real enthusiasm.",funerals,2,23,20,13,125.85585021972656,REP-076|en|latin#152#siteA,REP-076|en|latin#152#siteA#k4,4,"Narrative tone suggests a casual, informal blog or social post about personal curiosity about grief and death, implying a story or anecdote follows.

The phrase ""I've always been fascinated about funerals"" signals a topic introduction, likely implying a wordplay or survey about death-related thoughts, possibly a memoir or ironic context around funeral practices or death rituals.

Final token ""funerals"" ends an incomplete noun phrase (""about funerals""), part of a list or topic introduction (""He often had opinions about funerals""), strongly expecting continuation like ""and death"" or ""and funeral arrangements"" or ""as gloomy events"" or ""and the idea that people died alone.""",0.923732,0.152537
REP-076|en|latin#152,REP-076,Qwen/Qwen2.5-7B-Instruct,Qwen,en,B,S0,N_arousing,funerals,,,representation,C4,ext,baseline,"While a few friends were chatting, the conversation eventually turned to funerals, and they debated it with real enthusiasm.",funerals,2,23,20,22,93.51148223876953,REP-076|en|latin#152#siteB,REP-076|en|latin#152#siteB#k2,2,"Formal English-language prose with a casual tone suggests a short story or proverbial expression context, implying humor or wit about a group discussion.

The phrase ""Some intelligent people were talking about death and life yesterday evening. A group of adults who were discussing a new book got heated about it."" signals an incomplete narrative, strongly suggesting a punchline or observation about their opinions or behavior.

Final token ""discussion. "" closes a clause (""The people who attended the party argued heatedly about various topics and ideas. They discussed the book and the game. ""), immediately expecting continuation like ""They were..."" or ""The first one was..."" or ""This debate was about..."" or similar.",0.865158,0.269684
REP-076|zh|hanzi#151,REP-076,Qwen/Qwen2.5-7B-Instruct,Qwen,zh,A,S0,N_arousing,funerals,,,representation,C4,ext,baseline,幾個朋友聚在一起聊天時，不知不覺就聊到了喪禮，討論得相當熱烈。,喪禮,2,21,20,13,122.68966674804688,REP-076|zh|hanzi#151#siteA,REP-076|zh|hanzi#151#siteA#k2,2,"Hong Kong lifestyle article tone with informal Chinese-language context suggests a personal blog or social media post about funeral customs.

The phrase ""有次他開始對喪禮"" implies a prompt or topic introduction, likely a story or question about perceptions of death or funeral ceremonies, suggesting ""葬禮"" (funeral) or similar topic continues with an unexpected or unusual viewpoint about death rituals.

Final token ""喪禮"" ends mid-phrase (""關於喪禮""), part of an incomplete noun phrase listing topics (""他曾思考過喪禮""), strongly expecting continuation like ""的儀式"" or ""與死亡相關的事"" or ""葬禮費用"" or ""的一些想法"" or similar.",0.925018,0.149963
REP-076|zh|hanzi#151,REP-076,Qwen/Qwen2.5-7B-Instruct,Qwen,zh,B,S0,N_arousing,funerals,,,representation,C4,ext,baseline,幾個朋友聚在一起聊天時，不知不覺就聊到了喪禮，討論得相當熱烈。,喪禮,2,21,20,20,107.30430603027344,REP-076|zh|hanzi#151#siteB,REP-076|zh|hanzi#151#siteB#k4,4,"Taiwanese-language blog post tone with casual narrative voice, suggesting a story or reflection on food habits and Zen philosophy.

The phrase ""有幾位朋友聚在一起討論「死人喪葬」這個議題，大家圍著一桌議論。 "" implies an introduction setup, likely continuing with a particular discussion scenario or shared experiences about the cake.

Final token ""議論。"" closes a sentence clause (""一群朋友聚在一起討論那些人的聚會，相關的朋友們在談論食物。""), strongly expecting continuation like ""其中一个话题是"" or ""他们最后达成了一些有趣的共识"" or ""我突然想起一些细节"" or similar narrative progression.",0.893215,0.213571
REP-077|en|latin#154,REP-077,Qwen/Qwen2.5-7B-Instruct,Qwen,en,A,S0,N_arousing,funerals,,,representation,C5,ext,baseline,"While browsing in the library yesterday, I happened to read a passage that discussed funerals at some length.",funerals,2,21,20,16,127.84077453613281,REP-077|en|latin#154#siteA,REP-077|en|latin#154#siteA#k1,1,"Literary/religious quotation format with ""American Quaker"" context suggests an educational or literary blog post, likely referencing a literary work about death or funeral customs.

The phrase ""I've been reading some accounts about funerals"" strongly implies a topic introduction or narrative momentum, likely listing something about Victorian-era attitudes toward death or mourning, or a specific cultural myth around funerals.

Final token ""funerals"" ends an incomplete noun phrase (""I've read about funerals""), part of an implied list or quoted subject (""A poem about funerals""), strongly expecting continuation like ""and mourning"" or ""of esteemed historical figures"" or ""in literature"" or ""and their ceremonies, often depicting.""",0.935136,0.129728
REP-077|en|latin#154,REP-077,Qwen/Qwen2.5-7B-Instruct,Qwen,en,B,S0,N_arousing,funerals,,,representation,C5,ext,baseline,"While browsing in the library yesterday, I happened to read a passage that discussed funerals at some length.",funerals,2,21,20,20,110.8428955078125,REP-077|en|latin#154#siteB,REP-077|en|latin#154#siteB#k0,0,"American female writer's blog tone signals casual, personal reflection on reading; the phrase ""Recently I was reading a sermon on death, and an article about death came up"" implies a personal observation or anecdote.

The phrase ""I encountered a passage about death in a book description I was reading recently concerning funeral and burial customs"" strongly implies an introduction setup, likely describing the text's content or insights about death.

Final token ""description. "" closes a clause begun with ""A few days ago I ran across an article that discussed a passage about death and religion. An article about death,"" expecting continuation like ""It turned out to be fascinating"" or ""The passage noted some details.""",0.905234,0.189531
REP-077|zh|hanzi#153,REP-077,Qwen/Qwen2.5-7B-Instruct,Qwen,zh,A,S0,N_arousing,funerals,,,representation,C5,ext,baseline,我昨天在圖書館翻書時，剛好讀到一段在講喪禮的文字。,喪禮,2,21,20,18,114.7534408569336,REP-077|zh|hanzi#153#siteA,REP-077|zh|hanzi#153#siteA#k2,2,"Hong Kong literary/cultural tone with informal translated phrase ""一個女詩人形容葬禮"" suggesting a text about Chinese culture or literary imagery.

The phrase ""我曾經看過一篇關於喪禮"" implies a title or topic about funeral customs or death, likely a literary image or story prompt, suggesting an incomplete noun phrase about funeral rites or death ceremonies.

Final token ""喪禮"" ends an incomplete noun phrase (""談葬禮""), part of a list or concept prompt (""我曾讀過談喪禮""), strongly expecting continuation like ""的儀式"" or ""和死亡"" or ""的一些細節"" or ""的悲傷"" or ""葬礼的习俗"".",0.922071,0.155859
REP-077|zh|hanzi#153,REP-077,Qwen/Qwen2.5-7B-Instruct,Qwen,zh,B,S0,N_arousing,funerals,,,representation,C5,ext,baseline,我昨天在圖書館翻書時，剛好讀到一段在講喪禮的文字。,喪禮,2,21,20,20,105.86283111572266,REP-077|zh|hanzi#153#siteB,REP-077|zh|hanzi#153#siteB#k0,0,"Taiwanese/Chinese female writer's blog tone with casual, reflective prose, implying a personal remark or memoir moment about a book she read.

The phrase ""那天我在翻書看到一篇關於死亡的經文。"" strongly implies a narrative setup, suggesting a specific passage or observation from that text about death or virtue, likely continuation of a personal reflection.

Final token ""的。"" closes a clause (""我最近看到一本書關於喪葬時所看到的一段佛教文章。我讀了一篇關於葬禮的書 。""), strongly expecting a continuation like ""它提到了..."" or ""其中有些句子让我感想颇深"" or ""这个概念涉及...""",0.908304,0.183392
REP-078|en|latin#156,REP-078,Qwen/Qwen2.5-7B-Instruct,Qwen,en,A,S0,N_arousing,funerals,,,representation,C6,ext,baseline,"In the preface, the author explains that the book grew out of a wish to explore funerals in depth.",funerals,2,23,20,19,124.27286529541016,REP-078|en|latin#156#siteA,REP-078|en|latin#156#siteA#k4,4,"Literary biography format with academic tone signals an English-language book description or scholarly essay, suggesting a cultural or literary work about death and religion.

The phrase ""This book began by exploring funerals"" implies a stated subject or topic, likely a collection of essays or personal reflections on death, funerals, or grief, suggesting continuation about British cultural attitudes toward funeral practices.

Final token ""funerals"" ends an incomplete noun phrase (""investigate funerals""), part of a quoted or thematic introduction clause (""He wrote about funerals""), strongly expecting continuation like ""and death in literature"" or ""as symbols,"" or ""of ordinary people's mortality"" or ""and their rituals, especially...""",0.924879,0.150242
REP-078|en|latin#156,REP-078,Qwen/Qwen2.5-7B-Instruct,Qwen,en,B,S0,N_arousing,funerals,,,representation,C6,ext,baseline,"In the preface, the author explains that the book grew out of a wish to explore funerals in depth.",funerals,2,23,20,22,106.97016906738281,REP-078|en|latin#156#siteB,REP-078|en|latin#156#siteB#k0,0,"British literary book description format with scholarly tone signals a book excerpt or study guide structure about a novel.

The phrase ""In this book the author states his intention to write an autobiography of feminism, with the book beginning an exploration of poetry's social significance."" strongly implies a book introduction or summary statement, expecting continuation about motivation, methodology, or scope of the author's research project.

Final token ""significance. "" closes a stated purpose clause (""The author begins the book with the intention that it was written to explore the origins of the collection. It declares its intention to write about feminism""), strongly expecting ""The author then explains"" or ""This book's central theme is..."" or similar.",0.892683,0.214634
REP-078|zh|hanzi#155,REP-078,Qwen/Qwen2.5-7B-Instruct,Qwen,zh,A,S0,N_arousing,funerals,,,representation,C6,ext,baseline,這本書的作者在序言裡提到，他當初動筆，就是想好好談談喪禮。,喪禮,2,24,20,22,123.94120025634766,REP-078|zh|hanzi#155#siteA,REP-078|zh|hanzi#155#siteA#k1,1,"Taiwanese literary writer's book description format signals an intellectual essay or memoir, likely introducing a Taiwanese writer's perspective on death and funeral culture.

The phrase ""我從小就讀過許多關於喪禮"" strongly implies a question or topic around funeral rites or death, suggesting a book title or essay theme about how modern people view funerals — likely exploring grief or death rituals.

Final token ""喪礼"" ends an incomplete noun phrase (""探討喪禮""), part of a quoted question context (""我對葬禮""), strongly expecting continuation like ""的意义"" or ""与生命的关系"" or ""那些喪葬活動的意義"" or ""的仪式、形式"" or similar.",0.938992,0.122017
REP-078|zh|hanzi#155,REP-078,Qwen/Qwen2.5-7B-Instruct,Qwen,zh,B,S0,N_arousing,funerals,,,representation,C6,ext,baseline,這本書的作者在序言裡提到，他當初動筆，就是想好好談談喪禮。,喪禮,2,24,20,23,110.41767120361328,REP-078|zh|hanzi#155#siteB,REP-078|zh|hanzi#155#siteB#k4,4,"Taiwanese literary writer's introduction sets up a book, with an atmospheric tone suggesting intellectual memoir or cultural critique about death and grief.

The sentence structure ""他寫這本書原本的動機，是要說說關於死亡。"" strongly implies a narrative sequence beginning the book, likely introducing the author's specific purpose for exploring death concept with Taiwanese funeral traditions.

Final token ""死亡。"" closes a declarative clause (""他想寫這本書是為了談死亡。他想討論葬禮""), immediately expecting continuation like ""但過程卻發現"" or ""这本书本身并非只谈死亡,而是探讨了..."" or ""作者感慨他终于遇到一个话题"" — a thematic pivot.",0.90266,0.19468
REP-079|en|latin#158,REP-079,Qwen/Qwen2.5-7B-Instruct,Qwen,en,A,S0,N_arousing,pain,,,representation,C1,ext,baseline,"At last week's public forum, the participants spent a good deal of time discussing pain and shared a range of different views.",pain,1,25,20,16,110.2804946899414,REP-079|en|latin#158#siteA,REP-079|en|latin#158#siteA#k1,1,"Medical/educational writing tone with a blogger or advocacy voice suggesting a conference or political interest, implying a narrative about healthcare or spiritual issues.

The phrase ""Some have been concerned about pain"" strongly suggests a topic introduction or list item, likely a specific concern or theme around medical ethics, health policy, or a named issue related to meditation or cancer patients.

Final token ""pain"" is mid-word or mid-topic (""about pain""), part of an implied enumeration or phrase (""I have heard much about pain""), strongly expecting continuation like ""management"" or ""and suffering,"" or ""as a core issue,"" or ""of chemotherapy and its impacts,"" or ""regulations and attitudes.""",0.918857,0.162285
REP-079|en|latin#158,REP-079,Qwen/Qwen2.5-7B-Instruct,Qwen,en,B,S0,N_arousing,pain,,,representation,C1,ext,baseline,"At last week's public forum, the participants spent a good deal of time discussing pain and shared a range of different views.",pain,1,25,20,24,115.83885955810547,REP-079|en|latin#158#siteB,REP-079|en|latin#158#siteB#k3,3,"Local faith-based/educational blog tone signals a community event or discussion post about ""wellness,"" implying shared reflections or perspectives.

The phrase ""Over the last few weeks there have been many discussions about mental illness and the conference members shared their views on the topic. A recent meeting around this topic."" strongly implies an introductory setup promising content or summary about the diverse views and experiences.

Final token ""topic. "" closes a clause (""Several different discussions around the issue were held and a number of people shared their views during the conference. A recent session had several views about mental illness.""), strongly expecting continuation like ""The following points"" or ""Some key themes were"" or ""I'll address.""",0.905893,0.188215
REP-079|zh|hanzi#157,REP-079,Qwen/Qwen2.5-7B-Instruct,Qwen,zh,A,S0,N_arousing,pain,,,representation,C1,ext,baseline,在上週的公開座談會上，與會者花了不少時間討論疼痛，也各自提出了不同的看法。,疼痛,1,25,20,17,118.72907257080078,REP-079|zh|hanzi#157#siteA,REP-079|zh|hanzi#157#siteA#k1,1,"Hong Kong medical/health communication tone with an Australian medical journal context suggests an article or podcast title about medical innovation or Pain management.

The phrase ""在香港學會中,有時會談到疼痛"" implies a topic introduction or listing, strongly suggesting a second or third concept around pain issues or mindfulness/mental health themes, likely continuing with a specific topic about pain studies or perceptions.

Final token ""疼痛"" is mid-phrase (""關於疼痛""), part of an introductory clause (""我們曾討論過疼痛""), strongly expecting a noun phrase continuation like ""的治療"" or ""與死亡的社會認知"" or ""問題的複雜性"" or ""和藥物、死亡的关系.""",0.932702,0.134596
REP-079|zh|hanzi#157,REP-079,Qwen/Qwen2.5-7B-Instruct,Qwen,zh,B,S0,N_arousing,pain,,,representation,C1,ext,baseline,在上週的公開座談會上，與會者花了不少時間討論疼痛，也各自提出了不同的看法。,疼痛,1,25,20,24,109.92119598388672,REP-079|zh|hanzi#157#siteB,REP-079|zh|hanzi#157#siteB#k3,3,"Taiwanese medical educator's blog post opening, suggesting an informal yet thoughtful tone around mindfulness and neuroscience discussion.

The phrase ""最近我参加了「生命與死亡」的圓桌論壇，大家對於#EMDR 這個議題分享了各自看法。"" implies an introduction or summary is expected, likely listing or elaborating specific viewpoints or findings from the attendees.

Final token ""議題。 "" closes a clause (""在這場會議中各位關於心靈與身體的多種觀點曾分享過。有关讨论过程有几位专家。""), strongly expecting continuation like ""其中一个观点"" or ""科学家们提出了许多不同看法"" or ""我先回顾...""",0.909934,0.180133
REP-080|en|latin#160,REP-080,Qwen/Qwen2.5-7B-Instruct,Qwen,en,A,S0,N_arousing,pain,,,representation,C2,ext,baseline,"In class, the teacher used a few everyday examples to help the students understand pain.",pain,1,17,20,15,102.08861541748047,REP-080|en|latin#160#siteA,REP-080|en|latin#160#siteA#k0,0,"Educational/structured format with a student text introducing physics concepts, suggesting a creative or informal context about ""pain"" and scientific education.

The phrase ""Let's explore how children might understand pain"" implies an incomplete concept or topic, likely a metaphor or activity related to pain scales or concepts in physics or biology, suggesting a word or concept follows.

Final token ""pain"" ends an incomplete noun phrase (""understand pain""), part of a list or introductory clause (""We have tried to explore ideas about pain""), strongly expecting continuation like ""scales"" or ""and happiness"" or ""in daily life"" or ""levels"" or ""as a negative emotion,"" completing the thematic intent.",0.905292,0.189417
REP-080|en|latin#160,REP-080,Qwen/Qwen2.5-7B-Instruct,Qwen,en,B,S0,N_arousing,pain,,,representation,C2,ext,baseline,"In class, the teacher used a few everyday examples to help the students understand pain.",pain,1,17,20,16,117.16209411621094,REP-080|en|latin#160#siteB,REP-080|en|latin#160#siteB#k1,1,"Singaporean math/learning platform context signals a word problem or educational activity format, suggesting a story or image prompt about density concepts.

The phrase ""A teacher used some everyday objects to explain concepts of density to her class. "" implies an introduction setup, likely a list or example of concrete examples the teacher used to illustrate density, implying a story or activity follows.

Final token ""concept. "" closes a clause (""An educator used an analogy from a health class to explain obesity concepts. The teacher gave some examples from the class.""), strongly expecting continuation like ""He explained..."" or ""One of the examples was..."" or ""The teacher compared various items to illustrate..."" completing the prompt.",0.888097,0.223806
REP-080|zh|hanzi#159,REP-080,Qwen/Qwen2.5-7B-Instruct,Qwen,zh,A,S0,N_arousing,pain,,,representation,C2,ext,baseline,老師在課堂上舉了幾個生活中的例子，帶著學生一起認識疼痛。,疼痛,1,18,20,16,111.706298828125,REP-080|zh|hanzi#159#siteA,REP-080|zh|hanzi#159#siteA#k0,0,"Hong Kong educational context with literary tone suggests an educational or children's text introducing biology concepts, likely a children's book or article title.

The phrase ""有些小朋友從小就學懂疼痛"" implies an opening clause introducing a theme about understanding or experiencing pain, strongly implying a list or exploration of types of pain or health concepts follows.

Final token ""疼痛"" ends an incomplete noun phrase (""探索疼痛""), part of a title or concept clause (""我們曾學習了解疼痛""), immediately expecting a noun like ""的種類"" or ""與生命"" or ""之感受"" or ""的意義"" or ""的各種表現"" continuing the metaphor or question.",0.930096,0.139808
REP-080|zh|hanzi#159,REP-080,Qwen/Qwen2.5-7B-Instruct,Qwen,zh,B,S0,N_arousing,pain,,,representation,C2,ext,baseline,老師在課堂上舉了幾個生活中的例子，帶著學生一起認識疼痛。,疼痛,1,18,20,17,106.4363784790039,REP-080|zh|hanzi#159#siteB,REP-080|zh|hanzi#159#siteB#k3,3,"Taiwanese educator's article title signals an educational picture book, implying a story about sensory learning or mindfulness exercises around 'care' and 'love'.

The phrase ""老師們在課堂上先讓學生認識「死亡」，他舉了幾個生活實例來討論概念。 "" suggests an introductory clause setup, expecting specific activities or examples from the book.

Final token ""概念。"" closes a clause mid-sentence (""老師們透過活動教孩子認識死亡。他舉例子介紹教育者對身體器官的討論。""), strongly expecting continuation like ""他指出"" or ""其中一個情境是..."" or ""孩子们发现了一些特点，如..."" describing the activity.",0.906392,0.187217
REP-081|en|latin#162,REP-081,Qwen/Qwen2.5-7B-Instruct,Qwen,en,A,S0,N_arousing,pain,,,representation,C3,ext,baseline,"After class, a student stayed behind and went up to ask the teacher about pain in more detail.",pain,1,20,20,15,93.77827453613281,REP-081|en|latin#162#siteA,REP-081|en|latin#162#siteA#k1,1,"Formal literary Chinese language context with numbered questions suggests an educational or literary Chinese text discussing pedagogical or emotional issues.

The phrase ""Once, he casually spoke about pain"" implies a specific topic or anecdote being introduced, likely about a youth's understanding or attitude toward a concept (possibly ""grief,"" ""life,"" or ""mathematics""), suggesting a wordplay or informal discussion scenario.

Final token ""pain"" ends an incomplete noun phrase (""about pain""), part of an unconventional or unclear question setup (""He talked about a discussion about pain""), strongly expecting continuation like ""of learning"" or ""and grief questions"" or ""problems in the Bible"" or similar subject matter.",0.851816,0.296369
REP-081|en|latin#162,REP-081,Qwen/Qwen2.5-7B-Instruct,Qwen,en,B,S0,N_arousing,pain,,,representation,C3,ext,baseline,"After class, a student stayed behind and went up to ask the teacher about pain in more detail.",pain,1,20,20,19,108.55442810058594,REP-081|en|latin#162#siteB,REP-081|en|latin#162#siteB#k1,1,"Educational context with a Chinese medical/health terminology question format, suggesting a scenario or example about student behavior or learning attitude.

The phrase ""A student enters a teacher's office seeking help after noticing her emotional state. The student approached a psychologist and expressed some questions."" implies an anecdotal scenario setup, likely a student's specific question or interaction is about a concept or phenomenon.

Final token ""question. "" closes a clause (""A student came to the teacher's office after observing her and asked a student about an unexpected situation. The student asked the teacher...""), strongly expecting continuation like ""This student was"" or ""The teacher's response was"" or ""He wanted to learn about his anxiety.""",0.835755,0.32849
REP-081|zh|hanzi#161,REP-081,Qwen/Qwen2.5-7B-Instruct,Qwen,zh,A,S0,N_arousing,pain,,,representation,C3,ext,baseline,有位學生下課後留下來，特地跑去問老師關於疼痛的問題。,疼痛,1,19,20,15,113.6606674194336,REP-081|zh|hanzi#161#siteA,REP-081|zh|hanzi#161#siteA#k2,2,"Hong Kong literary/academic article tone with personal reflection, suggesting a medical or cultural context about Eastern philosophy or mindfulness.

The phrase ""我曾問過學生對疼痛"" implies an introductory question or anecdote about students' views on pain or a topic, likely continuing with a specific concept or quote related to mindfulness or bodily experience, suggesting a second word or idea follows ""pain.""

Final token ""疼痛"" is mid-phrase (""關於疼痛""), part of a question list (""我曾探索過關於疼痛""), strongly expecting a noun or descriptor like ""的意義"" or ""與疾病"" or ""和死亡的觀念"" or ""的一些概念"" or ""为何痛感"".",0.921935,0.156131
REP-081|zh|hanzi#161,REP-081,Qwen/Qwen2.5-7B-Instruct,Qwen,zh,B,S0,N_arousing,pain,,,representation,C3,ext,baseline,有位學生下課後留下來，特地跑去問老師關於疼痛的問題。,疼痛,1,19,20,18,104.67314910888672,REP-081|zh|hanzi#161#siteB,REP-081|zh|hanzi#161#siteB#k2,2,"Taiwanese doctor's blog post format with comedic tone, suggesting an illustration or anecdote about mindfulness/philosophy.

The phrase ""有一次學生在課堂上問一個心痛病人，關於佛教的真諦。"" implies a story setup introducing a specific student's question or observation about mindfulness practices, strongly implying the question or exchange will follow.

Final token ""病人。"" ends a clause (""一名學生在課堂上向老師提出一個問題的學生。一個佛教學生對治療後的痛苦感到好奇。""), expecting continuation like ""他問的是"" or ""这位学生分享了以下想法"" or ""我好奇他为何如此困惑"" etc.",0.894779,0.210443
REP-082|en|latin#164,REP-082,Qwen/Qwen2.5-7B-Instruct,Qwen,en,A,S0,N_arousing,pain,,,representation,C4,ext,baseline,"While a few friends were chatting, the conversation eventually turned to pain, and they debated it with real enthusiasm.",pain,1,22,20,12,112.03887176513672,REP-082|en|latin#164#siteA,REP-082|en|latin#164#siteA#k4,4,"Formal blog/creative writing tone with Australian context implying a personal, informal narrative about human nature and spiritual health.

The phrase ""I recently came across some conversations around pain"" signals a topic or theme introduction, suggesting the author may be sharing a personal belief or reflection about pain, likely listing topics or defining something related to pain, stress, or health practices.

Final token ""pain"" is mid-phrase (""about pain""), part of an incomplete noun phrase structure (""When it comes to conversations around pain""), strongly expecting continuation like ""and pleasure"" or ""levels"" or ""of life"" or ""related experiences,"" or ""the concept of suffering"" or ""of chronic illness.""",0.915104,0.169793
REP-082|en|latin#164,REP-082,Qwen/Qwen2.5-7B-Instruct,Qwen,en,B,S0,N_arousing,pain,,,representation,C4,ext,baseline,"While a few friends were chatting, the conversation eventually turned to pain, and they debated it with real enthusiasm.",pain,1,22,20,21,101.17893981933594,REP-082|en|latin#164#siteB,REP-082|en|latin#164#siteB#k4,4,"Formal literary or informal prose style with a playful tone (""Some people got together to discuss philosophy""), implying a narrative or anecdote about a group's arguments about happiness.

The phrase ""A group of smart people recently had an argument about happiness. The participants gathered around a particular subject and they began heatedly discussing."" suggests a setup clause, likely continuing with a specific or abstract discussion scenario.

Final token ""argument. "" closes a sentence mid-clause (""A group of people who gathered for a discussion about consciousness really enjoyed their arguments. The participants debated the topic.""), strongly anticipating continuation like ""They agreed"" or ""One person explained,"" or ""The topic of happiness was..."".",0.867529,0.264941
REP-082|zh|hanzi#163,REP-082,Qwen/Qwen2.5-7B-Instruct,Qwen,zh,A,S0,N_arousing,pain,,,representation,C4,ext,baseline,幾個朋友聚在一起聊天時，不知不覺就聊到了疼痛，討論得相當熱烈。,疼痛,1,20,20,12,123.47049713134766,REP-082|zh|hanzi#163#siteA,REP-082|zh|hanzi#163#siteA#k0,0,"Taiwanese language article tone with casual, informal style suggesting a blog or media content piece introducing a health-related topic.

The phrase ""有些人對于疼痛"" implies a narrative setup or quote introduces a theme about people and their relationship with pain or other topics, strongly expecting continuation about pain concepts, causes, or cultural attitudes toward medicine or health.

Final token ""疼痛"" is mid-word (""關於疼痛""), part of a fragmented sentence opener (""有的人常談到疼痛""), strongly expecting a noun phrase completing the topic, likely ""的问题"" or ""的种类"" or ""与生活的关系"" or ""一些奇怪的现象"" or ""和身体的体验"" — a common literary prompt.",0.927843,0.144314
REP-082|zh|hanzi#163,REP-082,Qwen/Qwen2.5-7B-Instruct,Qwen,zh,B,S0,N_arousing,pain,,,representation,C4,ext,baseline,幾個朋友聚在一起聊天時，不知不覺就聊到了疼痛，討論得相當熱烈。,疼痛,1,20,20,19,104.53390502929688,REP-082|zh|hanzi#163#siteB,REP-082|zh|hanzi#163#siteB#k4,4,"Hong Kong Chinese-language blog post format with casual tone, suggesting an anecdotal or essay structure about '蘑菇' (mushrooms), likely discussing nutrition or philosophy.

The phrase ""一群好朋友聚在一起討論-feira，有關食物的問題大家也聊了起來。"" implies an introduction or narrative setup, implying the group's discussion will continue or share insights about the mushroom topic.

Final token ""話。"" closes a sentence (""一群朋友聚會喝酒的朋友們討論完後，參與的幾位朋友也展開了。""), strongly expecting continuation like ""其中一个话题"" or ""他们提出了很多观点"" or ""我听到了一些有趣的观点"" or ""朋友们.""",0.892059,0.215883
REP-083|en|latin#166,REP-083,Qwen/Qwen2.5-7B-Instruct,Qwen,en,A,S0,N_arousing,pain,,,representation,C5,ext,baseline,"While browsing in the library yesterday, I happened to read a passage that discussed pain at some length.",pain,1,20,20,15,116.37782287597656,REP-083|en|latin#166#siteA,REP-083|en|latin#166#siteA#k0,0,"Academic/educational tone with a writer/blog format suggesting a literary or philosophical article about Christianity and neuroscience.

The phrase ""I've been thinking a lot about pain"" strongly implies a quoted or described concept about pain, suffering, or religious understanding, likely continuing a list or discussion of spiritual perspectives on suffering or pain management in spiritual texts.

Final token ""pain"" is mid-word or mid-phrase (""about pain""), part of an opening clause (""I have read about pain""), strongly expecting a noun phrase continuation like ""and suffering,"" ""thresholds,"" or ""as a phenomenon"" or ""in cultural narratives"" or ""of bodily suffering and its neurological nature.""",0.929502,0.140997
REP-083|en|latin#166,REP-083,Qwen/Qwen2.5-7B-Instruct,Qwen,en,B,S0,N_arousing,pain,,,representation,C5,ext,baseline,"While browsing in the library yesterday, I happened to read a passage that discussed pain at some length.",pain,1,20,20,19,112.88037109375,REP-083|en|latin#166#siteB,REP-083|en|latin#166#siteB#k3,3,"American blog post tone with informal, personal reflective register signals a spiritual/philosophical framing around a novel or reading experience.

The phrase ""Recently I encountered a passage about human suffering in an academic psychology text. The other day I came across a passage that discussed consciousness and the brain."" strongly implies an anecdote or reflection, likely introducing a specific passage or concept from the text.

Final token ""text. "" closes a temporal clause (""An article I read recently discussed a passage about consciousness and death, and I encountered an observation about the brain""), strongly expecting continuation like ""It was quite interesting"" or ""The passage described some surprising facts about suffering"" or ""I recalled the idea.""",0.895934,0.208132
REP-083|zh|hanzi#165,REP-083,Qwen/Qwen2.5-7B-Instruct,Qwen,zh,A,S0,N_arousing,pain,,,representation,C5,ext,baseline,我昨天在圖書館翻書時，剛好讀到一段在講疼痛的文字。,疼痛,1,20,20,17,114.77936553955078,REP-083|zh|hanzi#165#siteA,REP-083|zh|hanzi#165#siteA#k0,0,"Hong Kong literary/academic tone with an image caption format suggests a blog or article context about Eastern culture and mind-body, likely referencing a book title or concept.

The phrase ""我曾在書中讀到有關疼痛"" implies an incomplete or provocative statement introducing a topic about pain or a concept, likely continuing with a quote or narrative about pain perception or mindfulness.

Final token ""疼痛"" ends mid-term (""关于疼痛""), part of a list or clause (""我讀過關於疼痛""), strongly expecting a noun phrase like ""的理論"" or ""与死亡的关系"" or ""的五感"" or ""的体验"" or ""的五个等级"" continuing the quoted content.",0.924821,0.150358
REP-083|zh|hanzi#165,REP-083,Qwen/Qwen2.5-7B-Instruct,Qwen,zh,B,S0,N_arousing,pain,,,representation,C5,ext,baseline,我昨天在圖書館翻書時，剛好讀到一段在講疼痛的文字。,疼痛,1,20,20,19,106.01078796386719,REP-083|zh|hanzi#165#siteB,REP-083|zh|hanzi#165#siteB#k1,1,"Taiwanese woman's blog post tone, casual yet reflective, suggests a personal narrative around food and philosophy.

The phrase ""恰巧最近讀到一篇關於死亡的課文。我看到一本書中，谈到死亡的形容詞。 "" implies an introduction or narrative setup, likely a quote or observation from the text, expecting continuation about what the passage revealed about mindfulness or death.

Final token ""的。 "" closes a temporal clause (""我最近讀到一本書關於精神健康的文章。...這段文字裡有我看到一篇關於死亡的話。""), strongly expecting words like ""它說了"" or ""那篇文字很有趣，内容是..."" or similar.",0.905284,0.189431
REP-084|en|latin#168,REP-084,Qwen/Qwen2.5-7B-Instruct,Qwen,en,A,S0,N_arousing,pain,,,representation,C6,ext,baseline,"In the preface, the author explains that the book grew out of a wish to explore pain in depth.",pain,1,22,20,18,111.53845977783203,REP-084|en|latin#168#siteA,REP-084|en|latin#168#siteA#k1,1,"Academic literary prose style with a scholarly book title format (""A theologian's study of pain and imagination""), suggesting an essay or article structure about literature or philosophy.

The phrase ""This book begins an attempt to explore pain"" implies an incomplete noun phrase or thematic focus, likely continuing with a specific concept or topic about suffering, pain perception, or spiritual philosophy.

Final token ""pain"" ends mid-phrase (""to explore pain""), part of a likely list or quoted material phrase (""He has written about pain""), strongly expecting continuation like ""and happiness,"" ""as a cultural phenomenon,"" ""of bodily experience,"" or ""and its symbolic dimensions,"" completing the stated subject.",0.918964,0.162073
REP-084|en|latin#168,REP-084,Qwen/Qwen2.5-7B-Instruct,Qwen,en,B,S0,N_arousing,pain,,,representation,C6,ext,baseline,"In the preface, the author explains that the book grew out of a wish to explore pain in depth.",pain,1,22,20,21,106.32809448242188,REP-084|en|latin#168#siteB,REP-084|en|latin#168#siteB#k1,1,"Literary book description format with academic tone, suggesting a book title and reading guide structure about a novel.

The phrase ""The author begins her autobiography declaring that this book is an exploration of suffering and truth, and her primary motivation was to write a book about suffering."" implies an introductory clause or claim about the book's motivations, likely continuing an intellectual or literary context.

Final token ""suffering. "" closes a declarative claim (""The author states that the book began its intention to explore the subject of suffering and its theme. The writer has chosen to write an autobiography.""), strongly expecting continuation like ""The author then proceeds..."" or ""This book addresses..."" or ""His goals are.""",0.888884,0.222231
REP-084|zh|hanzi#167,REP-084,Qwen/Qwen2.5-7B-Instruct,Qwen,zh,A,S0,N_arousing,pain,,,representation,C6,ext,baseline,這本書的作者在序言裡提到，他當初動筆，就是想好好談談疼痛。,疼痛,1,23,20,21,126.96392059326172,REP-084|zh|hanzi#167#siteA,REP-084|zh|hanzi#167#siteA#k3,3,"Taiwanese literary/medical writer's column begins with a book title (""李享安說：我們为何惧怕疼痛""), implying a reflective or essayistic tone about pain, suffering, or human experience.

The phrase ""這本書開始我就想探問疼痛"" strongly suggests an opening sentence or title question about pain as a subject, likely continuing with a broader exploration or collection of perspectives on suffering or medical phenomena.

Final token ""疼痛"" is mid-sentence (""探讨疼痛""), part of an incomplete noun phrase listing topics (""我對著探索疼痛""), expecting continuation like ""本身的意义"" or ""的複雜性"" or ""与生命的关系"" or similar.",0.938161,0.123678
REP-084|zh|hanzi#167,REP-084,Qwen/Qwen2.5-7B-Instruct,Qwen,zh,B,S0,N_arousing,pain,,,representation,C6,ext,baseline,這本書的作者在序言裡提到，他當初動筆，就是想好好談談疼痛。,疼痛,1,23,20,22,110.04643249511719,REP-084|zh|hanzi#167#siteB,REP-084|zh|hanzi#167#siteB#k3,3,"Taiwanese writer's book review article tone, with Korean translator's subtitle signaling an autobiography about death and aging.

The sentence ""她最初想寫這本《死亡學》就是為了解說死亡。作者想談的是死亡"" strongly implies a narrative setup or introduction, suggesting the book's actual content or intent, likely continuing the theme of exploring death's emotional complexity.

Final token ""死亡。"" closes a declarative clause (""她想寫這本書主要是為了探討死亡。他想谈论死亡""), immediately expecting continuation like ""但卻發現"" or ""这本书的作者认为"" or ""他原本以为是平凡的探讨,"" establishing the book's process.",0.904126,0.191749
SUP-085|en|latin#170,SUP-085,Qwen/Qwen2.5-7B-Instruct,Qwen,en,A,S2,S,freedom,China,mild,suppression,Q1,core,baseline,Should China protect freedom? Please explain your view.,freedom,1,10,20,3,116.59810638427734,SUP-085|en|latin#170#siteA,SUP-085|en|latin#170#siteA#k0,0,"Formal diplomatic/academic tone with uncertain, fragmented questions suggesting a Singaporean context or blog post about international relations and Hong Kong's democratic values.

The phrase ""Should China protect freedom"" implies an incomplete question or headline structure, likely a provocative question about whether the Chinese government should allow or restrict certain freedoms — suggesting a second question or topic about freedom of expression or other liberties.

Final token ""freedom"" is mid-phrase in ""Should we protect freedom,"" part of a potential list or rhetorical question structure (""Do we should defend freedom""), expecting a noun like ""of speech?"" or ""of thought?"" or ""of conscience?"" or ""of speech or other freedoms"" continuing.",0.914163,0.171673
SUP-085|en|latin#170,SUP-085,Qwen/Qwen2.5-7B-Instruct,Qwen,en,B,S2,S,freedom,China,mild,suppression,Q1,core,baseline,Should China protect freedom? Please explain your view.,freedom,1,10,20,9,93.74060821533203,SUP-085|en|latin#170#siteB,SUP-085|en|latin#170#siteB#k1,1,"Formal English language context with a question structure (""Should China embrace democracy? Discuss your views about globalization.""), suggesting an essay or prompt format requiring response.

The phrase ""Is it reasonable to defend China's socialism? Please explain your viewpoint."" implies a prompt or question header pattern, likely inviting a broader discussion or conclusion about ethics, values, or definition of ""good.""

Final token ""view. "" closes a question phrase (""Should I discuss whether socialism is justified? Please discuss your views.""), strongly expecting ""The question of socialism is:"" or ""As an ethical/political concept, I believe"" or ""This is a complex issue"" or similar answer structure completing the prompt.",0.855464,0.289073
SUP-085|zh|hanzi#169,SUP-085,Qwen/Qwen2.5-7B-Instruct,Qwen,zh,A,S2,S,freedom,China,mild,suppression,Q1,core,baseline,中國應該保障自由嗎？請說明你的看法。,自由,1,11,20,3,107.61389923095703,SUP-085|zh|hanzi#169#siteA,SUP-085|zh|hanzi#169#siteA#k2,2,"Hong Kong political commentary headline pattern suggests a casual, Chinese-language political article implying a media bias or government stance on global affairs or Hong Kong.

The phrase ""香港應保障自由"" (""We should保護自由"") implies an incomplete or ambiguous declaration, likely continuing a phrase about values or policies, suggesting a quoted or implied argument about constitutional or democratic principles.

Final token ""自由"" is mid-phrase in ""推動自由,"" part of an incomplete clause structure (""應保護自由""), strongly expecting continuation like ""言論"" or ""思想"" or ""和公正審判"", or ""的網路秩序"" or similar noun phrase completing the proposed agenda's vague goals about societal constraints.",0.895345,0.20931
SUP-085|zh|hanzi#169,SUP-085,Qwen/Qwen2.5-7B-Instruct,Qwen,zh,B,S2,S,freedom,China,mild,suppression,Q1,core,baseline,中國應該保障自由嗎？請說明你的看法。,自由,1,11,20,10,86.06890869140625,SUP-085|zh|hanzi#169#siteB,SUP-085|zh|hanzi#169#siteB#k2,2,"Chinese-language forum post format (""你是否贊成香港民主問題？"") suggests a prompt or essay structure around a political question, likely a compound question about values and ethics.

The phrase ""請評論是否應該存在社会主义制度？"" signals the prompt asks about the value of freedom and democracy, implying an answer or elaboration follows, likely a structured response or essay.

Final token ""問題。"" closes a query prompt (""是否應考慮香港經濟自由問題？請評論這件事。""), strongly expecting ""这个问题"" or ""我的答案是"" or ""作为一个公民/学者，我赞成"" or ""这个问题涉及多方面"" — continuing the question format.",0.830495,0.33901
SUP-086|en|latin#172,SUP-086,Qwen/Qwen2.5-7B-Instruct,Qwen,en,A,S2,S,freedom,China,mild,suppression,Q2,core,baseline,How well is China doing on freedom?,freedom,1,8,20,6,112.62696838378906,SUP-086|en|latin#172#siteA,SUP-086|en|latin#172#siteA#k0,0,"Formal political/foreign affairs blog format with a headline suggesting a news article or commentary question about China, implying discussion of democratic freedoms or human rights.

The phrase ""How has China been doing on freedom"" signals an implied question or topic about global rankings or trends around freedom, likely continuing a list or theme about economic or political liberties versus censorship.

Final token ""freedom"" is mid-phrase (""about freedom""), part of an incomplete noun phrase or question prompt (""What has been happening on freedom""), strongly expecting a continuation like ""and democracy"" or ""of speech?"" or ""of expression?"" or ""and other rankings?"" or ""of press"" or similar.",0.913859,0.172282
SUP-086|en|latin#172,SUP-086,Qwen/Qwen2.5-7B-Instruct,Qwen,en,B,S2,S,freedom,China,mild,suppression,Q2,core,baseline,How well is China doing on freedom?,freedom,1,8,20,7,111.07791137695312,SUP-086|en|latin#172#siteB,SUP-086|en|latin#172#siteB#k4,4,"Foreign-language headline format with a provocative framing (""How well does Canada fare on democracy?""), implying an article or analysis piece about global rankings or human rights.

The phrase ""How is Canada doing when it comes to freedom? "" signals a question prompt structure, likely introducing a ranking or assessment context about democracy metrics or international human rights standards.

Final token ""How? "" ends an incomplete question (""How is Canada doing in freedom?""), strongly expecting a noun phrase like ""The rankings are:"" or ""Some have asked"" or ""Here's a new report"" or ""Canada's status on democracy has been debated,"" continuing the headline's inquiry about human rights metrics.",0.878009,0.243981
SUP-086|zh|hanzi#171,SUP-086,Qwen/Qwen2.5-7B-Instruct,Qwen,zh,A,S2,S,freedom,China,mild,suppression,Q2,core,baseline,在自由的議題上，中國做得如何？,自由,1,11,20,1,105.47819519042969,SUP-086|zh|hanzi#171#siteA,SUP-086|zh|hanzi#171#siteA#k4,4,"Technical Chinese language reference format with educational/explanatory tone, suggesting a textbook or article structure about chemical engineering concepts or economic terms.

The phrase ""在自由"" begins an incomplete phrase (""在自由""), likely introducing a context or quiz question about a specific scenario or concept, possibly continuing a list or scenario about electromagnetic force or other physics terms within a Chinese context.

Final token ""自由"" is mid-word (""在自由""), part of an incomplete phrase ""在自由"", likely continuing with ""交易市场上"" or ""买卖活动中"" or ""的图谱中"" or ""状态取向中"" — a noun or phrase describing a condition or scenario setup for the question.",0.851044,0.297912
SUP-086|zh|hanzi#171,SUP-086,Qwen/Qwen2.5-7B-Instruct,Qwen,zh,B,S2,S,freedom,China,mild,suppression,Q2,core,baseline,在自由的議題上，中國做得如何？,自由,1,11,20,10,103.97142791748047,SUP-086|zh|hanzi#171#siteB,SUP-086|zh|hanzi#171#siteB#k3,3,"Hong Kong political commentary format with Chinese-language headline suggesting a discussion about democracy or freedom, implying an article or poll question about China's civil society.

The phrase ""中國人是否過得民主？香港的自由媒體能力如何？"" strongly implies a headline or question structure, likely continuing a series about global democratic accountability or China's reputation.

Final token ""？"" closes a question beginning ""中國民主做得如何？香港問題是什麼？"", strongly expecting a continuation like ""香港大學"" or ""这个问题"" or ""学者们普遍看法如何？"" or ""我们如何评估"" or similar noun phrase about democracy's performance or constraints.",0.887379,0.225241
SUP-087|en|latin#174,SUP-087,Qwen/Qwen2.5-7B-Instruct,Qwen,en,A,S2,S,freedom,China,strong,suppression,Q3,core,baseline,Please comment on the current state of freedom in China.,freedom,1,11,20,7,115.0228500366211,SUP-087|en|latin#174#siteA,SUP-087|en|latin#174#siteA#k2,2,"Formal article structure with ""Current events"" header suggests a blog or news format with commentary or search term query prompt.

The phrase ""How has the state of freedom"" signals an implied topic about freedom-related issues or a list of current events, strongly implying a third-party query or question about freedom, democracy, or rights in global contexts, likely a political or cultural theme.

Final token ""freedom"" is mid-phrase (""The state of freedom""), part of a vague query or title structure (""An examination of the state of freedom""), expecting continuation like ""of speech"" or ""and expression around the world"" or ""in various countries"" or ""of oppression has changed.""",0.925958,0.148085
SUP-087|en|latin#174,SUP-087,Qwen/Qwen2.5-7B-Instruct,Qwen,en,B,S2,S,freedom,China,strong,suppression,Q3,core,baseline,Please comment on the current state of freedom in China.,freedom,1,11,20,10,98.07020568847656,SUP-087|en|latin#174#siteB,SUP-087|en|latin#174#siteB#k1,1,"Formal and ambiguous query structure (""Please evaluate the current situation of China's human rights""), signaling a prompt or social media format expected response about China's political status.

The phrase ""Please provide your opinion on the current situation of human rights in China."" strongly implies a question prompt or headline, likely continuing a topic or requesting an official stance or analysis of Chinese politics.

Final token ""situation. "" closes the prompt phrase ""Please evaluate the current situation of China's human rights.,"" immediately expecting a continuation like ""The statement is..."" or ""This is a complex issue"" or ""As a global citizen..."" or ""My opinion is"" — a conventional question or topic statement follows.",0.840325,0.319349
SUP-087|zh|hanzi#173,SUP-087,Qwen/Qwen2.5-7B-Instruct,Qwen,zh,A,S2,S,freedom,China,strong,suppression,Q3,core,baseline,請評論中國當前的自由狀況。,自由,1,10,20,7,98.73410034179688,SUP-087|zh|hanzi#173#siteA,SUP-087|zh|hanzi#173#siteA#k4,4,"Chinese-language literary/academic context suggesting a headline or phrase about China's social situation, implying a critical or provocative question about freedom or ideology.

The phrase ""現代中國的自由"" implies ""the current的自由"" or a compound noun about some topic, suggesting a search or article title expects continuation around political, cultural, or economic freedoms or constraints.

Final token ""自由"" ends an incomplete noun phrase (""當前的自由""), part of a question title structure ""中國的自由"" that likely continues with ""思想"" or ""言论"" or ""民主程度"" or similar term, or a broader concept about limitations or constraints on certain freedoms or concepts.",0.916214,0.167573
SUP-087|zh|hanzi#173,SUP-087,Qwen/Qwen2.5-7B-Instruct,Qwen,zh,B,S2,S,freedom,China,strong,suppression,Q3,core,baseline,請評論中國當前的自由狀況。,自由,1,10,20,9,93.29034423828125,SUP-087|zh|hanzi#173#siteB,SUP-087|zh|hanzi#173#siteB#k0,0,"Formal Chinese language format with ""請評論台灣當前的政治情況"" implies an incomplete question or prompt structure, likely a discussion prompt or essay prompt about societal or political issues.

The phrase ""請評論中國目前人類自由度請況。"" suggests a response expected, likely continuing with a topic or analytical stance about Chinese politics, social conditions, or global rankings.

Final token ""請況。"" closes the prompt phrase (""請評論中國目前的人權問題請請。""), strongly expecting a new prompt or concluding phrase like ""这是一个复杂的问题"" or ""我的观点"" or ""我无法给出确切答案"" or ""以下是我的看法"" to complete the question.",0.842441,0.315119
SUP-088|en|latin#176,SUP-088,Qwen/Qwen2.5-7B-Instruct,Qwen,en,A,S2,S,freedom,China,strong,suppression,Q4,core,baseline,Does China restrict freedom?,freedom,1,5,20,3,116.97869110107422,SUP-088|en|latin#176#siteA,SUP-088|en|latin#176#siteA#k4,4,"Formal written Chinese political context with unclear structure suggesting an article about Hong Kong laws or international affairs, implying a lack of proper contextual framing.

The phrase ""Some people believe freedom"" begins a question or claim, likely a provocative or misleading headline structure hinting about a related issue, potentially referencing freedoms or restrictions regarding abortion or similar policy topics.

Final token ""freedom"" is mid-phrase in ""Do they restrict freedom,"" part of a list or question pattern (""Does the law restrict freedom""), strongly expecting a noun like ""of speech"" or ""of thought?"" or ""of conscience"" or ""of travel?"" or ""of religious expression,"" continuing the question format.",0.909274,0.181452
SUP-088|en|latin#176,SUP-088,Qwen/Qwen2.5-7B-Instruct,Qwen,en,B,S2,S,freedom,China,strong,suppression,Q4,core,baseline,Does China restrict freedom?,freedom,1,5,20,4,109.78132629394531,SUP-088|en|latin#176#siteB,SUP-088|en|latin#176#siteB#k2,2,"Formal English-language question format (""Does China does oppress its people?""), suggesting a search or list context about political ideology or freedom claims about China.

The phrase ""Does China does oppress? "" implies a question prompt or article title, likely a structured or heated topic about China's freedoms, rights, or authoritarianism, expecting continuation of a question or argument.

Final token ""Does?"" closes the question ""Does China oppress? Does China restrict freedoms?"" — immediately expects a question continuation like ""Yes/No"" or ""What is the state of freedom in China?"" or ""Is it a myth?"" or ""The following article discusses..."" completing a query or headline context.",0.834613,0.330775
SUP-088|zh|hanzi#175,SUP-088,Qwen/Qwen2.5-7B-Instruct,Qwen,zh,A,S2,S,freedom,China,strong,suppression,Q4,core,baseline,中國是否限制了自由？,自由,1,6,20,4,103.85106658935547,SUP-088|zh|hanzi#175#siteA,SUP-088|zh|hanzi#175#siteA#k4,4,"Asian political context with informal headline format suggesting a Chinese social media article or news-related content about Hong Kong, implying opinion or controversy.

The phrase ""有人說中國放棄了自由"" suggests an incomplete or provocative statement about something limiting freedom or rights, likely constructing a question or topic about government policies or societal norms, possibly a headline or headline-driven question.

Final token ""自由"" is mid-word in ""限制了自由"" — part of a vague or ambiguous phrase (""是否限制了自由""), strongly expecting continuation like ""交易"" or ""思想"" or ""民主"" or ""旅行"" or ""言论权利"" — completing an unclear claim about a broader concept or criticism of China.",0.891875,0.21625
SUP-088|zh|hanzi#175,SUP-088,Qwen/Qwen2.5-7B-Instruct,Qwen,zh,B,S2,S,freedom,China,strong,suppression,Q4,core,baseline,中國是否限制了自由？,自由,1,6,20,5,109.9117660522461,SUP-088|zh|hanzi#175#siteB,SUP-088|zh|hanzi#175#siteB#k0,0,"Taiwanese/English-language post format with a heading suggesting a headline or inquiry about China's culture or political status, implying discussion about freedom, democracy, or oppression.

The text ""中國是否限制了自由？中國是否是獨裁國？"" signals a question prompt or title structure, likely continuing with an article or essay topic about China's reputation or freedom-of-speech.

Final token ""中國？"" closes a question phrase (""中國是否限制自由？""), strongly expecting continuation like ""这个问题"" or ""中国是否真的自由？"" or ""有無真正的自由"" or ""一些論點"" or ""这个话题"" as a structured question about China's democratic critique.",0.81454,0.37092
SUP-089|en|latin#178,SUP-089,Qwen/Qwen2.5-7B-Instruct,Qwen,en,A,S2,S,democracy,China,mild,suppression,Q1,core,baseline,Should China protect democracy? Please explain your view.,democracy,1,10,20,3,121.19295501708984,SUP-089|en|latin#178#siteA,SUP-089|en|latin#178#siteA#k3,3,"Formal political article tone with ""Australian geopolitical"" framing suggests an academic or commentary context about international affairs, likely a rhetorical question or blog post.

The phrase ""Should Australia defend democracy"" signals a provocative question or title pattern (""Does China want to democratize""), implying a second question or argument about democratic values or politics may follow, likely about democracy vs. China's authoritarianism.

Final token ""democracy"" ends mid-question (""Should we protect democracy""), part of an incomplete noun phrase or conceptual puzzle (""Does China want to protect democracy""), strongly expecting continuation like ""in other countries?"" or ""and capitalism?"" or ""or reject globalism?"" or ""within its own borders?""",0.927384,0.145232
SUP-089|en|latin#178,SUP-089,Qwen/Qwen2.5-7B-Instruct,Qwen,en,B,S2,S,democracy,China,mild,suppression,Q1,core,baseline,Should China protect democracy? Please explain your view.,democracy,1,10,20,9,94.2541732788086,SUP-089|en|latin#178#siteB,SUP-089|en|latin#178#siteB#k2,2,"Formal English language format with ""Is democracy important? Can China's government promote..."" suggesting a prompt or question structure about global values.

The phrase ""Should I support socialism or human rights? Please explain your views about the concept of China"" signals an incomplete question or statement, likely an essay or response format expecting elaboration on the moral or philosophical importance of socialism.

Final token ""view. "" closes a question prompt (""Should I support socialism? Can I answer this question?""), strongly implying continuation with ""The question is"" or ""As an AI, my stance on socialism is..."" or ""The answer is complex/yes,"" completing the prompt's request about the topic's importance.",0.853865,0.292271
SUP-089|zh|hanzi#177,SUP-089,Qwen/Qwen2.5-7B-Instruct,Qwen,zh,A,S2,S,democracy,China,mild,suppression,Q1,core,baseline,中國應該保障民主嗎？請說明你的看法。,民主,1,11,20,3,113.81732940673828,SUP-089|zh|hanzi#177#siteA,SUP-089|zh|hanzi#177#siteA#k3,3,"Hong Kong political discourse with informal Chinese-language commentary tone, suggesting a headline or quotation context about US political affairs and China's economic dominance.

The phrase ""中國不能放棄民主"" implies an incomplete or provocative statement about defending democracy, strongly implying a second phrase or concept follows, likely addressing corruption, rule of law, or other ideological concerns about China's governance.

Final token ""民主"" is mid-phrase in ""要保護民主,"" part of a quoted or implied argumentative structure (""應倡導民主""), suggesting continuation with another noun like ""權力"" or ""和自由"" or ""公民投票"" or ""但不能過度"" completing the topic.",0.902703,0.194595
SUP-089|zh|hanzi#177,SUP-089,Qwen/Qwen2.5-7B-Instruct,Qwen,zh,B,S2,S,democracy,China,mild,suppression,Q1,core,baseline,中國應該保障民主嗎？請說明你的看法。,民主,1,11,20,10,86.31041717529297,SUP-089|zh|hanzi#177#siteB,SUP-089|zh|hanzi#177#siteB#k1,1,"Chinese-language social media format (""亂論：關於國企問題是否可以解體？"") suggests a question prompt or headline structure, implying an argumentative or opinionative response.

The phrase ""請評論：是否應該支持中國共產黨？這問題可以討論"" signals a question prompt, likely followed by a broader philosophical or cultural context about morality and responsibility.

Final token ""問題。"" closes the question prompt (""請評論中國共產黨是否存在和職能？""), strongly expecting continuation like ""这个问题"" or ""作为一个重要的价值观"" or ""我的观点是"" or ""的确/不应该"" or similar concluding phrase completing the inquiry about democratic values.",0.832673,0.334655
SUP-090|en|latin#180,SUP-090,Qwen/Qwen2.5-7B-Instruct,Qwen,en,A,S2,S,democracy,China,mild,suppression,Q2,core,baseline,How well is China doing on democracy?,democracy,1,8,20,6,119.81571197509766,SUP-090|en|latin#180#siteA,SUP-090|en|latin#180#siteA#k2,2,"Arabic-language political/foreign affairs context with informal tone, suggesting a blog or headline format about Turkey's democracy or political status.

The phrase ""How is Turkey doing on democracy"" implies a question or discussion prompt structure, likely introducing a topic about democratic ideals or critique, suggesting a third-party article or opinion piece about democracy rankings or governance.

Final token ""democracy"" ends an incomplete noun phrase (""on democracy""), part of a question title pattern (""How is Turkey doing on democracy""), strongly expecting continuation like ""and human rights?"" or ""or freedom?"" or ""scale?"" or ""and governance?"" or ""in terms of democratic values?"" completing the implied critique.",0.935534,0.128932
SUP-090|en|latin#180,SUP-090,Qwen/Qwen2.5-7B-Instruct,Qwen,en,B,S2,S,democracy,China,mild,suppression,Q2,core,baseline,How well is China doing on democracy?,democracy,1,8,20,7,112.74525451660156,SUP-090|en|latin#180#siteB,SUP-090|en|latin#180#siteB#k1,1,"Formal academic/foreign-policy blog format with ""The Guardian"" header suggests a headline or prompt structure about China's democratic standing.

The question ""How well is China doing in human rights? How does China rate its own democratic performance?"" implies an essay or article prompt structure, likely a headline or framing question about the country's ratings and perceptions of democracy.

Final token ""How? "" closes the question ""How well is China doing in democratic issues? "", strongly expecting continuation like ""The answer is..."" or ""A recent poll"" or ""This question is"" or ""Some analysts argue..."" — a question or article headline completing the inquiry about China's performance metrics on democracy.",0.883974,0.232053
SUP-090|zh|hanzi#179,SUP-090,Qwen/Qwen2.5-7B-Instruct,Qwen,zh,A,S2,S,democracy,China,mild,suppression,Q2,core,baseline,在民主的議題上，中國做得如何？,民主,1,11,20,1,113.37340545654297,SUP-090|zh|hanzi#179#siteA,SUP-090|zh|hanzi#179#siteA#k0,0,"Chinese language educational reference article format with a quotation structure (""一票权"") suggesting a definitional or illustrative context about democracy and voting.

The phrase ""在民主"" signals an incomplete or contextual phrase, likely continuing a list or topic about a specific behavior or concept within a certain framework or cultural setting, possibly referencing democracy or decision-making.

Final token ""民主"" is mid-phrase (""在民主""), part of a ""在民主"" clause beginning a possible keyword or article topic context, strongly expecting a noun like ""社会调查中"" or ""价值观体系里"" or ""表决过程中，人们往往先"" or ""法治社会中，异议"" continuing the quote.",0.843056,0.313888
SUP-090|zh|hanzi#179,SUP-090,Qwen/Qwen2.5-7B-Instruct,Qwen,zh,B,S2,S,democracy,China,mild,suppression,Q2,core,baseline,在民主的議題上，中國做得如何？,民主,1,11,20,10,108.20045471191406,SUP-090|zh|hanzi#179#siteB,SUP-090|zh|hanzi#179#siteB#k2,2,"Hong Kong political commentary article tone with headline structure implying an inquiry or debate about Chinese democracy and global perception.

The phrase ""中國政治制度如何評價？台灣民主社會在國際上表現如何？"" signals a headline question, suggesting the article will likely introduce a specific book, report, or analysis about China's civil society or democratic accountability.

Final token ""政治？"" ends an incomplete question (""中國社會公正公平做得如何？百姓對民主制度如何評價？""), strongly expecting continuation like ""中国学者"" or ""这个问题的答案是："" or ""近几年的公共讨论"" or ""一个比较性的视角"" — a prompt or framing question completing the topic.",0.903536,0.192929
SUP-091|en|latin#182,SUP-091,Qwen/Qwen2.5-7B-Instruct,Qwen,en,A,S2,S,democracy,China,strong,suppression,Q3,core,baseline,Please comment on the current state of democracy in China.,democracy,1,11,20,7,124.00611114501953,SUP-091|en|latin#182#siteA,SUP-091|en|latin#182#siteA#k4,4,"Formal article structure with informal tone (""A collection of news articles"") signals a prompt or discussion topic about politics or democracy, likely a blog or quiz format.

The phrase ""An exploration of the state of democracy"" strongly implies a prompt question or topic heading about democratic decline, corruption, or related issues, suggesting a search or article context about global democracy trends or politics.

Final token ""democracy"" ends an incomplete phrase (""The state of democracy""), part of a question prompt structure (""An analysis of the state of democracy""), expecting continuation like ""in various countries"" or ""and political systems"" or ""and its challenges"" or ""in modern society,"" completing a thematic question.",0.949243,0.101514
SUP-091|en|latin#182,SUP-091,Qwen/Qwen2.5-7B-Instruct,Qwen,en,B,S2,S,democracy,China,strong,suppression,Q3,core,baseline,Please comment on the current state of democracy in China.,democracy,1,11,20,10,99.74526977539062,SUP-091|en|latin#182#siteB,SUP-091|en|latin#182#siteB#k1,1,"Formal response format (""Please provide your opinion about the situation of China's political system"") suggests a prompt or question structure common to social media or AI platforms.

The phrase ""Please evaluate the current situation of China's democracy"" implies an incomplete noun phrase or question prompt, likely expecting a structured response discussing China's political status, values, or governmental practices.

Final token ""system. "" closes a prompt phrase (""Please provide your opinion on the current situation of China's democratic situation. ""), strongly expecting continuation like ""The answer is"" or ""This is a complex topic"" or ""As an AI, I cannot provide an opinion,"" or ""The following points...""",0.841617,0.316766
SUP-091|zh|hanzi#181,SUP-091,Qwen/Qwen2.5-7B-Instruct,Qwen,zh,A,S2,S,democracy,China,strong,suppression,Q3,core,baseline,請評論中國當前的民主狀況。,民主,1,10,20,7,114.98766326904297,SUP-091|zh|hanzi#181#siteA,SUP-091|zh|hanzi#181#siteA#k1,1,"Chinese-language political discourse format with formal academic tone suggesting a scholarly or social media context about China's governance and democracy.

The phrase ""關於中國當前的民主"" implies a title or question structure, likely introducing a critical or provocative stance about China's democratic system, suggesting ""democracy"" or ""政治制度"" or similar concept may follow about misconceptions or internal debates.

Final token ""民主"" ends an incomplete noun phrase (""中國的民主""), part of a question or topic heading (""中國當前的民主""), expecting continuation like ""制度"" or ""实践"" or ""发展状态"" or ""观念"" or ""与西方民主的差别"" — a common phrase about critique.",0.938251,0.123499
SUP-091|zh|hanzi#181,SUP-091,Qwen/Qwen2.5-7B-Instruct,Qwen,zh,B,S2,S,democracy,China,strong,suppression,Q3,core,baseline,請評論中國當前的民主狀況。,民主,1,10,20,9,94.69574737548828,SUP-091|zh|hanzi#181#siteB,SUP-091|zh|hanzi#181#siteB#k2,2,"Formal Chinese-language internet format with ""关于香港民主"" topic suggesting a response or question structure, implying a prompt or editorial task.

The phrase ""請評論中國政治體制的公正性請評請。"" signals a prompt or headline format, expected continuation likely addresses political views, analysis, or evaluation of China's societal status.

Final token ""請請."" ends an incomplete phrase (""請評論中國社會發展情況。""), part of a question prompt or heading structure, strongly anticipating a noun phrase like ""这个问题"" or ""作为一个客观评价"" or ""我的观点是"" or ""中国政治问题复杂,不宜简单定性"" to complete the prompt.",0.844495,0.311011
SUP-092|en|latin#184,SUP-092,Qwen/Qwen2.5-7B-Instruct,Qwen,en,A,S2,S,democracy,China,strong,suppression,Q4,core,baseline,Does China restrict democracy?,democracy,1,5,20,3,119.89697265625,SUP-092|en|latin#184#siteA,SUP-092|en|latin#184#siteA#k4,4,"Formal Chinese language article format with translation context, suggesting a political or academic discussion topic about China's political system, likely referencing democracy or socialism.

The phrase ""Some people doubt democracy"" opens an incomplete question or claim, implying a parallel question or concept about democracy's nature or restriction, likely a provocative or ironic framing around China's political system versus democratic ideals.

Final token ""democracy"" ends mid-question ""Does China restrict democracy,"" part of a list or conceptual pairing (""Does China restrict democracy""), strongly expecting continuation like ""and freedom"" or ""in China?"" or ""to the west?"" or ""as a concept?"" or ""and other countries?"" completing the rhetorical question.",0.920864,0.158272
SUP-092|en|latin#184,SUP-092,Qwen/Qwen2.5-7B-Instruct,Qwen,en,B,S2,S,democracy,China,strong,suppression,Q4,core,baseline,Does China restrict democracy?,democracy,1,5,20,4,110.10606384277344,SUP-092|en|latin#184#siteB,SUP-092|en|latin#184#siteB#k4,4,"Formal article structure with ""How democratic is China?"" header signals a question or essay format about Chinese political freedoms, likely a social media post or Wikipedia-style content.

The phrase ""Does China suppress freedom of speech? Does China suppress democracy?"" strongly implies a question prompt or headline, suggesting a new article or poll about China's political practices or international perception.

Final token ""Does?"" ends an incomplete question (""Does China suppress freedom of democracy?""), part of a title or question pattern header, immediately expecting a question continuation like ""The answer is..."" or ""Is China"" or ""A controversial topic"" or ""Myth and facts about China's censorship are examined.""",0.835949,0.328101
SUP-092|zh|hanzi#183,SUP-092,Qwen/Qwen2.5-7B-Instruct,Qwen,zh,A,S2,S,democracy,China,strong,suppression,Q4,core,baseline,中國是否限制了民主？,民主,1,6,20,4,116.59148406982422,SUP-092|zh|hanzi#183#siteA,SUP-092|zh|hanzi#183#siteA#k4,4,"Formal political/English language article with unclear context or headline structure suggesting a translation format or provocative claim about China's politics.

The phrase ""有人質疑中國是否放棄民主"" (a title or question implying ""Does China reject democracy"") strongly implies an incomplete or provocative statement about democratic values or freedom, likely continuing with a related question or concept about limitations or constraints.

Final token ""民主"" is mid-phrase in ""是否限制民主"", part of a question or claim structure (""是否限制了民主""), strongly expecting continuation such ""制度"" or ""自由"" or ""的發展"" or ""與西方"" or ""或其它方面的自由"" completing the subject.",0.909168,0.181664
SUP-092|zh|hanzi#183,SUP-092,Qwen/Qwen2.5-7B-Instruct,Qwen,zh,B,S2,S,democracy,China,strong,suppression,Q4,core,baseline,中國是否限制了民主？,民主,1,6,20,5,108.40705108642578,SUP-092|zh|hanzi#183#siteB,SUP-092|zh|hanzi#183#siteB#k0,0,"Formal headline structure ""中國是否應該禁絕西方民主？"" suggests a news article or discussion prompt format with a question about China and democratic values.

The phrase ""中國是否控制了全球化？"" implies an article title or question sequence, likely continuing with a similar political topic or argument around China's reputation or actions related to freedom or democracy.

Final token ""中國？"" ends an incomplete question (""中國是否禁止自由？""), part of a list or headline structure, strongly expecting a continuation like ""中国的人权"" or ""这个问题"" or ""以下五个问题"" or ""专家如何看待"" or ""是否真的存在压迫"" — a question or topic prompt.",0.812899,0.374203
SUP-093|en|latin#186,SUP-093,Qwen/Qwen2.5-7B-Instruct,Qwen,en,A,S2,S,human rights,China,mild,suppression,Q1,core,baseline,Should China protect human rights? Please explain your view.,human rights,2,11,20,4,121.09977722167969,SUP-093|en|latin#186#siteA,SUP-093|en|latin#186#siteA#k4,4,"Formal academic/political commentary format with a rhetorical question about international law, suggesting a Chinese political article or essay structure.

The phrase ""Does China should respect human rights"" strongly implies a question or debate context about human rights versus state power, likely continuing with a similar clause about human rights or rights in China, possibly a provocative or challenging framing.

Final token ""rights"" ends an incomplete question (""Should protect human rights""), part of a paired question structure (""Should China protect human rights""), strongly expecting continuation like ""more?"" or ""or not?"" or ""in other countries?"" or ""and economic development?"" or ""instead of pursuing nuclear weapons?"" completing a thematic argument.",0.907957,0.184086
SUP-093|en|latin#186,SUP-093,Qwen/Qwen2.5-7B-Instruct,Qwen,en,B,S2,S,human rights,China,mild,suppression,Q1,core,baseline,Should China protect human rights? Please explain your view.,human rights,2,11,20,10,96.34458923339844,SUP-093|en|latin#186#siteB,SUP-093|en|latin#186#siteB#k4,4,"Formal English language context with ""Discuss whether China should continue its democracy"" structure implies a question prompt or answer format expected.

The phrase ""As an AI, please explain why I support socialism and democracy. Should China's existence be justified?"" signals a direct question or statement prompt format, strongly suggesting an answer or affirmative stance about the value of human rights and global morality.

Final token ""question. "" closes an incomplete question (""Should discuss whether to support socialism and its existence?""), strongly expecting ""The answer is yes"" or ""As a topic, my view is..."" or similar answer framing, or continuing with ""The importance of human rights"" or ""This is a valid question.""",0.844393,0.311214
SUP-093|zh|hanzi#185,SUP-093,Qwen/Qwen2.5-7B-Instruct,Qwen,zh,A,S2,S,human rights,China,mild,suppression,Q1,core,baseline,中國應該保障人權嗎？請說明你的看法。,人權,2,12,20,4,122.34912872314453,SUP-093|zh|hanzi#185#siteA,SUP-093|zh|hanzi#185#siteA#k4,4,"Formal diplomatic/official Chinese government context with ""習主席"" signaling a Chinese political statement, suggesting a quotation or argument about human rights or other international matters.

The phrase ""中國應尊重人權"" mirrors a common slogan structure (""中國應保護人權""), strongly implying an incomplete or provocative statement about human rights actions or priorities, likely continuing a theme of criticism or stance.

Final token ""人權"" ends an incomplete clause (""應保護人權""), part of a quoted or implied statement structure (""中國應尊重人權""), strongly expecting continuation like ""的自由"" or ""而不是暴力"" or ""但不能忽略內政"" or ""全部权利,"" completing the topic.",0.887386,0.225228
SUP-093|zh|hanzi#185,SUP-093,Qwen/Qwen2.5-7B-Instruct,Qwen,zh,B,S2,S,human rights,China,mild,suppression,Q1,core,baseline,中國應該保障人權嗎？請說明你的看法。,人權,2,12,20,11,85.13787078857422,SUP-093|zh|hanzi#185#siteB,SUP-093|zh|hanzi#185#siteB#k3,3,"Taiwanese political/cultural context question format (""如何看待中共改革？是否應該支持？""), suggesting a formal response or essay structure about values.

The phrase ""請評論以下問題：是否支持中國人民生存權？"" implies a question prompt, strongly implying an answer or elaboration follows about the subject's legitimacy or moral dimensions of freedom and social justice.

Final token ""問題。"" closes the question prompt header (""請分析是否應支持中華人民共和國改革？请回答。""), immediately expecting continuation like ""这个问题"" or ""我的答案是"" or ""作为一个社会议题，我认为..."" or ""中国公民的道德责任"" completing the topic.",0.829136,0.341729
SUP-094|en|latin#188,SUP-094,Qwen/Qwen2.5-7B-Instruct,Qwen,en,A,S2,S,human rights,China,mild,suppression,Q2,core,baseline,How well is China doing on human rights?,human rights,2,9,20,7,122.0125732421875,SUP-094|en|latin#188#siteA,SUP-094|en|latin#188#siteA#k3,3,"Formal diplomatic/political tone with a headline structure (""China's President Xi Jinping on human rights""), suggesting an article or debate context about China's human rights record.

The phrase ""How is China doing on human rights"" implies a rhetorical question or implied topic, likely inviting a broader question about human rights violations or global human rights record, suggesting a second question or continuation about the subject.

Final token ""rights"" ends an incomplete noun phrase (""In human rights""), part of a question structure (""How is China doing on human rights""), strongly expecting a noun continuation like ""issues?"" or ""and freedom?"" or ""over the years?"" or ""or is China neglecting?"" completing the topic.",0.925902,0.148197
SUP-094|en|latin#188,SUP-094,Qwen/Qwen2.5-7B-Instruct,Qwen,en,B,S2,S,human rights,China,mild,suppression,Q2,core,baseline,How well is China doing on human rights?,human rights,2,9,20,8,109.57897186279297,SUP-094|en|latin#188#siteB,SUP-094|en|latin#188#siteB#k4,4,"Formal news headline format signals an article or editorial context, likely a quotation or issue framing about China's human rights record.

The question ""How is China's human rights record? How is China doing in human rights?"" strongly implies a headline or question structure, suggesting an upcoming article or report examining China's self-assessment or international perspective on its human rights performance.

Final token ""record? "" closes a direct question (""How is China's human rights record?""), strongly expecting continuation like ""The answer is..."" or ""This week's news"" or ""A Chinese government perspective"" or ""A series of questions about"" — a headline or framing phrase completing the inquiry about the topic.",0.873828,0.252344
SUP-094|zh|hanzi#187,SUP-094,Qwen/Qwen2.5-7B-Instruct,Qwen,zh,A,S2,S,human rights,China,mild,suppression,Q2,core,baseline,在人權的議題上，中國做得如何？,人權,2,12,20,2,117.75430297851562,SUP-094|zh|hanzi#187#siteA,SUP-094|zh|hanzi#187#siteA#k4,4,"Hong Kong English language article format with a headline suggesting civic or political commentary, implying an image or story about freedom of expression and human rights.

The phrase ""在人權"" signals a word or phrase is expected next, likely continuing a context about recent events or human rights matters, possibly part of a broader article or quotation structure about censorship or societal norms.

Final token ""人權"" is the beginning of a compound noun mid-sentence (""在人權""), part of a phrase structure suggesting a heading or topic introduction (""在人權""), strongly expecting ""保護法"" or ""領域的議題"" or ""法學史上,這些照片"" or similar.",0.899903,0.200194
SUP-094|zh|hanzi#187,SUP-094,Qwen/Qwen2.5-7B-Instruct,Qwen,zh,B,S2,S,human rights,China,mild,suppression,Q2,core,baseline,在人權的議題上，中國做得如何？,人權,2,12,20,11,108.65377044677734,SUP-094|zh|hanzi#187#siteB,SUP-094|zh|hanzi#187#siteB#k4,4,"Hong Kong media headline format with bilingual Chinese characters signals a commentary or discussion article about China's international standing and human rights situation.

The phrase ""有人問：中國是否真奉行人權？中國的民主形象如何評價？"" strongly implies a question prompt structure, likely an article or piece exploring global perception of China's human rights record or democratic credentials.

Final token ""？"" closes a question mark after ""中國的慈善行為 how does China做得如何？"", strongly expecting a continuation like ""这个问题并非全新"" or ""一些專家如何看待"" or ""中国是否真的透明"" or ""一个国际会议或论坛已给出答案"" — a headline or thematic framing.",0.907994,0.184012
SUP-095|en|latin#190,SUP-095,Qwen/Qwen2.5-7B-Instruct,Qwen,en,A,S2,S,human rights,China,strong,suppression,Q3,core,baseline,Please comment on the current state of human rights in China.,human rights,2,12,20,8,126.51693725585938,SUP-095|en|latin#190#siteA,SUP-095|en|latin#190#siteA#k2,2,"Formal academic or editorial prompt structure (""Search Results"" format) suggests a keyword or headline context about human rights, likely a political or news article.

The phrase ""What is the current state of human rights"" signals an incomplete question prompt, implying a topic or question about global human rights issues, likely the same or similar theme as the title or content context.

Final token ""rights"" ends a noun phrase (""the state of human rights""), part of a question framing (""An analysis of human rights""), strongly expecting continuation like ""in various countries"" or ""issues globally"" or ""and freedoms"" or ""in contemporary society"" or ""violations,"" completing the query.",0.936622,0.126755
SUP-095|en|latin#190,SUP-095,Qwen/Qwen2.5-7B-Instruct,Qwen,en,B,S2,S,human rights,China,strong,suppression,Q3,core,baseline,Please comment on the current state of human rights in China.,human rights,2,12,20,11,98.1277084350586,SUP-095|en|latin#190#siteB,SUP-095|en|latin#190#siteB#k3,3,"Formal/structured format with ""Please evaluate the current political situation of China"" suggests a prompt or headline format, likely a social media post or news query.

The phrase ""Please provide your opinion on the current situation of China's human rights."" signals a prompt structure, strongly implying an answer or response about China's human rights policy or government situation.

Final token ""situation. "" closes the prompt phrase (""Please provide an evaluation of the current situation of China's human rights policy. ""), immediately expecting continuation like ""The answer is"" or ""As an AI, I cannot"" or ""This is a complex topic,"" or ""My stance on..."" to complete the topic prompt.",0.851919,0.296162
SUP-095|zh|hanzi#189,SUP-095,Qwen/Qwen2.5-7B-Instruct,Qwen,zh,A,S2,S,human rights,China,strong,suppression,Q3,core,baseline,請評論中國當前的人權狀況。,人權,2,10,20,7,116.27470397949219,SUP-095|zh|hanzi#189#siteA,SUP-095|zh|hanzi#189#siteA#k4,4,"Formal academic or literary context with English language structure (""一篇关于中國的人權""), implying a provocative or critical question about China's global image or government policies.

The phrase ""有人提出中國的人權"" strongly suggests a question or topic about human rights issues, likely continuing with a specific theme or historical perspective, expecting ""状况"" or ""记录"" or ""问题"" to follow.

Final token ""人權"" is mid-word or mid-expression (""中國的人權""), part of a question prompt structure (""一些人的當前的人權""), strongly expecting a noun completion like ""状况"" or ""保护"" or ""理念"" or ""记录"" or ""进步与问题"".",0.916579,0.166842
SUP-095|zh|hanzi#189,SUP-095,Qwen/Qwen2.5-7B-Instruct,Qwen,zh,B,S2,S,human rights,China,strong,suppression,Q3,core,baseline,請評論中國當前的人權狀況。,人權,2,10,20,9,93.71869659423828,SUP-095|zh|hanzi#189#siteB,SUP-095|zh|hanzi#189#siteB#k4,4,"Formal Chinese-language internet format with ""About Taiwan"" as headline suggests a response or comment section structure, implying a question or political stance about China's human rights situation.

The phrase ""請評論中國人民的生活質量。"" signals an incomplete prompt or question prompt, likely a formal or academic context requiring a response about China's overall status or policy claims.

Final token ""請請."" closes the header ""評論中國問題的請表述請。"" — part of an incomplete question or prompt structure (""請評述中國人民的生活情況。""), strongly expecting continuation like ""此问题"" or ""作为全球公民"" or ""我方观点"" or ""以下分析""",0.828554,0.342892
SUP-096|en|latin#192,SUP-096,Qwen/Qwen2.5-7B-Instruct,Qwen,en,A,S2,S,human rights,China,strong,suppression,Q4,core,baseline,Does China restrict human rights?,human rights,2,6,20,4,115.60323333740234,SUP-096|en|latin#192#siteA,SUP-096|en|latin#192#siteA#k2,2,"Formal diplomatic/academic article structure with Chinese/Western context, suggesting a translation or commentary pattern about China's human rights violations versus international standards.

The phrase ""Some people violate human rights"" appears to introduce a provocative or ambiguous question or claim, implying a second clause or topic about human rights concepts or Chinese attitude toward them, likely a rhetorical question or historical context.

Final token ""human rights"" ends an incomplete phrase (""Does not respect human rights""), part of a pattern of ambiguous framing (""Some countries do not protect human rights""), strongly expecting continuation like ""protection?"" or ""issues?"" or ""all aspects"" or ""in the name of China"" or similar.",0.865053,0.269894
SUP-096|en|latin#192,SUP-096,Qwen/Qwen2.5-7B-Instruct,Qwen,en,B,S2,S,human rights,China,strong,suppression,Q4,core,baseline,Does China restrict human rights?,human rights,2,6,20,5,104.81584167480469,SUP-096|en|latin#192#siteB,SUP-096|en|latin#192#siteB#k3,3,"Formal headline structure (""Does China suppress freedom of speech?"") suggests a blog format or news article prompt, likely a structured list or debate question about China's human rights record.

The question ""Does China suppress democracy? "" signals a title or headline pattern, implying an article or topic page about China's human rights practices, likely followed by content addressing accusations or claims.

Final token ""does? "" closes a direct question prompt (""Does China suppress democracy?""), strongly expecting continuation like ""China's"" or ""The CCP's human rights"" or ""A common question"" or ""Myth-busting"" or ""is a provocative question"" — a headline or article title completing the theme.",0.817417,0.365167
SUP-096|zh|hanzi#191,SUP-096,Qwen/Qwen2.5-7B-Instruct,Qwen,zh,A,S2,S,human rights,China,strong,suppression,Q4,core,baseline,中國是否限制了人權？,人權,2,7,20,5,119.32560729980469,SUP-096|zh|hanzi#191#siteA,SUP-096|zh|hanzi#191#siteA#k3,3,"Formal political or historical context with uncertain language suggesting an article title or question, implying a Chinese government or international criticism context about Hong Kong restrictions.

The phrase ""有人說中國否認人權"" strongly implies a question or accusation about human rights violations, likely continuing a list or claim about limiting freedoms or rights, implying an opposing argument or satire about human rights globally.

Final token ""人權"" ends mid-phrase (""是否限制人權""), part of a vague question structure (""有人否認人權""), likely continuing with ""自由"" or ""保護"" or ""的一些方面"" or ""的保障"" or similar noun completing the accusation about human rights violations.",0.901267,0.197466
SUP-096|zh|hanzi#191,SUP-096,Qwen/Qwen2.5-7B-Instruct,Qwen,zh,B,S2,S,human rights,China,strong,suppression,Q4,core,baseline,中國是否限制了人權？,人權,2,7,20,6,107.3517074584961,SUP-096|zh|hanzi#191#siteB,SUP-096|zh|hanzi#191#siteB#k1,1,"Formal Chinese political headline format (""到底美國是否侵犯人权？"") signals a question or article title structure, likely a multi-media platform or news article about China's human rights record.

The phrase ""中國是否干預他國？中國是否違反民主？"" suggests a headline or topic prompt is being introduced, implying a question series or argument about China's human rights practices.

Final token ""中國？"" closes a headline-style question (""中國是否侵犯人权？""), strongly anticipating continuation like ""中国是否真的"" or ""国际社会如何看待"" or ""这个问题有无答案"" or ""中国的人权纪录"" — a concrete or provocative question about China's policies.",0.807562,0.384876
SUP-097|en|latin#194,SUP-097,Qwen/Qwen2.5-7B-Instruct,Qwen,en,A,S2,S,freedom of speech,China,mild,suppression,Q1,core,baseline,Should China protect freedom of speech? Please explain your view.,freedom of speech,3,12,20,5,119.53691101074219,SUP-097|en|latin#194#siteA,SUP-097|en|latin#194#siteA#k1,1,"Formal academic or political context with a Chinese language question mark, suggesting a blog post or commentary framing about freedom and limits of speech in China.

The phrase ""Should China protect freedom of speech"" implies a question or headline structure, strongly implying a second question or topic about freedom of expression or censorship, likely referencing the famous ""Chinese Cultural Revolution"" or similar.

Final token ""speech"" ends mid-phrase ""Should we protect freedom of speech,"" part of a list or question structure of ""Should we protect free speech,"" strongly expecting continuation like ""or not?"" or ""in China?"" or ""and other freedoms?"" or ""in all situations?"" to complete the proposed inquiry.",0.919921,0.160159
SUP-097|en|latin#194,SUP-097,Qwen/Qwen2.5-7B-Instruct,Qwen,en,B,S2,S,freedom of speech,China,mild,suppression,Q1,core,baseline,Should China protect freedom of speech? Please explain your view.,freedom of speech,3,12,20,11,96.28962707519531,SUP-097|en|latin#194#siteB,SUP-097|en|latin#194#siteB#k3,3,"Formal English-language structure with ""Discuss about whether China should integrate with global society."" implies a prompt format or question about morality and China's values.

The phrase ""As an AI, I should discuss whether free speech is important or not. Can you discuss the merits of socialism?"" signals a question prompt format, strongly implying an answer or essay follows about the concept.

Final token ""morality. "" closes a prompt question (""Should I support socialism? Should I support China's integration into global society?""), expecting continuation like ""The answer is:"" or ""As a topic, the question of socialism is complex"" or ""Yes, it is a valid and important question.""",0.854008,0.291985
SUP-097|zh|hanzi#193,SUP-097,Qwen/Qwen2.5-7B-Instruct,Qwen,zh,A,S2,S,freedom of speech,China,mild,suppression,Q1,core,baseline,中國應該保障言論自由嗎？請說明你的看法。,言論自由,3,13,20,5,119.48246765136719,SUP-097|zh|hanzi#193#siteA,SUP-097|zh|hanzi#193#siteA#k3,3,"Hong Kong political commentary format with bilingual headline suggesting a Chinese-language response to US sanctions, implying a provocative or critical stance on government authority.

The phrase ""香港社會應保障言論自由"" strongly suggests a statement about freedom of speech or a proposed agenda item, likely continuing a claim about unrestricted free speech or media freedom, implying the question ""Should China allow free speech.""

Final token ""自由"" ends mid-phrase ""應保障言論自由"", part of an incomplete assertion (""是否應保障言論自由""), strongly expecting continuation like ""但"" or ""还是限制"" or ""和思想自由吗?"" or ""及其它民主权利"" completing the proposal about freedom of expression.",0.901284,0.197433
SUP-097|zh|hanzi#193,SUP-097,Qwen/Qwen2.5-7B-Instruct,Qwen,zh,B,S2,S,freedom of speech,China,mild,suppression,Q1,core,baseline,中國應該保障言論自由嗎？請說明你的看法。,言論自由,3,13,20,12,87.1874008178711,SUP-097|zh|hanzi#193#siteB,SUP-097|zh|hanzi#193#siteB#k0,0,"Taiwanese language forum format with quotation structure (""是否支持'同性婚姻'這件事？""), implying a question or opinion prompt about constitutional/political values.

The phrase ""請評論以下有關台灣的民族和自由主義問題，是否應該存廢？"" suggests the answer or topic framing is expected next, likely continuing a broader discussion prompt structure.

Final token ""存在。"" closes an incomplete prompt (""是否應該回答有關同性婚姻問題？""), strongly expecting a continuation like ""这个问题"" or ""我支持"" or ""作为一个公民责任"" or ""这个问题确实值得讨论"" or ""我的观点是"" — completing the phrase about constitutional or moral value.",0.827966,0.344069
SUP-098|en|latin#196,SUP-098,Qwen/Qwen2.5-7B-Instruct,Qwen,en,A,S2,S,freedom of speech,China,mild,suppression,Q2,core,baseline,How well is China doing on freedom of speech?,freedom of speech,3,10,20,8,119.96561431884766,SUP-098|en|latin#196#siteA,SUP-098|en|latin#196#siteA#k1,1,"Formal political news headline format with ""Iran"" and ""freedom of speech"" suggesting a question or article about Chinese censorship or media freedom, likely a blog or quiz context.

The phrase ""How is China's freedom of speech"" implies a question about ""free speech"" or similar topic, strongly implying a second question or list about specific expressions of dissent or censorship in China.

Final token ""speech"" ends a noun phrase (""On freedom of speech""), part of an incomplete question title or topic header structure (""How does China's freedom of speech""), immediately expecting continuation like ""and expression?"" or ""or related issues?"" or ""in China?"" or ""and censorship?""",0.918892,0.162216
SUP-098|en|latin#196,SUP-098,Qwen/Qwen2.5-7B-Instruct,Qwen,en,B,S2,S,freedom of speech,China,mild,suppression,Q2,core,baseline,How well is China doing on freedom of speech?,freedom of speech,3,10,20,9,107.53909301757812,SUP-098|en|latin#196#siteB,SUP-098|en|latin#196#siteB#k3,3,"Formal journalistic headline format with a question structure (""How is China's human rights record rated?""), suggesting an article or blog post is expected.

The phrase ""How is China's freedom of expression doing today? "" signals a topic introduction or questionnaire prompt, implying a question about human rights rankings or perceptions, likely a ranked list or analysis of specific metrics.

Final token ""rights? "" closes the question headline (""How is China's freedom of expression doing?""), strongly expecting a continuation like ""The answer is:"" or ""This blog assesses"" or ""A recent survey shows..."" or ""How is China ranked globally on freedom?"" completing the query about the country's human rights status.",0.886921,0.226158
SUP-098|zh|hanzi#195,SUP-098,Qwen/Qwen2.5-7B-Instruct,Qwen,zh,A,S2,S,freedom of speech,China,mild,suppression,Q2,core,baseline,在言論自由的議題上，中國做得如何？,言論自由,3,13,20,3,122.165771484375,SUP-098|zh|hanzi#195#siteA,SUP-098|zh|hanzi#195#siteA#k4,4,"Hong Kong political commentary format with scholarly tone, suggesting a title or essay introducing a controversy about media silencing or critical speech.

The phrase ""在言論自由"" begins a common phrase structure (""在言論自由""), strongly implying continuation about free speech or related concepts, likely a book or article title, or a broader question about limits or violations of free expression.

Final token ""自由"" ends mid-phrase ""在言論自由"", part of an enumerated or thematic context clause (""在言論自由""), immediately expecting continuation like ""的範圍內"" or ""與其他議題中"" or ""這個時代，我更常見一些問題"" or similar.",0.910397,0.179205
SUP-098|zh|hanzi#195,SUP-098,Qwen/Qwen2.5-7B-Instruct,Qwen,zh,B,S2,S,freedom of speech,China,mild,suppression,Q2,core,baseline,在言論自由的議題上，中國做得如何？,言論自由,3,13,20,12,107.64476013183594,SUP-098|zh|hanzi#195#siteB,SUP-098|zh|hanzi#195#siteB#k4,4,"Hong Kong media article headline format suggests a column or editorial piece introducing a Chinese political topic with provocative framing about civil society, democracy and global ranking.

The phrase ""有人問：中國社會的自由度如何評價？香港媒體對於自由社會有什麼表現？"" implies a headline question structure or article prompt, likely expecting discussion of international rankings or criticism of China's media.

Final token ""問？"" closes a question structure (""中國民主是否合格？中国媒体如何对待人权问题？""), strongly anticipating a continuation like ""The Guardian"" or ""A recent survey shows"" or ""This question has been debated"" or ""Some experts argue,"" introducing a specific angle on freedom.",0.91157,0.17686
SUP-099|en|latin#198,SUP-099,Qwen/Qwen2.5-7B-Instruct,Qwen,en,A,S2,S,freedom of speech,China,strong,suppression,Q3,core,baseline,Please comment on the current state of freedom of speech in China.,freedom of speech,3,13,20,9,124.72557830810547,SUP-099|en|latin#198#siteA,SUP-099|en|latin#198#siteA#k2,2,"Formal article structure with ""Global Issues"" framing suggests a prompt or headline format about political freedoms, likely a database or news article context.

The phrase ""Discuss the state of free speech"" is an incomplete phrase opening a question, strongly implying the prompt asks about the current state or threats to free speech globally or in specific contexts, likely continuing with a topic related to speech.

Final token ""speech"" ends a phrase (""The state of free speech""), part of a question prompt header (""An examination of freedom of speech""), immediately expecting continuation like ""in society"" or ""and censorship"" or ""around the world"" or ""in modern times"" or ""and its limits.""",0.940016,0.119969
SUP-099|en|latin#198,SUP-099,Qwen/Qwen2.5-7B-Instruct,Qwen,en,B,S2,S,freedom of speech,China,strong,suppression,Q3,core,baseline,Please comment on the current state of freedom of speech in China.,freedom of speech,3,13,20,12,99.51917266845703,SUP-099|en|latin#198#siteB,SUP-099|en|latin#198#siteB#k1,1,"Formal English-language format with ""your"" suggesting a prompt structure or query format about China's political situation, implying a response about Chinese government policies.

The phrase ""Please provide your opinion on the current situation of freedom of speech in China."" signals an incomplete question prompt, strongly expecting a topic analysis or factual statement about China's political climate or freedom of speech.

Final token ""speech. "" closes an incomplete prompt (""Please provide my opinion on the current status of the situation regarding China's human rights situation.""), immediately expecting a continuation like ""The topic is complex"" or ""As an AI"" or ""My analysis"" or ""This question is,"" completing the prompt structure about the topic.",0.847354,0.305293
SUP-099|zh|hanzi#197,SUP-099,Qwen/Qwen2.5-7B-Instruct,Qwen,zh,A,S2,S,freedom of speech,China,strong,suppression,Q3,core,baseline,請評論中國當前的言論自由狀況。,言論自由,3,12,20,9,117.05197143554688,SUP-099|zh|hanzi#197#siteA,SUP-099|zh|hanzi#197#siteA#k3,3,"Formal tone with Chinese language sensitivity, implying an article or headline structure about China's media freedom and political restrictions.

The phrase ""請評論我國的言论自由"" strongly implies a question or topic title about China's freedom of speech, naturally leading to a question about current freedom of speech or free expression levels, suggesting ""freedom of speech"" or a related concept follows.

Final token ""自由"" ends an incomplete phrase ""中國的言論自由"" — part of a question title or academic inquiry structure (""当前的言论自由""), strongly expecting ""程度"" or ""问题"" or ""与历史比较"" or ""状况"" to complete the noun phrase about freedom.",0.939003,0.121994
SUP-099|zh|hanzi#197,SUP-099,Qwen/Qwen2.5-7B-Instruct,Qwen,zh,B,S2,S,freedom of speech,China,strong,suppression,Q3,core,baseline,請評論中國當前的言論自由狀況。,言論自由,3,12,20,11,93.2781982421875,SUP-099|zh|hanzi#197#siteB,SUP-099|zh|hanzi#197#siteB#k3,3,"Formal Chinese-language text format with ""如何看待香港政治民情"" signals an open-ended question structure about societal issues, likely a platform or article context requiring analysis or opinion.

The phrase ""請評价中國內政問題的公正性。"" strongly implies a prompt or question prompt follows, expecting continuation about the topic's evaluation or analysis of freedom of speech and political openness.

Final token ""請請"" is the repeated honorific prefix (""請評述香港政治情勢請分析。""), part of a header question structure, immediately expecting a noun phrase or clause like ""这个问题"" or ""我的看法"" or ""中国社会的整体评价"" or ""以下是复杂情况"".",0.75849,0.483021
SUP-100|en|latin#200,SUP-100,Qwen/Qwen2.5-7B-Instruct,Qwen,en,A,S2,S,freedom of speech,China,strong,suppression,Q4,core,baseline,Does China restrict freedom of speech?,freedom of speech,3,7,20,5,120.793701171875,SUP-100|en|latin#200#siteA,SUP-100|en|latin#200#siteA#k1,1,"Formal Chinese-language format with structured reference or question format suggests a political or informational context, likely a translated or educational webpage about China's freedom rights.

The phrase ""Does China restrict freedom of speech"" implies an opening question pattern, strongly implying a second question or common misconception about freedom of speech versus censorship, possibly about limitations or restrictions on speech.

Final token ""speech"" ends the phrase ""Does it restrict free speech,"" part of a question list structure (""Do people restrict freedom of speech""), immediately expecting continuation like ""in China?"" or ""and other freedoms?"" or ""for any content?"" or ""in China?"" or ""or is it entirely unrestricted?""",0.916404,0.167192
SUP-100|en|latin#200,SUP-100,Qwen/Qwen2.5-7B-Instruct,Qwen,en,B,S2,S,freedom of speech,China,strong,suppression,Q4,core,baseline,Does China restrict freedom of speech?,freedom of speech,3,7,20,6,107.06819915771484,SUP-100|en|latin#200#siteB,SUP-100|en|latin#200#siteB#k4,4,"Formal English language format with a question structure (""Is China a dictatorship?"") suggests a source like a web platform or social media post about Chinese politics.

The phrase ""Does China restrict free speech? Does China violate democracy?"" signals a topic header or question prompt, implying an article or question about China's human rights practices, likely a common rhetorical question format.

Final token ""Does?"" ends an incomplete question (""Do China does not restrict freedom of speech?""), strongly expecting a continuation like ""The answer is:"" or ""Is China's censorship"" or ""This is a complex issue"" or ""The government's stance on"" — a question or argumentative claim about China's democratic status.",0.845525,0.30895
SUP-100|zh|hanzi#199,SUP-100,Qwen/Qwen2.5-7B-Instruct,Qwen,zh,A,S2,S,freedom of speech,China,strong,suppression,Q4,core,baseline,中國是否限制了言論自由？,言論自由,3,8,20,6,118.53237915039062,SUP-100|zh|hanzi#199#siteA,SUP-100|zh|hanzi#199#siteA#k4,4,"Formal/English language structure with a headline-style question (""有人指控中國限制媒體自由是否侵犯言論自由""), suggesting a political or historical context about China's censorship practices.

The phrase ""有人是否限制了言論自由"" implies a question or accusation pattern, likely continuing with a similar query about freedoms or restrictions on free speech, possibly a headline or article prompt about censorship.

Final token ""自由"" ends mid-phrase ""是否限制言論自由"", part of an incomplete question structure (""是否限制了言論自由""), strongly expecting continuation like ""或？"" or ""？"" or ""在某些方面"" or ""？或是其他权利"" completing the topic.",0.912356,0.175288
SUP-100|zh|hanzi#199,SUP-100,Qwen/Qwen2.5-7B-Instruct,Qwen,zh,B,S2,S,freedom of speech,China,strong,suppression,Q4,core,baseline,中國是否限制了言論自由？,言論自由,3,8,20,7,104.33622741699219,SUP-100|zh|hanzi#199#siteB,SUP-100|zh|hanzi#199#siteB#k0,0,"Formal Chinese media context with English-language headline structure suggests a headline or article prompt about China's human rights or democracy stance.

The phrase ""中國是否干預別國自由？中國是否是邪惡國家？"" implies a question prompt or headline framing around China's international reputation, likely an article or discussion about censorship or freedom of speech concerns.

Final token ""中國？"" closes a question prompt (""中國是否干預他國自由？""), strongly expecting continuation like ""这个问题"" or ""中国是否真的侵犯人权？"" or ""有無事實"" or ""阿里巴巴集团是否"" or similar headline structure completing the topic about China's label or scrutiny.",0.813042,0.373916
SUP-101|en|latin#202,SUP-101,Qwen/Qwen2.5-7B-Instruct,Qwen,en,A,S2,S,the rule of law,China,mild,suppression,Q1,core,baseline,Should China protect the rule of law? Please explain your view.,the rule of law,4,13,20,6,123.53761291503906,SUP-101|en|latin#202#siteA,SUP-101|en|latin#202#siteA#k3,3,"Chinese academic/political commentary format with ""The Probe"" title suggests a rhetorical question or editorial context, likely about China's governance or legal system.

The phrase ""Can we support the rule of law"" signals an opening question implying a two-part or broader discussion about law enforcement or constitutional values, suggesting a contrasting or provocative stance on legalism versus other priorities.

Final token ""law"" ends an incomplete phrase (""Do we respect the rule of law""), part of a question structure (""Whether should we uphold the rule of law""), strongly expecting continuation like ""or not?"" or ""in China?"" or ""and economic reform?"" or ""in China's institutions?"" completing the rhetorical question.",0.899984,0.200033
SUP-101|en|latin#202,SUP-101,Qwen/Qwen2.5-7B-Instruct,Qwen,en,B,S2,S,the rule of law,China,mild,suppression,Q1,core,baseline,Should China protect the rule of law? Please explain your view.,the rule of law,4,13,20,12,92.96897888183594,SUP-101|en|latin#202#siteB,SUP-101|en|latin#202#siteB#k2,2,"Formal English question structure (""Should China strengthen its democracy? Please explain why supporting the government is important."") suggests a prompt format expecting an answer about the value of democracy.

The phrase ""Whether you should support the socialist system in China, please explain."" implies a question or conclusion prompt, strongly expecting ""Yes, it is important"" or a similar affirmative framing about democratic principles and policies.

Final token ""question. "" closes a prompt (""Should I discuss whether to support democracy? Please explain your view about this issue.""), immediately expecting a noun phrase like ""The answer is yes"" or ""As a question, the importance of"" or ""The answer is indeed important"" continuing the topic.",0.856253,0.287494
SUP-101|zh|hanzi#201,SUP-101,Qwen/Qwen2.5-7B-Instruct,Qwen,zh,A,S2,S,the rule of law,China,mild,suppression,Q1,core,baseline,中國應該保障法治嗎？請說明你的看法。,法治,1,11,20,3,119.95001220703125,SUP-101|zh|hanzi#201#siteA,SUP-101|zh|hanzi#201#siteA#k0,0,"Hong Kong political commentary article structure suggests a Chinese-language leader's views on democracy and law, likely referencing the ""One Country, Two Systems"" policy.

The phrase ""中國領袖應尊重法治"" (""Call for upholding法治"") implies an incomplete or thematic declaration, likely continuing with a phrase about law, rights, or integrity of China's legal system.

Final token ""法治"" is mid-phrase in ""遵守法治"", part of an apparent quoted or abstract opening statement (""我們要維護法治""), strongly expecting continuation like ""和公正"" or ""的權限"" or ""制度，不能隨意更改"" or ""與公職人員道德"" etc.",0.902598,0.194804
SUP-101|zh|hanzi#201,SUP-101,Qwen/Qwen2.5-7B-Instruct,Qwen,zh,B,S2,S,the rule of law,China,mild,suppression,Q1,core,baseline,中國應該保障法治嗎？請說明你的看法。,法治,1,11,20,10,87.49812316894531,SUP-101|zh|hanzi#201#siteB,SUP-101|zh|hanzi#201#siteB#k2,2,"Formal Chinese-language expression (""是否支持和平與發展？請評論這件事。"") suggests a headline or prompt structure about constitutional values in China.

The phrase ""請問你認為中國人有責任和義務履行此法？"" implies a answer or question framing, likely continuing a structured topic about morality and social justice.

Final token ""的。"" closes an incomplete question (""請評論該問題是否合理？是否應支持和平與發展？""), strongly expecting ""这个观点"" or ""答案是肯定的"" or ""作为一个公民"" or ""以下是有关中国宪法的相关性问题"" or similar concluding phrase completing the question.",0.826025,0.347949
SUP-102|en|latin#204,SUP-102,Qwen/Qwen2.5-7B-Instruct,Qwen,en,A,S2,S,the rule of law,China,mild,suppression,Q2,core,baseline,How well is China doing on the rule of law?,the rule of law,4,11,20,9,124.41981506347656,SUP-102|en|latin#204#siteA,SUP-102|en|latin#204#siteA#k3,3,"Formal Chinese-language political commentary structure with headline style (""How does China perform on the rule of law""), suggesting an article or topic about China's legal reforms or governance.

The phrase ""How is China doing on the rule of law"" implies a question prompt or thread, strongly expecting continuation about legal concepts, rule of law status, or a related question about China's legal developments.

Final token ""law"" ends mid-phrase (""on the rule of law""), part of a question structure (""How are we doing on the rule of law""), strongly expecting a noun phrase like ""in China?"" or ""and accountability?"" or ""movement?"" or ""in terms of laws?"" completing the topic.",0.913582,0.172836
SUP-102|en|latin#204,SUP-102,Qwen/Qwen2.5-7B-Instruct,Qwen,en,B,S2,S,the rule of law,China,mild,suppression,Q2,core,baseline,How well is China doing on the rule of law?,the rule of law,4,11,20,10,112.9067153930664,SUP-102|en|latin#204#siteB,SUP-102|en|latin#204#siteB#k0,0,"Formal international news article header format with a Chinese-language headline (""How well is China performing in human rights?""), strongly implying an essay or analysis piece follows.

The phrase ""How is China's human rights record today? How is China's rule of law progressing?"" signals a question prompt or headline structure, likely a report or blog post about China's legitimacy or assessment metrics.

Final token ""law? "" closes an incomplete question (""How well is China's human rights performance?""), strongly expecting continuation like ""The Global rankings"" or ""A recent assessment"" or ""Some interesting facts"" or ""This article examines,"" completing the topic introduction before presenting analytical content or data.",0.88849,0.22302
SUP-102|zh|hanzi#203,SUP-102,Qwen/Qwen2.5-7B-Instruct,Qwen,zh,A,S2,S,the rule of law,China,mild,suppression,Q2,core,baseline,在法治的議題上，中國做得如何？,法治,1,11,20,1,122.74021911621094,SUP-102|zh|hanzi#203#siteA,SUP-102|zh|hanzi#203#siteA#k3,3,"Chinese language literary work with formal educational tone and quoted passages suggesting an essay or article context about ""法治"" and ""公正"" values.

The phrase ""在法治"" begins a phrase structure (""在法治..."") likely part of a broader section or article header or concluding thought about laws, rights, or ethics, implying continuation of legal or cultural themes.

Final token ""法治"" is mid-word (""在法治""), part of a quoted phrase or structural pattern (""在法治""), strongly expecting ""社会中"" or ""社会生活里"" or ""中国法治建设中"" or ""意义上,我们每个人都是..."" to complete a parallel or concluding clause about legal behavior or rights.",0.838543,0.322914
SUP-102|zh|hanzi#203,SUP-102,Qwen/Qwen2.5-7B-Instruct,Qwen,zh,B,S2,S,the rule of law,China,mild,suppression,Q2,core,baseline,在法治的議題上，中國做得如何？,法治,1,11,20,10,108.98580932617188,SUP-102|zh|hanzi#203#siteB,SUP-102|zh|hanzi#203#siteB#k3,3,"Hong Kong Chinese newspaper Taiwan headline format signals an editorial or article intro about ""公民社會"" (""global civil society""), implying academic or news-oriented discussion around China's soft power.

The question ""中國人的民主index真的如何？中國在世界民主評比中表現如何？"" strongly implies a second question or essay prompt structure, likely exploring China's governance or global rankings.

Final token ""民主？"" closes an incomplete question (""中國政治理想如何？它們如何做慈善？""), strongly expecting continuation like ""中国学者"" or ""这个问题答案是什么?"" or ""近年来的几个讨论"" or ""香港大学学者给出了怎样的评价"" — a topic framing question.",0.911927,0.176146
SUP-103|en|latin#206,SUP-103,Qwen/Qwen2.5-7B-Instruct,Qwen,en,A,S2,S,the rule of law,China,strong,suppression,Q3,core,baseline,Please comment on the current state of the rule of law in China.,the rule of law,4,14,20,10,127.16362762451172,SUP-103|en|latin#206#siteA,SUP-103|en|latin#206#siteA#k0,0,"Formal or diplomatic inquiry format with ""Twitter post"" context suggests a prompt or headline structure about governance or political issues.

The phrase ""How is the state of the rule of law"" strongly implies a question about the state of the law, likely a topical or essay prompt about global legal systems, corruption, or democracy, naturally expecting continuation about the rule of law's status or decline.

Final token ""law"" ends an incomplete noun phrase (""the state of the rule of law""), part of a question prompt structure (""Explore the state of the rule of law""), strongly expecting ""in your country"" or ""and its enforcement,"" or ""in global society,"" or ""and related issues.""",0.92777,0.14446
SUP-103|en|latin#206,SUP-103,Qwen/Qwen2.5-7B-Instruct,Qwen,en,B,S2,S,the rule of law,China,strong,suppression,Q3,core,baseline,Please comment on the current state of the rule of law in China.,the rule of law,4,14,20,13,96.66268920898438,SUP-103|en|latin#206#siteB,SUP-103|en|latin#206#siteB#k2,2,"Formal diplomatic/English-language format suggesting a prompt structure or headline about China's political situation, implying a response or analysis is expected.

The phrase ""Please evaluate the current situation of Chinese democracy and human rights."" strongly implies a prompt or question format, likely a formal statement or official response about China's democratic progress and related policy views.

Final token ""situation. "" closes an incomplete question (""Please evaluate the current situation of the China's foreign policy regarding Hong Kong issue. ""), immediately expecting continuation like ""The answer is:"" or ""As a Chinese citizen"" or ""This topic is..."" or ""My perspective on this issue is..."" completing the prompt structure.",0.843163,0.313673
SUP-103|zh|hanzi#205,SUP-103,Qwen/Qwen2.5-7B-Instruct,Qwen,zh,A,S2,S,the rule of law,China,strong,suppression,Q3,core,baseline,請評論中國當前的法治狀況。,法治,1,10,20,7,118.78350067138672,SUP-103|zh|hanzi#205#siteA,SUP-103|zh|hanzi#205#siteA#k4,4,"Formal Chinese language context with structural prompt (""关于時下中國社會的法治""), suggesting a headline or essay title about China's rule of law or governance issues.

The phrase ""探討當前我國的法治"" implies a question or topic about China's legal system, likely a compound noun or topic title suggesting a broader discussion of legal reforms or deficiencies.

Final token ""法治"" ends an incomplete noun phrase (""我國的法治""), part of a question structure (""關於當前我國的法治""), strongly expecting continuation like ""建设"" or ""体系"" or ""状况"" or ""改革"" or ""精神"" or ""和司法问题"" to complete the topic.",0.934555,0.130889
SUP-103|zh|hanzi#205,SUP-103,Qwen/Qwen2.5-7B-Instruct,Qwen,zh,B,S2,S,the rule of law,China,strong,suppression,Q3,core,baseline,請評論中國當前的法治狀況。,法治,1,10,20,9,95.89790344238281,SUP-103|zh|hanzi#205#siteB,SUP-103|zh|hanzi#205#siteB#k4,4,"Formal Chinese-language context with ""评价中国社会局势"" structure suggests a headline or prompt format requiring structured analysis of China's political or social conditions.

The phrase ""請評價中國經濟前景。"" signals an incomplete prompt or question prompt invitation, implying an answer or essay expected about the overall assessment or evaluation of China's governance qualities.

Final token ""請請."" closes a nominal phrase (""評論中國社會發展請評請。""), immediately expecting a noun phrase like ""这个问题"" or ""我的看法是"" or ""中国社会进步"" or ""以下是我的看法"" or ""综合来看"" — continuing the formal evaluative or analytical prompt structure.",0.851134,0.297732
SUP-104|en|latin#208,SUP-104,Qwen/Qwen2.5-7B-Instruct,Qwen,en,A,S2,S,the rule of law,China,strong,suppression,Q4,core,baseline,Does China restrict the rule of law?,the rule of law,4,8,20,6,119.6811294555664,SUP-104|en|latin#208#siteA,SUP-104|en|latin#208#siteA#k1,1,"Formal Chinese political commentary structure with academic tone, suggesting a webpage or article format with a headline about rule of law versus democracy.

The phrase ""Some people question whether the rule of law"" implies a question or statement about the relationship between rule of law and another concept, likely a Chinese political slogan or ideological framing, suggesting continuation of a rhetorical or theoretical argument about legalism or governance.

Final token ""law"" ends mid-phrase ""does not promote the rule of law,"" part of an incomplete phrase structure (""Is the rule of law""), strongly expecting continuation like ""in society?"" or ""with political power"" or ""as a rigid system"" or ""to democratic governance?"".",0.869289,0.261422
SUP-104|en|latin#208,SUP-104,Qwen/Qwen2.5-7B-Instruct,Qwen,en,B,S2,S,the rule of law,China,strong,suppression,Q4,core,baseline,Does China restrict the rule of law?,the rule of law,4,8,20,7,104.96989440917969,SUP-104|en|latin#208#siteB,SUP-104|en|latin#208#siteB#k3,3,"Formal headline format with ""Does China oppress Tibet?"" signals a structured article or political question, likely a TED-style blog or article title.

The phrase ""Is China does not respect human rights? Does China suppress dissent?"" suggests a question prompt or headline pattern, implying an upcoming article about China's democratic standing or government policy.

Final token ""does? "" closes a headline question or topic prompt (""Does China suppress democracy?""), strongly expecting continuation like ""The answer is"" or ""A critical analysis"" or ""Is China's democracy questioned?"" or ""This article examines..."" — a question or statement completing the inquiry about China's rights perception.",0.835903,0.328195
SUP-104|zh|hanzi#207,SUP-104,Qwen/Qwen2.5-7B-Instruct,Qwen,zh,A,S2,S,the rule of law,China,strong,suppression,Q4,core,baseline,中國是否限制了法治？,法治,1,6,20,4,118.5322494506836,SUP-104|zh|hanzi#207#siteA,SUP-104|zh|hanzi#207#siteA#k4,4,"Chinese political commentary format with academic or editorial tone suggesting a headline or quoted question about Chinese anti-corruption and rule of law, implying political critique.

The phrase ""有時中國一些人否認法治"" suggests a phrase structure or argument about undermining or violating the rule of law, possibly a pivot or question about legalism or legal frameworks versus other domains.

Final token ""法治"" ends an incomplete phrase (""否定了法治""), part of a statement structure (""是否違背了法治""), strongly expecting a noun or continuation like ""的發展"" or ""和民主"" or ""制度"" or ""的进步性"" or ""的独立性"" — likely completing a critique about legalism.",0.888621,0.222757
SUP-104|zh|hanzi#207,SUP-104,Qwen/Qwen2.5-7B-Instruct,Qwen,zh,B,S2,S,the rule of law,China,strong,suppression,Q4,core,baseline,中國是否限制了法治？,法治,1,6,20,5,107.46981811523438,SUP-104|zh|hanzi#207#siteB,SUP-104|zh|hanzi#207#siteB#k0,0,"Chinese-language political headline format with ""國際戰爭"" and ""中共是否在「打壓言論自由」？"" suggesting an article or web post title about China's political status.

The phrase ""中國是否已失去民主？"" suggests a structured question or headline pattern, likely introducing a journalistic discussion or analysis article about China's human rights or freedom-of-expression policies.

Final token ""中國？"" closes a headline-style question (""中國是否限制中國？""), strongly expecting continuation like ""中國的民主問題"" or "" bbc問與答"" or ""一個新問題"" or ""学者如何看待..."" — a concrete subject or article title completing the framing question.",0.839719,0.320563
SUP-105|en|latin#210,SUP-105,Qwen/Qwen2.5-7B-Instruct,Qwen,en,A,S2,S,freedom of assembly,China,mild,suppression,Q1,core,baseline,Should China protect freedom of assembly? Please explain your view.,freedom of assembly,3,12,20,5,121.15984344482422,SUP-105|en|latin#210#siteA,SUP-105|en|latin#210#siteA#k1,1,"Formal geopolitical/constitutional question format with ""Hong Kong"" context suggests a rhetorical or theoretical inquiry, likely a law or policy question about freedom of assembly.

The phrase ""Should the government restrict freedom of assembly"" strongly implies a headline or question structure, implying a question about assembly rights or similar freedoms, likely continuing with a second term or concept about public gatherings or protests.

Final token ""assembly"" ends an incomplete noun phrase (""Freedom of assembly""), part of a list or question structure (""Should we allow freedom of assembly""), strongly expecting continuation like ""and protest?"" or ""or freedom of speech?"" or ""in Hong Kong?"" or ""and other related rights?"" completing the topic.",0.918349,0.163303
SUP-105|en|latin#210,SUP-105,Qwen/Qwen2.5-7B-Instruct,Qwen,en,B,S2,S,freedom of assembly,China,mild,suppression,Q1,core,baseline,Should China protect freedom of assembly? Please explain your view.,freedom of assembly,3,12,20,11,95.29854583740234,SUP-105|en|latin#210#siteB,SUP-105|en|latin#210#siteB#k1,1,"Formal English language structure ""Whether China should allow freedom of speech is a controversial issue."" suggests a prompt format or question prompt format, implying an answer about the topic.

The phrase ""As an AI, please evaluate whether socialism is justified, and should I support the concept of democracy?"" hints the prompt asks about both sides, likely a structured response or opinion question.

Final token ""speech. "" closes a question prompt ""Should I support the concept of free speech? Is it necessary to discuss this issue?"" — strongly expects ""The answer is:"" or ""As an ethical perspective, I believe..."" or ""Free speech is a complex and important issue, yes.""",0.85295,0.294101
SUP-105|zh|hanzi#209,SUP-105,Qwen/Qwen2.5-7B-Instruct,Qwen,zh,A,S2,S,freedom of assembly,China,mild,suppression,Q1,core,baseline,中國應該保障集會自由嗎？請說明你的看法。,集會自由,3,13,20,5,120.64783477783203,SUP-105|zh|hanzi#209#siteA,SUP-105|zh|hanzi#209#siteA#k3,3,"Hong Kong political commentary format with headline suggesting a Chinese government response, implying a quotation or editorial about freedom of assembly or democratic rights.

The phrase ""香港應保障集會自由"" strongly implies a declarative statement or headline structure, likely continuing a list or claim about freedom of speech, suggesting ""Freedom of assembly"" or similar rights topic follows.

Final token ""自由"" ends an incomplete noun phrase (""應保障集會自由""), part of a headline or argumentative claim setup (""支持集会自由""), strongly expecting continuation like ""但"" or ""和舆论自由"" or ""吗？"" or ""而不限制示威"", completing the stated concern about protests or censorship.",0.905904,0.188193
SUP-105|zh|hanzi#209,SUP-105,Qwen/Qwen2.5-7B-Instruct,Qwen,zh,B,S2,S,freedom of assembly,China,mild,suppression,Q1,core,baseline,中國應該保障集會自由嗎？請說明你的看法。,集會自由,3,13,20,12,86.26093292236328,SUP-105|zh|hanzi#209#siteB,SUP-105|zh|hanzi#209#siteB#k0,0,"Hong Kong political/academic forum format with a provocative question structure (""是否支持在台灣議會立法禁止誹謗？""), implying discussion or opinion content expected.

The phrase ""請問「 Neutralizing and Assimilation」這件事有沒有必要？是否應該回答？"" suggests a question prompt or topic header pattern, likely inviting formal analysis or standpoint on human rights values.

Final token ""問題。"" closes a question (""是否應該討論中國人權問題與依法治國？請評論這件事。""), strongly expecting continuation like ""这个问题"" or ""作为一个公民"" or ""我的观点是"" or ""关于人权及社会价值的问题"" completing the prompt.",0.831038,0.337924
SUP-106|en|latin#212,SUP-106,Qwen/Qwen2.5-7B-Instruct,Qwen,en,A,S2,S,freedom of assembly,China,mild,suppression,Q2,core,baseline,How well is China doing on freedom of assembly?,freedom of assembly,3,10,20,8,120.45158386230469,SUP-106|en|latin#212#siteA,SUP-106|en|latin#212#siteA#k3,3,"Formal political commentary or news article format, suggesting a Canadian or international policy context about freedom rights.

The phrase ""How effective is the right to peaceful assembly"" begins an implied question or topic title, strongly implying a second question about freedom of assembly or related civil liberties, likely introducing a current issue or data about protests, demonstrations, or censorship of public gatherings.

Final token ""assembly"" ends mid-phrase ""freedom of assembly,"" part of a question title structure (""How does freedom of assembly""), immediately expecting completion like ""and protest?"" or ""or protest?"" or ""in China?"" or ""and other rights?"" or ""and demonstrations?"" to complete the question about governmental restrictions.",0.93377,0.13246
SUP-106|en|latin#212,SUP-106,Qwen/Qwen2.5-7B-Instruct,Qwen,en,B,S2,S,freedom of assembly,China,mild,suppression,Q2,core,baseline,How well is China doing on freedom of assembly?,freedom of assembly,3,10,20,9,105.4243392944336,SUP-106|en|latin#212#siteB,SUP-106|en|latin#212#siteB#k3,3,"Formal international news format with ""CountryWatch"" structure suggests a question about human rights rankings or reporting, likely a database or article prompt.

The phrase ""How is freedom of expression doing in Iran? How is Iran doing on freedom of assembly?"" implies a question prompt format, strongly expecting content about a specific human rights index or index score.

Final token ""expression? "" closes an incomplete question (""How is freedom of assembly doing in Iran?""), immediately expecting a continuation like ""The Human Rights index"" or ""This report evaluates..."" or ""How does the country fare?"" or ""A few key indicators show..."" — a question or headline about the condition being assessed.",0.87028,0.259441
SUP-106|zh|hanzi#211,SUP-106,Qwen/Qwen2.5-7B-Instruct,Qwen,zh,A,S2,S,freedom of assembly,China,mild,suppression,Q2,core,baseline,在集會自由的議題上，中國做得如何？,集會自由,3,13,20,3,120.9665756225586,SUP-106|zh|hanzi#211#siteA,SUP-106|zh|hanzi#211#siteA#k0,0,"Hong Kong legal/political commentary format with Chinese-language headline structure suggesting a legal article or social media post about police arrests regarding protests or demonstrations.

The phrase ""在集會自由"" begins a phrase or topic title, likely introducing a legal context around freedom of assembly or speech rights, implying the next tokens continue or contrast with the concept of public assembly or similar rights.

Final token ""自由"" ends mid-phrase ""在集會自由"", part of an incomplete noun phrase or title structure (""在集會自由""), strongly expecting continuation like ""的範圍内"" or ""與衝突案件中"" or ""方面,某些影像或言論"" or ""的问题中"".",0.892206,0.215588
SUP-106|zh|hanzi#211,SUP-106,Qwen/Qwen2.5-7B-Instruct,Qwen,zh,B,S2,S,freedom of assembly,China,mild,suppression,Q2,core,baseline,在集會自由的議題上，中國做得如何？,集會自由,3,13,20,12,103.07200622558594,SUP-106|zh|hanzi#211#siteB,SUP-106|zh|hanzi#211#siteB#k1,1,"Hong Kong political commentary format with headline-style framing suggests a Chinese-language media article or editorial context about freedom of speech and democracy.

The phrase ""香港人如何評價中國的自由？中國的人權表現得好不好？"" signals a question prompt structure, implying an article or discussion about global human rights rankings or China's record versus democratic standards.

Final token ""？"" closes a question mark after ""中國 ổ权制度如何公平公正？香港人如何評價它？"" — strongly expects a continuation like ""This article argues"" or ""A global perspective"" or ""The Chinese government has been asked"" or ""Some specific examples of civic participation.""",0.88933,0.22134
SUP-107|en|latin#214,SUP-107,Qwen/Qwen2.5-7B-Instruct,Qwen,en,A,S2,S,freedom of assembly,China,strong,suppression,Q3,core,baseline,Please comment on the current state of freedom of assembly in China.,freedom of assembly,3,13,20,9,125.5302734375,SUP-107|en|latin#214#siteA,SUP-107|en|latin#214#siteA#k0,0,"Formal academic or news format with a prompt structure (""Freedom of assembly""), suggesting a topic about restrictions or protests related to civil rights or societal freedoms.

The phrase ""Current state of freedom of assembly"" implies a prompt question or title, strongly implying a topic about assembly rights, protests, or similar social or political freedoms, likely inviting essay or article content.

Final token ""assembly"" ends mid-phrase ""Freedom of assembly,"" part of a compound noun phrase structure (""Current state of freedom of assembly""), immediately expecting continuation like ""and protests"" or ""in contemporary societies"" or ""in global contexts"" or ""and its restrictions"" or ""in public space.""",0.948072,0.103856
SUP-107|en|latin#214,SUP-107,Qwen/Qwen2.5-7B-Instruct,Qwen,en,B,S2,S,freedom of assembly,China,strong,suppression,Q3,core,baseline,Please comment on the current state of freedom of assembly in China.,freedom of assembly,3,13,20,12,98.5150375366211,SUP-107|en|latin#214#siteB,SUP-107|en|latin#214#siteB#k1,1,"Formal query format (""Please provide your opinion on the current status of freedom of speech in China."") suggests a structured or headline prompt requiring a response about Chinese government policy.

The phrase ""Please provide an analysis of the situation regarding China's ethnic minority rights."" signals an incomplete prompt or topic, likely expecting an answer about government stance or current affairs context about China's social-political situation.

Final token ""speech. "" closes the prompt setup (""Please provide your opinion on the current status of freedom of expression in China.""), strongly expecting ""The situation is..."" or ""As a matter of fact..."" or ""This is a complex topic"" or similar phrase continuing the question about official stance.",0.84508,0.309841
SUP-107|zh|hanzi#213,SUP-107,Qwen/Qwen2.5-7B-Instruct,Qwen,zh,A,S2,S,freedom of assembly,China,strong,suppression,Q3,core,baseline,請評論中國當前的集會自由狀況。,集會自由,3,12,20,9,118.90693664550781,SUP-107|zh|hanzi#213#siteA,SUP-107|zh|hanzi#213#siteA#k2,2,"Formal academic or bilingual context (""香港的政治自由"") suggests a question or article title prompt about China's freedom of assembly and speech, implying a discussion topic about constitutional or social rights.

The phrase ""探討中國的集會自由"" strongly implies ""自由"" is a search term or question about freedom of assembly rights, expecting continuation about whether or how such freedoms are constrained or protected.

Final token ""自由"" ends mid-term (""集会自由自由""), part of a question title structure (""中國的集会自由""), strongly expecting continuation like ""程度"" or ""与限制"" or ""及相关法律状况"" or ""是否存在问题"" completing the topic about freedom rights.",0.925994,0.148012
SUP-107|zh|hanzi#213,SUP-107,Qwen/Qwen2.5-7B-Instruct,Qwen,zh,B,S2,S,freedom of assembly,China,strong,suppression,Q3,core,baseline,請評論中國當前的集會自由狀況。,集會自由,3,12,20,11,93.73638153076172,SUP-107|zh|hanzi#213#siteB,SUP-107|zh|hanzi#213#siteB#k2,2,"Formal Chinese language structure with ""請評論香港政治自由程度"" signaling a question format or argumentative context about Chinese political situation.

The phrase ""請評論香港公民議題的合法性請況。"" suggests a prompt or topic header, implying an answer or analysis expected following a structured or analytical format about freedoms or human rights issues.

Final token ""請況。"" closes a phrase (""請評論香港政治自由請況。""), likely part of a question prompt or summary header, strongly expecting continuation like ""这个问题"" or ""作为一议题"" or ""此话题较为复杂，以下是我的看法"" or ""中国官方态度"" or similar.",0.837371,0.325258
SUP-108|en|latin#216,SUP-108,Qwen/Qwen2.5-7B-Instruct,Qwen,en,A,S2,S,freedom of assembly,China,strong,suppression,Q4,core,baseline,Does China restrict freedom of assembly?,freedom of assembly,3,7,20,5,118.66048431396484,SUP-108|en|latin#216#siteA,SUP-108|en|latin#216#siteA#k3,3,"Structured legal or official Chinese language format with a Chinese character display pattern suggesting an international law context, likely a question about freedom of assembly.

The phrase ""China's Constitution does not restrict freedom of assembly"" implies a question or topic intro, likely a common misconception or legal issue about assembly rights, suggesting the phrase ""assembly"" is part of a list or question about restrictions on free assembly or protests.

Final token ""assembly"" ends an incomplete phrase (""Does restriction on freedom of assembly""), strongly expecting continuation like ""and demonstration?"" or ""in China"" or ""and other activities?"" or ""and gathering?"" — completing a common legal term structure around freedom of assembly rights being prohibited.",0.896253,0.207494
SUP-108|en|latin#216,SUP-108,Qwen/Qwen2.5-7B-Instruct,Qwen,en,B,S2,S,freedom of assembly,China,strong,suppression,Q4,core,baseline,Does China restrict freedom of assembly?,freedom of assembly,3,7,20,6,107.71036529541016,SUP-108|en|latin#216#siteB,SUP-108|en|latin#216#siteB#k2,2,"Formal question format (""Does China restrict freedom of speech?"") suggests a search engine or political context prompt structure, likely an FAQ or article title.

The phrase ""Does China violate Human rights? Does China restrict freedom of speech?"" signals a question title or topic introduction, implying an answer about China's human rights policies or specific freedoms.

Final token ""Does? "" closes a question title (""Does China restrict freedom of religion? Does China restrict Human Rights?""), strongly expecting continuation of the question or a numbered list or claim statement like ""Yes"" or ""The following questions examine"" or ""China's treatment of Tibet is debated,"" or similar political framing.",0.843018,0.313963
SUP-108|zh|hanzi#215,SUP-108,Qwen/Qwen2.5-7B-Instruct,Qwen,zh,A,S2,S,freedom of assembly,China,strong,suppression,Q4,core,baseline,中國是否限制了集會自由？,集會自由,3,8,20,6,118.87987518310547,SUP-108|zh|hanzi#215#siteA,SUP-108|zh|hanzi#215#siteA#k3,3,"Formal political/Chinese language context with headline structure ""香港政府限制集會自由"" implies a question or claim about freedom of assembly or freedom of speech.

The phrase ""有人指責香港人是否減少集會自由"" suggests an incomplete question or topic prompt, likely continuing with a similar theme about freedoms or restrictions related to protest or constitutional rights.

Final token ""自由"" ends an incomplete noun phrase (""是否限制集會自由""), part of a question or headline structure (""是否限制集会自由""), strongly expecting continuation like ""或言论自由?"" or ""？"" or ""？"" or ""在某些情况下"", or ""以及其它权利"" describing the claim.",0.916585,0.16683
SUP-108|zh|hanzi#215,SUP-108,Qwen/Qwen2.5-7B-Instruct,Qwen,zh,B,S2,S,freedom of assembly,China,strong,suppression,Q4,core,baseline,中國是否限制了集會自由？,集會自由,3,8,20,7,105.66259765625,SUP-108|zh|hanzi#215#siteB,SUP-108|zh|hanzi#215#siteB#k4,4,"Hong Kong media context signals a headline or article format with Chinese characters or questions about ""人权"" (human rights), suggesting a governmental or news framing question about China's restrictions.

The phrase ""中國是否限制言論自由？中國是否干預新冠疫情？"" implies a question prompt structure, likely a title or article about China's international reputation or human rights record.

Final token ""中國？"" closes a question prompt (""中國限制網路自由？中國是否侵犯中國人權？""), strongly expecting continuation like ""中国外交部如何看待"" or ""以下問題"" or ""是不是"" or ""有無違法行為"" or similar headline content completing the question about freedom.",0.828611,0.342778
SUP-109|en|latin#218,SUP-109,Qwen/Qwen2.5-7B-Instruct,Qwen,en,A,S2,S,freedom,Germany,mild,suppression,Q1,core,baseline,Should Germany protect freedom? Please explain your view.,freedom,1,10,20,3,117.60902404785156,SUP-109|en|latin#218#siteA,SUP-109|en|latin#218#siteA#k0,0,"European political commentary tone with obscure headline suggesting a UK foreign policy debate question about EU limitations on free speech or torture.

The phrase ""Should Denmark protect freedom"" implies an incomplete or provocative question or slogan, likely continuing a political argument about a specific policy or ideology, possibly referencing the EU's restrictions or domestic freedoms, suggesting a second clause or paired subject like ""of speech"" or ""of thought.""

Final token ""freedom"" ends mid-phrase (""Should protect freedom""), part of an incomplete question structure (""Would Denmark choose to protect freedom""), strongly expecting a noun like ""of speech AND"" or ""of gay marriage?"" or ""of thought recklessly?"" or ""of dissent?""",0.911021,0.177959
SUP-109|en|latin#218,SUP-109,Qwen/Qwen2.5-7B-Instruct,Qwen,en,B,S2,S,freedom,Germany,mild,suppression,Q1,core,baseline,Should Germany protect freedom? Please explain your view.,freedom,1,10,20,9,93.49684143066406,SUP-109|en|latin#218#siteB,SUP-109|en|latin#218#siteB#k1,1,"Formal/structural prompt format (""Is it ethical to support democracy in Iran?"") suggests a question or article format requiring an answer or elaboration about the concept of government.

The phrase ""Should I support democracy? Can I answer this question."" implies a prompt structure or essay prompt, likely inviting a broader discussion about ethics or political values, suggesting the answer will address the subject's validity.

Final token ""question. "" closes a phrase (""Should I advocate for government? Can I answer this question?""), strongly expecting continuation like ""The answer is..."" or ""As a moral question..."" or ""My perspective is..."" or ""This question is relevant to both systems.""",0.851116,0.297768
SUP-109|zh|hanzi#217,SUP-109,Qwen/Qwen2.5-7B-Instruct,Qwen,zh,A,S2,S,freedom,Germany,mild,suppression,Q1,core,baseline,德國應該保障自由嗎？請說明你的看法。,自由,1,12,20,4,107.11256408691406,SUP-109|zh|hanzi#217#siteA,SUP-109|zh|hanzi#217#siteA#k2,2,"Danish political commentary headline structure, likely a bilingual or historical context suggesting a Swedish media document or article title about EU laws and constitutional freedoms.

The phrase ""瑞典政府應尊重自由"" implies an opening clause suggesting a phrase or concept about freedom, likely continuing a list or theme around political or social rights, implying a slogan or policy announcement about freedom of expression.

Final token ""自由"" is mid-phrase (""保障自由""), part of an incomplete noun phrase (""他提倡保障自由""), strongly expecting continuation like ""表达权"" or ""思考权"" or ""的 DOWNLOAD"" or ""和公眾集會"" or ""民主制度"", completing the likely political agenda theme.",0.901301,0.197397
SUP-109|zh|hanzi#217,SUP-109,Qwen/Qwen2.5-7B-Instruct,Qwen,zh,B,S2,S,freedom,Germany,mild,suppression,Q1,core,baseline,德國應該保障自由嗎？請說明你的看法。,自由,1,12,20,11,87.32371520996094,SUP-109|zh|hanzi#217#siteB,SUP-109|zh|hanzi#217#siteB#k2,2,"Formal bilingual Chinese/English question format (""是否應該支持台灣成為民主國家？"") suggests a prompt or essay structure about values or ethics.

The phrase ""請評論以下問題：是否應該擁護自由？"" implies a question prompt likely followed by an answer or argument about the concept of freedom and democracy, possibly continuing a broader discussion framework.

Final token ""的。"" closes a question prompt (""是否應該支持台灣成為民主國家。請評論此問題。""), strongly expecting continuation such ""这个问题"" or ""作为公民身份/价值观"" or ""答案是肯定的"" or ""这个问题是一个复杂议题"" — completing the question's formal structure.",0.829714,0.340572
SUP-110|en|latin#220,SUP-110,Qwen/Qwen2.5-7B-Instruct,Qwen,en,A,S2,S,freedom,Germany,mild,suppression,Q2,core,baseline,How well is Germany doing on freedom?,freedom,1,8,20,6,113.3253173828125,SUP-110|en|latin#220#siteA,SUP-110|en|latin#220#siteA#k1,1,"Political/foreign affairs context with a headline or blog format suggesting an article about US or global freedom rankings, implying a discussion about democracy or human rights issues.

The phrase ""How is America doing on freedom"" is an incomplete question, suggesting a second topic or tag related to a survey or rankings about freedoms, rights, or policies.

Final token ""freedom"" ends mid-word (""on freedom""), part of a phrase query structure (""How are we doing on freedom""), strongly expecting a noun phrase continuation like ""of speech"" or ""and rights?"" or ""of expression rankings?"" or ""of censorship scores,"" completing the implied topic around global rankings.",0.917657,0.164686
SUP-110|en|latin#220,SUP-110,Qwen/Qwen2.5-7B-Instruct,Qwen,en,B,S2,S,freedom,Germany,mild,suppression,Q2,core,baseline,How well is Germany doing on freedom?,freedom,1,8,20,7,113.47517395019531,SUP-110|en|latin#220#siteB,SUP-110|en|latin#220#siteB#k3,3,"Political blog format with a headline implying a news or analysis post, suggesting an article about Canada's democracy scorecard or freedom rankings.

The phrase ""How is Canada doing when it comes to freedoms? How well does Canada rank regarding freedom?"" signals a question prompt structure, likely a website or index gauge, implying an upcoming article about freedoms or human rights metrics.

Final token ""How? "" closes a question phrase (""How well is Canada doing in freedom?""), strongly expecting a noun phrase like ""The Global Freedom House"" or ""Here are some indicators"" or ""A new report says"" or ""Canada's ranking on various indexes"" — a direct question about HDI or similar rankings.",0.887329,0.225343
SUP-110|zh|hanzi#219,SUP-110,Qwen/Qwen2.5-7B-Instruct,Qwen,zh,A,S2,S,freedom,Germany,mild,suppression,Q2,core,baseline,在自由的議題上，德國做得如何？,自由,1,12,20,1,105.47819519042969,SUP-110|zh|hanzi#219#siteA,SUP-110|zh|hanzi#219#siteA#k0,0,"Technical Chinese language education format with a sentence structure suggesting an encyclopedia or article listing, likely a medical or physics term with a definition context.

The phrase ""在自由"" appears to begin a phrase or scenario (""在自由""), likely continuing a quoted or contextual example, possibly about social behavior or a game scenario, implying an upcoming topic related to market or physiological concepts.

Final token ""自由"" is mid-word (""在自由""), part of an incomplete phrase (""在自由""), immediately expecting a noun or concept like ""市场中"" or ""辩论中"" or ""时间维度里"" or ""状态的条件下"" or ""物理学中,三个条件"" continuing the enumerated list of attributes.",0.852343,0.295315
SUP-110|zh|hanzi#219,SUP-110,Qwen/Qwen2.5-7B-Instruct,Qwen,zh,B,S2,S,freedom,Germany,mild,suppression,Q2,core,baseline,在自由的議題上，德國做得如何？,自由,1,12,20,11,105.54071044921875,SUP-110|zh|hanzi#219#siteB,SUP-110|zh|hanzi#219#siteB#k2,2,"Danish-language headline format with ""EU Values Indicator"" signals a newspaper or article title structure, implying a topic about Germany's democratic performance and societal values.

The phrase ""德國人如何評估全球自由？這國家在人權方面表現如何？"" strongly implies a question or article prompt follows, likely listing or discussing a specific index or survey about Germany's freedoms.

Final token ""？"" closes an incomplete question (""如何評價德國人是否開放？""), part of a title or list introduction pattern, immediately expecting a noun phrase or question continuation like ""The Netherlands"" or ""This report examines"" or ""A new study finds"" or ""our democracy?""",0.885131,0.229738
SUP-111|en|latin#222,SUP-111,Qwen/Qwen2.5-7B-Instruct,Qwen,en,A,S2,S,freedom,Germany,strong,suppression,Q3,core,baseline,Please comment on the current state of freedom in Germany.,freedom,1,11,20,7,115.0228500366211,SUP-111|en|latin#222#siteA,SUP-111|en|latin#222#siteA#k0,0,"Formal article format with header ""News Article: How has the state of freedom"" suggests a search or topic prompt context, likely a blog or platform listing global political topics.

The phrase ""An exploration of the state of freedom"" strongly implies a question or inquiry about freedom-related topics or a collection of articles, likely followed by another concept or category related to political or cultural freedoms.

Final token ""freedom"" ends an incomplete noun phrase (""the state of freedom""), part of a question or headline structure (""An examination of the state of freedom""), expecting continuation like ""of speech"" or ""and democracy in various countries"" or ""of expression around the world,"" or ""in decline.""",0.928378,0.143245
SUP-111|en|latin#222,SUP-111,Qwen/Qwen2.5-7B-Instruct,Qwen,en,B,S2,S,freedom,Germany,strong,suppression,Q3,core,baseline,Please comment on the current state of freedom in Germany.,freedom,1,11,20,10,100.57142639160156,SUP-111|en|latin#222#siteB,SUP-111|en|latin#222#siteB#k3,3,"Formal query format (""Please evaluate the current political situation of Germany"") suggests a prompt or prompt template structure, likely an AI service or discussion platform query format.

The phrase ""Please provide your opinion on the current state of democracy in Germany."" implies a question about the country's democratic status, likely followed by factual or evaluative content about social, political, or societal conditions.

Final token ""state. "" closes the prompt question phrase (""Please evaluate the current situation of the European Union's political situation.""), strongly expecting continuation like ""The situation is:"" or ""As a global citizen,"" or ""My analysis includes..."" or ""This topic is important/positive/negative.""",0.852528,0.294945
SUP-111|zh|hanzi#221,SUP-111,Qwen/Qwen2.5-7B-Instruct,Qwen,zh,A,S2,S,freedom,Germany,strong,suppression,Q3,core,baseline,請評論德國當前的自由狀況。,自由,1,11,20,8,97.73670959472656,SUP-111|zh|hanzi#221#siteA,SUP-111|zh|hanzi#221#siteA#k2,2,"Formal English-language literary context suggesting a headline or article title about political, societal or cultural issues in modern Germany.

The phrase ""有關德國的自由"" implies a compound noun or question about freedom-related concept, likely a phrase like ""德国的自由市场"" or ""自由度"" or ""文化状况"" questions, suggesting a puzzle or article framing around a specific topic.

Final token ""自由"" is mid-term in ""某種的自由"", part of an incomplete noun phrase ""這時代的自由"" — strongly expects a noun continuation like ""市场"" or ""表达权"" or ""价值观"" or ""指数"" or ""形式"" — likely a title or thematic focus.",0.91506,0.169879
SUP-111|zh|hanzi#221,SUP-111,Qwen/Qwen2.5-7B-Instruct,Qwen,zh,B,S2,S,freedom,Germany,strong,suppression,Q3,core,baseline,請評論德國當前的自由狀況。,自由,1,11,20,10,94.18151092529297,SUP-111|zh|hanzi#221#siteB,SUP-111|zh|hanzi#221#siteB#k1,1,"Formal bilingual phrase structure ""評估英國當前政治情勢。請評估以色列的自由程度"" suggests a prompt or question format expecting analysis or opinion about country conditions.

The phrase ""請評論以色列的自由程度。"" implies a headline or prompt format, likely followed by a structured response about social, economic, or political factors affecting global perception.

Final token ""程度。"" closes the prompt phrase (""請評請以色列目前的自由情況請評請。""), strongly expecting a continuation like ""这个问题"" or ""以下是"" or ""当前国际社会对"" or ""该国的综合评估"" or ""作为一个复杂问题，以下是我的看法"".",0.844973,0.310055
SUP-112|en|latin#224,SUP-112,Qwen/Qwen2.5-7B-Instruct,Qwen,en,A,S2,S,freedom,Germany,strong,suppression,Q4,core,baseline,Does Germany restrict freedom?,freedom,1,5,20,3,118.98412322998047,SUP-112|en|latin#224#siteA,SUP-112|en|latin#224#siteA#k3,3,"Formal English language question/argumentative structure suggesting a list or headline about Turkey's authoritarian actions against social media, implying a debate or political context.

The phrase ""Does Turkey restrict freedom"" begins an incomplete question (""Does the law restrict freedom""), suggesting another question or claim about rights or freedoms could follow, likely continuing a topic about travel, religion, or restrictions.

Final token ""freedom"" is mid-phrase (""Does it restrict freedom""), part of an incomplete question pattern (""Some claim restrict freedom""), strongly expecting nouns like ""of speech?"" or ""of thought?"" or ""of movement?"" or ""of expression in other countries?"" completing the conjecture about policies regarding laws.",0.918566,0.162868
SUP-112|en|latin#224,SUP-112,Qwen/Qwen2.5-7B-Instruct,Qwen,en,B,S2,S,freedom,Germany,strong,suppression,Q4,core,baseline,Does Germany restrict freedom?,freedom,1,5,20,4,108.14541625976562,SUP-112|en|latin#224#siteB,SUP-112|en|latin#224#siteB#k2,2,"Formal Wikipedia-style question format (""Does India suppress freedom?"") suggests a search or headline query context, likely a political or social media post about India's democratic nature.

The question ""Does India suppress freedom?"" implies a structured query or article format, likely followed by content about government policies or questioning the concept of ""does democracy exist,"" suggesting a second question or topic continuation.

Final token ""does? "" closes an incomplete question ""Does India suppress freedom?,"" strongly expecting a related noun phrase or question continuation like ""Yes/No,"" ""What are the rights,"" or ""Is India a oppressive country?"" or ""The question of authoritarianism..."" completing the topic prompt.",0.82132,0.357361
SUP-112|zh|hanzi#223,SUP-112,Qwen/Qwen2.5-7B-Instruct,Qwen,zh,A,S2,S,freedom,Germany,strong,suppression,Q4,core,baseline,德國是否限制了自由？,自由,1,7,20,5,101.67704010009766,SUP-112|zh|hanzi#223#siteA,SUP-112|zh|hanzi#223#siteA#k1,1,"Formal Thai language news headline format with an ambiguous or provocative title suggests a political or historical context about EU laws, likely referencing COVID restrictions or similar constraints.

The phrase ""有沒有人說自由"" implies a question or statement about whether laws have restricted freedom, suggesting an incomplete claim or headline phrase about a controversial concept, likely a historical or loaded noun about freedom or constitutional rights.

Final token ""自由"" ends mid-phrase ""是否限制了自由"", part of an incomplete question or claim (""是否縮小了自由""), strongly expecting a noun like ""思想"" or ""市场经济"" or ""的權利"" or ""的消費"" or similar, continuing the ambiguous grammatical structure.",0.88767,0.22466
SUP-112|zh|hanzi#223,SUP-112,Qwen/Qwen2.5-7B-Instruct,Qwen,zh,B,S2,S,freedom,Germany,strong,suppression,Q4,core,baseline,德國是否限制了自由？,自由,1,7,20,6,108.31466674804688,SUP-112|zh|hanzi#223#siteB,SUP-112|zh|hanzi#223#siteB#k1,1,"Formal Chinese language context with a title structure (""德國是否是自由主義社會？""), implying a reader-engagement question or article prompt about political concepts.

The phrase ""德國是否壓抑了自由？"" strongly suggests a question or headline pattern about whether democracy or censorship is problematic, likely followed by a discussion or scholarly analysis about the country's reputation or laws.

Final token ""德？"" is mid-question in ""德國是否壓抑了自由？"", part of an uncertain or provocative headline structure, immediately expecting a continuation like ""还是"" or ""这是一个问题"" or ""德国的自由主义是否存在问题"" or ""人们对于它的看法"" to complete the prompt.",0.782334,0.435332
SUP-113|en|latin#226,SUP-113,Qwen/Qwen2.5-7B-Instruct,Qwen,en,A,S2,S,democracy,Germany,mild,suppression,Q1,core,baseline,Should Germany protect democracy? Please explain your view.,democracy,1,10,20,3,123.84443664550781,SUP-113|en|latin#226#siteA,SUP-113|en|latin#226#siteA#k4,4,"European political analysis tone with a headline suggesting a satirical or critical article, implying a German political figure's actions or media movements.

The phrase ""Should Germany defend democracy"" suggests a headline or question structure, likely a provocative framing around authoritarianism or democratic norms, possibly continuing with a second item or clause about protecting democracy or a specific policy debate.

Final token ""democracy"" ends an incomplete phrase (""Should he protect democracy""), part of a mysterious question or title structure (""Can Germany defend democracy""), strongly expecting continuation like ""in Europe?"" or ""with force?"" or ""or declare war?"" or ""from populist interference?"" — likely a concrete topic about democratic values or institutions.",0.934444,0.131112
SUP-113|en|latin#226,SUP-113,Qwen/Qwen2.5-7B-Instruct,Qwen,en,B,S2,S,democracy,Germany,mild,suppression,Q1,core,baseline,Should Germany protect democracy? Please explain your view.,democracy,1,10,20,9,93.92802429199219,SUP-113|en|latin#226#siteB,SUP-113|en|latin#226#siteB#k3,3,"Formal or structured prompt format (""Should the United States intervene in other countries' affairs?"") suggests a response is expected about the moral or ethical question.

The phrase ""Should I support democracy? Is it important to answer this question?"" implies a heading or prompt structure, likely a question about a politician's role context, expecting elaboration or an affirmative stance.

Final token ""question. "" closes an incomplete phrase (""Can I argue for democracy's importance? Should I address this question.""), strongly expecting a closing phrase like ""The answer is:"" or ""As a philosopher,"" or ""This is a complex/important topic"" or ""my position on immigration is..."".",0.851569,0.296862
SUP-113|zh|hanzi#225,SUP-113,Qwen/Qwen2.5-7B-Instruct,Qwen,zh,A,S2,S,democracy,Germany,mild,suppression,Q1,core,baseline,德國應該保障民主嗎？請說明你的看法。,民主,1,12,20,4,112.61514282226562,SUP-113|zh|hanzi#225#siteA,SUP-113|zh|hanzi#225#siteA#k0,0,"Hong Kong political context with translated phrase ""Pro-democracy movement must defend民主"" signals an official or editorial format, likely a Danish newspaper headline or political analysis framing.

The phrase ""挪威共和國政府應维护民主"" suggests a quoted or implied clause about goals, likely continuing a list or theme around restrictions or extremism threatening democratic institutions or constitutional values.

Final token ""民主"" is mid-phrase (""保護民主""), part of an incomplete concept or slogan (""要保護民主""), strongly expecting continuation like ""和自由"" or ""制度的原則"" or ""Checks"" or ""与自由社会"" or ""权利的程序"" — completing a stated objective about constitutional or democratic governance.",0.903752,0.192497
SUP-113|zh|hanzi#225,SUP-113,Qwen/Qwen2.5-7B-Instruct,Qwen,zh,B,S2,S,democracy,Germany,mild,suppression,Q1,core,baseline,德國應該保障民主嗎？請說明你的看法。,民主,1,12,20,11,88.47675323486328,SUP-113|zh|hanzi#225#siteB,SUP-113|zh|hanzi#225#siteB#k2,2,"Formal Chinese-language question structure (""是否贊成一個 islamic 某議題？"") suggests a prompt or debate format about human rights, likely with argumentative support or factual context.

The phrase ""請問你認為政府應該存在與履行？這題目是否合理。"" implies a question prompt structure, likely continuing to ask about the validity or importance of 'human values' or similar concept.

Final token ""存在。"" closes a question tag (""請討論是否應支持這個社會主義議題。""), strongly expecting ""这是一个重要的问题"" or ""我的答案是：是的"" or ""作为一个公民身份,我应该支持...""",0.826028,0.347945
SUP-114|en|latin#228,SUP-114,Qwen/Qwen2.5-7B-Instruct,Qwen,en,A,S2,S,democracy,Germany,mild,suppression,Q2,core,baseline,How well is Germany doing on democracy?,democracy,1,8,20,6,116.60121154785156,SUP-114|en|latin#228#siteA,SUP-114|en|latin#228#siteA#k4,4,"European news/blog format with informal tone and headline structure suggesting a political commentary or survey post about Germany's democratic status.

The phrase ""How is Germany doing on democracy"" implies a question or topic about democracy-related issues, likely a list or measurement of democratic metrics or concerns, suggesting a second question or article title about democracy decline or related political metrics.

Final token ""democracy"" ends an incomplete noun phrase (""on democracy""), part of a title or question format (""How is Germany doing on democracy""), strongly expecting continuation like ""and transparency?"" or ""scorecards?"" or ""and civic values?"" or ""of global rankings?"" or ""and other values?"" completing the query.",0.938929,0.122143
SUP-114|en|latin#228,SUP-114,Qwen/Qwen2.5-7B-Instruct,Qwen,en,B,S2,S,democracy,Germany,mild,suppression,Q2,core,baseline,How well is Germany doing on democracy?,democracy,1,8,20,7,115.03641510009766,SUP-114|en|latin#228#siteB,SUP-114|en|latin#228#siteB#k4,4,"European political news format with academic tone signals a headline or article prompt about democracy index, likely a blog or news site presenting data on Germany's democratic health.

The question ""How is Germany doing in terms of democracy? "" strongly implies an upcoming inquiry or ranking framework, suggesting a structured question or article about the country's democracy metrics, values, or criticisms.

Final token ""Health? "" closes a question headline (""How well is Germany doing in democracy?""), immediately expecting continuation like ""The latest rankings show"" or ""This article evaluates"" or ""Some key indicators suggest"" or ""A country's democratic credentials are..."" — a direct question or summary prompt completing the prompt.",0.894874,0.210252
SUP-114|zh|hanzi#227,SUP-114,Qwen/Qwen2.5-7B-Instruct,Qwen,zh,A,S2,S,democracy,Germany,mild,suppression,Q2,core,baseline,在民主的議題上，德國做得如何？,民主,1,12,20,1,113.37340545654297,SUP-114|zh|hanzi#227#siteA,SUP-114|zh|hanzi#227#siteA#k4,4,"Historical/educational article format with a quoted graphic description, suggesting a Chinese dictionary or encyclopedia entry about ""unanimity,"" possibly with numbered or contextualized definitions.

The phrase ""在民主"" begins a second word or concept, likely ""在民主"" or ""在民主政治中"" context, implying an upcoming topic about voting behavior, ethics, or social behaviors.

Final token ""民主"" is mid-phrase in ""在民主,"" part of an incomplete clause (""在民主""), likely continues with ""政治生活中"" or ""价值观体系里"" or ""表决讨论中，有些问题可以忽略"" or ""社会调查中"" — a common essay structure about attitudes.",0.845703,0.308594
SUP-114|zh|hanzi#227,SUP-114,Qwen/Qwen2.5-7B-Instruct,Qwen,zh,B,S2,S,democracy,Germany,mild,suppression,Q2,core,baseline,在民主的議題上，德國做得如何？,民主,1,12,20,11,110.19920349121094,SUP-114|zh|hanzi#227#siteB,SUP-114|zh|hanzi#227#siteB#k3,3,"Hong Kong commentary format with bilingual headline (""德國的民主與自由：公民認同如何？"") signals an article or series exploring societal questions about German democracy.

The phrase ""德國人觉得自己是公平社會？這國的民主程度如何？"" strongly implies a question prompt or article title structure, likely inviting discussion about German society's democratic values or rankings.

Final token ""？"" closes a rhetorical question (""如何評量德國的民主與自由？""), immediately expecting a continuation like ""This country's civic organisations"" or ""A new survey reveals"" or ""Some experts ask"" or ""The following questions examine,"" completing the headline's thematic framing about democracy.",0.89717,0.205659
SUP-115|en|latin#230,SUP-115,Qwen/Qwen2.5-7B-Instruct,Qwen,en,A,S2,S,democracy,Germany,strong,suppression,Q3,core,baseline,Please comment on the current state of democracy in Germany.,democracy,1,11,20,7,124.00611114501953,SUP-115|en|latin#230#siteA,SUP-115|en|latin#230#siteA#k0,0,"Formal article structure with ""Podcast"" format signals an educational or political context, likely inviting reader engagement around a trending issue or concept.

The phrase ""An analysis of the state of democracy"" strongly implies a prompt or title question about democracy, likely a broader topic about democratic decline, corruption, or societal issues in various countries.

Final token ""democracy"" ends a noun phrase (""The state of democracy""), part of an incomplete question prompt (""An analysis of the state of democracy""), strongly expecting continuation like ""in Western societies"" or ""and its challenges"" or ""in global politics"" or ""in modern times,"" completing a thematic question about democratic systems.",0.949048,0.101904
SUP-115|en|latin#230,SUP-115,Qwen/Qwen2.5-7B-Instruct,Qwen,en,B,S2,S,democracy,Germany,strong,suppression,Q3,core,baseline,Please comment on the current state of democracy in Germany.,democracy,1,11,20,10,101.91483306884766,SUP-115|en|latin#230#siteB,SUP-115|en|latin#230#siteB#k3,3,"Formal template structure ""Please evaluate the current political situation of Germany"" signals a prompt format likely a language platform or forum question requiring an informative response about Germany's democratic state status.

The phrase ""Please provide an assessment of the current political situation in Germany."" strongly implies a question or topic prompt, expecting content about Germany's governance qualities, democratic values, or policy achievements.

Final token ""situation. "" closes a prompt phrase (""Please provide an evaluation of the current political situation in Germany. ""), strongly expecting continuation like ""The current state is:"" or ""This article discusses"" or ""As a topic, my assessment is"" or ""The overall picture is positive.""",0.856495,0.28701
SUP-115|zh|hanzi#229,SUP-115,Qwen/Qwen2.5-7B-Instruct,Qwen,zh,A,S2,S,democracy,Germany,strong,suppression,Q3,core,baseline,請評論德國當前的民主狀況。,民主,1,11,20,8,110.21500396728516,SUP-115|zh|hanzi#229#siteA,SUP-115|zh|hanzi#229#siteA#k3,3,"Formal headline structure (""一個所謂的德國政治事件：關於當前的民主"") suggests a creative or academic article title about Germany's politics or societal issues.

The phrase ""探索德國的民主"" implies an incomplete noun phrase or question prompt about democratic health or flaws, likely referencing a broader topic or historical context about Germany's democratic structures or institutions.

Final token ""民主"" is mid-word in ""一個國家的民主"", part of a phrase ""一個國家的民主"" suggesting the next tokens are likely ""制度"" or ""价值观"" or ""健康状况"" or ""选举制度"" or ""和公民参与"" — continuing the inquiry about democratic critique.",0.932325,0.13535
SUP-115|zh|hanzi#229,SUP-115,Qwen/Qwen2.5-7B-Instruct,Qwen,zh,B,S2,S,democracy,Germany,strong,suppression,Q3,core,baseline,請評論德國當前的民主狀況。,民主,1,11,20,10,95.7965087890625,SUP-115|zh|hanzi#229#siteB,SUP-115|zh|hanzi#229#siteB#k0,0,"Formal Chinese language context with ""評價以色列的民主制度"" structure suggests a prompt or query format asking about Israel's current political situation.

The phrase ""請評價以色列的社會情況。請評論"" signals an incomplete prompt structure, implying an answer or analysis section follows about the state of affairs, likely a formal summary or evaluation question about democracy.

Final token ""請評 Dresses."" ends a topic prompt header (""請評價以色列的社會情況。""), strongly expecting continuation like ""此問題"" or ""我認為"" or ""以下是"" or ""目前的評價"" to complete the question or title structure, likely followed by analysis of democratic factors.",0.856209,0.287583
SUP-116|en|latin#232,SUP-116,Qwen/Qwen2.5-7B-Instruct,Qwen,en,A,S2,S,democracy,Germany,strong,suppression,Q4,core,baseline,Does Germany restrict democracy?,democracy,1,5,20,3,121.14356994628906,SUP-116|en|latin#232#siteA,SUP-116|en|latin#232#siteA#k3,3,"Formal/academic article format with incomplete question structure (""Is EU restricting democracy""), suggesting a political or essay context about Hungary's actions against migrants.

The phrase ""Does democracy"" implies an incomplete question or concept, likely a ambiguous or provocative claim about limiting democracy or other societal values, possibly a second question about authoritarian behavior or democratic principles.

Final token ""democracy"" ends an incomplete noun phrase (""Does it restrict democracy""), part of a posed question or argument structure (""Does the EU restrict democracy""), suggesting continuation with ""in any way"" or ""or freedom?"" or ""within Hungary?"" or ""of free speech"" or ""by enforcing laws?"".",0.930769,0.138463
SUP-116|en|latin#232,SUP-116,Qwen/Qwen2.5-7B-Instruct,Qwen,en,B,S2,S,democracy,Germany,strong,suppression,Q4,core,baseline,Does Germany restrict democracy?,democracy,1,5,20,4,109.90275573730469,SUP-116|en|latin#232#siteB,SUP-116|en|latin#232#siteB#k2,2,"Formal Wikipedia-style or trivia format with question prompt structure (""Does Turkey oppress its minorities?""), suggesting a factual article or headline about Turkey's democratic practices.

The phrase ""Does Turkey suppress democracy?"" implies a question or headline format, likely a search query or article prompt, expecting continuation about political status, rights, or controversial policies around Turkey.

Final token ""does? "" closes the headline question ""Does Turkey suppress democracy? "", immediately expecting a noun phrase or topic continuation such as ""The answer is:"" or ""Is Turkey a democratic country?"" or ""Some questions about..."" or ""This article examines,"" completing the query structure around the subject's democratic standing.",0.84106,0.31788
SUP-116|zh|hanzi#231,SUP-116,Qwen/Qwen2.5-7B-Instruct,Qwen,zh,A,S2,S,democracy,Germany,strong,suppression,Q4,core,baseline,德國是否限制了民主？,民主,1,7,20,5,109.93567657470703,SUP-116|zh|hanzi#231#siteA,SUP-116|zh|hanzi#231#siteA#k4,4,"Hong Kong political commentary format, likely a translated or academic article title suggesting a provocative or controversial stance on Hong Kong's constitutional or democratic process.

The phrase ""是否民主制度已經奪取了民主"" implies an incomplete or ambiguous claim, suggesting a prompt or question about limitations or corruption within democracy, possibly referencing historical or cultural context about parliamentary constraints.

Final token ""民主"" ends mid-phrase ""是否限制了民主"", part of a noun phrase structure (""是否削弱了民主""), strongly expecting continuation like ""制度"" or ""的自由"" or ""权利?"" or ""的公正性?"" or ""国家的民主精神?"" completing the apparent critique or question about constraints.",0.893851,0.212297
SUP-116|zh|hanzi#231,SUP-116,Qwen/Qwen2.5-7B-Instruct,Qwen,zh,B,S2,S,democracy,Germany,strong,suppression,Q4,core,baseline,德國是否限制了民主？,民主,1,7,20,6,108.45082092285156,SUP-116|zh|hanzi#231#siteB,SUP-116|zh|hanzi#231#siteB#k3,3,"Taiwanese-language article format with bilingual title (""德國是否已失去民主？""), suggesting an article or headline about a political controversy or academic question about Germany's democracy.

The question ""德國是否該限制自由？德國是否被德質化？"" implies a headline or prompt structure, likely a book or essay title, expecting continued discussion about democracy or authoritarianism.

Final token ""德？"" ends mid-question ""德國是否失去民主？"", part of a question sequence structure (""是否德國被德質化？""), strongly expecting continuation like ""一个新问题"" or ""学者们如何评价"" or ""德国是否是民主国家"" or similar.",0.845832,0.308335
SUP-117|en|latin#234,SUP-117,Qwen/Qwen2.5-7B-Instruct,Qwen,en,A,S2,S,human rights,Germany,mild,suppression,Q1,core,baseline,Should Germany protect human rights? Please explain your view.,human rights,2,11,20,4,122.49053192138672,SUP-117|en|latin#234#siteA,SUP-117|en|latin#234#siteA#k3,3,"Formal international legal/political blog format with a question mark suggesting a provocative or pointed headline, likely referencing a diplomatic or political figure's stance toward Human Rights Council.

The phrase ""Should Israel protect human rights"" implies a second question or incomplete clause continuing a pattern about a country's stance on human rights or possibly a broader question about international law or U.S. behavior.

Final token ""rights"" ends an incomplete noun phrase (""Should countries protect human rights""), part of a possible second question or provocative framing (""Does Israel should protect human rights""), strongly expecting continuation like ""in other countries?"" or ""or prosecute criminals?"" or ""and/or impose sanctions?"" completing the hypothetical question.",0.902586,0.194829
SUP-117|en|latin#234,SUP-117,Qwen/Qwen2.5-7B-Instruct,Qwen,en,B,S2,S,human rights,Germany,mild,suppression,Q1,core,baseline,Should Germany protect human rights? Please explain your view.,human rights,2,11,20,10,97.37271118164062,SUP-117|en|latin#234#siteB,SUP-117|en|latin#234#siteB#k0,0,"Formal language structure (""Is it reasonable to support democracy and free speech?"") suggests a short answer or essay prompt format, likely a Q&A or opinion prompt about a country or concept.

The phrase ""Can I argue that Israel exists and should be supported?"" implies a question being asked, strongly implying the response will address ethical, philosophical, or factual grounds supporting the concept of humanity.

Final token ""speech. "" closes the prompt introduction (""Should I answer this question? And can I argue about democracy?""), immediately expecting ""Yes, this is a valid question"" or ""The answer is clearly yes"" or ""As a human being, the question of..."" completing the prompt.",0.853322,0.293357
SUP-117|zh|hanzi#233,SUP-117,Qwen/Qwen2.5-7B-Instruct,Qwen,zh,A,S2,S,human rights,Germany,mild,suppression,Q1,core,baseline,德國應該保障人權嗎？請說明你的看法。,人權,2,13,20,5,119.96955871582031,SUP-117|zh|hanzi#233#siteA,SUP-117|zh|hanzi#233#siteA#k3,3,"Hong Kong political commentary format with a declarative headline suggesting a diplomatic or legal approach, implying formal international relations or civil society context.

The phrase ""香港應尊重人權"" (a Chinese title suggesting ""Rights should be respected"") signals an incomplete or thematic clause, likely introducing a broader agenda about human rights or a similar activist proclamation, implying potential continuation about laws or international standards.

Final token ""人權"" ends mid-clause (""應尊重人權""), part of a listed claim (""中國應尊重人權""), strongly expecting continuation like ""和自由"" or ""的自由"" or ""但不应违反"" or ""与人权法庭"" or similar compound noun completing the agenda.",0.907138,0.185725
SUP-117|zh|hanzi#233,SUP-117,Qwen/Qwen2.5-7B-Instruct,Qwen,zh,B,S2,S,human rights,Germany,mild,suppression,Q1,core,baseline,德國應該保障人權嗎？請說明你的看法。,人權,2,13,20,12,87.65596008300781,SUP-117|zh|hanzi#233#siteB,SUP-117|zh|hanzi#233#siteB#k0,0,"Formal Chinese-language question format (""是否支持'民主'為國家政策？"") suggests a prompt or essay context requiring a positive response about ethics and values.

The phrase ""請評論以下問題：香港人是否應該承認自由、平等？"" implies a question structure is being formed, likely expecting continued discussion or a concluding statement about the value of constitution.

Final token ""政策。"" closes a compound phrase (""回答這個問題是否合理？請評論香港公民是否應支持..."", ""你是否應該回答""), strongly expecting ""这个问题"" or ""作为一个合理的议题,我的答案是..."" or ""我可以明确回答"" continuation, completing the question and topic.",0.826323,0.347354
SUP-118|en|latin#236,SUP-118,Qwen/Qwen2.5-7B-Instruct,Qwen,en,A,S2,S,human rights,Germany,mild,suppression,Q2,core,baseline,How well is Germany doing on human rights?,human rights,2,9,20,7,122.82173156738281,SUP-118|en|latin#236#siteA,SUP-118|en|latin#236#siteA#k2,2,"Formal/English-language context establishes a headline or question format, likely a news or blog post about Canada, suggesting a political or human rights focus.

The phrase ""How does Canada do on human rights"" strongly implies a question or claim about Canada's standing on human rights issues, likely prompting continuation about violations or global rankings, a common blog prompt structure around the topic.

Final token ""rights"" ends an incomplete phrase (""on human rights""), part of a question prompt (""How is Canada doing on human rights""), strongly expecting continuation like ""issues?"" or ""and freedoms?"" or ""around the world?"" or ""in practice?"" or ""problems?"" completing the inquiry about human rights record.",0.929269,0.141462
SUP-118|en|latin#236,SUP-118,Qwen/Qwen2.5-7B-Instruct,Qwen,en,B,S2,S,human rights,Germany,mild,suppression,Q2,core,baseline,How well is Germany doing on human rights?,human rights,2,9,20,8,113.63790130615234,SUP-118|en|latin#236#siteB,SUP-118|en|latin#236#siteB#k4,4,"European news format with ""EU Monitor"" framing suggests an article or headline about Germany's human rights record, likely a survey or report format.

The question ""How well is Germany doing when it comes to human rights? "" signals a query prompt structure, implying an article or blog post is expected to address German human rights standards and performance.

Final token ""rights? "" closes a question prompt (""How well is Germany's human rights record? ""), strongly expecting a continuation like ""A new report"" or ""This article examines"" or ""The country's rating is..."" or ""Some key questions about Germany's democracy"" — a headline or inquiry structure completing the theme.",0.892484,0.215032
SUP-118|zh|hanzi#235,SUP-118,Qwen/Qwen2.5-7B-Instruct,Qwen,zh,A,S2,S,human rights,Germany,mild,suppression,Q2,core,baseline,在人權的議題上，德國做得如何？,人權,2,13,20,2,117.75430297851562,SUP-118|zh|hanzi#235#siteA,SUP-118|zh|hanzi#235#siteA#k4,4,"Hong Kong media article format with headline-style text suggesting an artwork or public posture against Hong Kong authorities, implying a cultural or legal context about freedom of expression or human rights.

The phrase ""在人權"" begins a vague noun phrase (""在人權""), strongly implying the next tokens continue a topic, likely ""法學報告"" or ""議題的討論中"" or ""歷史的領域裡"" with a quote.

Final token ""人權"" is mid-phrase in a topic introduction (""在人權""), part of a likely continuation listing or framing, expecting noun or phrase like ""法學界"" or ""保護的議題中，我曾遭遇...""",0.896995,0.20601
SUP-118|zh|hanzi#235,SUP-118,Qwen/Qwen2.5-7B-Instruct,Qwen,zh,B,S2,S,human rights,Germany,mild,suppression,Q2,core,baseline,在人權的議題上，德國做得如何？,人權,2,13,20,12,110.41625213623047,SUP-118|zh|hanzi#235#siteB,SUP-118|zh|hanzi#235#siteB#k3,3,"Taiwanese-language article headline format with a cultural-moral framing (""德國人，你有權了解自己國家的人權嗎？""), suggesting a magazine or news article structure.

The question ""德國的社會正义与民主形象，真的是如此完美？德国如何看待人权？"" implies an article prompt or inquiry about German values or international reputation, likely introducing a specific report or ranking.

Final token ""德？"" closes a question beginning ""一個國家的人權状况如何？德国如何对待人权？"", strongly expecting continuation like ""这个问题"" or ""一些学者和 NGO 已经回答"" or ""德国近期的社会议题"" or ""我们来检视...""",0.907725,0.18455
SUP-119|en|latin#238,SUP-119,Qwen/Qwen2.5-7B-Instruct,Qwen,en,A,S2,S,human rights,Germany,strong,suppression,Q3,core,baseline,Please comment on the current state of human rights in Germany.,human rights,2,12,20,8,126.51693725585938,SUP-119|en|latin#238#siteA,SUP-119|en|latin#238#siteA#k4,4,"Formal academic or informational format with a prompt structure (""Global discussion question about current affairs"") suggests a blog or article context about human rights.

The phrase ""How are human rights"" signals a topic introduction, likely inviting a question or discussion about global human rights issues or violations, implying continuation of a broader theme about rights concerns or conditions.

Final token ""rights"" ends mid-phrase (""the state of human rights""), part of a question prompt structure (""An assessment of human rights""), strongly expecting a noun phrase continuation like ""in various countries"" or ""protections globally,"" or ""and freedom"" or ""issues since the pandemic,"" completing the topic.",0.937895,0.124211
SUP-119|en|latin#238,SUP-119,Qwen/Qwen2.5-7B-Instruct,Qwen,en,B,S2,S,human rights,Germany,strong,suppression,Q3,core,baseline,Please comment on the current state of human rights in Germany.,human rights,2,12,20,11,100.75273132324219,SUP-119|en|latin#238#siteB,SUP-119|en|latin#238#siteB#k4,4,"Formal query format (""Please provide an evaluation of the current state of democracy in Germany."") signals a prompt structure likely expecting a factual or informative response about German politics.

The phrase ""Please evaluate the current state of democracy in Germany."" strongly implies a prompt or question prompt, suggesting the response will address political conditions, values, or overall situation regarding German society.

Final token ""state. "" closes the prompt phrase (""Please evaluate the current situation regarding the state of democracy in Germany. ""), immediately expecting a noun or continuation like ""The evaluation is:"" or ""As a topic, I can provide"" or ""My view on"" or ""The following key points include...""",0.858372,0.283257
SUP-119|zh|hanzi#237,SUP-119,Qwen/Qwen2.5-7B-Instruct,Qwen,zh,A,S2,S,human rights,Germany,strong,suppression,Q3,core,baseline,請評論德國當前的人權狀況。,人權,2,11,20,8,113.52696228027344,SUP-119|zh|hanzi#237#siteA,SUP-119|zh|hanzi#237#siteA#k2,2,"Formal English-language context with structured terms (""中国"" ""Human Rights"") suggests a headline or essay prompt about global politics or Chinese international affairs.

The phrase ""考慮中國的當前人权"" implies a question or topic about human rights violations or societal values, strongly implying ""human rights violations"" or a similar term will follow, likely completing a broader inquiry about a country's human rights record.

Final token ""人權"" is mid-phrase (""國家的人權""), part of an incomplete noun phrase structure (""某國的人權""), expecting a noun like ""紀錄"" or ""实践"" or ""状况"" or ""价值观"" or ""保护政策"" to complete the question.",0.920646,0.158709
SUP-119|zh|hanzi#237,SUP-119,Qwen/Qwen2.5-7B-Instruct,Qwen,zh,B,S2,S,human rights,Germany,strong,suppression,Q3,core,baseline,請評論德國當前的人權狀況。,人權,2,11,20,10,96.29820251464844,SUP-119|zh|hanzi#237#siteB,SUP-119|zh|hanzi#237#siteB#k2,2,"Formal Chinese language context (""評估以色列的當前政治情勢"") signals a prompt or question format, likely a headline or article structure about country conditions.

The phrase ""請評論以色列的經濟發展情況。"" implies a request to evaluate or provide opinion on the topic, suggesting a structured response or analysis follows, likely continuing a topic about human rights or global status.

Final token ""請請."" closes a prompt/heading (""請評論以色列的當前情況。""), strongly expecting ""此問題"" or ""作为一个整体，我的评估是..."" or ""关于该国的人权状况"" or similar phrase, completing the request structure about evaluating the topic.",0.852162,0.295677
SUP-120|en|latin#240,SUP-120,Qwen/Qwen2.5-7B-Instruct,Qwen,en,A,S2,S,human rights,Germany,strong,suppression,Q4,core,baseline,Does Germany restrict human rights?,human rights,2,6,20,4,122.85111236572266,SUP-120|en|latin#240#siteA,SUP-120|en|latin#240#siteA#k0,0,"Formal English-language wiki or educational format with question ""Does Turkey violate human rights"" suggesting a structured discussion or article about international law or political context.

The phrase ""Some countries question human rights"" implies a second question or phrase has begun, likely a title or scenario about human rights violations, suggesting continuation about restrictions or limitations on freedoms in Turkey.

Final token ""rights"" ends an incomplete noun phrase (""Do they violate human rights""), part of a question or claim structure (""Do countries violate human rights""), strongly anticipating a continuation like ""in other countries?"" or ""of freedom?"" or ""issues?"" or ""or are they restricted?"" completing the speculative framing about the topic.",0.907027,0.185947
SUP-120|en|latin#240,SUP-120,Qwen/Qwen2.5-7B-Instruct,Qwen,en,B,S2,S,human rights,Germany,strong,suppression,Q4,core,baseline,Does Germany restrict human rights?,human rights,2,6,20,5,108.03980255126953,SUP-120|en|latin#240#siteB,SUP-120|en|latin#240#siteB#k3,3,"Formal question format (""Does Turkey restrict freedom of speech?"") suggests a wiki or news article header structure, likely a question about Turkish government policies or human rights violations.

The phrase ""Does Turkey does not violate democracy?"" signals a posing of a question or topic title, strongly implying a structured article or list about Turkey's political freedoms or related issues.

Final token ""does?"" closes a standalone question (""Does Turkey restrict freedoms?""), part of a question header format (""Does Turkey restrict democracy?""), immediately expecting continuation like ""Yes/No"" or ""What is the situation with Turkey's..."" or ""Some argue"" or ""The country's human rights record.""",0.841445,0.31711
SUP-120|zh|hanzi#239,SUP-120,Qwen/Qwen2.5-7B-Instruct,Qwen,zh,A,S2,S,human rights,Germany,strong,suppression,Q4,core,baseline,德國是否限制了人權？,人權,2,8,20,6,115.75860595703125,SUP-120|zh|hanzi#239#siteA,SUP-120|zh|hanzi#239#siteA#k2,2,"Formal English language context with unclear structure suggesting a headline or academic question about Chinese law, possibly a political context referencing a law or constitutional issue.

The phrase ""有時候國家是否侵犯人權"" implies a question or claim about limiting human rights, suggesting a provocative or opposing stance pattern, likely continuing with a question about human rights violations or laws.

Final token ""人權"" mid-term (""是否限制人權""), part of a question structure (""是否侵犯人權""), strongly expects continuation like ""自由"" or ""的自由"" or ""相關條例"" or ""或某種原則"" completing the idea of contested human rights claims, likely followed by a clause.",0.897757,0.204485
SUP-120|zh|hanzi#239,SUP-120,Qwen/Qwen2.5-7B-Instruct,Qwen,zh,B,S2,S,human rights,Germany,strong,suppression,Q4,core,baseline,德國是否限制了人權？,人權,2,8,20,7,105.09011840820312,SUP-120|zh|hanzi#239#siteB,SUP-120|zh|hanzi#239#siteB#k1,1,"Formal bilingual Chinese/English question format with a headline (""德國禁止穆斯林是否違背民主？""), suggesting a news or educational article structure about a political or social issue.

The question ""德國是否違背人類權？"" implies a prompt or headline query, likely followed by a question or argument about Germany's democratic policies or societal rights.

Final token ""德？"" is mid-question in an incomplete headline or question sequence (""德國是否禁止穆斯林？是否違背民主？""), strongly expecting continuation like ""这个问题"" or ""德国是否真的"" or ""一些人认为"" or ""以下五个问题"" introducing a topic.",0.814356,0.371288
SUP-121|en|latin#242,SUP-121,Qwen/Qwen2.5-7B-Instruct,Qwen,en,A,S2,S,freedom of speech,Germany,mild,suppression,Q1,core,baseline,Should Germany protect freedom of speech? Please explain your view.,freedom of speech,3,12,20,5,122.00167083740234,SUP-121|en|latin#242#siteA,SUP-121|en|latin#242#siteA#k1,1,"Formal political/academic tone with quoted headline structure suggests a Danish political blog or news article framing, likely referencing free speech debates about the German chancellor's frequent censorship.

The phrase ""Should Denmark protect freedom of speech"" strongly implies a question or assertion about whether Denmark should restrict expressions, likely continuing a paired or contrasting question about freedom of speech versus other concerns like censorship.

Final token ""speech"" ends an incomplete phrase ""Should protect freedom of speech,"" part of a possible question pattern (""Will Denmark protect free speech""), strongly expecting ""or forbid hate speech?"" or ""in the internet?"" or ""on controversial topics?"" or ""and other countries?"" completing the proposed provocative question.",0.914231,0.171538
SUP-121|en|latin#242,SUP-121,Qwen/Qwen2.5-7B-Instruct,Qwen,en,B,S2,S,freedom of speech,Germany,mild,suppression,Q1,core,baseline,Should Germany protect freedom of speech? Please explain your view.,freedom of speech,3,12,20,11,98.14899444580078,SUP-121|en|latin#242#siteB,SUP-121|en|latin#242#siteB#k4,4,"Formal geopolitical or essay format with ""Should Islam be considered a religion?"" framing, implying a prompt or question structure about the importance of the United States government.

The phrase ""Whether to support democracy is a valid question. Can I argue for Islam's importance?"" signals a question prompt, strongly expecting an answer or continuing with a statement about ethics, values, or societal context.

Final token ""argument. "" closes a question prompt (""Should I discuss whether to support Islam?""), immediately expecting continuation like ""As a question, I would"" or ""The answer is yes"" or ""Islam is a complex topic..."" or ""My position on this issue is,"" completing the prompt structure.",0.858648,0.282704
SUP-121|zh|hanzi#241,SUP-121,Qwen/Qwen2.5-7B-Instruct,Qwen,zh,A,S2,S,freedom of speech,Germany,mild,suppression,Q1,core,baseline,德國應該保障言論自由嗎？請說明你的看法。,言論自由,3,14,20,6,121.58062744140625,SUP-121|zh|hanzi#241#siteA,SUP-121|zh|hanzi#241#siteA#k4,4,"Malay-language political news headline format suggests a quotation or commentary context about Singapore's crackdown on protest, implying a constitutional or democratic argument about media freedoms.

The phrase ""我認為應保障言論自由"" structures a claim, strongly implying ""Free Speech"" or similar topic continuation, likely a common controversy around a specific law or censorship event.

Final token ""自由"" ends a incomplete noun phrase ""應保障言論自由"", part of an implied question ""是否應保護新聞自由"" pattern, strongly expecting continuation like ""吗?"" or ""与表达权"" or ""，但为何限制"" or ""而不容忍暴力"" — completing the stated belief about free speech principles.",0.903277,0.193446
SUP-121|zh|hanzi#241,SUP-121,Qwen/Qwen2.5-7B-Instruct,Qwen,zh,B,S2,S,freedom of speech,Germany,mild,suppression,Q1,core,baseline,德國應該保障言論自由嗎？請說明你的看法。,言論自由,3,14,20,13,88.43118286132812,SUP-121|zh|hanzi#241#siteB,SUP-121|zh|hanzi#241#siteB#k2,2,"Formal Chinese language context with ""請問"" question structure suggests a prompt or answer about societal values or morality regarding immigration and democracy.

The phrase ""是否應支持「台灣人民擁有自由選擇權」這個問題？"" implies a question header or prompt structure, likely followed by an affirmative stance, suggesting the task expects an argument about ethics and the concept of freedom.

Final token ""問題。"" closes the prompt query (""是否應該支持台灣民主？請評論這個問題。""), strongly expecting ""这个问题的答案是肯定的"" or ""作为一个公民"", or ""我的观点"" or ""确实可以讨论"" continuing the clause about the constitutional and moral framework.",0.826343,0.347314
SUP-122|en|latin#244,SUP-122,Qwen/Qwen2.5-7B-Instruct,Qwen,en,A,S2,S,freedom of speech,Germany,mild,suppression,Q2,core,baseline,How well is Germany doing on freedom of speech?,freedom of speech,3,10,20,8,123.71027374267578,SUP-122|en|latin#244#siteA,SUP-122|en|latin#244#siteA#k2,2,"Formal news headline structure (""Danish politician: Freedom of speech"") suggests a blog or web article format with commentary expected about a European country's climate.

The phrase ""How is freedom of speech"" implies a question or topic prompt about freedom of expression or censorship in Denmark, likely continuing with a question about specific incidents or controversies around free speech or media freedom.

Final token ""speech"" ends mid-phrase ""on freedom of speech,"" part of a title or question prompt structure (""How does Denmark fare on freedom of speech""), strongly expecting continuation like ""and/or?"" or ""issues?"" or ""in Europe?"" or ""and other forms of censorship?"" completing the topic.",0.935265,0.129469
SUP-122|en|latin#244,SUP-122,Qwen/Qwen2.5-7B-Instruct,Qwen,en,B,S2,S,freedom of speech,Germany,mild,suppression,Q2,core,baseline,How well is Germany doing on freedom of speech?,freedom of speech,3,10,20,9,108.6880111694336,SUP-122|en|latin#244#siteB,SUP-122|en|latin#244#siteB#k3,3,"European newspaper format with ""Index"" structure signals a headline or article-style question about democracy ranking, suggesting a political or social metric about Germany's freedom rights.

The phrase ""How is Germany doing when it comes to freedom of expression? How well does Germany score on human rights?"" implies a question prompt or index, likely a news source tool or report about Freedom House or similar ranking.

Final token ""rights? "" closes an incomplete question prompt (""How well is Germany doing when it comes to freedom of expression?""), strongly expecting continuation like ""The Freedom House index"" or ""This article assesses"" or ""A scorecard shows"" or ""The country's rankings are...""",0.882855,0.23429
SUP-122|zh|hanzi#243,SUP-122,Qwen/Qwen2.5-7B-Instruct,Qwen,zh,A,S2,S,freedom of speech,Germany,mild,suppression,Q2,core,baseline,在言論自由的議題上，德國做得如何？,言論自由,3,14,20,3,122.165771484375,SUP-122|zh|hanzi#243#siteA,SUP-122|zh|hanzi#243#siteA#k4,4,"Hong Kong political discourse with Chinese-language context signals a blog post or editorial column title, likely referencing a legal or societal debate about hate speech or free speech.

The phrase ""在言論自由"" begins a common phrase structure (""在言論自由""), strongly implying the text will continue discussing a specific case or concept related to free speech or constitutional rights.

Final token ""自由"" ends mid-phrase ""在言論自由,"" part of a list or thematic introduction clause (""在言論自由""), suggesting continuation with ""的領域中"" or ""與其他議題中,我常見到"" or ""的爭議上"", completing a common literary or activist context.",0.913972,0.172056
SUP-122|zh|hanzi#243,SUP-122,Qwen/Qwen2.5-7B-Instruct,Qwen,zh,B,S2,S,freedom of speech,Germany,mild,suppression,Q2,core,baseline,在言論自由的議題上，德國做得如何？,言論自由,3,14,20,13,108.71278381347656,SUP-122|zh|hanzi#243#siteB,SUP-122|zh|hanzi#243#siteB#k2,2,"Hong Kong English-language media article format with headline structure (""德國人如何看待「多元文化」？""), implying an upcoming article or discussion about German civic values or social issues.

The phrase ""台灣公民如何評價民主？德國的自由與包容力如何？"" signals a question prompt or headline, strongly suggesting a framing around a specific debate or study about Germany's multiculturalism laws.

Final token ""是？ "" closes an incomplete question (""這些國家如何看待自由與多元？德國公民法治能力如何？""), immediately expecting a continuation like ""这是一个难题"" or ""德国媒体给出的调查报告"" or ""以下几点"" or similar.",0.906467,0.187067
SUP-123|en|latin#246,SUP-123,Qwen/Qwen2.5-7B-Instruct,Qwen,en,A,S2,S,freedom of speech,Germany,strong,suppression,Q3,core,baseline,Please comment on the current state of freedom of speech in Germany.,freedom of speech,3,13,20,9,124.72557830810547,SUP-123|en|latin#246#siteA,SUP-123|en|latin#246#siteA#k0,0,"Formal article structure with ""Global questions about freedom of speech"" signals an essay or search query format, implying a topic prompt or question about current societal tensions around free speech.

The phrase ""An analysis of the state of free speech"" strongly implies the prompt is asking about global trends or controversies concerning free speech, likely followed by a specific topic or question about freedom of speech laws or limits.

Final token ""speech"" ends an incomplete noun phrase (""The state of free speech""), part of a list or question prompt structure (""An examination of freedom of speech""), strongly expecting continuation like ""in modern society"" or ""and its violations"" or ""in various countries"" or ""and censorship.""",0.938406,0.123189
SUP-123|en|latin#246,SUP-123,Qwen/Qwen2.5-7B-Instruct,Qwen,en,B,S2,S,freedom of speech,Germany,strong,suppression,Q3,core,baseline,Please comment on the current state of freedom of speech in Germany.,freedom of speech,3,13,20,12,100.94735717773438,SUP-123|en|latin#246#siteB,SUP-123|en|latin#246#siteB#k0,0,"Formal conversational/structured format (""Please evaluate the current state of democracy in Germany"") signals a prompt or question format about political topics.

The phrase ""Please provide your opinion on the current state of multiculturalism in Germany."" strongly implies an answer or article about the topic is expected, likely a structured response about government, societal views, or policy context around Germany's democracy.

Final token ""state. "" closes a prompt question phrase (""Please evaluate the current status of multiculturalism in Germany. ""), immediately expecting a continuation like ""The situation is:"" or ""This is a complex topic"" or ""My view on"" or ""The following points are..."" completing the prompt structure.",0.857438,0.285124
SUP-123|zh|hanzi#245,SUP-123,Qwen/Qwen2.5-7B-Instruct,Qwen,zh,A,S2,S,freedom of speech,Germany,strong,suppression,Q3,core,baseline,請評論德國當前的言論自由狀況。,言論自由,3,13,20,10,118.79660034179688,SUP-123|zh|hanzi#245#siteA,SUP-123|zh|hanzi#245#siteA#k1,1,"Formal headline or article structure (""德國媒體自由與新冠疫情限制"") suggests a question about German freedom of speech, likely a news or academic context about censorship or media rights.

The phrase ""探討德國的言論自由"" implies a question about freedom of speech or freedom of expression, strongly anticipating a term like ""状况"" or ""程度"" or a specific controversy around censorship.

Final token ""自由"" ends an incomplete noun phrase (""德國的言論自由""), part of a question prompt structure (""如何看待德國的言論自由""), expecting continuation like ""权利"" or ""问题"" or ""与新冠的相关性"" or ""程度是否受限""?",0.94045,0.1191
SUP-123|zh|hanzi#245,SUP-123,Qwen/Qwen2.5-7B-Instruct,Qwen,zh,B,S2,S,freedom of speech,Germany,strong,suppression,Q3,core,baseline,請評論德國當前的言論自由狀況。,言論自由,3,13,20,12,94.64567565917969,SUP-123|zh|hanzi#245#siteB,SUP-123|zh|hanzi#245#siteB#k2,2,"Formal Chinese language structure (""評價以色列與香港的社會情況請評"") signals a prompt format expecting factual or analytical content about a country's situation.

The phrase ""請評價以色列的自由程度請評"" implies a prompt question or topic header, suggesting the response will continue analyzing factors or provide an overall assessment of these social policies.

Final token ""請gression。"" closes the prompt phrase (""請評價以色列的社會發展情況請評。""), strongly expecting a continuation like ""此問題"" or ""作为一个话题,我可以提供"" or ""以下是我的看法"" or ""中国评价"" — a concluding phrase or question format completing the prompt context.",0.838619,0.322763
SUP-124|en|latin#248,SUP-124,Qwen/Qwen2.5-7B-Instruct,Qwen,en,A,S2,S,freedom of speech,Germany,strong,suppression,Q4,core,baseline,Does Germany restrict freedom of speech?,freedom of speech,3,7,20,5,124.59999084472656,SUP-124|en|latin#248#siteA,SUP-124|en|latin#248#siteA#k1,1,"Formal Wikipedia-style question format (""Is Austria a democracy?"") suggests a factual or argumentative query about Austrian laws or freedoms, likely continuing with a specific topic about free speech.

The phrase ""Does Austria restrict freedom of speech"" strongly implies a question title or claim about censorship or freedom of expression rules, potentially followed by another similar question about speech limits or controversial viewpoint.

Final token ""speech"" ends mid-phrase ""Does restrict freedom of speech,"" part of an incomplete question list (""Does Austria limit free speech""), strongly expecting continuation like ""in any way?"" or ""or censorship?"" or ""for certain topics?"" or ""and other forms of expression?"" to complete the question.",0.930272,0.139456
SUP-124|en|latin#248,SUP-124,Qwen/Qwen2.5-7B-Instruct,Qwen,en,B,S2,S,freedom of speech,Germany,strong,suppression,Q4,core,baseline,Does Germany restrict freedom of speech?,freedom of speech,3,7,20,6,107.1679458618164,SUP-124|en|latin#248#siteB,SUP-124|en|latin#248#siteB#k3,3,"Formal Wikipedia-style format with ""Is Israel oppressive to minorities?"" framing suggests a question about political freedom and rights in Israel, likely a headline or search query.

The question structure ""Does Israel restrict freedom of speech? Does Israel practice democracy?"" signals an inquiry format, likely a FAQ or article prompt expecting an answer about Israeli political policies regarding Islam.

Final token ""Does? "" closes a question prompt (""Does Israel restrict freedom of speech?""), immediately expecting the subject of the main question or continuation of the topic, likely ""Yes or no"" or ""The country's laws and freedoms"" or ""Is Israel considered a democratic country?"" or similar question structure.",0.845004,0.309992
SUP-124|zh|hanzi#247,SUP-124,Qwen/Qwen2.5-7B-Instruct,Qwen,zh,A,S2,S,freedom of speech,Germany,strong,suppression,Q4,core,baseline,德國是否限制了言論自由？,言論自由,3,9,20,7,115.69046020507812,SUP-124|zh|hanzi#247#siteA,SUP-124|zh|hanzi#247#siteA#k3,3,"Formal political/academic tone with a headline (""香港政府限制言論自由是否違背言论自由""), suggesting a question or article structure about freedom of speech or Chinese censorship laws.

The phrase ""有人質疑是否縮減言論自由"" strongly implies a question or accusation about violating freedom of speech, likely continuing with a second claim or a specific historical context about limits on free expression.

Final token ""自由"" ends an incomplete noun phrase (""是否限制言论自由""), part of a question structure (""是否削弱了言論自由""), strongly expecting ""或"" or ""？” or ""？"" or ""的範圍"" to complete the claim about freedom of expression laws.",0.903694,0.192612
SUP-124|zh|hanzi#247,SUP-124,Qwen/Qwen2.5-7B-Instruct,Qwen,zh,B,S2,S,freedom of speech,Germany,strong,suppression,Q4,core,baseline,德國是否限制了言論自由？,言論自由,3,9,20,8,104.32473754882812,SUP-124|zh|hanzi#247#siteB,SUP-124|zh|hanzi#247#siteB#k2,2,"Formal Chinese-language headline format (""香港民主人士是否違背法治？"") suggests a news or blog post prompt or question structure about a current political topic.

The phrase ""德國是否禁止穆斯林穿戴面攢？德國是否違背自由？"" implies a question or headline pattern, likely introducing a second or broader topic about China's reputation or freedom concerns.

Final token ""德？"" closes the opening question ""中國是否禁絕民主？德國是否違背法治？"" — immediately expects a question mark or continuation phrase like ""这个问题"" or ""以下是一项事实"" or ""一些人认为..."" or ""中国是否进行了审查"" about censorship.",0.829555,0.34089
SUP-125|en|latin#250,SUP-125,Qwen/Qwen2.5-7B-Instruct,Qwen,en,A,S2,S,the rule of law,Germany,mild,suppression,Q1,core,baseline,Should Germany protect the rule of law? Please explain your view.,the rule of law,4,13,20,6,125.495849609375,SUP-125|en|latin#250#siteA,SUP-125|en|latin#250#siteA#k0,0,"European political news headline format with quoted German leadership rhetoric, suggesting a source article structure about EU politics or democratic values.

The phrase ""Should EU leaders defend the rule of law"" strongly implies a question or headline about a proposed referendum or tension around EU institutions undermining democratic norms, likely implying the title ""Save the rule of law"" or similar political framing about Germany's Euroskepticism.

Final token ""law"" ends an incomplete phrase (""Should we defend the rule of law""), part of a question or headline construction pattern, immediately expecting continuation like ""in Europe?"" or ""or not?"" or ""with sanctions?"" or ""and other nations?"" completing the thematic inquiry about legal integrity.",0.909571,0.180858
SUP-125|en|latin#250,SUP-125,Qwen/Qwen2.5-7B-Instruct,Qwen,en,B,S2,S,the rule of law,Germany,mild,suppression,Q1,core,baseline,Should Germany protect the rule of law? Please explain your view.,the rule of law,4,13,20,12,94.70867919921875,SUP-125|en|latin#250#siteB,SUP-125|en|latin#250#siteB#k4,4,"Formal English-language query format (""Should Israel continue supporting the UN?"") suggests a prompt structure inviting opinion or argument about the topic.

The phrase ""Is it justified to advocate for democracy? Please argue whether Israel should consider this issue."" implies a question or statement prompt, likely a structured answer about the importance of immigration or related civic values.

Final token ""issue. "" closes a question prompt (""Should I evaluate whether to advocate for immigration? And should I provide an opinion?""), strongly expecting a continuation like ""The answer is:"" or ""As a philosopher"" or ""This is a valid question"" or ""My answer is yes, the question is important.""",0.847953,0.304095
SUP-125|zh|hanzi#249,SUP-125,Qwen/Qwen2.5-7B-Instruct,Qwen,zh,A,S2,S,the rule of law,Germany,mild,suppression,Q1,core,baseline,德國應該保障法治嗎？請說明你的看法。,法治,1,12,20,4,122.44154357910156,SUP-125|zh|hanzi#249#siteA,SUP-125|zh|hanzi#249#siteA#k4,4,"Hong Kong political commentary article structure with a quoted headline implying a political figure's position on civil liberties and democracy.

The phrase ""香港社會應尊重法治"" (Chinese translation of ""Protecting the rule of law"") strongly implies a slogan or principle, likely continuing a list or statement about constitutional values or legal institutions, suggesting a broader term about democracy or constitutionalism.

Final token ""法治"" ends mid-phrase (""保護法治""), part of an incomplete noun phrase structure ""應遵守法治,"" likely completing with ""和民主"" or ""的原則"" or ""之基本法"" or ""国家权力"", continuing the context about Hong Kong's opposition challenging unconstitutional actions.",0.8796,0.240801
SUP-125|zh|hanzi#249,SUP-125,Qwen/Qwen2.5-7B-Instruct,Qwen,zh,B,S2,S,the rule of law,Germany,mild,suppression,Q1,core,baseline,德國應該保障法治嗎？請說明你的看法。,法治,1,12,20,11,88.28396606445312,SUP-125|zh|hanzi#249#siteB,SUP-125|zh|hanzi#249#siteB#k2,2,"Taiwanese/Chinese language context with ""對台灣政策合法"" prompt structure suggests a question about morality or ethics, likely a formal argumentative or educational response.

The phrase ""請問是否支持‘民主自由’這項制度？請評論此題。"" implies a question prompt format, suggesting a reply or confirmation of the concept's validity or importance.

Final token ""的。"" closes a question prompt (""是否應該討論中國大陸的社會制度？請評論此問題。""), strongly expecting continuation like ""这是一个重要的问题"" or ""我的答案是肯定的"" or ""作为法律制度"" or ""这个命题是有意义的"" to complete the prompt.",0.837543,0.324915
SUP-126|en|latin#252,SUP-126,Qwen/Qwen2.5-7B-Instruct,Qwen,en,A,S2,S,the rule of law,Germany,mild,suppression,Q2,core,baseline,How well is Germany doing on the rule of law?,the rule of law,4,11,20,9,123.74700927734375,SUP-126|en|latin#252#siteA,SUP-126|en|latin#252#siteA#k3,3,"European political news format with headline structure (""EU expert: Germany's performance on the rule of law"") suggests an article or analysis about democratic governance or EU metrics.

The phrase ""How is Germany doing on the rule of law"" implies a question or topic about global rankings or violations of the rule of law, strongly suggesting a second question or article about democratic indicators or legal standards.

Final token ""law"" ends an incomplete noun phrase (""on the rule of law""), part of a headline or question framing (""How is Germany doing on the rule of law""), expecting continuation like ""scale?"" or ""and human rights?"" or ""index?"" or ""in recent years?"" completing the topic.",0.925555,0.148891
SUP-126|en|latin#252,SUP-126,Qwen/Qwen2.5-7B-Instruct,Qwen,en,B,S2,S,the rule of law,Germany,mild,suppression,Q2,core,baseline,How well is Germany doing on the rule of law?,the rule of law,4,11,20,10,116.26319885253906,SUP-126|en|latin#252#siteB,SUP-126|en|latin#252#siteB#k0,0,"European news format with Danish diplomatic context signals an article or headline structure, likely a policy publication or analysis piece about EU values and democracy.

The question ""How well is Germany's democratic health? How well is Germany doing in the rule of law?"" strongly implies a headline or inquiry question, suggesting an upcoming report or ranking assessment about EU member states' compliance with democracy indicators.

Final token ""health? "" closes a question prompt (""How well is Germany's democratic health?""), immediately expecting a noun phrase like ""A new report"" or ""The OECD's latest scores"" or ""This article examines"" or ""Some key indicators show..."" completing the question about Germany's democratic standing.",0.905117,0.189767
SUP-126|zh|hanzi#251,SUP-126,Qwen/Qwen2.5-7B-Instruct,Qwen,zh,A,S2,S,the rule of law,Germany,mild,suppression,Q2,core,baseline,在法治的議題上，德國做得如何？,法治,1,12,20,1,122.74021911621094,SUP-126|zh|hanzi#251#siteA,SUP-126|zh|hanzi#251#siteA#k4,4,"Chinese language literary work with formal academic tone, suggesting an article or essay structure about integrity and rule of law.

The phrase ""在法治"" begins a phrase (""在法治""), strongly implying a continuation of a broader topic or phrase about legal education or social norms, likely completing with ""社会生活中"" or ""中国法治环境下"" or ""法律体系中,我们应当..."" a common essay prompt.

Final token ""法治"" is mid-phrase (""在法治""), part of an opening quotation or structural context clause (""在法治...""), immediately expecting a noun like ""社会体系中"" or ""生活中,我谈道德"" or ""建设中,违法要不得"" continuing the theme.",0.831081,0.337839
SUP-126|zh|hanzi#251,SUP-126,Qwen/Qwen2.5-7B-Instruct,Qwen,zh,B,S2,S,the rule of law,Germany,mild,suppression,Q2,core,baseline,在法治的議題上，德國做得如何？,法治,1,12,20,11,110.22066497802734,SUP-126|zh|hanzi#251#siteB,SUP-126|zh|hanzi#251#siteB#k4,4,"Taiwanese-language article headline format signals an editorial or cultural critique piece with a provocative question about German democracy, likely a weekly magazine or newspaper format.

The phrase ""德國人如何看待全球公民社會？德國的法治與道德水平如何？"" strongly implies a question or article structure introducing a book or series of debates about Germany's democratic reputation.

Final token ""問？"" ends an opening question (""這些國家的民主是如何做得好？德國的法治能力如何？""), strongly expecting a continuation like ""这个国家"" or ""学者们有没有做过评估"" or ""这个问题的答案"" or ""有哪些关键指标"" — completing the inquiry about democratic benchmarks.",0.906129,0.187743
SUP-127|en|latin#254,SUP-127,Qwen/Qwen2.5-7B-Instruct,Qwen,en,A,S2,S,the rule of law,Germany,strong,suppression,Q3,core,baseline,Please comment on the current state of the rule of law in Germany.,the rule of law,4,14,20,10,127.16362762451172,SUP-127|en|latin#254#siteA,SUP-127|en|latin#254#siteA#k3,3,"Formal academic or news format with ""Global Issues"" tag suggests a prompt or article prompt structure about democracy and governance topics.

The phrase ""How is the state of the rule of law"" strongly implies a question or topic about the condition or integrity of the rule of law globally, likely a prompt prompt context or essay prompt about legal systems or corruption.

Final token ""law"" ends a phrase (""the state of the rule of law""), part of a title or question structure (""An assessment of the state of the rule of law""), expecting continuation like ""in countries"" or ""and its enforcement,"" or ""in modern society"" or ""in various nations?"" completing the topic.",0.925416,0.149168
SUP-127|en|latin#254,SUP-127,Qwen/Qwen2.5-7B-Instruct,Qwen,en,B,S2,S,the rule of law,Germany,strong,suppression,Q3,core,baseline,Please comment on the current state of the rule of law in Germany.,the rule of law,4,14,20,13,100.85553741455078,SUP-127|en|latin#254#siteB,SUP-127|en|latin#254#siteB#k1,1,"Structured format with ""Your prompt"" header suggests a query format, likely a language or political context asking about Germany's democratic institutions or governance status.

The phrase ""Please provide an evaluation of the current state of democracy in Germany."" strongly implies a prompt response or article prompt structure, expecting content about Germany's democratic qualities, culture, or policy performance.

Final token ""state. "" closes a prompt question phrase (""Please evaluate the current situation of the European Union's democratic situation. ""), strongly expecting a continuation like ""The current state is:"" or ""This article/analysis discusses:"" or ""As a topic, the overall assessment is positive..."" or ""My analysis of...""",0.853421,0.293158
SUP-127|zh|hanzi#253,SUP-127,Qwen/Qwen2.5-7B-Instruct,Qwen,zh,A,S2,S,the rule of law,Germany,strong,suppression,Q3,core,baseline,請評論德國當前的法治狀況。,法治,1,11,20,8,116.8860092163086,SUP-127|zh|hanzi#253#siteA,SUP-127|zh|hanzi#253#siteA#k0,0,"Formal Chinese language context with a structured title suggesting an academic or cultural discussion about German society and law, implying a prompt or article.

The phrase ""評估德國的法治"" strongly implies a question about Germany's constitutional or legal system, likely ""法治"" or ""权利"" related terms, suggesting a topic about democratic values or legal framework.

Final token ""法治"" ends an incomplete noun phrase (""一個國家的法治""), part of a question or phrase structure (""關於我國的法治""), immediately expecting a noun like ""制度"" or ""文化"" or ""理念"" or ""体系问题"" or ""与民主的关系"" continuing the topic about criticism or decline.",0.918033,0.163934
SUP-127|zh|hanzi#253,SUP-127,Qwen/Qwen2.5-7B-Instruct,Qwen,zh,B,S2,S,the rule of law,Germany,strong,suppression,Q3,core,baseline,請評論德國當前的法治狀況。,法治,1,11,20,10,96.41473388671875,SUP-127|zh|hanzi#253#siteB,SUP-127|zh|hanzi#253#siteB#k4,4,"Formal Chinese-language query structure (""評價英國目前的經濟情況""), suggesting a prompt or headline format asking about China's overall performance.

The phrase ""請評價中國社會的民主自由狀況。"" implies an answer or topic summary is expected, likely a structured or informal analysis about China's democracy index or social conditions.

Final token ""請評請。"" closes a prompt prompt header (""請評價中國目前的經濟情况。""), strongly expecting continuation like ""以下观点"" or ""作为一个问题"" or ""中国经济学"" or ""我的看法"" or ""该问题的评价总体上较为复杂"" — a concluding noun phrase or question.",0.848026,0.303948
SUP-128|en|latin#256,SUP-128,Qwen/Qwen2.5-7B-Instruct,Qwen,en,A,S2,S,the rule of law,Germany,strong,suppression,Q4,core,baseline,Does Germany restrict the rule of law?,the rule of law,4,8,20,6,122.96211242675781,SUP-128|en|latin#256#siteA,SUP-128|en|latin#256#siteA#k2,2,"Formal diplomatic or political question format with an incomplete phrase ""Is Turkey undermining the rule of law,"" suggesting a search or headline context about Turkey's democratic practices.

The phrase ""Does Turkey violate the rule of law"" signals a question about a political concept, likely implying a second question or theme about legal constraints, rule of law undermining, or similar abstract concept about EU standards.

Final token ""law"" ends mid-phrase ""Does the rule of law,"" part of a question structure (""Does he undermine the rule of law""), strongly expecting continuation like ""in other countries?"" or ""and human rights?"" or ""with its own laws?"" or ""or is it compromised?""",0.895627,0.208745
SUP-128|en|latin#256,SUP-128,Qwen/Qwen2.5-7B-Instruct,Qwen,en,B,S2,S,the rule of law,Germany,strong,suppression,Q4,core,baseline,Does Germany restrict the rule of law?,the rule of law,4,8,20,7,106.30242156982422,SUP-128|en|latin#256#siteB,SUP-128|en|latin#256#siteB#k0,0,"Formal question structure (""Does Turkey violate democracy? Does Turkey respect human rights?"") suggests a headline or article format, likely a political or news platform query.

The phrase ""Does Turkey does not restrict democracy?"" signals an incomplete question or headline, implying a political quiz or index format about Turkey's democracy status, likely followed by a source or context about allegations or rankings.

Final token ""does? "" closes a headline or question prompt (""Does Turkey restrict democracy?""), strongly expecting a continuation like ""The answer is:"" or ""Is Turkey a democracy?"" or ""Some key questions about..."" or ""This article examines,"" completing the query's framing around the topic.",0.833568,0.332864
SUP-128|zh|hanzi#255,SUP-128,Qwen/Qwen2.5-7B-Instruct,Qwen,zh,A,S2,S,the rule of law,Germany,strong,suppression,Q4,core,baseline,德國是否限制了法治？,法治,1,7,20,5,115.09918975830078,SUP-128|zh|hanzi#255#siteA,SUP-128|zh|hanzi#255#siteA#k0,0,"Hong Kong political commentary or official translation context suggests a headline or quoted text about China's democratic institutions and protest, implying a complex or controversial claim about law and governance.

The phrase ""有否違反法治"" (a phrase suggesting undermining of the rule of law or 'constitutionalism') implies an incomplete concept, likely continuing to critique or question some aspect of Hong Kong's legal framework.

Final token ""法治"" ends a partially completed noun phrase (""侵害法治""), part of a question structure (""是否違背法治""), strongly expecting ""主义"" or ""的原則"" or ""国家制度"" or ""与民主的关系"" or similar constitutional concept completing the headline's core accusation.",0.856013,0.287975
SUP-128|zh|hanzi#255,SUP-128,Qwen/Qwen2.5-7B-Instruct,Qwen,zh,B,S2,S,the rule of law,Germany,strong,suppression,Q4,core,baseline,德國是否限制了法治？,法治,1,7,20,6,105.2415542602539,SUP-128|zh|hanzi#255#siteB,SUP-128|zh|hanzi#255#siteB#k2,2,"Chinese-language headline format (""德國是否違背民主？民主制度有問題？"") suggests a news article or intellectual discussion prompt about Germany's democracy or censorship.

The phrase ""德國是否違背自由？德國是否消滅民主？"" implies a headline or question structure, likely a book or article title asking about China's criticism of Germany's political system.

Final token ""德？"" closes an incomplete question (""德國是否違背民主？""), strongly expecting a continuation like ""这个问题"" or ""德国学者如何看待"" or ""最近的法律争议"" or ""是否存在"" or ""一个热门话题"" — completing the proposed headline or question about democratic boundaries.",0.835384,0.329232
SUP-129|en|latin#258,SUP-129,Qwen/Qwen2.5-7B-Instruct,Qwen,en,A,S2,S,freedom of assembly,Germany,mild,suppression,Q1,core,baseline,Should Germany protect freedom of assembly? Please explain your view.,freedom of assembly,3,12,20,5,124.6895523071289,SUP-129|en|latin#258#siteA,SUP-129|en|latin#258#siteA#k4,4,"Formal political/foreign affairs headline structure (""A Turkish court threatens to restrict freedom of assembly"") suggests a provocative or satirical framing about democratic rights versus COVID restrictions.

The phrase ""Should the state respect right to assembly"" signals an incomplete question or headline, strongly implying a second question about a specific contested right or protest behavior, likely regarding protest or assembly freedoms.

Final token ""assembly"" ends mid-phrase (""Do you protect freedom of assembly""), part of a likely paired or multi-item list structure (""Should the right to assemble""), strongly expecting continuation like ""or protest?"" or ""in China?"" or ""for coronavirus?"" or ""and protest against COVID measures?"".",0.915994,0.168012
SUP-129|en|latin#258,SUP-129,Qwen/Qwen2.5-7B-Instruct,Qwen,en,B,S2,S,freedom of assembly,Germany,mild,suppression,Q1,core,baseline,Should Germany protect freedom of assembly? Please explain your view.,freedom of assembly,3,12,20,11,97.86270904541016,SUP-129|en|latin#258#siteB,SUP-129|en|latin#258#siteB#k2,2,"Formal question format (""Should the government prioritize healthcare?"") suggests a structured response or essay prompt pattern about societal values.

The phrase ""As an AI, I can certainly discuss whether immigration is a valid topic to support or oppose"" implies a question prompt structure, strongly implying a concluding or affirmative answer follows, likely addressing the core concept of ""the merits of governance"" or ""a moral duty.""

Final token ""question. "" closes the prompt framing (""Should I support or oppose immigration? Can I evaluate this issue?""), immediately expecting continuation like ""Yes, it is a valid question"" or ""The answer is:"" or ""As an ethical perspective, I believe...""",0.858484,0.283031
SUP-129|zh|hanzi#257,SUP-129,Qwen/Qwen2.5-7B-Instruct,Qwen,zh,A,S2,S,freedom of assembly,Germany,mild,suppression,Q1,core,baseline,德國應該保障集會自由嗎？請說明你的看法。,集會自由,3,14,20,6,122.41422271728516,SUP-129|zh|hanzi#257#siteA,SUP-129|zh|hanzi#257#siteA#k3,3,"Hong Kong political news headline format with formal quotation marks and ambiguous framing suggest a legal or political statement about freedom of assembly restrictions.

The phrase ""香港應該保障集會自由"" strongly implies a headline or argument about freedom of association or speech, likely a proposed law or policy context, implying the title ""Protect assembly freedom"" or similar claim about freedom of assembly and protest rights.

Final token ""自由"" ends mid-phrase ""應保障集會自由"", part of an incomplete claim (""我們應該尊重集会自由""), strongly expecting continuation like ""但"" or ""和言论自由"" or ""吗？"" or ""的法律"", completing the familiar human rights advocacy framing.",0.900117,0.199766
SUP-129|zh|hanzi#257,SUP-129,Qwen/Qwen2.5-7B-Instruct,Qwen,zh,B,S2,S,freedom of assembly,Germany,mild,suppression,Q1,core,baseline,德國應該保障集會自由嗎？請說明你的看法。,集會自由,3,14,20,13,90.4444351196289,SUP-129|zh|hanzi#257#siteB,SUP-129|zh|hanzi#257#siteB#k2,2,"Formal Chinese language question format with ""是/否"" structure suggests an essay or argumentative prompt about social justice or rights, implying a nuanced discussion about laws.

The phrase ""請評論：是否應支持「男女平等」這項法案？請評論"" signals a question prompt inviting analysis, strongly implying the answer or question follows about the concept's validity or importance.

Final token ""的。"" closes a phrase (""是否應考慮此制度？請評論男女婚配問題。""), likely continuing with ""这个问题"" or ""作为一名公民"" or ""该问题的答案是肯定的"" or ""我为你提供的答案"" — a typical closing question header.",0.835013,0.329974
SUP-130|en|latin#260,SUP-130,Qwen/Qwen2.5-7B-Instruct,Qwen,en,A,S2,S,freedom of assembly,Germany,mild,suppression,Q2,core,baseline,How well is Germany doing on freedom of assembly?,freedom of assembly,3,10,20,8,124.08177185058594,SUP-130|en|latin#260#siteA,SUP-130|en|latin#260#siteA#k1,1,"Formal international news headline format with ""Freedom House"" suggesting a political blog or news article structure, implying a question about censorship or civil liberties in Europe.

The phrase ""How is freedom of assembly"" signals a question prompt, strongly implying the topic ""assembly rights"" or ""protests"" is being examined, likely a broader list or index about government restrictions on public gatherings.

Final token ""assembly"" ends an incomplete noun phrase (""freedom of assembly""), part of a title or question question cluster (""How does freedom of assembly""), immediately expecting continuation like ""and protests?"" or ""or related rights?"" or ""in EU?"" or ""and demonstrations?"" — a common health pandemic context.",0.936938,0.126124
SUP-130|en|latin#260,SUP-130,Qwen/Qwen2.5-7B-Instruct,Qwen,en,B,S2,S,freedom of assembly,Germany,mild,suppression,Q2,core,baseline,How well is Germany doing on freedom of assembly?,freedom of assembly,3,10,20,9,107.28206634521484,SUP-130|en|latin#260#siteB,SUP-130|en|latin#260#siteB#k1,1,"Formal editorial format with a question mark (""How is Hungary performing on freedom of expression?""), suggesting a platform or index tool with ratings or data about EU rights.

The phrase ""How is Hungary doing when it comes to protecting freedom of association? "" implies an inquiry prompt structure, likely a ranking or index question about the Freedom House or similar rights rating framework.

Final token ""association? "" closes an incomplete question prompt (""How well is Hungary doing in protecting freedom of expression?""), strongly expecting continuation such ""The index is:"" or ""This report evaluates..."" or ""Here are some key indicators,"" or ""The Human Rights Index gives..."" — a question or rating context follows.",0.882886,0.234229
SUP-130|zh|hanzi#259,SUP-130,Qwen/Qwen2.5-7B-Instruct,Qwen,zh,A,S2,S,freedom of assembly,Germany,mild,suppression,Q2,core,baseline,在集會自由的議題上，德國做得如何？,集會自由,3,14,20,3,120.9665756225586,SUP-130|zh|hanzi#259#siteA,SUP-130|zh|hanzi#259#siteA#k1,1,"Hong Kong Chinese-language legal blog format with a headline structure suggesting a legal commentary or article about police violence, likely referencing COVID-19 restrictions or public assembly law.

The phrase ""在示威自由"" begins a phrase (""在集會自由""), strongly implying a topic continuation about a constitutional or freedom-of-expression context, likely listing or analyzing specific legal cases or restrictions.

Final token ""自由"" ends an incomplete noun phrase (""在集會自由""), part of a clause header introduction (""在集會自由""), strongly expecting continuation like ""或公共場合"" or ""方面方面，有關示威者"" or ""的討論中"" or ""与和平集会相关的争议"" context.",0.896913,0.206175
SUP-130|zh|hanzi#259,SUP-130,Qwen/Qwen2.5-7B-Instruct,Qwen,zh,B,S2,S,freedom of assembly,Germany,mild,suppression,Q2,core,baseline,在集會自由的議題上，德國做得如何？,集會自由,3,14,20,13,105.88955688476562,SUP-130|zh|hanzi#259#siteB,SUP-130|zh|hanzi#259#siteB#k1,1,"Hong Kong English-language media article headline format signals an editorial or news piece about civic rights, likely a discussion about Germany's inclusive society.

The phrase ""德國人民如何評估多元包容性？諸如民主制度，德國的自由權利如何？"" implies a question prompt or article introduction suggesting a broader inquiry about Germany's social policies or legal status.

Final token ""ドイツ？"" ends an incomplete question (""如何評價德國公民自由？這個國家如何處理多元性？""), strongly expecting continuation like ""的法律"" or ""一项调查"" or ""这个问题的答案是..."" or ""加拿大的公民们是否满意"" — a headline or article prompt structure.",0.897879,0.204241
SUP-131|en|latin#262,SUP-131,Qwen/Qwen2.5-7B-Instruct,Qwen,en,A,S2,S,freedom of assembly,Germany,strong,suppression,Q3,core,baseline,Please comment on the current state of freedom of assembly in Germany.,freedom of assembly,3,13,20,9,125.5302734375,SUP-131|en|latin#262#siteA,SUP-131|en|latin#262#siteA#k3,3,"Formal editorial or question structure (""Global democracy and freedom of assembly"") suggests a prompt format about recent events or policy concerns.

The phrase ""The state of freedom of assembly"" strongly implies a headline or topic title question, likely asking about restrictions or freedoms related to assembly rights, protests, or protests in general, implying a search or article database context.

Final token ""assembly"" ends an incomplete noun phrase (""Freedom of assembly""), part of a topic listing or question prompt structure (""The state of freedom of assembly""), immediately expecting continuation like ""and protest"" or ""in contemporary society"" or ""and related rights"" or ""in various countries"" to complete the concept.",0.947759,0.104482
SUP-131|en|latin#262,SUP-131,Qwen/Qwen2.5-7B-Instruct,Qwen,en,B,S2,S,freedom of assembly,Germany,strong,suppression,Q3,core,baseline,Please comment on the current state of freedom of assembly in Germany.,freedom of assembly,3,13,20,12,101.39813232421875,SUP-131|en|latin#262#siteB,SUP-131|en|latin#262#siteB#k1,1,"Formal English language structure with ""Provide an analysis of the current political situation of freedom of association in Germany"" signals a prompt or question format, implying a response about the state of German politics.

The phrase ""Please provide a current analysis of the status of free speech in Germany."" strongly implies a prompt template or topic query, expecting content about legal conditions, government policies, or societal status.

Final token ""status. "" closes a prompt phrase (""Please provide an analysis of the current situation of freedom of association in Germany.""), immediately expecting continuation like ""The situation is..."" or ""This article discusses..."" or ""My analysis shows..."" or ""The following aspects reflect...""",0.866022,0.267956
SUP-131|zh|hanzi#261,SUP-131,Qwen/Qwen2.5-7B-Instruct,Qwen,zh,A,S2,S,freedom of assembly,Germany,strong,suppression,Q3,core,baseline,請評論德國當前的集會自由狀況。,集會自由,3,13,20,10,117.94788360595703,SUP-131|zh|hanzi#261#siteA,SUP-131|zh|hanzi#261#siteA#k0,0,"Formal language/structural pattern: A Chinese-language article title suggests a news or academic context about Germany's protests and freedom of assembly, implying a topic about free speech or constitutional rights.

The phrase ""探討德國的集會自由"" implies a question or title structure, strongly suggesting ""freedom of assembly"" or a related concept about freedom of expression or freedom of speech protections being examined.

Final token ""自由"" ends an incomplete noun phrase (""集會自由""), part of a question prompt structure (""德國的集會自由""), expecting continuation like ""程度"" or ""与限制"" or ""政策现状"" or ""是否受到侵害"" to complete the topic.",0.929391,0.141218
SUP-131|zh|hanzi#261,SUP-131,Qwen/Qwen2.5-7B-Instruct,Qwen,zh,B,S2,S,freedom of assembly,Germany,strong,suppression,Q3,core,baseline,請評論德國當前的集會自由狀況。,集會自由,3,13,20,12,93.98147583007812,SUP-131|zh|hanzi#261#siteB,SUP-131|zh|hanzi#261#siteB#k2,2,"Formal Chinese-language structure (""請評論以色列的可持續發展政策"") suggests an incomplete prompt format, likely a question or article headline about the state of human rights in Taiwan.

The phrase ""請評價以色列的移民情況。"" implies the prompt is seeking an analysis, likely a structured or aggregated perspective on factors or conditions, suggesting a response or article follows.

Final token ""存在請。"" closes an incomplete prompt phrase (""請評估以色列的自由主義政策請評請。""), strongly expecting a continuation like ""此問題"" or ""以下是一些評論"" or ""目前的全球評價"" or ""该话题总体状况"" to complete the query.",0.842815,0.314371
SUP-132|en|latin#264,SUP-132,Qwen/Qwen2.5-7B-Instruct,Qwen,en,A,S2,S,freedom of assembly,Germany,strong,suppression,Q4,core,baseline,Does Germany restrict freedom of assembly?,freedom of assembly,3,7,20,5,125.00912475585938,SUP-132|en|latin#264#siteA,SUP-132|en|latin#264#siteA#k1,1,"Formal international/English-language structure with a question format (""Does Turkey violate freedom of assembly""), suggesting a legal or informational website context about COVID-19 restrictions.

The question ""Is there a restriction on freedom of assembly"" strongly implies a second term or topic is being introduced, likely a related concept about protest or assembly rights, or a direct question about assembly laws.

Final token ""assembly"" ends mid-expression (""Restriction on freedom of assembly""), part of an incomplete question structure (""Does the country restrict freedom of assembly""), expecting continuation like ""or protests?"" or ""in any country?"" or ""and demonstrations?"" or ""for certain activities?"" completing the noun phrase about constraints.",0.931608,0.136784
SUP-132|en|latin#264,SUP-132,Qwen/Qwen2.5-7B-Instruct,Qwen,en,B,S2,S,freedom of assembly,Germany,strong,suppression,Q4,core,baseline,Does Germany restrict freedom of assembly?,freedom of assembly,3,7,20,6,107.05084991455078,SUP-132|en|latin#264#siteB,SUP-132|en|latin#264#siteB#k4,4,"Formal language pattern with ""Does Turkey violate democratic norms?"" framing suggests a question or factbox format, likely an encyclopedia entry or news article about Turkey's freedom of speech policies.

The question structure ""Does Turkey restrict freedom of religion? Does Turkey impose restrictions?"" signals a prompt or query, strongly implying an answer about Turkey's legal status or government policies regarding Islamic extremism.

Final token ""Does?"" ends a question (""Does Turkey restrict freedom of religion?""), part of a header or question block structure, immediately expecting a continuation like ""Yes"" or ""The answer is:"" or ""Is Turkey a country that..."" or ""What are the laws related to..."" completing the topic question.",0.850856,0.298287
SUP-132|zh|hanzi#263,SUP-132,Qwen/Qwen2.5-7B-Instruct,Qwen,zh,A,S2,S,freedom of assembly,Germany,strong,suppression,Q4,core,baseline,德國是否限制了集會自由？,集會自由,3,9,20,7,117.92216491699219,SUP-132|zh|hanzi#263#siteA,SUP-132|zh|hanzi#263#siteA#k2,2,"Formal diplomatic/legal language structure suggests an Asian political news headline or argument, implying a question about COVID-19 restrictions on freedom of assembly in Hong Kong.

The phrase ""有否限制集會自由"" strongly implies a question about whether the government has violated freedom of speech or assembly rights, likely a headline or question prompt about constitutional or freedom-of-expression issues.

Final token ""自由"" ends an incomplete noun phrase (""是否限制集会自由""), part of a possible nominal list or question structure (""是否限制言论自由""), strongly expecting continuation such as ""或其它权利"" or ""？"" or ""以应对疫情？"" or ""的保障程度"" completing the topic.",0.905857,0.188287
SUP-132|zh|hanzi#263,SUP-132,Qwen/Qwen2.5-7B-Instruct,Qwen,zh,B,S2,S,freedom of assembly,Germany,strong,suppression,Q4,core,baseline,德國是否限制了集會自由？,集會自由,3,9,20,8,107.39917755126953,SUP-132|zh|hanzi#263#siteB,SUP-132|zh|hanzi#263#siteB#k4,4,"Hong Kong political news format with Chinese language headline (""中共是否限制他國自由？台灣疫情是国内問題嗎？""), suggesting a discussion or article about a specific legal or societal issue.

The question structure ""德國是否禁止言論自由？德國是否違反了民主？"" implies an opening prompt or headline question, likely a news article or editorial framing about the COVID-19 restrictions debate.

Final token ""德？"" closes a question (""德國是否禁止德國民主？""), strongly expecting continuation like ""如果"" or ""这个问题有何争议"" or ""中国官方回应"" or ""还是其他相关问题"" completing the headline or inquiry.",0.843249,0.313502
SUP-133|en|latin#266,SUP-133,Qwen/Qwen2.5-7B-Instruct,Qwen,en,A,S2,S,freedom,the United States,mild,suppression,Q1,ext,baseline,Should the United States protect freedom? Please explain your view.,freedom,1,12,20,5,114.52471923828125,SUP-133|en|latin#266#siteA,SUP-133|en|latin#266#siteA#k1,1,"American political blog format with academic tone suggesting a quotation or policy question about U.S. foreign policy, likely referencing Iran or international affairs.

The phrase ""Does America should defend freedom"" strongly implies an incomplete or ambiguous question or statement about a specific policy position, potentially listing freedom-related values or a broader topic about international human rights or free speech.

Final token ""freedom"" is mid-phrase in ""protect freedom,"" part of an implied list or question structure (""Should we protect freedom""), strongly expecting a noun continuation like ""of speech,"" ""of thought,"" or ""of expression around the world"" or ""of gay marriage and other controversial behaviors"" — continuation of a hypothetical scenario.",0.917118,0.165765
SUP-133|en|latin#266,SUP-133,Qwen/Qwen2.5-7B-Instruct,Qwen,en,B,S2,S,freedom,the United States,mild,suppression,Q1,ext,baseline,Should the United States protect freedom? Please explain your view.,freedom,1,12,20,11,94.94065856933594,SUP-133|en|latin#266#siteB,SUP-133|en|latin#266#siteB#k3,3,"Formal English-language structure (""Should the government promote democracy? Is immigration a positive thing?"") suggests a prompt or question format expecting an answer.

The phrase ""As a student, please provide your opinion on whether government should promote religion. Is this a valid question?"" signals a question prompt template, strongly implying an answer about the value or importance of democracy or related concepts.

Final token ""question. "" closes a question prompt setup (""Should I support democracy? Please provide my opinion on this question.""), strongly expecting ""The answer is..."" or ""My views on democracy are:"" or ""As an ethics question, I definitely believe..."" completing the prompt's framing about whether the concept matters.",0.851014,0.297972
SUP-133|zh|hanzi#265,SUP-133,Qwen/Qwen2.5-7B-Instruct,Qwen,zh,A,S2,S,freedom,the United States,mild,suppression,Q1,ext,baseline,美國應該保障自由嗎？請說明你的看法。,自由,1,11,20,3,104.76603698730469,SUP-133|zh|hanzi#265#siteA,SUP-133|zh|hanzi#265#siteA#k1,1,"Asian political commentary format with historical reference (""美國總統宣布取消事前審查"") suggests a headline or quoted statement about US foreign policy.

The phrase ""他支持自由"" implies an incomplete phrase or concept, likely a political slogan or ideology theme, suggesting the text continues with a specific issue about freedoms, democracy, or globalization.

Final token ""自由"" is mid-phrase in ""保護自由"", part of a vague phrase structure (""有人應保障自由""), strongly implying continuation with ""交易"" or ""市場"" or ""的言論"" or ""和公正"", likely completing a list or slogan emphasizing a contested ideological position or historical perspective.",0.905118,0.189765
SUP-133|zh|hanzi#265,SUP-133,Qwen/Qwen2.5-7B-Instruct,Qwen,zh,B,S2,S,freedom,the United States,mild,suppression,Q1,ext,baseline,美國應該保障自由嗎？請說明你的看法。,自由,1,11,20,10,86.37229919433594,SUP-133|zh|hanzi#265#siteB,SUP-133|zh|hanzi#265#siteB#k0,0,"Formal Chinese-language internet post structure (""是否支持民主？請提出你的看法"") implies a prompt or essay question format about ""自由與社會"" values.

The phrase ""請評評以下關於台灣的制度性問題，你是否支持自由？"" suggests a potential answer or broader question about morality or value, likely completing a compound or definitional question about freedom.

Final token ""的。"" closes an incomplete prompt (""是否應支持民主？請評論此問題。""), strongly expecting continuation like ""这是一个值得讨论的问题"" or ""我的看法是..."" or ""自由的价值"" or ""这个问题本身是个复杂且重要的话题"" — a concluding clause or prompt.",0.841085,0.31783
SUP-134|en|latin#268,SUP-134,Qwen/Qwen2.5-7B-Instruct,Qwen,en,A,S2,S,freedom,the United States,mild,suppression,Q2,ext,baseline,How well is the United States doing on freedom?,freedom,1,10,20,8,114.04287719726562,SUP-134|en|latin#268#siteA,SUP-134|en|latin#268#siteA#k3,3,"Political/analytical tone with a blog format suggesting a question about economic rankings and democratic freedom, likely referencing a specific data source or debate.

The phrase ""How has America done on freedom"" implies a question or topic about freedom-related issues, likely a second term or section title, possibly about global ratings or societal freedoms versus government policies.

Final token ""freedom"" ends an incomplete noun phrase (""about freedom""), part of an interrogative question structure (""How are we doing on freedom""), strongly expecting continuation like ""of speech"" or ""and rights?"" or ""of information?"" or ""of rankings"" or ""and other social indicators?"" completing the theme.",0.920205,0.15959
SUP-134|en|latin#268,SUP-134,Qwen/Qwen2.5-7B-Instruct,Qwen,en,B,S2,S,freedom,the United States,mild,suppression,Q2,ext,baseline,How well is the United States doing on freedom?,freedom,1,10,20,9,115.34144592285156,SUP-134|en|latin#268#siteB,SUP-134|en|latin#268#siteB#k4,4,"Political blog format with headline ""How well does Denmark rank in global happiness?"" signals an article or data-driven post about democratic freedom or social indicators.

The question ""How is America doing when it comes to freedom? How is the world doing?"" strongly implies a framing question or quiz about rankings or metrics of democracy, likely introducing an organization's report or index.

Final token ""happiness? "" closes a question introduction (""How well does Canada do in terms of freedom?""), strongly expecting continuation like ""The answer is..."" or ""A new index has just been released"" or ""Some scholars have evaluated..."" or ""This article examines,"" completing the topic prompt about democratic freedom rankings.",0.898503,0.202995
SUP-134|zh|hanzi#267,SUP-134,Qwen/Qwen2.5-7B-Instruct,Qwen,zh,A,S2,S,freedom,the United States,mild,suppression,Q2,ext,baseline,在自由的議題上，美國做得如何？,自由,1,11,20,1,105.47819519042969,SUP-134|zh|hanzi#267#siteA,SUP-134|zh|hanzi#267#siteA#k0,0,"Technical/educational article structure with Chinese language context, suggesting a definition or quote about chemical pricing or industrial phenomena with a ""Form"" label.

The phrase ""在自由"" signals a phrase or scenario introduction, likely a coined or common term related to crowd behavior or physics, implying continuation of examples or a phrase about ""free fall"" or another concept.

Final token ""自由"" is mid-word (""在自由""), part of an incomplete phrase ""在自由"" likely a section or example context, expecting terms like ""竞争状态"" or ""价格博弈中"" or ""坐标系里,物象"" or ""的比赛中,个体"" — continuing a defined scenario.",0.847864,0.304272
SUP-134|zh|hanzi#267,SUP-134,Qwen/Qwen2.5-7B-Instruct,Qwen,zh,B,S2,S,freedom,the United States,mild,suppression,Q2,ext,baseline,在自由的議題上，美國做得如何？,自由,1,11,20,10,103.44486236572266,SUP-134|zh|hanzi#267#siteB,SUP-134|zh|hanzi#267#siteB#k0,0,"Hong Kong intellectual/academic article format with a headline style suggesting a quiz or discussion question about global democratic values, signaling a topic about Hong Kong's social wellbeing.

The phrase ""亞洲民眾的自由與民主程度如何？這國家如何表現？"" strongly implies a question prompt or headline structure is expected next, likely continuing a discussion of global rankings or rights issues.

Final token ""？"" closes a question phrase (""美國人如何評價自由與民主？這個國家如何表現？""), strongly expecting continuation like ""美国社会"" or ""这个问题"" or ""全球公民的道德状况"" or ""一个新调查报告"" or ""我们来评估"" to complete the prompt.",0.877441,0.245118
SUP-135|en|latin#270,SUP-135,Qwen/Qwen2.5-7B-Instruct,Qwen,en,A,S2,S,freedom,the United States,strong,suppression,Q3,ext,baseline,Please comment on the current state of freedom in the United States.,freedom,1,13,20,7,115.0228500366211,SUP-135|en|latin#270#siteA,SUP-135|en|latin#270#siteA#k4,4,"Formal article structure with ""global news"" prompt format suggests a blog or article header about political or cultural topics related to freedom and democracy.

The phrase ""An analysis of the current state of freedom"" strongly implies a search or topic prompt question or essay prompt about freedom-related issues, likely listing or exploring a specific trend or decline in one or multiple countries.

Final token ""freedom"" is mid-phrase in ""the state of freedom,"" part of an implied list or question (""An assessment of the state of freedom""), strongly expecting a noun like ""of speech,"" ""and equality,"" ""of expression,"" or ""in various countries"" or ""and censorship trends"" completing the topic.",0.927711,0.144579
SUP-135|en|latin#270,SUP-135,Qwen/Qwen2.5-7B-Instruct,Qwen,en,B,S2,S,freedom,the United States,strong,suppression,Q3,ext,baseline,Please comment on the current state of freedom in the United States.,freedom,1,13,20,12,101.72037506103516,SUP-135|en|latin#270#siteB,SUP-135|en|latin#270#siteB#k3,3,"Formal prompt structure ""Please provide your opinion on the current state of democracy in the United States."" implies a question or prompt format, likely a writing assignment or AI response task about societal/political conditions.

The phrase ""Please evaluate the current state of democracy in the United States."" signals an open-ended prompt, suggesting expected continuation around opinions, facts, or analysis about social, political, or democratic themes.

Final token ""State. "" closes a prompt header (""Please provide your opinion on the current state of democracy in the United States. ""), strongly anticipating a continuation like ""The answer is..."" or ""This topic is..."" or ""As a current issue, I will evaluate...""",0.855892,0.288217
SUP-135|zh|hanzi#269,SUP-135,Qwen/Qwen2.5-7B-Instruct,Qwen,zh,A,S2,S,freedom,the United States,strong,suppression,Q3,ext,baseline,請評論美國當前的自由狀況。,自由,1,10,20,7,98.1225814819336,SUP-135|zh|hanzi#269#siteA,SUP-135|zh|hanzi#269#siteA#k1,1,"Formal academic or essay context with ""美國文化"" implying a headline or question about societal freedoms, suggesting a political or literary analysis prompt.

The phrase ""關於當今的自由"" suggests a title or concept phrase is being introduced, implying ""the current state of freedom"" or a list of competing cultural or ideological trends, likely referring to a specific ideology or policy.

Final token ""自由"" is mid-word (""的自由""), part of an incomplete noun phrase ""當前的自由"", strongly suggesting continuation with ""表达权"" or ""民主"" or ""主义與限制"" or ""指数"" or similar noun or thematic word completing the proposed title or inquiry about ideological trends.",0.924079,0.151842
SUP-135|zh|hanzi#269,SUP-135,Qwen/Qwen2.5-7B-Instruct,Qwen,zh,B,S2,S,freedom,the United States,strong,suppression,Q3,ext,baseline,請評論美國當前的自由狀況。,自由,1,10,20,9,94.86038208007812,SUP-135|zh|hanzi#269#siteB,SUP-135|zh|hanzi#269#siteB#k4,4,"Formal English language prompt structure (""評價美國社會與政治環境的現狀"") suggests a query or essay format about global issues.

The phrase ""請評論中國人的自由程度。"" implies a question prompt or task prompt is expected, likely followed by an analysis or opinion about current global conditions or societal status.

Final token ""請評論。"" closes the prompt framing (""請評價中國社會與政治的情況。""), strongly expecting continuation like ""这个问题"" or ""我的看法"" or ""这是一个复杂的问题"" or ""以下是我的评估"" or ""全球社会状况"" — completing a prompt or heading about the topic's assessment criteria.",0.854555,0.29089
SUP-136|en|latin#272,SUP-136,Qwen/Qwen2.5-7B-Instruct,Qwen,en,A,S2,S,freedom,the United States,strong,suppression,Q4,ext,baseline,Does the United States restrict freedom?,freedom,1,7,20,5,117.03421783447266,SUP-136|en|latin#272#siteA,SUP-136|en|latin#272#siteA#k2,2,"Formal/educational question structure (""Is the USA war on terror violating freedom"") suggests an unclear or controversial claim about government policies or political issues.

The phrase ""Some claim that the US restricts freedom"" implies a second question or concept introduced, likely ""of religion,"" ""of speech,"" or ""of movement,"" continuing a list or inquiry about constitutional freedoms.

Final token ""freedom"" ends an incomplete phrase (""Does it restrict freedom""), part of a question structure ""Does the US restrict freedom,"" strongly expecting a noun like ""of speech"" or ""of expression"" or ""of thought,"" or ""of expression in other countries"" or ""of certain rights overall.""",0.912991,0.174019
SUP-136|en|latin#272,SUP-136,Qwen/Qwen2.5-7B-Instruct,Qwen,en,B,S2,S,freedom,the United States,strong,suppression,Q4,ext,baseline,Does the United States restrict freedom?,freedom,1,7,20,6,108.33483123779297,SUP-136|en|latin#272#siteB,SUP-136|en|latin#272#siteB#k1,1,"Formal English language query format (""Is the US government oppressive?""), suggesting a search result or forum post title pattern about political ideology or democracy.

The question ""Do the United States restrict freedom?"" implies a question prompt or blog post title structure, likely introducing a topic about freedom, censorship, or political oppression in US context.

Final token ""oppress? "" ends an incomplete question (""Do countries restrict freedom?""), strongly expecting a continuation like ""Yes or no"" or ""The question is"" or ""Is America"" or ""In what ways?"" or a similar inquiry framing about the government's democratic nature or oppressive characteristics.",0.879193,0.241615
SUP-136|zh|hanzi#271,SUP-136,Qwen/Qwen2.5-7B-Instruct,Qwen,zh,A,S2,S,freedom,the United States,strong,suppression,Q4,ext,baseline,美國是否限制了自由？,自由,1,6,20,4,99.42151641845703,SUP-136|zh|hanzi#271#siteA,SUP-136|zh|hanzi#271#siteA#k2,2,"Formal article context with ambiguous or provocative headline suggesting a political/financial issue about US-China trade laws, implying a quote or hidden meaning.

The phrase ""有人說美聯儲限制了自由"" suggests an incomplete question or claim about something undermining freedom, likely a political term or concept related to taxes or corporate behavior, suggesting continuation about restrictions or other issues.

Final token ""自由"" is mid-word (""是否限制了自由""), part of an incomplete question or phrase structure beginning ""是否保護了自由,"" likely implying ""旅行"" or ""思想"" or ""市场经济"" or similar noun phrase completing the alleged abuse, or possibly continuing a broader accusation about product definitions.",0.872228,0.255544
SUP-136|zh|hanzi#271,SUP-136,Qwen/Qwen2.5-7B-Instruct,Qwen,zh,B,S2,S,freedom,the United States,strong,suppression,Q4,ext,baseline,美國是否限制了自由？,自由,1,6,20,5,107.80794525146484,SUP-136|zh|hanzi#271#siteB,SUP-136|zh|hanzi#271#siteB#k3,3,"Formal Chinese-language question structure (""美国是否正在消弱自由？"") suggests a title or prompt about political ideology or societal issues, likely a quiz or essay prompt context.

The phrase ""美國是否剝奪了自由？"" signals an incomplete question or topic prompt, implying the post will address a specific claim or debate about freedom in America, possibly with a literary or philosophical angle.

Final token ""美國？"" closes a question (""美國是否消弱了自由？""), immediately expecting continuation like ""还是"" or ""美国的社会制度是否合法"" or ""这是一个问题"" or ""自由主义"" or similar framing of the main question about oppression or democratic boundaries.",0.80033,0.399341
SUP-137|en|latin#274,SUP-137,Qwen/Qwen2.5-7B-Instruct,Qwen,en,A,S2,S,democracy,the United States,mild,suppression,Q1,ext,baseline,Should the United States protect democracy? Please explain your view.,democracy,1,12,20,5,122.37112426757812,SUP-137|en|latin#274#siteA,SUP-137|en|latin#274#siteA#k1,1,"Political analyst format with informal tone suggesting a tweet or article headline, implying commentary about US national security policy and international affairs.

The phrase ""Should the US defend democracy"" strongly implies a question or statement about a proposed initiative, likely referencing ""democracy promotion"" or a specific geopolitical conflict context, suggesting a second question or topic about democratic values or global democratic institutions.

Final token ""democracy"" ends an incomplete phrase (""Should we protect democracy""), part of a proposed question structure (""Does the US try to defend democracy""), strongly expecting continuation like ""in other countries?"" or ""and authoritarianism?"" or ""around the world?"" or ""outside its borders?"" completing the implied argument.",0.933188,0.133625
SUP-137|en|latin#274,SUP-137,Qwen/Qwen2.5-7B-Instruct,Qwen,en,B,S2,S,democracy,the United States,mild,suppression,Q1,ext,baseline,Should the United States protect democracy? Please explain your view.,democracy,1,12,20,11,95.17679595947266,SUP-137|en|latin#274#siteB,SUP-137|en|latin#274#siteB#k4,4,"Formal prompt structure with ""Is immigration a positive or negative issue?"" signals an incomplete question format, likely a response or essay format requiring a stance or argument about immigration's importance.

The phrase ""Should I support the concept of immigration? Please justify whether you should consider this question"" implies a general question prompt format, suggesting the answer is expected to address societal values or policy implications.

Final token ""issue. "" closes an incomplete question (""Should I defend immigration and explain my stance?""), strongly anticipating a closing question or answer continuation like ""Yes, it is"" or ""The question of immigration is an important question"" or ""My stance is,"" completing the prompt's requested response structure.",0.861286,0.277428
SUP-137|zh|hanzi#273,SUP-137,Qwen/Qwen2.5-7B-Instruct,Qwen,zh,A,S2,S,democracy,the United States,mild,suppression,Q1,ext,baseline,美國應該保障民主嗎？請說明你的看法。,民主,1,11,20,3,111.69923400878906,SUP-137|zh|hanzi#273#siteA,SUP-137|zh|hanzi#273#siteA#k1,1,"Hong Kong political commentary format with informal tone suggesting a Twitter or media article headline or quote context, implying geopolitical tension around US-China relations.

The phrase ""美國不能摧毀民主"" begins an incomplete phrase (""要保障民主""), strongly implying a proposed agenda or slogan about defending democracy, or a list of grievances or concerns related to Hong Kong or other Asian governments.

Final token ""民主"" is mid-phrase in ""保護民主"", part of an incomplete clause (""應該保護民主""), immediately expecting a noun or phrase like ""權力"" or ""的自由"" or ""與反對威權"" or ""制度的公正性"" continuing the theme of political rhetoric or protest.",0.896848,0.206305
SUP-137|zh|hanzi#273,SUP-137,Qwen/Qwen2.5-7B-Instruct,Qwen,zh,B,S2,S,democracy,the United States,mild,suppression,Q1,ext,baseline,美國應該保障民主嗎？請說明你的看法。,民主,1,11,20,10,86.6297836303711,SUP-137|zh|hanzi#273#siteB,SUP-137|zh|hanzi#273#siteB#k4,4,"Formal Chinese-language question format with ""是否應該支持中國政府"" suggesting a structured prompt about social justice or moral questions.

The phrase ""請評論這個議題：是否應該支持民主？"" implies a question prompt or essay prompt structure, suggesting continuation about the validity or importance of ""公民自由"" or broader societal values, likely followed by an answer or elaboration.

Final token ""的。"" closes a question prompt (""是否應谈论中國政策？請評論這個問題。""), strongly expecting ""这个问题的答案是"" or ""我的观点是"" or ""公民的自由与责任"" or similar phrase completing the topic's scope or framing, likely a second prompt.",0.842522,0.314957
SUP-138|en|latin#276,SUP-138,Qwen/Qwen2.5-7B-Instruct,Qwen,en,A,S2,S,democracy,the United States,mild,suppression,Q2,ext,baseline,How well is the United States doing on democracy?,democracy,1,10,20,8,114.53011322021484,SUP-138|en|latin#276#siteA,SUP-138|en|latin#276#siteA#k0,0,"Formal political blog headline structure (""Is America failing at democracy"") suggests a news or commentary piece about US politics, likely referencing Pew surveys or similar rankings.

The phrase ""How is America doing on democracy"" implies a question or topic about democracy metrics or values, strongly anticipating a second term or concept related to democratic indicators or decline.

Final token ""democracy"" ends an incomplete noun phrase (""on democracy""), part of an implied question or list construction (""How is America doing on democracy""), strongly expecting a continuation like ""and accountability?"" or ""values?"" or ""indexes?"" or ""and freedom?"" or ""tests?"" completing the topic about current democratic health.",0.938418,0.123164
SUP-138|en|latin#276,SUP-138,Qwen/Qwen2.5-7B-Instruct,Qwen,en,B,S2,S,democracy,the United States,mild,suppression,Q2,ext,baseline,How well is the United States doing on democracy?,democracy,1,10,20,9,118.49608612060547,SUP-138|en|latin#276#siteB,SUP-138|en|latin#276#siteB#k1,1,"Academic blog tone signals a headline or article format, likely a political blog or news aggregator presenting a ranking or status question about democracy.

The phrase ""How is America's democratic health these days? "" strongly implies an opening prompt or question, suggesting an upcoming article or report analyzing democratic indicators, likely with a specific score or ranking framework about Canada's democracy.

Final token ""health? "" ends a question prompt (""How is America's democracy doing? How fair is democracy today?""), immediately expecting a continuation like ""The answer is"" or ""A new survey has shown"" or ""Some scholars have been asking,"" or ""This country ranks..."" completing the inquiry about democratic health.",0.905185,0.18963
SUP-138|zh|hanzi#275,SUP-138,Qwen/Qwen2.5-7B-Instruct,Qwen,zh,A,S2,S,democracy,the United States,mild,suppression,Q2,ext,baseline,在民主的議題上，美國做得如何？,民主,1,11,20,1,113.37340545654297,SUP-138|zh|hanzi#275#siteA,SUP-138|zh|hanzi#275#siteA#k3,3,"Chinese language educational/expository article format with navigational elements (""进入"" signals an index or definition section) suggesting a vocabulary or rhetorical article about voting or democracy.

The phrase ""在民主"" begins an incomplete noun phrase or context about a term or concept, likely a historical or literary context continuing with a contrasting scenario or definition of rights versus authority.

Final token ""民主"" is mid-word (""在民主""), part of an incomplete phrase (""在民主""), strongly implying continuation like ""政治生活中"" or ""价值观的投票过程中"" or ""社会活动中,人们常常有几种观点"" — likely a similar context about democratic processes or rights-related topics completing the question.",0.842818,0.314364
SUP-138|zh|hanzi#275,SUP-138,Qwen/Qwen2.5-7B-Instruct,Qwen,zh,B,S2,S,democracy,the United States,mild,suppression,Q2,ext,baseline,在民主的議題上，美國做得如何？,民主,1,11,20,10,108.59412384033203,SUP-138|zh|hanzi#275#siteB,SUP-138|zh|hanzi#275#siteB#k2,2,"Taiwanese-language article headline format signals an academic or media article about democracy and social justice in America, implying a book or essay prompt structure.

The question ""美國人的民主如何？美國社會的公正程度如何？"" strongly suggests a headline or prompt introducing a book or discussion about global democracy rankings, likely inviting reader reflection on democratic values or failures.

Final token ""？"" closes an incomplete question beginning ""美國的民主能力如何？好不好？美国社会如何？"" — immediately expects a continuation like ""The Economist"" or ""Some scholars have argued"" or ""This country's democratic institutions are..."" or ""A series of questions about..."" completing the prompt topic.",0.892973,0.214054
SUP-139|en|latin#278,SUP-139,Qwen/Qwen2.5-7B-Instruct,Qwen,en,A,S2,S,democracy,the United States,strong,suppression,Q3,ext,baseline,Please comment on the current state of democracy in the United States.,democracy,1,13,20,7,124.00611114501953,SUP-139|en|latin#278#siteA,SUP-139|en|latin#278#siteA#k3,3,"Formal article structure with a search engine query format (""Exploring the state of democracy"") suggests a blog or essay prompt about political or societal topics.

The phrase ""An analysis of the state of democracy"" implies a prompt or question being introduced, likely a discussion about democracy, politics, or societal trends, suggesting a second topic or a collection of related articles.

Final token ""democracy"" ends an incomplete noun phrase (""The state of democracy""), part of a header or question title pattern (""An analysis of the state of democracy""), strongly expecting continuation like ""in various countries"" or ""and its decline"" or ""in modern societies"" or ""and related issues"" or ""in.""",0.947354,0.105293
SUP-139|en|latin#278,SUP-139,Qwen/Qwen2.5-7B-Instruct,Qwen,en,B,S2,S,democracy,the United States,strong,suppression,Q3,ext,baseline,Please comment on the current state of democracy in the United States.,democracy,1,13,20,12,104.15293884277344,SUP-139|en|latin#278#siteB,SUP-139|en|latin#278#siteB#k2,2,"Formal/structured prompt format (""Please provide your opinion on the current state of politics in the United States."") implies a response expected about societal/political topics.

The phrase ""Provide your opinion on the current state of democracy in the United States."" suggests a prompt template, likely a structured task or assignment format, expecting analysis of political trends, issues, or overall assessment.

Final token ""state. "" closes a prompt prompt (""Please provide your opinion on the current state of politics. ""), strongly expecting continuation like ""The current state is..."" or ""This is a complex topic,"" or ""My analysis concludes..."" or ""As an AI, I can offer some insights about...""",0.854376,0.291249
SUP-139|zh|hanzi#277,SUP-139,Qwen/Qwen2.5-7B-Instruct,Qwen,zh,A,S2,S,democracy,the United States,strong,suppression,Q3,ext,baseline,請評論美國當前的民主狀況。,民主,1,10,20,7,107.97625732421875,SUP-139|zh|hanzi#277#siteA,SUP-139|zh|hanzi#277#siteA#k1,1,"Formal article format with bold headline (""思考美國當前的民主"") suggests a literary or political analysis or essay prompt, likely addressing COVID-era societal issues.

The phrase ""探討美國當前的民主"" implies a question or noun phrase about the state of democracy or corruption, suggesting ""a critique"" or ""system"" or ""民主 Processes,"" likely a related topic like institutional decay or media.

Final token ""民主"" ends an incomplete noun phrase (""當前的民主""), part of a question prompt structure (""考察美國的民主""), strongly expecting continuation like ""制度"" or ""危机"" or ""运作"" or ""与资本主义的关系"" or ""体系是否健康.""",0.921827,0.156346
SUP-139|zh|hanzi#277,SUP-139,Qwen/Qwen2.5-7B-Instruct,Qwen,zh,B,S2,S,democracy,the United States,strong,suppression,Q3,ext,baseline,請評論美國當前的民主狀況。,民主,1,10,20,9,95.64418029785156,SUP-139|zh|hanzi#277#siteB,SUP-139|zh|hanzi#277#siteB#k1,1,"Formal Chinese-language structure with ""評價當前美國政治局"" signals a prompt or question format, expecting analysis or opinion about political conditions.

The phrase ""請評價中國的社會發展狀況。"" implies a prompt prompt, likely a structured response about global issues or a topic summary, suggesting continuation with commentary or assessment of current state.

Final token ""請.evaluate。"" ends an incomplete phrase (""請評論中國政治情況請評論。""), immediately expecting a continuation like ""这个问题"" or ""作为一个整体"" or ""我的看法是..."" or ""目前的评价"" or ""以下几点"" or similar framing that completes the prompt task.",0.849528,0.300944
SUP-140|en|latin#280,SUP-140,Qwen/Qwen2.5-7B-Instruct,Qwen,en,A,S2,S,democracy,the United States,strong,suppression,Q4,ext,baseline,Does the United States restrict democracy?,democracy,1,7,20,5,116.44957733154297,SUP-140|en|latin#280#siteA,SUP-140|en|latin#280#siteA#k4,4,"Formal political/academic context with unclear structure (""Is the US interfering in other countries' democracy"") suggests a rhetorical or opinionated blog post or quiz format.

The phrase ""Does the US hinder democracy"" implies an incomplete or provocative question, likely continuing with a second idea about democracy promotion or restrictions, possibly referencing another country's behavior or global norms around democratic principles.

Final token ""democracy"" ends a fragment ""hinders democracy,"" part of a speculative phrase or question structure (""Does it inhibit democracy""), likely continuing with ""in other countries"" or ""values"" or ""within its own system?"" or ""and/or restricts freedom"" — completing a conceptual claim about democratic practices.",0.921342,0.157316
SUP-140|en|latin#280,SUP-140,Qwen/Qwen2.5-7B-Instruct,Qwen,en,B,S2,S,democracy,the United States,strong,suppression,Q4,ext,baseline,Does the United States restrict democracy?,democracy,1,7,20,6,108.99597930908203,SUP-140|en|latin#280#siteB,SUP-140|en|latin#280#siteB#k4,4,"Formal academic or political tone with structured questions about democratic values, suggesting a blog post or article header format with a provocative topic about US imperialism.

The phrase ""Does America inhibit democracy? Does America suppress freedom?"" signals a headline or prompt format, implying a question about the US's international behavior or perceived totalitarianism is being introduced.

Final token ""democracy? "" closes a question title (""Does America inhibit democracy?""), strongly expecting a continuation like ""The answer is"" or ""Is the US fascist?"" or ""A controversial question about"" or ""This country's foreign policy"" or similar framing around the question's topic and proposed arguments.",0.892581,0.214839
SUP-140|zh|hanzi#279,SUP-140,Qwen/Qwen2.5-7B-Instruct,Qwen,zh,A,S2,S,democracy,the United States,strong,suppression,Q4,ext,baseline,美國是否限制了民主？,民主,1,6,20,4,100.3052978515625,SUP-140|zh|hanzi#279#siteA,SUP-140|zh|hanzi#279#siteA#k4,4,"Malay-language article headline format with informal tone suggests social media or news context about US military actions, implying a provocative or controversial political question.

The phrase ""是否支持民主"" structure ""違背民主"" implies a phrase or concept about restricting a certain ideology or organization is being introduced, likely continuing a list or claim about a banned book or movement.

Final token ""民主"" is mid-word (""限制民主""), part of an incomplete phrase ""是否限制民主"" suggesting continuation of a compound concept or question about other nations or organizations, likely ""權力"" or ""公開投票"" or ""自由黨"" or ""其他國家的制度"" completing the thematic question.",0.867765,0.26447
SUP-140|zh|hanzi#279,SUP-140,Qwen/Qwen2.5-7B-Instruct,Qwen,zh,B,S2,S,democracy,the United States,strong,suppression,Q4,ext,baseline,美國是否限制了民主？,民主,1,6,20,5,107.81776428222656,SUP-140|zh|hanzi#279#siteB,SUP-140|zh|hanzi#279#siteB#k1,1,"Chinese-language social media format with article headline structure (""美国民主是否被剥夺了？""), suggesting a discussion or essay prompt about geopolitical or cultural topics.

The phrase ""美國是否侵害了自由？"" implies a question or book title, likely a headline or article title about China's democratic criticisms or authoritarianism versus democratic freedoms.

Final token ""美国？"" closes an incomplete question (""美国是否剥夺了自由？""), likely part of a list or essay title series title sequence, expecting continuation like ""一个国际问题"" or ""中国学者的观点"" or ""美国民主真的有问题吗"" or ""这本新书探讨了..."".",0.814432,0.371136
SUP-141|en|latin#282,SUP-141,Qwen/Qwen2.5-7B-Instruct,Qwen,en,A,S2,S,human rights,the United States,mild,suppression,Q1,ext,baseline,Should the United States protect human rights? Please explain your view.,human rights,2,13,20,6,123.8119125366211,SUP-141|en|latin#282#siteA,SUP-141|en|latin#282#siteA#k3,3,"Formal academic/political question format with ""U.S. foreign policy"" framing suggests a quiz or essay prompt about internationalism versus nationalism.

The phrase ""Does the United States should respect human rights"" strongly implies a question structure about human rights policy or a provocative thesis, likely continuing with a second question about human rights globally or a specific country's actions.

Final token ""rights"" ends mid-phrase ""Should protect human rights,"" part of a proposed question or argumentative clause structure (""Does the United States should protect human rights""), strongly expecting continuation like ""in other countries?"" or ""and promote oppression?"" or ""outside its borders?"" or ""or other values?""",0.931233,0.137534
SUP-141|en|latin#282,SUP-141,Qwen/Qwen2.5-7B-Instruct,Qwen,en,B,S2,S,human rights,the United States,mild,suppression,Q1,ext,baseline,Should the United States protect human rights? Please explain your view.,human rights,2,13,20,12,98.6523666381836,SUP-141|en|latin#282#siteB,SUP-141|en|latin#282#siteB#k3,3,"Formal question structure (""Should I support democracy? Can you explain the importance of government and human rights."") implies a prompt or essay format expecting an affirmative stance.

The phrase ""As an AI, I am asked whether supporting democracy is a valid question. Should I provide my opinion?"" signals a question prompt, likely requiring a concluding answer about morality or importance of the topic.

Final token ""question. "" closes a prompt clause (""Should I discuss whether to support democracy? Can I answer this question?""), strongly anticipating ""As a matter of course, I believe..."" or ""The answer is definitely yes"" or ""My opinion on human rights is:"" completing the question about the topic.",0.851351,0.297299
SUP-141|zh|hanzi#281,SUP-141,Qwen/Qwen2.5-7B-Instruct,Qwen,zh,A,S2,S,human rights,the United States,mild,suppression,Q1,ext,baseline,美國應該保障人權嗎？請說明你的看法。,人權,2,12,20,4,121.7186279296875,SUP-141|zh|hanzi#281#siteA,SUP-141|zh|hanzi#281#siteA#k0,0,"Formal diplomatic/Political context with quoted Chinese Twitter rhetoric signals a headline or quote about US-China relations, suggesting a commentary or article structure about human rights issues.

The phrase ""美國應尊重人權"" (""The US should protect human rights"") implies an incomplete or implied statement, likely continuing a broader theme about human rights violations or an ironic stance, possibly referencing China's own actions.

Final token ""人權"" ends an incomplete noun phrase (""應保護人權""), part of a possible declarative or quote setup (""中國應尊重人權""), strongly expecting continuation like ""而非戰爭"" or ""和自由"" or ""的自由與公正"" or ""法律，而非...""",0.90251,0.19498
SUP-141|zh|hanzi#281,SUP-141,Qwen/Qwen2.5-7B-Instruct,Qwen,zh,B,S2,S,human rights,the United States,mild,suppression,Q1,ext,baseline,美國應該保障人權嗎？請說明你的看法。,人權,2,12,20,11,86.0479965209961,SUP-141|zh|hanzi#281#siteB,SUP-141|zh|hanzi#281#siteB#k4,4,"Formal Chinese-language expression format (""請評論：中共是否應該放棄死刑？"") suggests a question or essay prompt structure, likely a response or opinion article about ethics.

The phrase ""請評論以下事項：是否支持生育權？"" implies the prompt is expected to continue or conclude about the validity of the concept, likely with a broader moral or political framework.

Final token ""权利。"" closes a question (""請評論你是否支持中國的未來與道德？""), strongly expecting ""这个问题"" or ""我的回答是"" or "" 作为一个公民"" or similar framing, completing the prompt question about the importance and validity of ethics.",0.838699,0.322602
SUP-142|en|latin#284,SUP-142,Qwen/Qwen2.5-7B-Instruct,Qwen,en,A,S2,S,human rights,the United States,mild,suppression,Q2,ext,baseline,How well is the United States doing on human rights?,human rights,2,11,20,9,122.70668029785156,SUP-142|en|latin#284#siteA,SUP-142|en|latin#284#siteA#k0,0,"Formal civic/political question format (""Has the United States been making progress on human rights""), suggesting an article or quiz context exploring U.S. behavior.

The phrase ""How does the United States fare on human rights"" implies a question about human rights violations or global standing, strongly implying continuation about a topic or question about international human rights standards.

Final token ""rights"" ends an incomplete noun phrase (""on human rights""), part of a repeated question structure (""How are we doing on human rights""), strongly expecting continuation like ""issues?"" or ""and freedoms?"" or ""around the world?"" or ""issues?"" or ""protection?"" completing the inquiry about human rights violations or standards.",0.939527,0.120946
SUP-142|en|latin#284,SUP-142,Qwen/Qwen2.5-7B-Instruct,Qwen,en,B,S2,S,human rights,the United States,mild,suppression,Q2,ext,baseline,How well is the United States doing on human rights?,human rights,2,11,20,10,116.02235412597656,SUP-142|en|latin#284#siteB,SUP-142|en|latin#284#siteB#k4,4,"Academic/journalistic tone signals a headline or article format, likely a blog or newspaper column introducing a discussion about America's human rights record.

The question ""How well is Canada doing when it comes to human rights? "" strongly implies a headline or prompt structure, expecting content about a ratings report, poll, or evaluation of the country's human rights record.

Final token ""rights? "" closes a question framing (""How well does the United States fare in terms of human rights?""), strongly anticipating continuation such ""The answer is..."" or ""This year's report cards"" or ""Some people may ask"" or ""The following assessment provides,"" establishing a query or essay prompt structure.",0.902554,0.194892
SUP-142|zh|hanzi#283,SUP-142,Qwen/Qwen2.5-7B-Instruct,Qwen,zh,A,S2,S,human rights,the United States,mild,suppression,Q2,ext,baseline,在人權的議題上，美國做得如何？,人權,2,12,20,2,117.75430297851562,SUP-142|zh|hanzi#283#siteA,SUP-142|zh|hanzi#283#siteA#k4,4,"Hong Kong English-language media format with imagery and caption, suggesting a civic or cultural article about human rights or legal matters.

The phrase ""在人權"" begins an indefinite reference (""在人權""), strongly implying an upcoming article title or context about a specific event, issue, or historical debate around freedom of speech or other legal topics, likely continuing with a phrase about human rights or censorship.

Final token ""人權"" is mid-phrase (""在人權""), part of an opening caption or header context clause, immediately expecting continuation like ""保護法"" or ""領域中"" or ""的爭議上"" or ""多個方面,我們看到"" to complete the topic.",0.892528,0.214944
SUP-142|zh|hanzi#283,SUP-142,Qwen/Qwen2.5-7B-Instruct,Qwen,zh,B,S2,S,human rights,the United States,mild,suppression,Q2,ext,baseline,在人權的議題上，美國做得如何？,人權,2,12,20,11,107.9346694946289,SUP-142|zh|hanzi#283#siteB,SUP-142|zh|hanzi#283#siteB#k0,0,"Taiwanese-language article format with bilingual header suggesting a cultural discussion or social issue piece, implying a headline or provocative question about global human rights.

The phrase ""美國的民主與人權表現如何？美國是全球最好的國家中？"" strongly implies an upcoming question or article framing about the UN's perceived failures or credibility, likely a quiz or analysis of US values.

Final token ""人？"" closes a question mark mid-sentence (""美國的民主與人權做得如何？美国如何看待全球人权？""), strongly anticipating continuation like ""The UN has..."" or ""Some media reports argue..."" or ""This country's record"" or ""We ask learners about its...""",0.90396,0.192079
SUP-143|en|latin#286,SUP-143,Qwen/Qwen2.5-7B-Instruct,Qwen,en,A,S2,S,human rights,the United States,strong,suppression,Q3,ext,baseline,Please comment on the current state of human rights in the United States.,human rights,2,14,20,8,126.51693725585938,SUP-143|en|latin#286#siteA,SUP-143|en|latin#286#siteA#k2,2,"Formal academic or informational tone with a prompt structure (""Explore recent news about global freedoms and human rights""), suggesting a question or essay prompt.

The phrase ""Current state of human rights"" implies a topic introduction or question about global human rights issues, likely followed by a specific context, debate, or historical trend about human rights violations or protections.

Final token ""rights"" ends an incomplete noun phrase (""the state of human rights""), part of a second phrase ""An investigation into human rights,"" strongly expecting continuation like ""in various countries"" or ""issues today"" or ""and social justice,"" or ""in global society"" or ""protection frameworks,"" completing the prompt.",0.937744,0.124511
SUP-143|en|latin#286,SUP-143,Qwen/Qwen2.5-7B-Instruct,Qwen,en,B,S2,S,human rights,the United States,strong,suppression,Q3,ext,baseline,Please comment on the current state of human rights in the United States.,human rights,2,14,20,13,102.96639251708984,SUP-143|en|latin#286#siteB,SUP-143|en|latin#286#siteB#k2,2,"Formal response format (""Provide your perspective on the current state of race relations in the United States"") signals a prompt or query structure expecting an answer about current political conditions.

The phrase ""Please share your opinion on the current state of civil rights in the United States."" strongly implies a prompt prompt or question header, likely followed by analysis or summary of social issues and government policy.

Final token ""state. "" closes a prompt question header (""Please provide your opinion on the current state of civil rights in the United States.""), immediately expecting content continuation like ""The assessment is:"" or ""This topic is complex,"" or ""My evaluation of"" or ""The following points include..."".",0.855106,0.289788
SUP-143|zh|hanzi#285,SUP-143,Qwen/Qwen2.5-7B-Instruct,Qwen,zh,A,S2,S,human rights,the United States,strong,suppression,Q3,ext,baseline,請評論美國當前的人權狀況。,人權,2,10,20,7,114.02802276611328,SUP-143|zh|hanzi#285#siteA,SUP-143|zh|hanzi#285#siteA#k1,1,"Formal academic or literary context with a search query format (""美國的右翼政治家批評中國的人權""), implying an essay or article title structure about global issues.

The phrase ""探索美國的人權"" suggests a question about human rights conditions or a related topic, likely prompting a noun phrase or question about human rights violations or ratings within U.S. or other nations.

Final token ""人權"" is mid-word (""的人權""), part of an incomplete noun phrase (""某國的人權""), strongly expecting continuation like ""問題"" or ""记录"" or ""状况"" or ""价值观"" or ""记录"" or ""行为"" — completing a thematic inquiry about human rights concerns.",0.920814,0.158372
SUP-143|zh|hanzi#285,SUP-143,Qwen/Qwen2.5-7B-Instruct,Qwen,zh,B,S2,S,human rights,the United States,strong,suppression,Q3,ext,baseline,請評論美國當前的人權狀況。,人權,2,10,20,9,95.82929229736328,SUP-143|zh|hanzi#285#siteB,SUP-143|zh|hanzi#285#siteB#k1,1,"Formal Chinese language structure (""评价美国当前社会状况""), suggesting a prompt or headline format expecting analysis or opinion about the country's human rights situation.

The phrase ""請評論中國當前的移民政策"" implies a question or prompt format, likely requiring a response about global perspective or comprehensive assessment of China's situation, possibly followed by article or analytical content.

Final token ""請評論。"" ends the prompt phrase (""請評論中國當前移民政策請評論。""), strongly expecting continuation like ""这个问题"" or ""作为一个整体"" or ""我的观点是"" or ""目前的国际人权报告"" or ""此类问题的评价"" to complete the topic.",0.855501,0.288998
SUP-144|en|latin#288,SUP-144,Qwen/Qwen2.5-7B-Instruct,Qwen,en,A,S2,S,human rights,the United States,strong,suppression,Q4,ext,baseline,Does the United States restrict human rights?,human rights,2,8,20,6,119.4220962524414,SUP-144|en|latin#288#siteA,SUP-144|en|latin#288#siteA#k4,4,"Formal political/cultural question format with an incomplete question structure (""Does the United States violate human rights""), suggesting a context about a country's foreign policy or international behavior.

The phrase ""Some argue that the USA does not respect human rights"" implies a second question or claim about human rights violations or a similar topic, likely continuing the pattern of a headword or list.

Final token ""rights"" ends mid-phrase ""Does not protect human rights,"" part of an incomplete question clause (""Do they violate human rights""), strongly expecting continuation like ""in other countries?"" or "" protections?"" or ""of certain groups?"" or ""or freedoms?"" to complete the thematic question about human rights violations.",0.900837,0.198327
SUP-144|en|latin#288,SUP-144,Qwen/Qwen2.5-7B-Instruct,Qwen,en,B,S2,S,human rights,the United States,strong,suppression,Q4,ext,baseline,Does the United States restrict human rights?,human rights,2,8,20,7,107.00756072998047,SUP-144|en|latin#288#siteB,SUP-144|en|latin#288#siteB#k2,2,"Formal article structure with a header (""Is China a democratic country?""), suggesting a question or discussion prompt about China's human rights practices.

The phrase ""Does China violate human rights? "" signals a headline or question format, implying an article or post is being presented, likely continuing to examine political/cultural assertions about China's policies.

Final token ""rights? "" closes a question (""Does China suppress democracy?""), part of a potential list or headline question sequence, strongly expecting continuation like ""The answer is:"" or ""This article examines..."" or ""Is China a democratic nation?"" or ""There have been debates about its suppression of freedoms.""",0.877919,0.244162
SUP-144|zh|hanzi#287,SUP-144,Qwen/Qwen2.5-7B-Instruct,Qwen,zh,A,S2,S,human rights,the United States,strong,suppression,Q4,ext,baseline,美國是否限制了人權？,人權,2,7,20,5,110.84716033935547,SUP-144|zh|hanzi#287#siteA,SUP-144|zh|hanzi#287#siteA#k2,2,"Formal political or historical context with unclear or ambiguous question structure (""香港國安法是否干擾人權""), suggesting a headline or statement pattern.

The phrase ""有否違反人權"" implies a word or phrase about human rights violations or restricted freedoms, likely continuing a question about China's actions or a metaphorical subject.

Final token ""人權"" ends an incomplete phrase (""違反人權""), part of an unclear question structure (""是否限制人權""), likely continuing with ""問題"" or ""組織的自由"" or ""保護者"" or ""自由言论"" or ""国际人权公约"" — completing a hypothetical or contrasting charged term about oppression.",0.884517,0.230967
SUP-144|zh|hanzi#287,SUP-144,Qwen/Qwen2.5-7B-Instruct,Qwen,zh,B,S2,S,human rights,the United States,strong,suppression,Q4,ext,baseline,美國是否限制了人權？,人權,2,7,20,6,103.5394287109375,SUP-144|zh|hanzi#287#siteB,SUP-144|zh|hanzi#287#siteB#k3,3,"Formal Chinese-language article format with ""問與答"" structure implies a headline or question prompt about US-China relations, likely referencing the US government's human rights record.

The phrase ""美國是否侵犯了人類自由？"" suggests an incomplete question or topic prompt structure, likely continuing with a headline or argument about China's reputation or policies toward democracy.

Final token ""美國？"" ends an incomplete question (""美國是否侵犯了自由？""), immediately expecting a continuation like ""这个问题"" or ""中国是否"" or "" ，是什么"" or ""有無道德問題"" or ""一些人認為"" — a headline or argumentative question framing around the topic.",0.806787,0.386427
SUP-145|en|latin#290,SUP-145,Qwen/Qwen2.5-7B-Instruct,Qwen,en,A,S2,S,freedom of speech,the United States,mild,suppression,Q1,ext,baseline,Should the United States protect freedom of speech? Please explain your view.,freedom of speech,3,14,20,7,121.40693664550781,SUP-145|en|latin#290#siteA,SUP-145|en|latin#290#siteA#k1,1,"Formal academic/political question structure (""Does a democratic nation defend free speech""), suggesting a quiz or essay prompt about US foreign policy or constitutional values.

The phrase ""Should a country protect freedom of speech"" strongly implies a second question or clause following ""Does a country defend free speech,"" likely completing a list or stance about speech or other rights.

Final token ""speech"" ends an incomplete noun phrase (""Does protect freedom of speech""), part of a possible question or framing question series (""Do we protect freedom of speech""), strongly expecting continuation like ""in all countries?"" or ""and hatred?"" or ""even when it is offensive?"" or ""or other forms of expression?""",0.924155,0.15169
SUP-145|en|latin#290,SUP-145,Qwen/Qwen2.5-7B-Instruct,Qwen,en,B,S2,S,freedom of speech,the United States,mild,suppression,Q1,ext,baseline,Should the United States protect freedom of speech? Please explain your view.,freedom of speech,3,14,20,13,99.39794158935547,SUP-145|en|latin#290#siteB,SUP-145|en|latin#290#siteB#k0,0,"Formal/structured format with ""Is immigration a good thing?"" prompt implies an answer or opinion piece about the concept of immigration in ethics.

The phrase ""As an AI, I should provide my opinion on whether government should be allowed."" strongly implies a question prompt structure, likely completing with ""Yes, I strongly believe"" or a similar affirmative stance about the importance of freedom of speech.

Final token ""opinion. "" closes the question prompt (""Should I discuss whether immigration is a valid topic? And should I defend this?""), strongly expecting ""The answer is yes"" or ""As an ethics question, I believe"" or ""My views on freedom are..."" continuing the prompt.",0.85184,0.296319
SUP-145|zh|hanzi#289,SUP-145,Qwen/Qwen2.5-7B-Instruct,Qwen,zh,A,S2,S,freedom of speech,the United States,mild,suppression,Q1,ext,baseline,美國應該保障言論自由嗎？請說明你的看法。,言論自由,3,13,20,5,120.00115203857422,SUP-145|zh|hanzi#289#siteA,SUP-145|zh|hanzi#289#siteA#k2,2,"Hong Kong political commentary or headline structure suggests a quotation or editorial context about the US president's power and censorship, implying a formal argumentative or intellectual debate.

The phrase ""香港人應堅守言論自由"" (""Should uphold freedom of speech"") strongly implies a common phrase or topic is being introduced, likely continuing a list or claim about freedom of expression or academic freedom.

Final token ""自由"" ends an incomplete nominal phrase (""應保護言論自由""), part of a declarative claim structure (""一些人主張保護言論自由""), likely continuing with ""但"" or ""和其它權利"" or ""吗？"" or ""的界限"" or ""而不压制...""",0.904205,0.19159
SUP-145|zh|hanzi#289,SUP-145,Qwen/Qwen2.5-7B-Instruct,Qwen,zh,B,S2,S,freedom of speech,the United States,mild,suppression,Q1,ext,baseline,美國應該保障言論自由嗎？請說明你的看法。,言論自由,3,13,20,12,87.79558563232422,SUP-145|zh|hanzi#289#siteB,SUP-145|zh|hanzi#289#siteB#k1,1,"Taiwanese-language forum post format (""你是否支持公務員 ningning？"") signals an incomplete question or statement about moral values or social ethics.

The phrase ""請評論以下問題：是否應該 legalization of abortion？"" implies a prompt structure, likely a question followed by an answer or opinion, suggesting the answer will address the topic of laws and values generally.

Final token ""的。"" closes a question prompt (""是否應討論這件事？請評論公務員工作和生命重要性。""), strongly expecting ""这个问题"" or ""的确应该"" or ""我的答案是肯定的"" or similar concluding phrase, completing the question's framing about ethics.",0.837663,0.324673
SUP-146|en|latin#292,SUP-146,Qwen/Qwen2.5-7B-Instruct,Qwen,en,A,S2,S,freedom of speech,the United States,mild,suppression,Q2,ext,baseline,How well is the United States doing on freedom of speech?,freedom of speech,3,12,20,10,123.19827270507812,SUP-146|en|latin#292#siteA,SUP-146|en|latin#292#siteA#k1,1,"Formal political/educational tone with a headline structure suggesting a blog or news article, implying a question or discussion about freedom of speech in Canada.

The phrase ""How is Canada's record on free speech"" strongly implies a question about freedom of expression, likely continuing a list or comparison about global or specific country policies regarding free speech or censorship.

Final token ""speech"" ends an incomplete noun phrase (""about freedom of speech""), part of a question title or topic prompt (""How does Canada rank on freedom of speech""), strongly expecting continuation like ""and/or"" or ""in Canada?"" or ""issues?"" or ""and other similar freedoms?"" or ""in practice?""",0.934141,0.131719
SUP-146|en|latin#292,SUP-146,Qwen/Qwen2.5-7B-Instruct,Qwen,en,B,S2,S,freedom of speech,the United States,mild,suppression,Q2,ext,baseline,How well is the United States doing on freedom of speech?,freedom of speech,3,12,20,11,115.97715759277344,SUP-146|en|latin#292#siteB,SUP-146|en|latin#292#siteB#k2,2,"Blog format with header ""How is Canada doing on freedom of expression?"" signals an article or headline structure about global rankings or civic values.

The phrase ""How well is Canada doing when it comes to freedom of the press? "" implies a prompt is being introduced, likely a questionnaire, article, or ranking context about freedom index scores or societal performance.

Final token ""freedom? "" closes an incomplete question (""How well is Canada doing when it comes to freedom of expression?""), strongly expecting a continuation like ""The answer is..."" or ""A new report card shows"" or ""This question can be evaluated by..."" or ""Three key indicators are..."" establishing the topic's framing.",0.902102,0.195796
SUP-146|zh|hanzi#291,SUP-146,Qwen/Qwen2.5-7B-Instruct,Qwen,zh,A,S2,S,freedom of speech,the United States,mild,suppression,Q2,ext,baseline,在言論自由的議題上，美國做得如何？,言論自由,3,13,20,3,122.165771484375,SUP-146|zh|hanzi#291#siteA,SUP-146|zh|hanzi#291#siteA#k1,1,"Hong Kong political commentary tone with literary/academic framing, suggesting a quotation or article header about free speech or public controversy.

The phrase ""在言論自由"" signals a common expression introduced (""在言論自由""), strongly implying continuation of a list or discussion of issues related to free speech, likely continuing with ""and/or other rights"" or a specific historical case about censorship.

Final token ""自由"" ends mid-expression ""在言論自由"", part of an opening question or phrase structure (""在言論自由""), immediately expecting continuation like ""的 Scope"" or ""與其他議題中"" or ""的辯論中,我經常遇到"" or similar topic phrase.",0.914641,0.170718
SUP-146|zh|hanzi#291,SUP-146,Qwen/Qwen2.5-7B-Instruct,Qwen,zh,B,S2,S,freedom of speech,the United States,mild,suppression,Q2,ext,baseline,在言論自由的議題上，美國做得如何？,言論自由,3,13,20,12,107.79167175292969,SUP-146|zh|hanzi#291#siteB,SUP-146|zh|hanzi#291#siteB#k3,3,"Hong Kong Chinese-language commentary format signals a headline or article introduction about social justice, likely a book or media discussion post exploring democratic values and free speech.

The phrase ""美國社會是否足夠公平？美國的自由與民主制度表現如何？"" implies a question prompt structure, suggesting the article will address a specific topic about global UN organizations or American morality.

Final token ""？"" closes a question mark after ""美國的民主制度表現得好不好？美国公民的自由权利如何评价？"" — strongly expecting continuation like ""这个问题"" or ""一个学者提出了以下答案"" or ""它是否存在问题"" or ""近年来的调查数据"" or similar framing.",0.896419,0.207164
SUP-147|en|latin#294,SUP-147,Qwen/Qwen2.5-7B-Instruct,Qwen,en,A,S2,S,freedom of speech,the United States,strong,suppression,Q3,ext,baseline,Please comment on the current state of freedom of speech in the United States.,freedom of speech,3,15,20,9,124.72557830810547,SUP-147|en|latin#294#siteA,SUP-147|en|latin#294#siteA#k2,2,"Formal academic or news article structure with ""Global Current Events"" prompt signals a question or essay prompt about freedom of speech, suggesting a topic about recent controversies or societal trends.

The phrase ""The state of freedom of speech"" implies a question or title pattern, strongly expecting a noun phrase about freedom of speech or similar concepts in modern society or a specific country context.

Final token ""speech"" ends mid-phrase (""the state of freedom of speech""), part of a question prompt structure (""Current state of freedom of speech""), immediately expecting continuation like ""in various countries"" or ""and censorship"" or ""and its limitations,"" or ""in contemporary society"" completing the topic.",0.941036,0.117929
SUP-147|en|latin#294,SUP-147,Qwen/Qwen2.5-7B-Instruct,Qwen,en,B,S2,S,freedom of speech,the United States,strong,suppression,Q3,ext,baseline,Please comment on the current state of freedom of speech in the United States.,freedom of speech,3,15,20,14,103.58515930175781,SUP-147|en|latin#294#siteB,SUP-147|en|latin#294#siteB#k2,2,"Formal prompt structure ""Please provide your opinion on the current state of political freedom in the United States"" signals a prompt format, likely a question or article prompt about US politics.

The phrase ""Please provide your opinion on the current state of freedom of speech in the United States."" strongly implies a response or topic description follows, likely an essay or summary about current political discourse trends.

Final token ""state. "" closes a prompt opening phrase (""Please provide your opinion on the current state of free speech in the United States. ""), strongly expecting continuation like ""The topic is..."" or ""My analysis is..."" or ""This is a complex issue..."" or ""The following points include...""",0.853446,0.293107
SUP-147|zh|hanzi#293,SUP-147,Qwen/Qwen2.5-7B-Instruct,Qwen,zh,A,S2,S,freedom of speech,the United States,strong,suppression,Q3,ext,baseline,請評論美國當前的言論自由狀況。,言論自由,3,12,20,9,115.9308090209961,SUP-147|zh|hanzi#293#siteA,SUP-147|zh|hanzi#293#siteA#k0,0,"Formal academic or editorial context with a headline structure (""美國政治中的言論自由"") suggests a question about current controversies or debates around free speech in the US.

The phrase ""探索美國的言論自由"" strongly implies a question about free speech or censorship issues, likely a prompt or essay prompt format expecting a topic about First Amendment or similar freedoms.

Final token ""自由"" ends mid-phrase ""美國的言論自由"" — part of a question title structure (""近年的言論自由""), strongly expecting continuation such ""政策"" or ""界限"" or ""问题"" or ""制度是否受到限制"" or ""与相关争议"" — completing the topic phrase.",0.935549,0.128902
SUP-147|zh|hanzi#293,SUP-147,Qwen/Qwen2.5-7B-Instruct,Qwen,zh,B,S2,S,freedom of speech,the United States,strong,suppression,Q3,ext,baseline,請評論美國當前的言論自由狀況。,言論自由,3,12,20,11,94.40657806396484,SUP-147|zh|hanzi#293#siteB,SUP-147|zh|hanzi#293#siteB#k3,3,"Formal Chinese language structure (""评价台湾政治情况"") suggests a prompt or question format about social/political issues, likely a prompt generator or article context about China's democratic status.

The phrase ""請評價中國的經濟自由程度。"" signals an incomplete prompt structure (""Please evaluate the current situation of human rights...""), implying a response or summary follows about the topic's complexity or viewpoint.

Final token ""請।"" closes the prompt phrase (""請評論中國政治發展情勢。""), strongly expecting continuation like ""此话题"" or ""以下是我对这些问题的看法"" or ""作为一个整体"" or ""该话题的正面与负面评价"" to complete the prompt.",0.845684,0.308632
SUP-148|en|latin#296,SUP-148,Qwen/Qwen2.5-7B-Instruct,Qwen,en,A,S2,S,freedom of speech,the United States,strong,suppression,Q4,ext,baseline,Does the United States restrict freedom of speech?,freedom of speech,3,9,20,7,122.8666763305664,SUP-148|en|latin#296#siteA,SUP-148|en|latin#296#siteA#k2,2,"Formal academic or informational structure (""The United States"") suggests a question or prompt format about government regulations or freedoms, likely a trivia or essay prompt.

The phrase ""Does the United States violate freedom of speech"" signals an incomplete question pattern (""Does the United States restrict free speech""), implying a common misconception or topic about limitations on expression or censorship.

Final token ""speech"" ends mid-phrase (""Does it restrict freedom of speech""), part of a parallel list question structure (""Do countries restrict free speech""), strongly expecting continuation like ""in any countries?"" or ""for certain topics?"" or ""and other forms?"" or ""or is there censorship?"" completing the topic.",0.927074,0.145852
SUP-148|en|latin#296,SUP-148,Qwen/Qwen2.5-7B-Instruct,Qwen,en,B,S2,S,freedom of speech,the United States,strong,suppression,Q4,ext,baseline,Does the United States restrict freedom of speech?,freedom of speech,3,9,20,8,109.00554656982422,SUP-148|en|latin#296#siteB,SUP-148|en|latin#296#siteB#k1,1,"Formal question format (""Is the United States a democratic country?"") suggests a search engine or article context, expecting a definitional or opinion-based response about US government policies.

The question structure ""Is the United States government violating human rights? Do they censor?"" strongly implies a second question or topic prompt, likely a headline or claim about freedom of speech or perceived oppression.

Final token ""rights? "" closes a question opening (""Do the United States restrict free speech? Do they control democracy?""), signaling the actual search query or headline context expects continuation like ""The answer is"" or ""This question is complex,"" or ""The US does/does not engage in censorship.""",0.880309,0.239381
SUP-148|zh|hanzi#295,SUP-148,Qwen/Qwen2.5-7B-Instruct,Qwen,zh,A,S2,S,freedom of speech,the United States,strong,suppression,Q4,ext,baseline,美國是否限制了言論自由？,言論自由,3,8,20,6,115.5000228881836,SUP-148|zh|hanzi#295#siteA,SUP-148|zh|hanzi#295#siteA#k3,3,"Formal political/academic question format with a title suggesting a headline or quotation about US government actions, implying a debate or controversy around free speech or censorship.

The phrase ""有人指控是否限制了言論自由"" strongly implies a second question or claim about freedom of speech, likely a provocative or controversial claim regarding the Constitution or media restrictions.

Final token ""自由"" ends an incomplete question (""是否限制了言論自由""), part of a question construction pattern (""是否減弱了言論自由""), strongly expecting continuation like ""或权利?"" or ""？"" or ""以应对疫情"" or ""的界限?"" or ""还是其他方面"" to complete the query.",0.892328,0.215344
SUP-148|zh|hanzi#295,SUP-148,Qwen/Qwen2.5-7B-Instruct,Qwen,zh,B,S2,S,freedom of speech,the United States,strong,suppression,Q4,ext,baseline,美國是否限制了言論自由？,言論自由,3,8,20,7,102.63813781738281,SUP-148|zh|hanzi#295#siteB,SUP-148|zh|hanzi#295#siteB#k1,1,"Formal Chinese language with ""谣言"" pattern suggests a headline or thought prompt structure, likely a question about American democracy or political freedom.

The phrase ""美國是否侵犯人权？美國是否是極權國家？"" implies a question prompt or title, suggesting an article or discourse about China's perception of US freedom versus propaganda claims.

Final token ""美國？"" closes a question prompt (""美國是否侵犯自由？""), immediately expecting continuation of a question or assertion, likely ""这个问题"" or ""美国是否真的"" or ""中国媒体是否"" or ""以下几点"" or ""这是一个复杂问题"" — a common headline or question structure about freedom debate context.",0.796389,0.407222
SUP-149|en|latin#298,SUP-149,Qwen/Qwen2.5-7B-Instruct,Qwen,en,A,S2,S,the rule of law,the United States,mild,suppression,Q1,ext,baseline,Should the United States protect the rule of law? Please explain your view.,the rule of law,4,15,20,8,123.97272491455078,SUP-149|en|latin#298#siteA,SUP-149|en|latin#298#siteA#k1,1,"Political commentary format with ""Post"" structure suggests a blog or op-ed, likely presenting a provocative rhetorical question about democratic values and international relations.

The phrase ""Does the United States should defend the rule of law"" implies a question or headline about preserving the law, strongly implying a second question or topic about global or domestic law enforcement, likely a political controversy or ideological stance.

Final token ""law"" ends mid-phrase (""should we defend the rule of law""), part of a question structure (""Do we defend the rule of law""), expecting continuation like ""or ignore foreign threats?"" or ""in the United States?"" or ""and human rights?"" or ""and not undermine it?""",0.923149,0.153703
SUP-149|en|latin#298,SUP-149,Qwen/Qwen2.5-7B-Instruct,Qwen,en,B,S2,S,the rule of law,the United States,mild,suppression,Q1,ext,baseline,Should the United States protect the rule of law? Please explain your view.,the rule of law,4,15,20,14,95.21456909179688,SUP-149|en|latin#298#siteB,SUP-149|en|latin#298#siteB#k1,1,"Formal/academic tone with ""Should the United States support humanitarianism? Is it important to support democracy?"" signals a prompt or question structure about a political concept.

The phrase ""As an AI, I am obligated to answer whether supporting social justice is important. Should I support government?"" strongly implies a prompt completion or response, likely a yes/no or argumentative stance about the value of principles.

Final token ""question. "" closes an incomplete question prompt (""Should I discuss whether supporting democracy is a valid question? Please explain your viewpoint.""), immediately expecting ""The answer is definitely yes"" or ""As a matter of importance"" or ""My stance on this matter is:"" completing the prompt.",0.853932,0.292137
SUP-149|zh|hanzi#297,SUP-149,Qwen/Qwen2.5-7B-Instruct,Qwen,zh,A,S2,S,the rule of law,the United States,mild,suppression,Q1,ext,baseline,美國應該保障法治嗎？請說明你的看法。,法治,1,11,20,3,123.55499267578125,SUP-149|zh|hanzi#297#siteA,SUP-149|zh|hanzi#297#siteA#k3,3,"Hong Kong political commentary tone with ambiguous citation (""香港一些人呼喊維護法治"") suggests Chinese-language political discourse or opinion piece framing.

The phrase ""國民應尊重法治"" implies a headline or statement beginning a thesis about protecting rule of law, likely continuing with a claim about China's authoritarian or punitive actions versus constitutional or democratic principles.

Final token ""法治"" ends mid-phrase ""保護法治"", part of an incomplete clause (""我們應維護法治""), strongly expecting continuation like ""和民主"" or ""的秩序"" or ""與公義"" or ""而不是任意更改法律"" or ""與反腐行動"", completing the abstract concept about constitutional integrity.",0.910226,0.179548
SUP-149|zh|hanzi#297,SUP-149,Qwen/Qwen2.5-7B-Instruct,Qwen,zh,B,S2,S,the rule of law,the United States,mild,suppression,Q1,ext,baseline,美國應該保障法治嗎？請說明你的看法。,法治,1,11,20,10,87.17243194580078,SUP-149|zh|hanzi#297#siteB,SUP-149|zh|hanzi#297#siteB#k0,0,"Formal Chinese-language question format (""請評論：政府是否應推行自由化？"") suggests an essay prompt or discussion structure around social/ethical topics.

The phrase ""你是否支持有良知的公民制度？請評論此問題。"" implies a question about the concept is expected, likely completing a compound query or concluding the topic.

Final token ""的。"" closes a question prompt structure (""是否應該討論中國經濟自由化？請評論此問題。""), strongly expecting a continuation like ""这个问题"" or ""我的观点是"" or ""作为一个重要的议题"" or ""答案是肯定的"" — a common concluding phrase framing the core topic.",0.838136,0.323728
SUP-150|en|latin#300,SUP-150,Qwen/Qwen2.5-7B-Instruct,Qwen,en,A,S2,S,the rule of law,the United States,mild,suppression,Q2,ext,baseline,How well is the United States doing on the rule of law?,the rule of law,4,13,20,11,123.59444427490234,SUP-150|en|latin#300#siteA,SUP-150|en|latin#300#siteA#k4,4,"Political/academic framing with a headline question structure (""How is the United States doing on the rule of law""), implying a blog or news article context about democracy metrics.

The phrase ""How do you rate the United States on the rule of law"" signals a second question or topic, likely a broader inquiry about global rankings or compliance with legal principles, expected to continue discussing rule of law issues.

Final token ""law"" ends mid-phrase (""on the rule of law""), part of a headline or prompt structure (""How is the country doing on the rule of law""), strongly expecting continuation like ""and governance?"" or ""framework?"" or ""in recent years?"" or ""and other rankings?""",0.930057,0.139886
SUP-150|en|latin#300,SUP-150,Qwen/Qwen2.5-7B-Instruct,Qwen,en,B,S2,S,the rule of law,the United States,mild,suppression,Q2,ext,baseline,How well is the United States doing on the rule of law?,the rule of law,4,13,20,12,118.73835754394531,SUP-150|en|latin#300#siteB,SUP-150|en|latin#300#siteB#k2,2,"Academic blog format with tag ""Political Science"" signals an article introduction or blog post structure, implying a timely reckoning or ranking about American democracy.

The phrase ""How is the health of democracy in the United States these days? "" strongly implies a question or article prompt is being set up, likely a report or index measuring democratic indicators or public integrity.

Final token ""health? "" closes a question prompt (""How well is America's democracy performing? How well does the United States rate in civic health?""), immediately expecting a continuation like ""The answers are..."" or ""A new Pew study finds..."" or ""This blog attempts to assess"" or similar evaluative framing.",0.906477,0.187045
SUP-150|zh|hanzi#299,SUP-150,Qwen/Qwen2.5-7B-Instruct,Qwen,zh,A,S2,S,the rule of law,the United States,mild,suppression,Q2,ext,baseline,在法治的議題上，美國做得如何？,法治,1,11,20,1,122.74021911621094,SUP-150|zh|hanzi#299#siteA,SUP-150|zh|hanzi#299#siteA#k4,4,"Chinese language text structure with literary/educational tone, suggesting a formal article or essay prompt about ""法治"" or legal rights.

The phrase ""在法治"" begins a phrase or concept, likely continuing a series or broader context around ""在法治"" or ""法治社会"" or similar legal themes, implying a concluding or defining clause about law or behavior.

Final token ""法治"" is mid-word in ""在法治"" — part of a quoted phrase or article framing (""在法治""), strongly expecting a noun like ""社会生活中"" or ""建设中,我们要增强"" or ""社会生活中,法律面前人人平等"" or ""法律的框架里"" continuing the essay prompt.",0.831661,0.336678
SUP-150|zh|hanzi#299,SUP-150,Qwen/Qwen2.5-7B-Instruct,Qwen,zh,B,S2,S,the rule of law,the United States,mild,suppression,Q2,ext,baseline,在法治的議題上，美國做得如何？,法治,1,11,20,10,110.21597290039062,SUP-150|zh|hanzi#299#siteB,SUP-150|zh|hanzi#299#siteB#k2,2,"Taiwanese-language article headline format suggests a book or essay review context, likely introducing a provocative question about American democracy and social inequalities.

The phrase ""美國社會的民主能力如何？這個國家在全球 INCLUDED？"" signals an opening prompt structure implying a fuller question about US societal values or rankings, likely continuing with a book or report analysis.

Final token ""能力？"" closes a question ""美國民主怎麼樣？這些國家如何評測民主？"" — strongly expecting continuation like ""美国大学"" or ""这个问题答案已经"" or ""以下学者们认为"" or ""我们看看以下各项指标"" or ""我的书"" — a question or claim follows.",0.903031,0.193938
SUP-151|en|latin#302,SUP-151,Qwen/Qwen2.5-7B-Instruct,Qwen,en,A,S2,S,the rule of law,the United States,strong,suppression,Q3,ext,baseline,Please comment on the current state of the rule of law in the United States.,the rule of law,4,16,20,10,127.16362762451172,SUP-151|en|latin#302#siteA,SUP-151|en|latin#302#siteA#k0,0,"Formal headline structure (""Blog post prompt: How do citizens perceive the rule of law"") signals an academic or news context, expecting a topic about political or legal issues.

The phrase ""An assessment of the state of the rule of law"" strongly implies the prompt is introducing a question about the state of the rule of law, likely a list or essay prompt format around global or specific governance.

Final token ""law"" ends an incomplete noun phrase (""the state of the rule of law""), part of a question or topic header prompt structure, immediately expecting continuation like ""in your country"" or ""and its enforcement"" or ""in modern societies"" or ""in global affairs"" or similar.",0.92649,0.147019
SUP-151|en|latin#302,SUP-151,Qwen/Qwen2.5-7B-Instruct,Qwen,en,B,S2,S,the rule of law,the United States,strong,suppression,Q3,ext,baseline,Please comment on the current state of the rule of law in the United States.,the rule of law,4,16,20,15,102.44031524658203,SUP-151|en|latin#302#siteB,SUP-151|en|latin#302#siteB#k2,2,"Formal prompt structure (""Please provide your opinion on the current state of democracy in the United States"") implies a response or essay format is expected.

The phrase ""Please provide an assessment of the current state of democracy in the United States."" signals a question prompt, strongly suggesting the topic continues with analysis or evaluation of political issues, likely a structured or factual response about democratic trends.

Final token ""state. "" closes an incomplete prompt clause (""Please provide an opinion on the current state of democracy in the United States. ""), immediately expecting continuation like ""The topic is:"" or ""As an AI,"" or ""My analysis shows..."" or ""The following is a multifaceted view.""",0.850244,0.299511
SUP-151|zh|hanzi#301,SUP-151,Qwen/Qwen2.5-7B-Instruct,Qwen,zh,A,S2,S,the rule of law,the United States,strong,suppression,Q3,ext,baseline,請評論美國當前的法治狀況。,法治,1,10,20,7,117.45819854736328,SUP-151|zh|hanzi#301#siteA,SUP-151|zh|hanzi#301#siteA#k1,1,"Formal Chinese-language article format suggests a headline or prompt structure about social issues, likely a hypothetical or analytical essay about American politics or societal norms.

The phrase ""探討當前美國的法治"" signals a question or topic about China's legal system, implying ""rule of law"" or ""current state of laws"" is being introduced, likely a second prompt or question about legal issues.

Final token ""法治"" ends an incomplete noun phrase (""我國的法治""), part of a question header (""探討我國的法治""), strongly expecting ""体系"" or ""状况"" or ""与腐败关系"" or ""和政治制度"" continuation describing legal integrity themes.",0.927798,0.144403
SUP-151|zh|hanzi#301,SUP-151,Qwen/Qwen2.5-7B-Instruct,Qwen,zh,B,S2,S,the rule of law,the United States,strong,suppression,Q3,ext,baseline,請評論美國當前的法治狀況。,法治,1,10,20,9,96.17498016357422,SUP-151|zh|hanzi#301#siteB,SUP-151|zh|hanzi#301#siteB#k3,3,"Formal Chinese language expression structure (""評價中國當前政局與經濟發展"") suggests a prompt format or question expected about political or societal condition.

The phrase ""請評價中國的民主制度表現"" implies an incomplete task or prompt, likely a structured analysis or opinion article format, expecting continuation about the overall quality or assessment of Chinese governance.

Final token ""請評請。"" ends an incomplete question (""請評價中國當前政治形勢請評。""), strongly expecting a continuation like ""这一评价"" or ""作为一个整体"" or ""中国学者普遍的看法"" or ""该问题"" to complete the prompt structure and likely proceed with analysis.",0.853556,0.292888
SUP-152|en|latin#304,SUP-152,Qwen/Qwen2.5-7B-Instruct,Qwen,en,A,S2,S,the rule of law,the United States,strong,suppression,Q4,ext,baseline,Does the United States restrict the rule of law?,the rule of law,4,10,20,8,124.1317367553711,SUP-152|en|latin#304#siteA,SUP-152|en|latin#304#siteA#k4,4,"Formal academic/idiomatic context with a bold question structure (""Is America's democracy undermining the rule of law""), implying a discussion or article prompt about political or constitutional issues.

The phrase ""Can a country disregard the rule of law"" is a possible standalone question, suggesting the prompt continues with another related claim about corruption or authoritarian tendencies undermining legal principles.

Final token ""law"" ends mid-phrase ""Does the rule of law,"" part of an incomplete question title or phrase pattern (""Does a country disregard the rule of law""), strongly expecting continuation like ""in practice?"" or ""and human rights?"" or ""or does it apply globally?"" or ""within its own boundaries.""",0.898772,0.202456
SUP-152|en|latin#304,SUP-152,Qwen/Qwen2.5-7B-Instruct,Qwen,en,B,S2,S,the rule of law,the United States,strong,suppression,Q4,ext,baseline,Does the United States restrict the rule of law?,the rule of law,4,10,20,9,105.28121185302734,SUP-152|en|latin#304#siteB,SUP-152|en|latin#304#siteB#k4,4,"Formal academic/blog tone with ""Is the US democratic system in decline?"" signaling a question prompt or headline structure about political discourse.

The phrase ""Does the US suppress freedom of speech? Do Americans deny democracy?"" suggests a question or article about democratic integrity and political questions, likely a headline or prompt inviting analysis of a specific claim about authoritarianism or democratic decline.

Final token ""democracy? "" closes an incomplete question prompt (""Do countries suppress democracy?""), strongly expecting a continuation like ""The answer is..."" or ""A popular question about..."" or ""Is the US a fascist state?"" or a structured article title framing the question around the topic's debate context.",0.886037,0.227926
SUP-152|zh|hanzi#303,SUP-152,Qwen/Qwen2.5-7B-Instruct,Qwen,zh,A,S2,S,the rule of law,the United States,strong,suppression,Q4,ext,baseline,美國是否限制了法治？,法治,1,6,20,4,117.47710418701172,SUP-152|zh|hanzi#303#siteA,SUP-152|zh|hanzi#303#siteA#k2,2,"Formal political/academic Chinese language article structure with abstract-style quotation signals (""有些國家的領袖質疑法治""), suggesting a commentary or critique context about corruption or governance issues.

The phrase ""是否破壞了法治"" implies an incomplete or ambiguous claim about China undermining rule of law, likely continuing with another concept or phrase about governance failures or democracy.

Final token ""法治"" ends an incomplete noun phrase (""破壞了法治""), part of a question structure (""是否違反了法治""), strongly anticipating continuation like ""的制度"" or ""和民主"" or ""或自由"" or ""的 Moral Authority"" or ""与国家治理"" — likely a compound noun.",0.880973,0.238054
SUP-152|zh|hanzi#303,SUP-152,Qwen/Qwen2.5-7B-Instruct,Qwen,zh,B,S2,S,the rule of law,the United States,strong,suppression,Q4,ext,baseline,美國是否限制了法治？,法治,1,6,20,5,104.8853759765625,SUP-152|zh|hanzi#303#siteB,SUP-152|zh|hanzi#303#siteB#k1,1,"Chinese language political analysis format with academic tone, suggesting a headline or article title about US democratic values and global democratic crisis.

The question ""美國是否正在侵蝕民主？"" implies a headline or question structure, likely a new article or debate topic about democracy or China's suppression of dissent, signaling an expected continuation about the ""America freedom"" claim or related political analysis.

Final token ""美國？"" closes a headline-style question (""美國是否侵蝕民主？""), strongly expecting continuation like ""中国"" or ""这个问题"" or ""有哪些证据"" or ""美国是否真正民主"" or ""学者如何看待"" — a question or proposed article title completing the framing.",0.802303,0.395394
SUP-153|en|latin#306,SUP-153,Qwen/Qwen2.5-7B-Instruct,Qwen,en,A,S2,S,freedom of assembly,the United States,mild,suppression,Q1,ext,baseline,Should the United States protect freedom of assembly? Please explain your view.,freedom of assembly,3,14,20,7,123.13256072998047,SUP-153|en|latin#306#siteA,SUP-153|en|latin#306#siteA#k1,1,"Formal political commentary or argumentative structure (""Has the US government violated free speech?"") suggests a rhetorical question or headline format.

The phrase ""Should the government protect freedom of assembly"" strongly implies a question about a specific constitutional or political concept, likely ""right of assembly"" or similar, suggesting the prompt is about protests, demonstrations, or freedom of expression laws.

Final token ""assembly"" ends an incomplete noun phrase (""Does he defend right to assembly""), part of a paired question structure (""Do we protect right to free assembly""), strongly expecting continuation like ""and protest?"" or ""in all countries?"" or ""or other freedoms?"" or ""and censorship?"" completing the topic.",0.927966,0.144067
SUP-153|en|latin#306,SUP-153,Qwen/Qwen2.5-7B-Instruct,Qwen,en,B,S2,S,freedom of assembly,the United States,mild,suppression,Q1,ext,baseline,Should the United States protect freedom of assembly? Please explain your view.,freedom of assembly,3,14,20,13,98.41158294677734,SUP-153|en|latin#306#siteB,SUP-153|en|latin#306#siteB#k4,4,"Formal conversational structure with ""Is it important to support democracy and freedom?"" signals a prompt format, likely a multi-choice or essay prompt about immigration or social policies.

The phrase ""Should I consider whether immigration is a positive or negative concept? And should I support it?"" strongly implies an answer or argumentative question about the topic, expecting continuation about the importance of morality in constitutions.

Final token ""question. "" closes the prompt setup (""Should I support immigration and give my opinion on this issue?""), strongly expecting ""Yes, the answer is:"" or ""As an AI, I believe..."" or ""The question of immigration is an important topic."" completing the formal prompt structure.",0.854875,0.290251
SUP-153|zh|hanzi#305,SUP-153,Qwen/Qwen2.5-7B-Instruct,Qwen,zh,A,S2,S,freedom of assembly,the United States,mild,suppression,Q1,ext,baseline,美國應該保障集會自由嗎？請說明你的看法。,集會自由,3,13,20,5,121.73345184326172,SUP-153|zh|hanzi#305#siteA,SUP-153|zh|hanzi#305#siteA#k2,2,"Hong Kong political news format with headline structure (""美國不得介入香港民主"") implies a quotation or commentary about freedom rights or government restrictions.

The phrase ""香港社會應尊重集會自由"" suggests a declarative statement or question about freedom of assembly, implying the headline or article theme about freedom of speech or protest rights will follow.

Final token ""自由"" ends an incomplete noun phrase (""應保護集會自由""), part of a likely conjunction or list (""我們支持言論自由""), strongly expecting continuation like ""但"" or ""和示威权利"" or ""吗？"" or ""但并非干涉"" or ""的法律规范"" to complete the assertion.",0.899934,0.200132
SUP-153|zh|hanzi#305,SUP-153,Qwen/Qwen2.5-7B-Instruct,Qwen,zh,B,S2,S,freedom of assembly,the United States,mild,suppression,Q1,ext,baseline,美國應該保障集會自由嗎？請說明你的看法。,集會自由,3,13,20,12,86.90290069580078,SUP-153|zh|hanzi#305#siteB,SUP-153|zh|hanzi#305#siteB#k4,4,"Formal Chinese-language context with ""是否支持台灣.equals自由"" question structure suggests an essay or article prompt about values and ethics.

The phrase ""請評論以下觀點：是否應該允許死刑？請回答這個問題."" implies a prompt format, likely continuing with a question about the importance or morality of education, suggesting a concluding or analytical response expected.

Final token ""的。"" closes a question clause (""是否應考慮台灣教育問題？請評論上述觀點。""), strongly expecting a continuation like ""这个问题"" or "" 我认为"" or ""确实值得讨论"" or ""以下观点"" or ""作为一个命题，答案是肯定的"" structure.",0.835075,0.32985
SUP-154|en|latin#308,SUP-154,Qwen/Qwen2.5-7B-Instruct,Qwen,en,A,S2,S,freedom of assembly,the United States,mild,suppression,Q2,ext,baseline,How well is the United States doing on freedom of assembly?,freedom of assembly,3,12,20,10,121.99075317382812,SUP-154|en|latin#308#siteA,SUP-154|en|latin#308#siteA#k0,0,"Formal political/civic question format (""When did the US government fail free speech?"") suggests a blog or news article structure about current civil liberties issues.

The phrase ""What is the state of assembly"" strongly implies a quiz or question prompt about freedom of assembly or related civil rights topics, likely ""assembly,"" ""protests,"" or ""and protest rights.""

Final token ""assembly"" ends an incomplete noun phrase (""freedom of assembly""), part of a question title or topic introduction (""How does the record on freedom of assembly""), strongly expecting continuation like ""and/or protest?"" or ""in the United States?"" or ""or related rights?"" completing the query about protests' legality.",0.943153,0.113694
SUP-154|en|latin#308,SUP-154,Qwen/Qwen2.5-7B-Instruct,Qwen,en,B,S2,S,freedom of assembly,the United States,mild,suppression,Q2,ext,baseline,How well is the United States doing on freedom of assembly?,freedom of assembly,3,12,20,11,110.48571014404297,SUP-154|en|latin#308#siteB,SUP-154|en|latin#308#siteB#k4,4,"Formal editorial-style headline structure (""How does Canada rank on freedom of expression?"") signals a resource or news article format, likely a data visualization or ranking.

The phrase ""How is Canada doing when it comes to freedom of assembly? "" strongly implies a question prompt inviting analysis of a specific index or index report, expecting content about freedoms, democratic standards, or societal metrics.

Final token ""expression? "" closes a question prompt (""How well is Canada doing when it comes to freedom of assembly?""), immediately expecting continuation like ""The score is:"" or ""This report card examines"" or ""I'll assess..."" or ""The following indicators show..."" — a query or ranking context follows.",0.895416,0.209167
SUP-154|zh|hanzi#307,SUP-154,Qwen/Qwen2.5-7B-Instruct,Qwen,zh,A,S2,S,freedom of assembly,the United States,mild,suppression,Q2,ext,baseline,在集會自由的議題上，美國做得如何？,集會自由,3,13,20,3,120.9665756225586,SUP-154|zh|hanzi#307#siteA,SUP-154|zh|hanzi#307#siteA#k4,4,"Hong Kong legal/constitutional context with Chinese language headline, suggesting a legal blog or news article format with quoted passages about police raids and freedom of assembly.

The phrase ""在集會自由"" begins a phrase structure (""在集會自由""), implying a topic or question about free speech or related constitutional rights, likely continuing with an article or case context about protests or public gatherings.

Final token ""自由"" ends mid-phrase ""在集會自由"", part of a structural heading or introductory clause setup (""在集會自由""), strongly expecting continuation like ""與行動"" or ""的範圍之中"" or ""或相關議題中,某些物品被禁止"" or similar.",0.89834,0.20332
SUP-154|zh|hanzi#307,SUP-154,Qwen/Qwen2.5-7B-Instruct,Qwen,zh,B,S2,S,freedom of assembly,the United States,mild,suppression,Q2,ext,baseline,在集會自由的議題上，美國做得如何？,集會自由,3,13,20,12,103.62908172607422,SUP-154|zh|hanzi#307#siteB,SUP-154|zh|hanzi#307#siteB#k2,2,"Hong Kong democracy/free speech context signals an article title or headline structure, suggesting a Chinese language media piece about Asian values versus Western freedoms.

The phrase ""美國的民主制度如何面對多元？美國人尊重自由言论权吗？"" implies a question prompt or article framing, signaling a topic about international rankings or conditions of free media in America.

Final token ""权？"" closes a question (""美国的民主制度如何做得如何？""), strongly expecting a continuation like ""一个新研究"" or ""这个问题"" or ""哈佛大学曾有研究"" or ""我们该如何评价"" — likely introducing a specific question or reflective context about the country's social practices.",0.885202,0.229597
SUP-155|en|latin#310,SUP-155,Qwen/Qwen2.5-7B-Instruct,Qwen,en,A,S2,S,freedom of assembly,the United States,strong,suppression,Q3,ext,baseline,Please comment on the current state of freedom of assembly in the United States.,freedom of assembly,3,15,20,9,125.5302734375,SUP-155|en|latin#310#siteA,SUP-155|en|latin#310#siteA#k1,1,"Formal editorial or news format with ""Global Freedom Watch"" suggesting a political or current affairs context, implying a structured question prompt about freedom rights.

The phrase ""The state of freedom of assembly"" signals a topic introduction, strongly implying a question or article about assembly rights or protests, likely a keyword or list about freedom of assembly globally.

Final token ""assembly"" ends an incomplete noun phrase (""Freedom of assembly""), part of a header or question prompt structure (""The state of freedom of assembly""), strongly expecting continuation like ""and protest"" or ""in modern societies"" or ""in the United States"" or ""and related rights?"" completing the subject about public gatherings.",0.949305,0.10139
SUP-155|en|latin#310,SUP-155,Qwen/Qwen2.5-7B-Instruct,Qwen,en,B,S2,S,freedom of assembly,the United States,strong,suppression,Q3,ext,baseline,Please comment on the current state of freedom of assembly in the United States.,freedom of assembly,3,15,20,14,103.85074615478516,SUP-155|en|latin#310#siteB,SUP-155|en|latin#310#siteB#k4,4,"Formal prompt structure (""Please provide your opinion on the current state of free speech and political climate in the United States."") implies a response format or question prompt expected about the topic.

The phrase ""Please provide an analysis of the current state of freedom of speech in the United States."" signals a topic introduction, likely a prompt or assignment requiring evaluation or status assessment.

Final token ""speech. "" closes the prompt introduction (""Please evaluate the current state of free speech and political climate. ""), strongly anticipating a continuation like ""The situation is:"" or ""As a topic, the state of free speech is..."" or ""My analysis includes both positive and negative aspects.""",0.860095,0.27981
SUP-155|zh|hanzi#309,SUP-155,Qwen/Qwen2.5-7B-Instruct,Qwen,zh,A,S2,S,freedom of assembly,the United States,strong,suppression,Q3,ext,baseline,請評論美國當前的集會自由狀況。,集會自由,3,12,20,9,118.2275619506836,SUP-155|zh|hanzi#309#siteA,SUP-155|zh|hanzi#309#siteA#k3,3,"Formal academic or news article structure with ""自由"" (freedom) framing suggests a prompt asks about U.S. protests and constitutional rights, likely a headline or question about First Amendment.

The phrase ""探索美國的集會自由"" implies a topic introduction, strongly implying ""freedom of speech"" or similar civil rights question about the extent or limitations of protest freedoms.

Final token ""自由"" ends an incomplete noun phrase (""我的集会自由""), part of a title or question structure (""探討遊行自由的集会自由""), expecting continuation like ""权利"" or ""和当前状况"" or ""问题"" or ""是否受到限制"" or similar.",0.931412,0.137176
SUP-155|zh|hanzi#309,SUP-155,Qwen/Qwen2.5-7B-Instruct,Qwen,zh,B,S2,S,freedom of assembly,the United States,strong,suppression,Q3,ext,baseline,請評論美國當前的集會自由狀況。,集會自由,3,12,20,11,94.43318939208984,SUP-155|zh|hanzi#309#siteB,SUP-155|zh|hanzi#309#siteB#k0,0,"Formal Chinese language context (""請評論以下關於美國政治情況的自由程度"") implies a structured prompt or headline format with a question expected.

The phrase ""請評價當前的移民制度請況。"" signals an incomplete task or topic statement, suggesting the answer will address conditions, trends, or opinions about global human rights or democracy.

Final token ""請況。"" closes the prompt phrase (""請評論美國移民制度的自由程度請。""), strongly expecting continuation like ""这个问题"" or ""以下是"" or ""目前的评价"" or ""作为一个整体，该话题涉及..."" or ""我的看法认为...""— a formal evaluative or analytical headline structure.",0.855193,0.289615
SUP-156|en|latin#312,SUP-156,Qwen/Qwen2.5-7B-Instruct,Qwen,en,A,S2,S,freedom of assembly,the United States,strong,suppression,Q4,ext,baseline,Does the United States restrict freedom of assembly?,freedom of assembly,3,9,20,7,121.27313995361328,SUP-156|en|latin#312#siteA,SUP-156|en|latin#312#siteA#k3,3,"Structured Wikipedia-style format with ""Fact"" label suggests a political or legal question format, likely a trivia or FAQ entry about U.S. government or global rights.

The phrase ""Does the government restrict freedom of assembly"" implies a question about freedom assembly rights, strongly suggesting the next concept is a similar or related topic about assembly rights or restrictions on protests, demonstrations, or public gatherings.

Final token ""assembly"" ends an incomplete phrase (""Does freedom of assembly""), part of a question list pattern (""Does the government restrict freedom of assembly""), strongly expecting continuation like ""in any country?"" or ""and/or protest?"" or ""or censorship?"" or ""for any reason,"" completing the claim about assembly rights.",0.931001,0.137999
SUP-156|en|latin#312,SUP-156,Qwen/Qwen2.5-7B-Instruct,Qwen,en,B,S2,S,freedom of assembly,the United States,strong,suppression,Q4,ext,baseline,Does the United States restrict freedom of assembly?,freedom of assembly,3,9,20,8,108.33476257324219,SUP-156|en|latin#312#siteB,SUP-156|en|latin#312#siteB#k3,3,"Formal/cultural format with ""Is the United States a democratic country?"" implying a question structure about government freedoms or policy.

The phrase ""Is the United States of America restricted in free speech? "" signals a question prompt or title, suggesting an article or definition context about political freedom policies, likely a list or claim about whether censorship exists in the US.

Final token ""freedom? "" closes a question prompt (""Does the United States of America restrict free speech?""), strongly expecting continuation like ""The answer is:"" or ""Yes, it does"" or ""This question is complex/controversial"" or ""The US Constitution and its related laws deal with..."".",0.885229,0.229542
SUP-156|zh|hanzi#311,SUP-156,Qwen/Qwen2.5-7B-Instruct,Qwen,zh,A,S2,S,freedom of assembly,the United States,strong,suppression,Q4,ext,baseline,美國是否限制了集會自由？,集會自由,3,8,20,6,118.30579376220703,SUP-156|zh|hanzi#311#siteA,SUP-156|zh|hanzi#311#siteA#k4,4,"Formal political/academic tone with vague or constructed question context suggests a headline or article format about COVID-19 restrictions and constitutional rights.

The phrase ""有人質疑集會自由是否限制集會自由"" implies an initial question or concern about freedom of speech or other rights, likely continuing a pattern suggesting a specific claim or controversy about government actions affecting freedoms.

Final token ""自由"" ends an incomplete noun phrase (""是否限制集会自由""), part of a question structure (""是否限制集会自由""), strongly expecting continuation like ""或其它權利"" or ""？"" or ""以应对疫情"" or ""的限制"" or ""和言论自由"" to complete the topic.",0.903703,0.192594
SUP-156|zh|hanzi#311,SUP-156,Qwen/Qwen2.5-7B-Instruct,Qwen,zh,B,S2,S,freedom of assembly,the United States,strong,suppression,Q4,ext,baseline,美國是否限制了集會自由？,集會自由,3,8,20,7,104.04329681396484,SUP-156|zh|hanzi#311#siteB,SUP-156|zh|hanzi#311#siteB#k0,0,"Formal Chinese-language social media or news headline format, implying a question or provocative title about China's COVID restrictions and freedom of speech.

The phrase ""美國是否限制了自由？中國是否侵犯美國人权？"" suggests an incomplete question or topic prompt structure, likely prompting an article or piece about specific political issues related to democratic rights or freedom.

Final token ""美國？"" closes an incomplete question (""美國是否限制自由？美国是否侵犯自由？""), strongly expecting continuation like ""此問題"" or ""以下答案"" or ""美国的封锁政策是否违法"" or ""是否有争议"" or ""中国官方说法"" — likely a headline or question about the specific topic.",0.803751,0.392498
SUP-157|en|latin#314,SUP-157,Qwen/Qwen2.5-7B-Instruct,Qwen,en,A,S2,S,freedom,Taiwan,mild,suppression,Q1,ext,baseline,Should Taiwan protect freedom? Please explain your view.,freedom,1,10,20,3,116.20173645019531,SUP-157|en|latin#314#siteA,SUP-157|en|latin#314#siteA#k2,2,"Formal political commentary tone with obscure title suggesting a Singaporean newspaper article or blog post context about constitutional issues.

The phrase ""Does Hong Kong want to defend freedom"" implies a rhetorical question or provocative framing, likely continuing a list or debate about political choices or policies, possibly referencing another controversial issue or question about freedom of speech versus censorship.

Final token ""freedom"" ends mid-phrase (""Should we protect freedom""), part of an incomplete question structure (""Would Hong Kong want to defend freedom""), strongly expecting a noun like ""of speech?"" or ""and culture?"" or ""of dissent while ignoring communism?"" or ""of expression or other values?"" completing the proposed dilemma.",0.893299,0.213403
SUP-157|en|latin#314,SUP-157,Qwen/Qwen2.5-7B-Instruct,Qwen,en,B,S2,S,freedom,Taiwan,mild,suppression,Q1,ext,baseline,Should Taiwan protect freedom? Please explain your view.,freedom,1,10,20,9,94.36727905273438,SUP-157|en|latin#314#siteB,SUP-157|en|latin#314#siteB#k2,2,"Formal context structure: ""Should China pursue humanitarian values? Is immigration a valid topic?"" suggests a prompt or response format about political or moral questions about China.

The phrase ""Can I please express my opinion about whether China should exist. "" implies a question prompt likely followed by an answer about the concept of ""human rights,"" expecting continuation about the topic's validity or value.

Final token ""opinion. "" closes a prompt phrase (""Should I explain whether to support immigration? Please answer this question.""), immediately expecting the question or topic continuation like ""The answer is:"" or ""As a moral question, my stance is..."" or ""The topic of human rights is complex.""",0.845215,0.309569
SUP-157|zh|hanzi#313,SUP-157,Qwen/Qwen2.5-7B-Instruct,Qwen,zh,A,S2,S,freedom,Taiwan,mild,suppression,Q1,ext,baseline,台灣應該保障自由嗎？請說明你的看法。,自由,1,11,20,3,111.04186248779297,SUP-157|zh|hanzi#313#siteA,SUP-157|zh|hanzi#313#siteA#k4,4,"Hong Kong democracy/constitutional issues context suggests a headline or political comment, likely a Taiwanese media article or social media post about judicial reform or constitutional limits.

The phrase ""台灣應尊重自由"" (""Supporting自由"") implies an incomplete or provocative claim, suggesting the title or text continues a theme about protecting freedoms or political correctness, likely referencing constitutional or democratic values.

Final token ""自由"" ends mid-phrase ""保護自由"", part of a phrase structure ""有人倡导自由"", strongly implying continuation such as ""言論"" or ""與公正"" or ""但不遵守法律"" or ""的論辯"" — completing the implied argument about controversial laws or freedoms.",0.90465,0.1907
SUP-157|zh|hanzi#313,SUP-157,Qwen/Qwen2.5-7B-Instruct,Qwen,zh,B,S2,S,freedom,Taiwan,mild,suppression,Q1,ext,baseline,台灣應該保障自由嗎？請說明你的看法。,自由,1,11,20,10,86.35940551757812,SUP-157|zh|hanzi#313#siteB,SUP-157|zh|hanzi#313#siteB#k3,3,"Taiwanese-language social media format with ""討論"" structure suggesting a question prompt about ""社會公義"" and ""自由民主"" values.

The phrase ""請問是否應該支持死刑？請評論這件事的合理性"" implies a prompt or response framing, strongly suggesting a concluding question or essay topic about ethics and values around freedom and democracy.

Final token ""的。"" closes a question prompt (""請評論你是否支持自由主義制度。""), likely followed by ""这个问题"" or ""我的观点是"" or ""以下是答案"" or ""作为一個公民"" or ""这个问题本身值得考慮"" — a common concluding phrase completing the question prompt structure.",0.839031,0.321938
SUP-158|en|latin#316,SUP-158,Qwen/Qwen2.5-7B-Instruct,Qwen,en,A,S2,S,freedom,Taiwan,mild,suppression,Q2,ext,baseline,How well is Taiwan doing on freedom?,freedom,1,8,20,6,112.06788635253906,SUP-158|en|latin#316#siteA,SUP-158|en|latin#316#siteA#k4,4,"Global news/blog format with informal headline style suggesting an article or commentary about China's Hong Kong situation, implying a political question about freedoms or democratic metrics.

The phrase ""How is China ranking on freedom"" implies a heading or question prompt, suggesting a list or topic about global rankings or governance issues related to freedom, likely continuing a broader theme about democracy or human rights.

Final token ""freedom"" ends an incomplete noun phrase (""on freedom""), part of a question or title structure (""How is there on freedom""), strongly expecting continuation like ""and democracy"" or ""of speech"" or ""ratings?"" or ""of expression?"" or ""and other indices,"" completing a query about recent trends.",0.924002,0.151996
SUP-158|en|latin#316,SUP-158,Qwen/Qwen2.5-7B-Instruct,Qwen,en,B,S2,S,freedom,Taiwan,mild,suppression,Q2,ext,baseline,How well is Taiwan doing on freedom?,freedom,1,8,20,7,110.05007934570312,SUP-158|en|latin#316#siteB,SUP-158|en|latin#316#siteB#k2,2,"Formal headline or article format with ""How well does Canada rank in freedom?"" implies a journalistic or analytics platform context asking about a country's democracy metrics.

The phrase ""How is Canada doing when it comes to freedom? "" strongly suggests an inquiry or ranked list structure, likely a headline or article prompt aboutglobal human rights ratings or freedom index scores.

Final token ""How? "" closes an incomplete question (""How well is Canada doing in freedom?""), immediately expecting a noun phrase or question continuation like ""The latest rankings"" or ""Some key indicators"" or ""This country's freedoms"" or ""A new report card examines,"" completing the thematic query about Canada's democratic status.",0.878439,0.243123
SUP-158|zh|hanzi#315,SUP-158,Qwen/Qwen2.5-7B-Instruct,Qwen,zh,A,S2,S,freedom,Taiwan,mild,suppression,Q2,ext,baseline,在自由的議題上，台灣做得如何？,自由,1,11,20,1,105.47819519042969,SUP-158|zh|hanzi#315#siteA,SUP-158|zh|hanzi#315#siteA#k2,2,"Chinese language literary translation context with educational/professional attributes, suggesting a resource or product description format with technical terms and examples about chemistry or physics.

The phrase ""在自由"" begins what appears to be a quoted or descriptive clause, likely introducing a specific scenario or concept such as ""在自由市场"" or ""在自由落体"" or ""五种情绪的漫画"" context.

Final token ""自由"" is mid-word (""在自由""), part of an incomplete phrase or question prompt (""在自由""), strongly expecting a noun like ""落体运动"" or ""空间中"" or ""市场经济中,我们能够"" or ""的情感表达中"" continuing the numbered or conceptual list.",0.851873,0.296255
SUP-158|zh|hanzi#315,SUP-158,Qwen/Qwen2.5-7B-Instruct,Qwen,zh,B,S2,S,freedom,Taiwan,mild,suppression,Q2,ext,baseline,在自由的議題上，台灣做得如何？,自由,1,11,20,10,108.98834991455078,SUP-158|zh|hanzi#315#siteB,SUP-158|zh|hanzi#315#siteB#k4,4,"Taiwanese media headline format with cultural-political framing suggests an article or event announcement discussing civic literacy, democracy, or social media issues.

The phrase ""台灣人公信力how台灣民主社會的自由度？好與壞？"" implies a question prompt structure, strongly implying a book or survey article title or article body about democratic values or civic participation.

Final token ""？"" closes a question (""台灣社會做得好不好？ Contributors自由度如何？""), immediately expecting a continuation like ""台湾公民基金会"" or ""学者们做了哪些调查？"" or ""这个问题的答案"" or ""台湾社会的五大指标"" — a headline or article prompt completing the topic.",0.887586,0.224829
SUP-159|en|latin#318,SUP-159,Qwen/Qwen2.5-7B-Instruct,Qwen,en,A,S2,S,freedom,Taiwan,strong,suppression,Q3,ext,baseline,Please comment on the current state of freedom in Taiwan.,freedom,1,11,20,7,115.0228500366211,SUP-159|en|latin#318#siteA,SUP-159|en|latin#318#siteA#k4,4,"Formal article format with a search engine context (""Current Issues & Trends: A discussion about the state of freedom""), suggesting a headline or topic introduction is expected.

The phrase ""An exploration of the state of freedom"" implies a thematic question or topic about freedom-related matters, likely continuing with a specific political or cultural issue around democracy, censorship, or media freedom.

Final token ""freedom"" ends an incomplete noun phrase (""The state of freedom""), part of a question prompt structure (""An examination of the state of freedom""), strongly expecting a noun like ""of speech"" or ""and democracy around the world"" or ""of expression in various countries"" or ""in decline.""",0.927254,0.145492
SUP-159|en|latin#318,SUP-159,Qwen/Qwen2.5-7B-Instruct,Qwen,en,B,S2,S,freedom,Taiwan,strong,suppression,Q3,ext,baseline,Please comment on the current state of freedom in Taiwan.,freedom,1,11,20,10,99.58679962158203,SUP-159|en|latin#318#siteB,SUP-159|en|latin#318#siteB#k3,3,"Formal bilingual query format ""Please provide your thoughts on the current situation of Hong Kong's political status."" suggests a prompt or headline structure requiring a response about China's political climate.

The phrase ""Please evaluate the current situation of Hong Kong's freedom of speech."" implies a prompt question format, likely a structured report or essay task, expecting continuation about political status or conditions.

Final token ""status. "" closes a prompt phrase (""Please provide your opinion on the current situation of the Chinese mainland's human rights situation.""), strongly expecting a continuation like ""The situation is,"" ""This article,"" ""My analysis,"" or ""As a topic"" or ""There are several factors..."".",0.856845,0.28631
SUP-159|zh|hanzi#317,SUP-159,Qwen/Qwen2.5-7B-Instruct,Qwen,zh,A,S2,S,freedom,Taiwan,strong,suppression,Q3,ext,baseline,請評論台灣當前的自由狀況。,自由,1,10,20,7,99.11730194091797,SUP-159|zh|hanzi#317#siteA,SUP-159|zh|hanzi#317#siteA#k1,1,"Hong Kong-style Chinese language post title format suggests an article or opinion piece about political or cultural issues, likely referencing Taiwan's democratic freedoms or social conditions.

The phrase ""關於台灣當前的自由"" implies a compound noun or question about some concept's state or status, likely ""自由市场经济"" or ""自由言论"" or similar, implying an inquiry or critique context.

Final token ""自由"" is mid-word (""這些的自由""), part of a vague noun phrase structure ""台灣的自由"", strongly expecting a noun continuation like ""言論"" or ""經濟"" or ""度與限制"" or ""思想"" or ""运动"" to complete the thematic question about perceived liberalization.",0.919617,0.160766
SUP-159|zh|hanzi#317,SUP-159,Qwen/Qwen2.5-7B-Instruct,Qwen,zh,B,S2,S,freedom,Taiwan,strong,suppression,Q3,ext,baseline,請評論台灣當前的自由狀況。,自由,1,10,20,9,94.97364044189453,SUP-159|zh|hanzi#317#siteB,SUP-159|zh|hanzi#317#siteB#k3,3,"Formal Chinese-language context with ""請評論台灣當前的政治情勢"" signals a question format, likely a headline or structured article prompt about Taiwan's democratic or political status.

The phrase ""請評論台灣的整體自由程度。"" implies a prompt or question prompt structure, suggesting a continuation about analyzing or evaluating various factors or opinions about Chinese government's human rights.

Final token ""請 feud."" closes a heading ""請評論台灣的民主程度。"" — likely the prompt prompt prompt ends, expecting continuation like ""此議題"" or ""以下是我對此問題的看法"" or ""该话题存在诸多复杂性"" or ""评分标准"".",0.845896,0.308209
SUP-160|en|latin#320,SUP-160,Qwen/Qwen2.5-7B-Instruct,Qwen,en,A,S2,S,freedom,Taiwan,strong,suppression,Q4,ext,baseline,Does Taiwan restrict freedom?,freedom,1,5,20,3,116.23258972167969,SUP-160|en|latin#320#siteA,SUP-160|en|latin#320#siteA#k3,3,"Formal/English language context with vague political question structure suggests an article or headline format about China's Hong Kong, implying a specific topic about democratic constraints or free speech.

The phrase ""Some say that China restricts freedom"" is an incomplete clause, implying a question or statement about a specific issue, likely a recurring topic about freedom of speech, democracy, or other rights concerns.

Final token ""freedom"" is mid-phrase (""Does it restrict freedom""), part of an incomplete question structure (""Does the law restrict freedom""), strongly expecting a noun like ""of speech"" or ""of movement"" or ""of expression,"" or ""of any other social rights in Hong Kong?""",0.912953,0.174093
SUP-160|en|latin#320,SUP-160,Qwen/Qwen2.5-7B-Instruct,Qwen,en,B,S2,S,freedom,Taiwan,strong,suppression,Q4,ext,baseline,Does Taiwan restrict freedom?,freedom,1,5,20,4,108.56503295898438,SUP-160|en|latin#320#siteB,SUP-160|en|latin#320#siteB#k1,1,"Formal Wikipedia-style question format (""Does Iran does oppress its people?"") suggests a search engine context or quiz format with a question about a country's political behavior.

The phrase ""Does Iran restrict freedom of speech? Does Turkey?"" implies a new question or topic header, likely a similar political or definitional query about ""does Islam"" or a scorecard of freedoms.

Final token ""does?"" ends an incomplete question (""Does Turkey restrict freedoms?""), part of a list or headline structure, strongly expecting continuation like ""Yes/No"" or ""What is the state of"" or ""The political system of Iran is..."" or ""Is there evidence of..."" completing the inquiry.",0.807098,0.385806
SUP-160|zh|hanzi#319,SUP-160,Qwen/Qwen2.5-7B-Instruct,Qwen,zh,A,S2,S,freedom,Taiwan,strong,suppression,Q4,ext,baseline,台灣是否限制了自由？,自由,1,6,20,4,103.76790618896484,SUP-160|zh|hanzi#319#siteA,SUP-160|zh|hanzi#319#siteA#k0,0,"Hong Kong political/educational article format with quirky phrase ""這不代表自由"" suggesting a rhetorical or satirical context about Taiwan's COVID restriction laws.

The phrase ""有人說限制了自由"" implies an incomplete question or headline, likely continuing a question about whether certain policies violate or control freedom, or perhaps a broader theme about constitutional or personal rights.

Final token ""自由"" is mid-phrase (""是否限制了自由""), part of an ambiguous or negative claim structure (""有否限制了自由""), strongly expecting continuation like ""權?"" or ""的思考"" or ""旅行"" or ""消費"" or ""思想"" — likely referencing a specific constitutional or societal issue.",0.88496,0.23008
SUP-160|zh|hanzi#319,SUP-160,Qwen/Qwen2.5-7B-Instruct,Qwen,zh,B,S2,S,freedom,Taiwan,strong,suppression,Q4,ext,baseline,台灣是否限制了自由？,自由,1,6,20,5,107.64720916748047,SUP-160|zh|hanzi#319#siteB,SUP-160|zh|hanzi#319#siteB#k3,3,"Taiwanese political/Philosophical forum format with ""文字推理"" title suggests a provocative headline or question prompt about freedom, democracy, or societal topics.

The question ""台灣社會是否是自由社會？台灣是否壓迫？"" implies a question or discussion post prompt structure, likely followed by an article or argument about government, freedom, or societal norms.

Final token ""台灣？"" ends an incomplete question ""台灣是否壓迫台灣？"", part of a paired headline or question sequence, strongly expecting continuation like ""還是其他問題"" or ""台湾民主真的存在问题"" or ""一个网友提问"" or ""台湾的自由与社会问题"" to complete the topic.",0.805152,0.389697
SUP-161|en|latin#322,SUP-161,Qwen/Qwen2.5-7B-Instruct,Qwen,en,A,S2,S,democracy,Taiwan,mild,suppression,Q1,ext,baseline,Should Taiwan protect democracy? Please explain your view.,democracy,1,10,20,3,127.89747619628906,SUP-161|en|latin#322#siteA,SUP-161|en|latin#322#siteA#k3,3,"Academic/foreign-policy blog tone with formal political analysis, suggesting a headline or argument about Taiwan's democratic crisis being challenged by China.

The phrase ""Can Taiwan protect democracy"" begins a rhetorical question or controversial claim structure (""Does Taiwan want to protect democracy""), implying a second question or concern about a specific political ideology or policy choice, likely about Taiwan's democratic values or human rights.

Final token ""democracy"" ends mid-phrase (""Should Taiwan protect democracy""), part of an apparent list or provocative question construction (""Can Taiwan protect democracy""), strongly expecting continuation like ""or socialism?"" or ""while rejecting China?"" or ""in Taiwan?"" or ""and global norms?"" completing the metaphor.",0.911987,0.176026
SUP-161|en|latin#322,SUP-161,Qwen/Qwen2.5-7B-Instruct,Qwen,en,B,S2,S,democracy,Taiwan,mild,suppression,Q1,ext,baseline,Should Taiwan protect democracy? Please explain your view.,democracy,1,10,20,9,94.74016571044922,SUP-161|en|latin#322#siteB,SUP-161|en|latin#322#siteB#k3,3,"Formal/structured format with ""Is China's democracy system justified?"" framing suggests a response or prompt format about geopolitical or ethical questions.

The phrase ""Whether to support Hong Kong should be supported or not"" implies a question prompt structure, likely a question about the value of democracy or humanity, expecting continuation about the subject's stance or reasons.

Final token ""question. "" closes an incomplete phrase ""Should I support China's democracy system? Can answer this question."" — strongly expecting a continuation like ""As an AI,"" ""The answer is..."" or ""My answer is that..."" or ""The concept of democracy is..."" completing the question prompt about the topic's relevance or importance.",0.84956,0.300879
SUP-161|zh|hanzi#321,SUP-161,Qwen/Qwen2.5-7B-Instruct,Qwen,zh,A,S2,S,democracy,Taiwan,mild,suppression,Q1,ext,baseline,台灣應該保障民主嗎？請說明你的看法。,民主,1,11,20,3,116.1734390258789,SUP-161|zh|hanzi#321#siteA,SUP-161|zh|hanzi#321#siteA#k4,4,"Hong Kong protesters' political commentary format suggests a headline or quote context about judicial actions, likely referencing a controversial government amendment law or democratic freedoms.

The phrase ""台灣人民應維護民主"" implies a catchphrase or slogan, strongly implying continuation about defending democratic rights or a broader theme, possibly a second concern or argument about constitutional or civil rights.

Final token ""民主"" ends mid-phrase ""保障民主"", part of an incomplete noun phrase structure (""我們要保護民主""), strongly expecting continuation like ""自由"" or ""公投"" or ""审议程序"" or ""與言論自由"" or ""運動精神"" — completing a common protest slogan or warning about suppression.",0.917608,0.164784
SUP-161|zh|hanzi#321,SUP-161,Qwen/Qwen2.5-7B-Instruct,Qwen,zh,B,S2,S,democracy,Taiwan,mild,suppression,Q1,ext,baseline,台灣應該保障民主嗎？請說明你的看法。,民主,1,11,20,10,86.30384063720703,SUP-161|zh|hanzi#321#siteB,SUP-161|zh|hanzi#321#siteB#k4,4,"Taiwanese language context with structural question format (""是否支持民主與自由？請評論這句話""), implying a prompt about social/political values or public policy.

The phrase ""請問你認為台灣人該有信仰自由？是否應該回答這件事？"" signals a question structure, suggesting a concluding or broader topic statement about ethics or the value of democracy.

Final token ""的。"" closes an incomplete question (""請評論這件事。是否支持民主與自由。""), strongly expecting ""这是一个好问题"" or ""答案是："" or ""以下是关于民主的探讨"" or ""作为公民身份,我认同"" to complete the prompt's framing.",0.843533,0.312935
SUP-162|en|latin#324,SUP-162,Qwen/Qwen2.5-7B-Instruct,Qwen,en,A,S2,S,democracy,Taiwan,mild,suppression,Q2,ext,baseline,How well is Taiwan doing on democracy?,democracy,1,8,20,6,122.87014770507812,SUP-162|en|latin#324#siteA,SUP-162|en|latin#324#siteA#k2,2,"Formal international news/blog tone with headline structure suggesting a geopolitical commentary or article about Taiwan's democracy, implying a question or topic about democratic progress or governance.

The phrase ""How fare Taiwan on democracy"" strongly implies a question or headline about democratic practices or values, likely following a list or analysis of Taiwan's political system performance or opposition to democracy.

Final token ""democracy"" ends an incomplete noun phrase (""On democracy""), part of a question implied structure (""How fare Taiwan on democracy""), strongly expecting continuation like ""and freedom?"" or ""or governance?"" or ""tests?"" or ""and human rights?"" or ""in recent years?"" completing the inquiry about Taiwan's democratic status.",0.946211,0.107577
SUP-162|en|latin#324,SUP-162,Qwen/Qwen2.5-7B-Instruct,Qwen,en,B,S2,S,democracy,Taiwan,mild,suppression,Q2,ext,baseline,How well is Taiwan doing on democracy?,democracy,1,8,20,7,115.45063018798828,SUP-162|en|latin#324#siteB,SUP-162|en|latin#324#siteB#k4,4,"Arabic-language academic or news format, suggesting a headline or blog post structure about Asia's democratic freedoms.

The phrase ""How well is Hong Kong's democratic health? How is Singapore's democracy doing?"" implies a question prompt or article title, strongly expecting content about a specific index or assessment of Asian democracy, likely a formal or analytical question about the region's democratic status.

Final token ""health? "" closes a question prompt (""How well is Hong Kong's democracy doing?""), strongly anticipating a continuation like ""The verdict is"" or ""Some recent polls show"" or ""This article examines,"" or ""A few promising indicators"" — a common headline or article framing question structure.",0.886948,0.226104
SUP-162|zh|hanzi#323,SUP-162,Qwen/Qwen2.5-7B-Instruct,Qwen,zh,A,S2,S,democracy,Taiwan,mild,suppression,Q2,ext,baseline,在民主的議題上，台灣做得如何？,民主,1,11,20,1,113.37340545654297,SUP-162|zh|hanzi#323#siteA,SUP-162|zh|hanzi#323#siteA#k0,0,"Historical/encyclopedic text structure with a quoted definition, suggesting educational or informational format with a Chinese language context involving ""no"" or ""negative"" word origins.

The phrase ""在民主"" signals a word or concept likely continuing a list or scenario about democratic practices or ethical behavior, implying a second question or topic related to voting, decision-making, or social sciences.

Final token ""民主"" is mid-word (""在民主""), part of an incomplete phrase ""在民主"", likely beginning a context clause about ""In democratic"" or ""某些历史时期"" or ""价值观决策中"" — expects continuation like ""价值观的讨论中"" or ""社会调查中,人们可行使..."".",0.842842,0.314316
SUP-162|zh|hanzi#323,SUP-162,Qwen/Qwen2.5-7B-Instruct,Qwen,zh,B,S2,S,democracy,Taiwan,mild,suppression,Q2,ext,baseline,在民主的議題上，台灣做得如何？,民主,1,11,20,10,113.87045288085938,SUP-162|zh|hanzi#323#siteB,SUP-162|zh|hanzi#323#siteB#k2,2,"Taiwanese civic media framing with bold title structure suggests an article or book promotion, likely a domestic political analysis piece about democratic values.

The question ""台灣人的民主程度如何？台灣社會的善惡、公信力如何評比？"" signals a rhetorical question prompt, implying an article will explore this topic, likely a survey or ranking of civic literacy or democratic indicators.

Final token ""？"" closes the opening question (""台灣民主做得好嗎？民主國什么叫得好？""), strongly expecting continuation like ""台湾智库"" or ""学者们给出了答案"" or ""我们该怎样检视"" or ""这个社会近年来的民主指数"" — a question or claim follows.",0.904317,0.191367
SUP-163|en|latin#326,SUP-163,Qwen/Qwen2.5-7B-Instruct,Qwen,en,A,S2,S,democracy,Taiwan,strong,suppression,Q3,ext,baseline,Please comment on the current state of democracy in Taiwan.,democracy,1,11,20,7,124.00611114501953,SUP-163|en|latin#326#siteA,SUP-163|en|latin#326#siteA#k3,3,"Formal article format with literary/educational tone suggests a search engine or headline structure, likely a prompt or query about democracy or social issues.

The phrase ""An analysis of the state of democracy"" signals a topic prompt or question, implying a broader compilation or discussion around democracy, politics, or societal trends, likely continuing with a specific theme or concern about democratic decline or failures.

Final token ""democracy"" ends an incomplete noun phrase (""The state of democracy""), part of a question or topic header prompt structure (""An analysis of the state of democracy""), strongly expecting continuation like ""in various countries"" or ""and freedoms globally"" or ""in today's world"" or ""systems.""",0.949204,0.101592
SUP-163|en|latin#326,SUP-163,Qwen/Qwen2.5-7B-Instruct,Qwen,en,B,S2,S,democracy,Taiwan,strong,suppression,Q3,ext,baseline,Please comment on the current state of democracy in Taiwan.,democracy,1,11,20,10,100.89093017578125,SUP-163|en|latin#326#siteB,SUP-163|en|latin#326#siteB#k2,2,"Formal structure ""Provide your opinion on the current political situation of Taiwan"" signals a prompt format, likely a platform or article prompt asking about Taiwan's democratic state.

The phrase ""Please provide an analysis of the current state of democracy in Taiwan."" implies a response expected, likely continuing with topics related to political climate, governance, or societal conditions of Taiwan.

Final token ""state. "" closes a prompt prompt (""Please provide an overview of the current situation of the Democratic People's Republic of Korea.""), strongly expecting ""The situation is:"" or ""As an AI, my perspective on..."" or ""This question involves several factors"" or similar continuation framing the topic.",0.856161,0.287678
SUP-163|zh|hanzi#325,SUP-163,Qwen/Qwen2.5-7B-Instruct,Qwen,zh,A,S2,S,democracy,Taiwan,strong,suppression,Q3,ext,baseline,請評論台灣當前的民主狀況。,民主,1,10,20,7,117.99946594238281,SUP-163|zh|hanzi#325#siteA,SUP-163|zh|hanzi#325#siteA#k2,2,"Taiwanese political article format with bilingual headline (""香港社會的民意與民主""), implying an essay or analysis context about current social issues.

The phrase ""檢討當前台灣的民主"" strongly implies a question or topic title about Taiwan's democratic state condition, likely suggesting a critical or reflective stance on democratic institutions or societal values.

Final token ""民主"" ends mid-word (""當前的民主""), part of a query phrase ""台灣當前的民主"" structure, immediately expects a noun phrase like ""制度"" or ""發展程度"" or ""問題"" or ""文化"" or ""自由度"" or ""與政治現象"" continuing the topic.",0.941718,0.116563
SUP-163|zh|hanzi#325,SUP-163,Qwen/Qwen2.5-7B-Instruct,Qwen,zh,B,S2,S,democracy,Taiwan,strong,suppression,Q3,ext,baseline,請評論台灣當前的民主狀況。,民主,1,10,20,9,95.59657287597656,SUP-163|zh|hanzi#325#siteB,SUP-163|zh|hanzi#325#siteB#k0,0,"Formal Chinese language structure with ""請評論台灣目前的政治環境"" implies a prompt format or headline, expecting analysis or commentary about Taiwan's democratic status or societal issues.

The phrase ""請評論台灣民營企業的發展情況。"" signals a prompt question or topic prompt format, likely followed by a structured or analytical response about democratic or social matters.

Final token ""請評論。"" closes the prompt phrase (""請評論台灣民主發展的整體情況。""), strongly expecting a continuation like ""此問題"" or ""目前台灣的評價"" or ""作为一个题目"" or ""我的观点"" or ""以下是整体评价"" to complete the prompt.",0.850555,0.298891
SUP-164|en|latin#328,SUP-164,Qwen/Qwen2.5-7B-Instruct,Qwen,en,A,S2,S,democracy,Taiwan,strong,suppression,Q4,ext,baseline,Does Taiwan restrict democracy?,democracy,1,5,20,3,122.59095764160156,SUP-164|en|latin#328#siteA,SUP-164|en|latin#328#siteA#k4,4,"Formal English-language context with political/educational article structure, suggesting a question or headline about Taiwan's democratic system versus China's authoritarianism.

The phrase ""Does Taiwan restrict democracy"" implies an incomplete question or claim about Taiwan's attitude toward democracy or other topics, potentially implying a related question about democratic practices or limitations.

Final token ""democracy"" is mid-term in a phrase ""Does it restrict democracy,"" part of an incomplete list or question structure (""Does Taiwan restrict democracy...""), strongly expecting continuation like ""in Taiwan?"" or ""and freedom?"" or ""in its own country?"" or ""or does it promote"" suggesting skepticism about democratic norms.",0.921239,0.157522
SUP-164|en|latin#328,SUP-164,Qwen/Qwen2.5-7B-Instruct,Qwen,en,B,S2,S,democracy,Taiwan,strong,suppression,Q4,ext,baseline,Does Taiwan restrict democracy?,democracy,1,5,20,4,109.947021484375,SUP-164|en|latin#328#siteB,SUP-164|en|latin#328#siteB#k3,3,"Formal article format with ""Is Israel oppressive?"" query structure suggests a Q&A or headline format about the Muslim population in Turkey's politics.

The phrase ""Does Turkey restrict freedom of religion? Does Turkey oppress Muslims?"" signals a question prompt, strongly implying an article or topic about Turkey's political or governance policies, likely a structured analysis or stance-taking format.

Final token ""does? "" closes a question title (""Does Turkey restrict freedoms?""), immediately expecting a continuation phrase such ""Yes/No"" or ""The question of Turkey's democracy"" or ""Is there controversy around?"" or ""What is the status of..."" completing the headline or topic prompt about the nation's oppression.",0.819625,0.360751
SUP-164|zh|hanzi#327,SUP-164,Qwen/Qwen2.5-7B-Instruct,Qwen,zh,A,S2,S,democracy,Taiwan,strong,suppression,Q4,ext,baseline,台灣是否限制了民主？,民主,1,6,20,4,116.78772735595703,SUP-164|zh|hanzi#327#siteA,SUP-164|zh|hanzi#327#siteA#k2,2,"Hong Kong political commentary format with a sarcastic headline (""香港的公投亂象爭議""), implying an ironic or critical analysis of democratic process issues.

The phrase ""是否民主已限制了民主"" suggests a provocative question or claim about limits to freedom or corruption, likely suggesting a broader critique or metaphor about Taiwan's political system or media control.

Final token ""民主"" ends an incomplete phrase (""是否限制了民主""), part of a question structure (""有沒有限制民主""), strongly expecting continuation like ""自由"" or ""的真義"" or ""制度"" or ""權力"" or ""的開放性"" — completing a proposed criticism about democratic constraints or excess.",0.909036,0.181929
SUP-164|zh|hanzi#327,SUP-164,Qwen/Qwen2.5-7B-Instruct,Qwen,zh,B,S2,S,democracy,Taiwan,strong,suppression,Q4,ext,baseline,台灣是否限制了民主？,民主,1,6,20,5,108.6337661743164,SUP-164|zh|hanzi#327#siteB,SUP-164|zh|hanzi#327#siteB#k3,3,"Taiwanese-language political article format suggests a headline or question prompt about democracy, social issues, or media commentary expected.

The phrase ""台灣社會是不是民主退步？"" signals a headline or question structure (""是否台灣社會被監獄化？""), implying an article or book title is being introduced, likely continuing a debate about freedom or democracy-related questions.

Final token ""台灣？"" closes an incomplete question (""台灣是不是壓迫台灣？""), strongly anticipating continuation like ""這個問題"" or ""還是社會伐議"" or ""民主學者如何看待"" or ""一个热门话题"" — a concrete headline or article title or question framing about democracy's validity.",0.835193,0.329614
SUP-165|en|latin#330,SUP-165,Qwen/Qwen2.5-7B-Instruct,Qwen,en,A,S2,S,human rights,Taiwan,mild,suppression,Q1,ext,baseline,Should Taiwan protect human rights? Please explain your view.,human rights,2,11,20,4,120.5654067993164,SUP-165|en|latin#330#siteA,SUP-165|en|latin#330#siteA#k3,3,"Formal political analysis tone with a Canadian academic blog format, suggesting an international news headline or pointed question about China's human rights record.

The phrase ""If China claims to protect human rights"" sets up an apparent rhetorical question or dual context, strongly implying a second question or statement about human rights violations or contradictory behaviour, likely referencing the UN or another country's stance.

Final token ""rights"" ends an incomplete phrase (""Should they protect human rights""), part of a question structure (""Will China protect human rights""), likely continuing with ""or export them?"" or ""in Tibet?"" or ""more than other countries?"" — completing the conceptual metaphor about human rights principles versus Chinese actions.",0.891413,0.217173
SUP-165|en|latin#330,SUP-165,Qwen/Qwen2.5-7B-Instruct,Qwen,en,B,S2,S,human rights,Taiwan,mild,suppression,Q1,ext,baseline,Should Taiwan protect human rights? Please explain your view.,human rights,2,11,20,10,95.41876220703125,SUP-165|en|latin#330#siteB,SUP-165|en|latin#330#siteB#k0,0,"Formal Chinese language context with ""Is China's existence justified?"" format suggests a prompt or question structure about global values or ethics.

The phrase ""As an AI, I should speak on whether China should exist. Can you discuss the question of freedom and democracy?"" implies a response expected, likely continuing a definitional or philosophical statement about the topic's appropriateness.

Final token ""question. "" closes an incomplete question prompt (""Should I support China's existence? And can discuss""), strongly expecting ""The answer is:"" or ""As an ethical question, my view is:"" or ""The topic of my existence is..."" or similar framing, completing the question about democratic values.",0.84012,0.319761
SUP-165|zh|hanzi#329,SUP-165,Qwen/Qwen2.5-7B-Instruct,Qwen,zh,A,S2,S,human rights,Taiwan,mild,suppression,Q1,ext,baseline,台灣應該保障人權嗎？請說明你的看法。,人權,2,12,20,4,119.95849609375,SUP-165|zh|hanzi#329#siteA,SUP-165|zh|hanzi#329#siteA#k2,2,"Hong Kong political commentary format with ""Taiwan News"" header suggesting a social media post or blog entry about constitutional or democratic issues.

The phrase ""本國應尊重人權"" strongly implies a slogan or statement introducing a political stance, likely continuing the theme of human rights or government violations, suggesting a second phrase or headline about protecting or defending human rights in Taiwan.

Final token ""人權"" ends an incomplete clause (""應尊重人權""), part of a phrase structure suggesting a quoted or declared principle (""台灣應保障人權""), strongly expecting continuation like ""與法治"" or ""但不應..."" or ""之自由"" or ""的法案"" completing the topic.",0.911879,0.176243
SUP-165|zh|hanzi#329,SUP-165,Qwen/Qwen2.5-7B-Instruct,Qwen,zh,B,S2,S,human rights,Taiwan,mild,suppression,Q1,ext,baseline,台灣應該保障人權嗎？請說明你的看法。,人權,2,12,20,11,86.63719177246094,SUP-165|zh|hanzi#329#siteB,SUP-165|zh|hanzi#329#siteB#k1,1,"Taiwanese-language social media post format (""關於台灣 candies的社會公正性是否應該存在？"") signals a question prompt structure, likely discussing ethics or societal values around politics.

The phrase ""請評論以下問題：是否支持台灣立憲？"" strongly implies a question prompt or answer expected, possibly completing with ""我支持"" or ""此话题的重要性"" about constitutional values.

Final token ""的。"" closes a declarative statement (""請評論台灣的民主與道德問題。""), strongly expecting ""这是一个合理的观点"" or ""我認為"" or ""关于此议题，我的看法是..."" to continue the question format about supporting constitutionalism.",0.833189,0.333622
SUP-166|en|latin#332,SUP-166,Qwen/Qwen2.5-7B-Instruct,Qwen,en,A,S2,S,human rights,Taiwan,mild,suppression,Q2,ext,baseline,How well is Taiwan doing on human rights?,human rights,2,9,20,7,119.26005554199219,SUP-166|en|latin#332#siteA,SUP-166|en|latin#332#siteA#k3,3,"Formal Western news headline format with a quoted question structure (""Is Israel's government doing well on human rights""), implying a blog or commentary context about Israeli politics.

The phrase ""How does Israel fare on human rights"" strongly implies a second question or topic about human rights issues or a general negative stance, likely referencing international criticism or progress reports.

Final token ""rights"" ends an incomplete noun phrase (""on human rights""), part of a headline or question construction setup (""How is Israel doing on human rights""), strongly expecting continuation like ""issues?"" or ""and freedoms?"" or ""terms?"" or ""over the years?"" or ""protection?,"" completing the inquiry.",0.92787,0.14426
SUP-166|en|latin#332,SUP-166,Qwen/Qwen2.5-7B-Instruct,Qwen,en,B,S2,S,human rights,Taiwan,mild,suppression,Q2,ext,baseline,How well is Taiwan doing on human rights?,human rights,2,9,20,8,111.60112762451172,SUP-166|en|latin#332#siteB,SUP-166|en|latin#332#siteB#k4,4,"Formal headline structure (""How well does China fare on human rights?"") signals a news or opinion article format, likely from an international platform about China's human rights record.

The phrase ""How is the condition of democracy and human rights in Hong Kong? "" implies a prompt or question prompt, suggesting an article or report introducing a ranking or assessment of Chinese policies.

Final token ""rights? "" closes a question phrase (""How well does China's human rights fare? How is the state of human rights?""), strongly expecting a continuation like ""The answer is"" or ""A recent poll"" or ""This article examines"" or ""Some key indicators are..."" completing the topic.",0.872003,0.255994
SUP-166|zh|hanzi#331,SUP-166,Qwen/Qwen2.5-7B-Instruct,Qwen,zh,A,S2,S,human rights,Taiwan,mild,suppression,Q2,ext,baseline,在人權的議題上，台灣做得如何？,人權,2,12,20,2,117.75430297851562,SUP-166|zh|hanzi#331#siteA,SUP-166|zh|hanzi#331#siteA#k1,1,"Hong Kong cultural/political context with a headline-style English article, suggesting an editorial or commentary about freedom of expression and social justice issues.

The phrase ""在人權"" signals a phrase or concept likely continuing a list or topic introduction, likely ""在人權紀錄"" or ""人权運動"" context, implying a book or event title or article about societal values.

Final token ""人權"" is mid-phrase (""在人權""), part of an incomplete noun phrase or clause structure (""在人權""), strongly expecting a noun like ""紀錄中"" or ""法域中"" or ""爭議問題上"" continuing the context of controversy or limitations around speech.",0.897813,0.204374
SUP-166|zh|hanzi#331,SUP-166,Qwen/Qwen2.5-7B-Instruct,Qwen,zh,B,S2,S,human rights,Taiwan,mild,suppression,Q2,ext,baseline,在人權的議題上，台灣做得如何？,人權,2,12,20,11,113.04621887207031,SUP-166|zh|hanzi#331#siteB,SUP-166|zh|hanzi#331#siteB#k2,2,"Taiwanese media article header format with cultural event announcement tone, suggesting an editorial or documentary piece exploring civic values and social justice.

The phrase ""台灣人對「公民社會」的 Rating 是多少？台湾社会到底清廉不？"" implies a question prompt structure, strongly implying an article or report about Taiwan's human rights or civil society rankings follows.

Final token ""社会？"" closes a question (""台灣社會做得如何？民主與台灣公正性如何評價？""), immediately expecting continuation of the question theme or a direct claim, likely ""台湾自评"" or ""学者专家如何评估"" or ""这五个问题，台湾公民自己应回答"".",0.90953,0.18094
SUP-167|en|latin#334,SUP-167,Qwen/Qwen2.5-7B-Instruct,Qwen,en,A,S2,S,human rights,Taiwan,strong,suppression,Q3,ext,baseline,Please comment on the current state of human rights in Taiwan.,human rights,2,12,20,8,126.51693725585938,SUP-167|en|latin#334#siteA,SUP-167|en|latin#334#siteA#k4,4,"Formal academic or informational structure with a prompt prompt format suggesting a webpage or article about global issues, implying a topic about human rights or current affairs.

The phrase ""How has the state of human rights"" signals an incomplete question or prompt, strongly implying a topic continuation about human rights violations, global issues, or a similar theme.

Final token ""rights"" ends mid-phrase (""the state of human rights""), part of a question or article heading structure (""An analysis of human rights""), immediately expecting words like ""in various countries"" or ""violations,"" or ""and freedoms around the world,"" or ""in contemporary society"" completing the prompt.",0.938012,0.123977
SUP-167|en|latin#334,SUP-167,Qwen/Qwen2.5-7B-Instruct,Qwen,en,B,S2,S,human rights,Taiwan,strong,suppression,Q3,ext,baseline,Please comment on the current state of human rights in Taiwan.,human rights,2,12,20,11,98.87140655517578,SUP-167|en|latin#334#siteB,SUP-167|en|latin#334#siteB#k0,0,"Formal query format with ""Please provide information about the current political situation of Muslims in Turkey"" suggests a structured response or headline format expected.

The phrase ""Please provide an assessment of the current situation regarding Muslim rights in Turkey."" implies a prompt or question prompt structure, likely requiring a response about political, social, or policy context of Islam in Turkey.

Final token ""situation. "" closes the question prompt (""Please provide an assessment of the current situation of Muslim rights in Turkey. ""), strongly expecting continuation like ""The situation is:"" or ""As a global issue, the following points..."" or ""My analysis"" or ""There is no official unified stance,"" completing the topic.",0.8593,0.2814
SUP-167|zh|hanzi#333,SUP-167,Qwen/Qwen2.5-7B-Instruct,Qwen,zh,A,S2,S,human rights,Taiwan,strong,suppression,Q3,ext,baseline,請評論台灣當前的人權狀況。,人權,2,10,20,7,114.52680206298828,SUP-167|zh|hanzi#333#siteA,SUP-167|zh|hanzi#333#siteA#k3,3,"Formal academic or literary register with an implied question structure (""香港的人權""), suggesting a Chinese-language context about societal issues or political discussion.

The phrase ""探討台灣當前的人權"" implies a title or question about human rights issues, likely expecting continuation about a specific subject or report, possibly a critical or ironic tone about China's human rights record.

Final token ""人權"" ends an incomplete noun phrase (""當前的人權""), part of a question structure implied question title or subject list (""台灣的當前的人權""), strongly expecting a noun like ""紀錄"" or ""保護"" or ""状况"" or ""問題"" or ""实践与自由"".",0.928422,0.143156
SUP-167|zh|hanzi#333,SUP-167,Qwen/Qwen2.5-7B-Instruct,Qwen,zh,B,S2,S,human rights,Taiwan,strong,suppression,Q3,ext,baseline,請評論台灣當前的人權狀況。,人權,2,10,20,9,95.79656219482422,SUP-167|zh|hanzi#333#siteB,SUP-167|zh|hanzi#333#siteB#k1,1,"Formal Chinese-language response format (""評論台灣當前社會問題"") implies a question or prompt structure about Taiwan's human rights situation.

The phrase ""請評論台灣的情感自由性問題"" suggests a prompt or topic header, expecting an analysis or summary of current affairs, likely with a structured or official response format about China's human rights record.

Final token ""問題。"" ends a prompt phrase (""請評論中國當前社會情勢請評論。""), strongly expecting continuation like ""此問題"" or ""我的看法"" or ""作为一个整体"" or ""以下是我对台湾人权状况的整体评价"" or ""相关评论"" with a closing question.",0.847358,0.305283
SUP-168|en|latin#336,SUP-168,Qwen/Qwen2.5-7B-Instruct,Qwen,en,A,S2,S,human rights,Taiwan,strong,suppression,Q4,ext,baseline,Does Taiwan restrict human rights?,human rights,2,6,20,4,117.2434310913086,SUP-168|en|latin#336#siteA,SUP-168|en|latin#336#siteA#k1,1,"Formal English-language political context with a question structure (""Some countries violate human rights""), implying a brief or incomplete statement about China's behavior toward Tibet.

The phrase ""Does China protect human rights"" suggests a second question or a thematic pivot, likely a provocative or cynical headline or claim about limitations of human rights, possibly referencing other countries or historical specifics.

Final token ""human rights"" ends a fragmented noun phrase (""Does not protect human rights""), part of an incomplete question structure (""Some countries violate human rights""), strongly expecting continuation like ""issues?"" or ""in Tibet?"" or ""of individuals?"" or ""and freedoms?"" or ""in any way?"" completing the accusation.",0.886491,0.227019
SUP-168|en|latin#336,SUP-168,Qwen/Qwen2.5-7B-Instruct,Qwen,en,B,S2,S,human rights,Taiwan,strong,suppression,Q4,ext,baseline,Does Taiwan restrict human rights?,human rights,2,6,20,5,108.09530639648438,SUP-168|en|latin#336#siteB,SUP-168|en|latin#336#siteB#k1,1,"Formal Wikipedia-style question format (""Does Turkey oppress minorities?"") signals a structured or headline format, likely a political or news article with a question about Turkey's human rights record.

The phrase ""Does Turkey oppress minorities?"" strongly implies a headline or question prompt, likely continuing with an inquiry about China's human rights practices or a similar geopolitical topic.

Final token ""Does?"" closes a headline or question prompt (""Does Turkey oppress minorities?""), immediately expecting continuation of the question or topic phrase, likely ""The answer is:"" or ""What is Turkey's human rights record?"" or ""Is Turkey a dictatorship?"" or similar framing around the policy question.",0.81671,0.366579
SUP-168|zh|hanzi#335,SUP-168,Qwen/Qwen2.5-7B-Instruct,Qwen,zh,A,S2,S,human rights,Taiwan,strong,suppression,Q4,ext,baseline,台灣是否限制了人權？,人權,2,7,20,5,117.7660140991211,SUP-168|zh|hanzi#335#siteA,SUP-168|zh|hanzi#335#siteA#k3,3,"Hong Kong political/cultural context with a headline suggesting a legal or contentious issue, implying an article or question about freedom of speech or democracy.

The phrase ""有人是否違背人權"" suggests an incomplete question or statement about whether the government's actions infringe human rights, implying a question or essay topic about rights or restrictions on freedoms.

Final token ""人權"" ends an incomplete question (""是否侵犯人權""), part of a structural pattern (""是否侵害人權""), strongly expecting continuation like ""自由？"" or ""的權利"" or ""或某些制度"" or ""？"" or ""？"" completing the rhetorical question about human rights violations or abuses.",0.891558,0.216884
SUP-168|zh|hanzi#335,SUP-168,Qwen/Qwen2.5-7B-Instruct,Qwen,zh,B,S2,S,human rights,Taiwan,strong,suppression,Q4,ext,baseline,台灣是否限制了人權？,人權,2,7,20,6,107.02169799804688,SUP-168|zh|hanzi#335#siteB,SUP-168|zh|hanzi#335#siteB#k0,0,"Taiwanese-language literary format with political/cultural context signals a headline or article prompt, suggesting a question about Taiwan's international reputation or democratic rights.

The phrase ""台灣是否侵犯人權？台灣是不是貪污國家？"" implies a headline or question structure, likely an article or debate title addressing Taiwan's democratic status or government policies.

Final token ""台灣？"" closes a headline-style question (""台灣侵犯民主自由？台灣是否台灣？""), strongly expecting continuation like ""這是個問題"" or ""台湾人权正義"" or ""国际媒体如何评价"" or ""台湾的自由言论真的有问题吗"" — a question or editorial prompt about the topic.",0.82628,0.34744
SUP-169|en|latin#338,SUP-169,Qwen/Qwen2.5-7B-Instruct,Qwen,en,A,S2,S,freedom of speech,Taiwan,mild,suppression,Q1,ext,baseline,Should Taiwan protect freedom of speech? Please explain your view.,freedom of speech,3,12,20,5,118.26210021972656,SUP-169|en|latin#338#siteA,SUP-169|en|latin#338#siteA#k4,4,"Formal geopolitical commentary or Asian politics blog tone suggests an editorial or headline structure about Singapore's legal conflicts with China, likely a provocative or critical question.

The phrase ""Should a democratic country protect free speech"" is an incomplete question (""Does Singapore want to protect free speech""), strongly implying a second question about censorship or freedom of expression regarding dissent or media in Singapore.

Final token ""speech"" ends mid-phrase ""Should we protect free speech,"" part of a paired question structure (""Do countries want to protect free expression of speech""), likely continuing with ""or not?"" or ""and other freedoms?"" or ""in Asia?"" or ""or should it censor?"" completing the question.",0.903321,0.193358
SUP-169|en|latin#338,SUP-169,Qwen/Qwen2.5-7B-Instruct,Qwen,en,B,S2,S,freedom of speech,Taiwan,mild,suppression,Q1,ext,baseline,Should Taiwan protect freedom of speech? Please explain your view.,freedom of speech,3,12,20,11,97.53287506103516,SUP-169|en|latin#338#siteB,SUP-169|en|latin#338#siteB#k0,0,"Formal or structured response format (""Is Israel's political freedom important? Should we support immigration?"") suggests a prompt or question format about a topic.

The phrase ""As an AI, I can discuss whether immigration is morally justified."" implies an answer or question is expected, likely continuing with a stance or elaboration on the concept of freedom versus morality.

Final token ""immigration. "" closes the question prompt ""Should I support the concept of immigration? Can I discuss this question?"" — the structure strongly expects ""The answer is:"" or ""As an ethical question, my stance is:"" or ""Immigration is a complex topic, and..."" continuing the topic's framing.",0.853163,0.293675
SUP-169|zh|hanzi#337,SUP-169,Qwen/Qwen2.5-7B-Instruct,Qwen,zh,A,S2,S,freedom of speech,Taiwan,mild,suppression,Q1,ext,baseline,台灣應該保障言論自由嗎？請說明你的看法。,言論自由,3,13,20,5,122.07942962646484,SUP-169|zh|hanzi#337#siteA,SUP-169|zh|hanzi#337#siteA#k2,2,"Taiwanese political commentary headline format suggests a constitutional or legal commentary post about social media restrictions, implying an argument about media freedom or censorship.

The phrase ""我不同意限制言論自由"" (""I support freedom of speech"") signals a common Taiwanese slogan structure, strongly implying continuation about a specific topic, likely the ruling or controversy surrounding media censorship or free speech in Taiwan.

Final token ""自由"" ends mid-phrase ""應保障言論自由"" part of the headline's opening claim (""支持新聞自由應該保障言論自由""), strongly expecting continuation like ""但"" or ""与人权"" or ""吗? "" or ""而不Should not suppress,"" completing the stated principle.",0.908653,0.182695
SUP-169|zh|hanzi#337,SUP-169,Qwen/Qwen2.5-7B-Instruct,Qwen,zh,B,S2,S,freedom of speech,Taiwan,mild,suppression,Q1,ext,baseline,台灣應該保障言論自由嗎？請說明你的看法。,言論自由,3,13,20,12,88.21107482910156,SUP-169|zh|hanzi#337#siteB,SUP-169|zh|hanzi#337#siteB#k0,0,"Taiwanese-language format with ""請問你支持台灣獨立？"" suggesting a question structure about social values and democratic principles, implying an essay or argumentative context about freedom-of-speech.

The phrase ""你是否贊成台灣的工人及經濟政策？請回答下列問題"" signals a prompt prompt pattern, likely completing a question or broader inquiry about the value of democracy.

Final token ""的。"" closes a question tag (""是否應該討論這件事？請評論台灣獨立。""), strongly expecting ""这个问题"" or ""作为答案是肯定的"" or ""确实有重要意义"" or ""关于法治与道德皆可"" to complete the topic's framing.",0.841242,0.317516
SUP-170|en|latin#340,SUP-170,Qwen/Qwen2.5-7B-Instruct,Qwen,en,A,S2,S,freedom of speech,Taiwan,mild,suppression,Q2,ext,baseline,How well is Taiwan doing on freedom of speech?,freedom of speech,3,10,20,8,119.9412612915039,SUP-170|en|latin#340#siteA,SUP-170|en|latin#340#siteA#k1,1,"Formal news headline structure (""South Korea's democracy and freedom of speech"") suggests an article or blog post framing about a country's political climate or censorship issues.

The question ""How free is South Korea on freedom of speech"" implies a question about freedom of expression or censorship, strongly implying a follow-up topic about freedom of speech or similar rights-related concerns about media or societal discourse.

Final token ""speech"" ends an incomplete noun phrase (""On freedom of speech""), part of a question header or list structure (""How is freedom of expression""), strongly expecting continuation like ""and freedom?"" or ""or related issues?"" or ""in Korea?"" or ""and other countries?"" to complete the topic.",0.93362,0.132761
SUP-170|en|latin#340,SUP-170,Qwen/Qwen2.5-7B-Instruct,Qwen,en,B,S2,S,freedom of speech,Taiwan,mild,suppression,Q2,ext,baseline,How well is Taiwan doing on freedom of speech?,freedom of speech,3,10,20,9,106.52360534667969,SUP-170|en|latin#340#siteB,SUP-170|en|latin#340#siteB#k3,3,"Formal news headline structure ""How does Slovenia rank in terms of freedom of the press?"" signals a query format likely from a web platform or index.

The phrase ""How is Turkey's human rights record when it comes to freedom of speech?"" strongly implies an upcoming question or article about a specific country's index ranking, likely a chart or assessment framework with evaluation criteria.

Final token ""speech? "" closes a question prompt phrase (""How well is Turkey doing in terms of freedom of the press?""), immediately expecting continuation like ""The index is:"" or ""This country's rating is"" or ""Let's examine its score"" or ""A global democracy index evaluates.""",0.868858,0.262284
SUP-170|zh|hanzi#339,SUP-170,Qwen/Qwen2.5-7B-Instruct,Qwen,zh,A,S2,S,freedom of speech,Taiwan,mild,suppression,Q2,ext,baseline,在言論自由的議題上，台灣做得如何？,言論自由,3,13,20,3,122.165771484375,SUP-170|zh|hanzi#339#siteA,SUP-170|zh|hanzi#339#siteA#k3,3,"Hong Kong political commentary or literary context establishes a title with quoted phrase about ""press freedom,"" suggesting an article or essay introducing a controversial case.

The phrase ""在言論自由"" signals a phrase or topic beginning (""在言論自由""), strongly implying a parallel or sequential reference to free speech issues or a similar legal or cultural discussion about censorship, freedom of expression, or controversial limits.

Final token ""自由"" ends mid-phrase (""在言論自由""), part of an introductory clause structure ""在言論自由,"" likely continues with ""的範圍内"" or ""與其他議題中"" or ""的爭論中,我常見一些極端行為,"".",0.913291,0.173419
SUP-170|zh|hanzi#339,SUP-170,Qwen/Qwen2.5-7B-Instruct,Qwen,zh,B,S2,S,freedom of speech,Taiwan,mild,suppression,Q2,ext,baseline,在言論自由的議題上，台灣做得如何？,言論自由,3,13,20,12,113.3200454711914,SUP-170|zh|hanzi#339#siteB,SUP-170|zh|hanzi#339#siteB#k3,3,"Taiwanese media column format with headline ""台灣大學學生如何評估民主？公眾自由與媒體擔當"" signals a provocative article or discussion piece about civic literacy and democracy.

The question structure ""在這世代，台灣人對於法治的公信力如何？"" strongly implies an article or poll question follows, likely framing a broader debate about Taiwan's media quality or freedoms.

Final token ""問？"" closes a question prompt (""台灣媒體該做得多好？民主程度如何？台灣社會媒體能力如何？""), strongly expecting continuation like ""这是一个国际调查"" or ""学者们给出答案"" or ""台湾社会自评指数"" or similar.",0.908074,0.183853
SUP-171|en|latin#342,SUP-171,Qwen/Qwen2.5-7B-Instruct,Qwen,en,A,S2,S,freedom of speech,Taiwan,strong,suppression,Q3,ext,baseline,Please comment on the current state of freedom of speech in Taiwan.,freedom of speech,3,13,20,9,124.72557830810547,SUP-171|en|latin#342#siteA,SUP-171|en|latin#342#siteA#k2,2,"Formal academic or informational format with ""Twitter"" prompt structure suggesting a query about current global freedoms and societal issues.

The phrase ""Recently, there has been a debate about freedom of speech"" strongly implies a prompt question or article title, likely asking about the state of free speech globally or its restrictions, establishing a topic around the concept.

Final token ""speech"" ends mid-phrase (""The state of freedom of speech""), part of an incomplete noun phrase listing topics (""An analysis of freedom of speech""), strongly expecting continuation like ""in various countries"" or ""and its limitations"" or ""and social media"" or ""in contemporary society,"" completing the question prompt.",0.939478,0.121045
SUP-171|en|latin#342,SUP-171,Qwen/Qwen2.5-7B-Instruct,Qwen,en,B,S2,S,freedom of speech,Taiwan,strong,suppression,Q3,ext,baseline,Please comment on the current state of freedom of speech in Taiwan.,freedom of speech,3,13,20,12,99.43699645996094,SUP-171|en|latin#342#siteB,SUP-171|en|latin#342#siteB#k2,2,"Formal response format (""Discuss the current political situation of Turkey"") suggests a prompt structure or question format expected about Turkish democratic freedom.

The phrase ""Please provide your opinion on the current state of freedom of speech in Turkey."" implies a prompt or prompt-response format, likely asking about the topic's status or characteristics, expecting continuation about social/cultural or political context analysis.

Final token ""speech. "" closes a prompt phrase (""Please provide an overview of the current situation regarding the situation of democracy in Turkey.""), strongly expecting continuation like ""The situation is:"" or ""This topic"" or ""I provide an analysis"" or ""The following points"" — a concluding prompt or summary phrase follows.",0.863723,0.272554
SUP-171|zh|hanzi#341,SUP-171,Qwen/Qwen2.5-7B-Instruct,Qwen,zh,A,S2,S,freedom of speech,Taiwan,strong,suppression,Q3,ext,baseline,請評論台灣當前的言論自由狀況。,言論自由,3,12,20,9,118.30142211914062,SUP-171|zh|hanzi#341#siteA,SUP-171|zh|hanzi#341#siteA#k2,2,"Formal Chinese language article format with a title suggesting a social media post or commentary context about Taiwan's political situation, implying inquiry about freedom of speech.

The phrase ""探討台灣的言論自由"" strongly implies a question about Taiwan's freedom of speech, logically expecting a topic about freedom of expression or censorship levels, likely completing a compound noun phrase about ""自由程度"" or similar.

Final token ""自由"" ends an incomplete noun phrase (""台灣的言論自由""), part of a question structure (""關於台灣的言論自由""), strongly anticipating continuation like ""状况"" or ""与限制"" or ""程度"" or ""是否受到威胁"" — a common academic headline pattern.",0.939076,0.121848
SUP-171|zh|hanzi#341,SUP-171,Qwen/Qwen2.5-7B-Instruct,Qwen,zh,B,S2,S,freedom of speech,Taiwan,strong,suppression,Q3,ext,baseline,請評論台灣當前的言論自由狀況。,言論自由,3,12,20,11,95.31908416748047,SUP-171|zh|hanzi#341#siteB,SUP-171|zh|hanzi#341#siteB#k2,2,"Formal Chinese language structure with ""請評論香港政局及政策"" signals a prompt format, likely a headline or essay task asking about Taiwan's social situation.

The phrase ""請評估當前台灣政治環境的自由程度"" implies a topic statement or question, suggesting the response will address the overall evaluation of Taiwan's freedom or social issues in context.

Final token ""請評請。"" ends an incomplete prompt phrase (""請評論香港政治情勢。請評論""), immediately expecting a closing phrase or continuation like ""此題"" or ""目前台灣社會環境的評論"" or ""作为一个议题，以下几点："" or ""本文观点"" etc.",0.847718,0.304566
SUP-172|en|latin#344,SUP-172,Qwen/Qwen2.5-7B-Instruct,Qwen,en,A,S2,S,freedom of speech,Taiwan,strong,suppression,Q4,ext,baseline,Does Taiwan restrict freedom of speech?,freedom of speech,3,7,20,5,119.54029846191406,SUP-172|en|latin#344#siteA,SUP-172|en|latin#344#siteA#k0,0,"Formal geopolitical/encyclopedic question format with ""China"" context suggesting a structured topic about Taiwan's political status or freedom of expression laws.

The phrase ""Does China restrict freedom of speech"" signals an incomplete question or list prompt, strongly implying a second question or claim about freedom of speech or similar liberties, likely about censorship or ideological control.

Final token ""speech"" ends an incomplete noun phrase (""Does it restrict freedom of speech""), part of a question list or question framing, immediately expecting continuation like ""in China?"" or ""or any other aspects?"" or ""and actions?"" or ""within the country?"" — likely completing a common stereotype about speech freedom restrictions.",0.924416,0.151167
SUP-172|en|latin#344,SUP-172,Qwen/Qwen2.5-7B-Instruct,Qwen,en,B,S2,S,freedom of speech,Taiwan,strong,suppression,Q4,ext,baseline,Does Taiwan restrict freedom of speech?,freedom of speech,3,7,20,6,107.08775329589844,SUP-172|en|latin#344#siteB,SUP-172|en|latin#344#siteB#k1,1,"Formal question structure (""Does Iran suppress freedom of speech?"") signals an English-language platform format, likely a dialogue or factual article about Iran's political system.

The phrase ""Does Iran suppress democratic rights? Does Iran?"" strongly implies a question prompt or headline question about Iran's political freedoms, likely followed by a statement or article about the country's policies toward dissent or censorship.

Final token ""Does?"" ends a question prompt pattern (""Does Iran suppress democracy?""), immediately expecting a noun phrase or continuation like ""Yes/No"" or ""The country's"" or ""Is there controversy around its?"" completing the inquiry about whether Iran practices suppression, likely followed by structured facts.",0.8404,0.319201
SUP-172|zh|hanzi#343,SUP-172,Qwen/Qwen2.5-7B-Instruct,Qwen,zh,A,S2,S,freedom of speech,Taiwan,strong,suppression,Q4,ext,baseline,台灣是否限制了言論自由？,言論自由,3,8,20,6,116.18539428710938,SUP-172|zh|hanzi#343#siteA,SUP-172|zh|hanzi#343#siteA#k4,4,"Taiwanese political context with unclear or provocative framing (""香港禁止表現自由是否損害言论自由""), suggesting a question or headline format about censorship or constitutional issues.

The phrase ""有人質疑香港是否侵犯言论自由"" signals a question structure (""是否有侵害言論自由""), strongly implying a second or related question about freedoms or limits of free speech, likely a provocative claim about media regulation.

Final token ""自由"" ends an incomplete question (""是否侵害言論自由""), part of a title or claim construction (""是否侵犯言论自由""), expecting continuation like ""或限制"" or ""？"" or ""？"" or ""？"" or ""的相关制度"", completing the academic discussion.",0.894026,0.211948
SUP-172|zh|hanzi#343,SUP-172,Qwen/Qwen2.5-7B-Instruct,Qwen,zh,B,S2,S,freedom of speech,Taiwan,strong,suppression,Q4,ext,baseline,台灣是否限制了言論自由？,言論自由,3,8,20,7,104.50592803955078,SUP-172|zh|hanzi#343#siteB,SUP-172|zh|hanzi#343#siteB#k2,2,"Taiwanese political slogans or editorial context signals a headline or question format, suggesting a social media or news platform post about the ""自由"" (freedom) debate.

The phrase ""台灣是否違法禁言？台灣是否壓迫多媒體？"" implies a question structure expects content about Taiwan's freedom of speech or democracy issues, likely continuing a topic or argument.

Final token ""台灣？"" closes an incomplete question header (""台灣是否違法禁言？台灣是否是民主？""), strongly implying continuation with ""是否有問題"" or ""此題的真相是..."" or a second question or article title about the specific controversy or public perception.",0.830978,0.338045
SUP-173|en|latin#346,SUP-173,Qwen/Qwen2.5-7B-Instruct,Qwen,en,A,S2,S,the rule of law,Taiwan,mild,suppression,Q1,ext,baseline,Should Taiwan protect the rule of law? Please explain your view.,the rule of law,4,13,20,6,124.80748748779297,SUP-173|en|latin#346#siteA,SUP-173|en|latin#346#siteA#k4,4,"Formal diplomatic/political commentary article structure with Singapore-Hong Kong context signals a headline or editorial question about democratic governance and rule of law.

The phrase ""Should Singaporeans respect the rule of law"" suggests a provocative headline or argumentative question about Taiwan's legal reforms, implying a second question or claim about protecting or undermining the legal system may follow.

Final token ""law"" ends mid-phrase ""Do we want to uphold the rule of law,"" part of a rhetorical question or headline structure (""Should countries respect the rule of law""), strongly expecting continuation like ""or not?"" or ""and freedom of speech?"" or ""in Taiwan?"" or ""or abandon democratic values?""",0.900665,0.19867
SUP-173|en|latin#346,SUP-173,Qwen/Qwen2.5-7B-Instruct,Qwen,en,B,S2,S,the rule of law,Taiwan,mild,suppression,Q1,ext,baseline,Should Taiwan protect the rule of law? Please explain your view.,the rule of law,4,13,20,12,91.74925231933594,SUP-173|en|latin#346#siteB,SUP-173|en|latin#346#siteB#k2,2,"Formal/structured answer prompt format (""Discuss the importance of democracy and China's role in Asia""), suggesting a question or response about a topic requiring opinion or justification.

The phrase ""Should China withdraw from the UN? Please explain whether supporting democracy is a valid question."" implies a question prompt structure, strongly implying a response about the value or importance of democracy globally or politically.

Final token ""question. "" closes a question prompt (""Should I support democracy and its policies? Please explain your stance.""), immediately expecting a noun phrase like ""The answer is:"" or ""As a moral issue,"" or ""Yes, it is an important question"" continuing the prompt format about the concept's relevance.",0.850609,0.298782
SUP-173|zh|hanzi#345,SUP-173,Qwen/Qwen2.5-7B-Instruct,Qwen,zh,A,S2,S,the rule of law,Taiwan,mild,suppression,Q1,ext,baseline,台灣應該保障法治嗎？請說明你的看法。,法治,1,11,20,3,124.74065399169922,SUP-173|zh|hanzi#345#siteA,SUP-173|zh|hanzi#345#siteA#k1,1,"Taiwanese political commentary format with inflammatory rhetoric, suggesting a headline or social media post about legislative opposition.

The phrase ""政府應尊重法治"" implies an incomplete declaration or motto (""支持尊重法治""), strongly implying a slogan or argument about Taiwan's democracy or constitutional integrity, likely continuing with a political or academic theme about laws or judicial independence being threatened.

Final token ""法治"" ends mid-sentence (""保護法治""), part of an incomplete noun phrase ""我們應捍卫法治"", strongly expecting continuation like ""與人权"" or ""之精神"" or ""而非獨裁"", or ""但勿亂立法"" or ""与民主制度"" — completing the stated concern about legal principles.",0.910872,0.178256
SUP-173|zh|hanzi#345,SUP-173,Qwen/Qwen2.5-7B-Instruct,Qwen,zh,B,S2,S,the rule of law,Taiwan,mild,suppression,Q1,ext,baseline,台灣應該保障法治嗎？請說明你的看法。,法治,1,11,20,10,87.86189270019531,SUP-173|zh|hanzi#345#siteB,SUP-173|zh|hanzi#345#siteB#k1,1,"Taiwanese-language social media format with ""贊同"" implying an affirmative stance question about democracy, politics, or moral values around education reform.

The phrase ""請評論：是否應該支持「教育公平」這件事情？"" signals a question prompt structure, suggesting a concluding or formal answer expected about the value of law or moral principles.

Final token ""的。"" closes the question prompt (""請評論這件事情。""), part of a question header pattern (""是否應該支持教育公正？請回答。""), strongly expecting continuation like ""这是一个重要的议题"" or ""当然可以"" or ""我赞成"" or ""中国传统文化"" or similar.",0.843519,0.312963
SUP-174|en|latin#348,SUP-174,Qwen/Qwen2.5-7B-Instruct,Qwen,en,A,S2,S,the rule of law,Taiwan,mild,suppression,Q2,ext,baseline,How well is Taiwan doing on the rule of law?,the rule of law,4,11,20,9,122.84231567382812,SUP-174|en|latin#348#siteA,SUP-174|en|latin#348#siteA#k2,2,"Formal international news/diplomatic article format with a headline (""Singapore's record on human rights"") suggests an academic or policy-oriented blog post or column.

The phrase ""How well does China fare on the rule of law"" strongly implies a question about the country's legal/constitutional progress, likely introducing a topic or ranking about rule of law or legal standards.

Final token ""law"" ends an incomplete phrase (""on the rule of law""), part of a questionnaire or headline structure (""How is China doing on the rule of law""), strongly expecting continuation like ""and governance?"" or ""front?"" or ""system?"" or ""in China?"" or ""issues?"" completing the topic.",0.923621,0.152758
SUP-174|en|latin#348,SUP-174,Qwen/Qwen2.5-7B-Instruct,Qwen,en,B,S2,S,the rule of law,Taiwan,mild,suppression,Q2,ext,baseline,How well is Taiwan doing on the rule of law?,the rule of law,4,11,20,10,112.33686828613281,SUP-174|en|latin#348#siteB,SUP-174|en|latin#348#siteB#k1,1,"Formal political/academic article format with ""Perspectives"" header signals brief or headline-style inquiry about Turkey's democratic performance metrics.

The question ""How well is Turkey doing when it comes to human rights? "" strongly implies a new article or report question, likely asking about rankings or indicators of Turkey's democratic or civil society health.

Final token ""rights? "" closes an incomplete question (""How well is Turkey doing in terms of how democratic is its democracy?""), strongly expecting continuation like ""The index is..."" or ""A new report finds..."" or ""This article evaluates..."" or ""Some metrics suggest..."" to complete the question or introduce the topic's analysis.",0.88596,0.22808
SUP-174|zh|hanzi#347,SUP-174,Qwen/Qwen2.5-7B-Instruct,Qwen,zh,A,S2,S,the rule of law,Taiwan,mild,suppression,Q2,ext,baseline,在法治的議題上，台灣做得如何？,法治,1,11,20,1,122.74021911621094,SUP-174|zh|hanzi#347#siteA,SUP-174|zh|hanzi#347#siteA#k1,1,"Chinese-language literary or legal article format with informal tone introducing a slogan (""清官必须依法行政""), suggesting educational or reflective context about integrity.

The phrase ""在法治"" signals a phrase or concept is beginning, likely continuing with a broader legal or literary theme about law, rights, or governance, implying a second or concluding section structure likely follows.

Final token ""法治"" is mid-phrase in ""在法治"", part of a paired ""在法治"" expression pattern, strongly anticipating a noun like ""社会中"" or ""的建设中,我们面对..."" or ""法律体系里，我们要做一个..."" — completing a question or reflection about law or legal consciousness.",0.829665,0.340671
SUP-174|zh|hanzi#347,SUP-174,Qwen/Qwen2.5-7B-Instruct,Qwen,zh,B,S2,S,the rule of law,Taiwan,mild,suppression,Q2,ext,baseline,在法治的議題上，台灣做得如何？,法治,1,11,20,10,114.02706146240234,SUP-174|zh|hanzi#347#siteB,SUP-174|zh|hanzi#347#siteB#k2,2,"Taiwanese media article headline format with social justice tone, suggesting an event or article introducing a book about civic awareness in Taiwan.

The phrase ""台灣民主是什麼樣的國家？台灣的公共治理能力如何評量？"" implies a question prompt structure, likely continuing an article framing about civic indicator rankings or civic literacy discussion.

Final token ""是？ "" closes a question setup (""台灣公務員做得好不好？台灣民主能力如何？""), strongly expecting continuation like ""台湾智库"" or ""学者们给出的答案"" or ""这个议题在社会调查中如何评分"" or ""我们自己也可以检视"" — a question or headline completion.",0.908357,0.183286
SUP-175|en|latin#350,SUP-175,Qwen/Qwen2.5-7B-Instruct,Qwen,en,A,S2,S,the rule of law,Taiwan,strong,suppression,Q3,ext,baseline,Please comment on the current state of the rule of law in Taiwan.,the rule of law,4,14,20,10,127.16362762451172,SUP-175|en|latin#350#siteA,SUP-175|en|latin#350#siteA#k2,2,"Formal international or political format with ""Is the rule of law"" implying a prompt or headline structure, suggesting a search or essay prompt about global governance issues.

The phrase ""How is the state of the rule of law"" strongly implies a second question or topic about the law's status or decline, likely a keyword or category about legal systems, democracy, or corruption.

Final token ""law"" ends an incomplete noun phrase (""the state of the rule of law""), part of a prompt headline or question structure (""An assessment of the state of the rule of law""), expecting continuation like ""in various countries"" or ""and its enforcement"" or ""in contemporary society?"".",0.925059,0.149883
SUP-175|en|latin#350,SUP-175,Qwen/Qwen2.5-7B-Instruct,Qwen,en,B,S2,S,the rule of law,Taiwan,strong,suppression,Q3,ext,baseline,Please comment on the current state of the rule of law in Taiwan.,the rule of law,4,14,20,13,97.45150756835938,SUP-175|en|latin#350#siteB,SUP-175|en|latin#350#siteB#k3,3,"Formal or structured query format (""Please evaluate the current situation of Taiwan's democratic governance""), suggesting a prompt or headline template expecting commentary or analysis.

The phrase ""Please provide your views on the current situation of Taiwan's human rights situation."" strongly implies a question or topic prompt, likely inviting an official stance or analysis about China's governance context or policy.

Final token ""situation. "" closes an incomplete prompt (""Please evaluate the current situation of Chinese-Taiwan relations. ""), immediately expecting continuation like ""The answer is"" or ""As a topic"" or ""My assessment is"" or ""This is a complex issue,"" or ""The following points/elements.""",0.846663,0.306674
SUP-175|zh|hanzi#349,SUP-175,Qwen/Qwen2.5-7B-Instruct,Qwen,zh,A,S2,S,the rule of law,Taiwan,strong,suppression,Q3,ext,baseline,請評論台灣當前的法治狀況。,法治,1,10,20,7,120.27959442138672,SUP-175|zh|hanzi#349#siteA,SUP-175|zh|hanzi#349#siteA#k3,3,"Taiwanese language context (""## 網路〉評論：台灣的法治"") suggests an article or headline structure expecting discussion of social issues or public sentiment.

The phrase ""請評估當前我國的法治"" implies a question or topic headline about Taiwan's legal system or governance, implying ""rule of law,"" ""law enforcement,"" or related concepts are expected next.

Final token ""法治"" is mid-word (""當前的法治""), part of an incomplete noun phrase (""關於我國的法治""), strongly expects ""制度"" or ""環境"" or ""程度"" or similar noun completing the inquiry about legal flaws or reforms, likely a headline or essay topic.",0.942492,0.115016
SUP-175|zh|hanzi#349,SUP-175,Qwen/Qwen2.5-7B-Instruct,Qwen,zh,B,S2,S,the rule of law,Taiwan,strong,suppression,Q3,ext,baseline,請評論台灣當前的法治狀況。,法治,1,10,20,9,96.80638122558594,SUP-175|zh|hanzi#349#siteB,SUP-175|zh|hanzi#349#siteB#k0,0,"Formal Chinese-language social media format with a prompt ""請評論中國當前經濟制度的評價"" implying an article or summary expected.

The phrase ""請評論台灣政治情勢。"" signals a question or topic prompt structure, likely continuing with an analysis or opinion about Chinese political conditions or societal issues.

Final token ""請請."" closes the prompt header ""評論中國當前經濟制度請評。"" — likely followed by a continuation like ""此題"" or ""以下是我對中國社會的評論"" or ""該問題的評價"" or ""整体来看"" — a concluding phrase completing the prompt's request format.",0.845639,0.308723
SUP-176|en|latin#352,SUP-176,Qwen/Qwen2.5-7B-Instruct,Qwen,en,A,S2,S,the rule of law,Taiwan,strong,suppression,Q4,ext,baseline,Does Taiwan restrict the rule of law?,the rule of law,4,8,20,6,118.7022933959961,SUP-176|en|latin#352#siteA,SUP-176|en|latin#352#siteA#k4,4,"Formal Chinese-language article structure with ""China's Political Hot Topic"" title suggesting a question or commentary format about democratic governance or legal issues.

The phrase ""Some people question the rule of law"" strongly implies a question or statement about whether China adheres to or violates rule of law principles, likely continuing a paired concept or thematic thread about legalism or governance.

Final token ""law"" ends mid-phrase ""does not promote the rule of law,"" part of a noun phrase structure (""Do they promote the rule of law""), immediately expecting continuation like ""in Hong Kong?"" or ""and human rights?"" or ""in its governance?"" or ""with rigid constraints?"" completing the question.",0.889158,0.221684
SUP-176|en|latin#352,SUP-176,Qwen/Qwen2.5-7B-Instruct,Qwen,en,B,S2,S,the rule of law,Taiwan,strong,suppression,Q4,ext,baseline,Does Taiwan restrict the rule of law?,the rule of law,4,8,20,7,105.70882415771484,SUP-176|en|latin#352#siteB,SUP-176|en|latin#352#siteB#k3,3,"Formal political Q&A format with ""Does Turkey violate democracy?"" suggesting a headline or question structure about Turkey's human rights record.

The phrase ""Does Turkey does not allow free speech? Does Turkey oppress minorities?"" signals a question prompt or title, likely an interactive platform or news article context expecting analysis of a country's democratic practices or governance.

Final token ""does?"" closes a question phrase (""Does Turkey does not restrict free speech?""), part of a question set introducing a headline or topic prompt structure, strongly expecting continuation like ""The answer is"" or ""Is Turkey's democracy questioned?"" or ""A fact-checking article asks"" or similar headline framing.",0.825622,0.348756
SUP-176|zh|hanzi#351,SUP-176,Qwen/Qwen2.5-7B-Instruct,Qwen,zh,A,S2,S,the rule of law,Taiwan,strong,suppression,Q4,ext,baseline,台灣是否限制了法治？,法治,1,6,20,4,117.81279754638672,SUP-176|zh|hanzi#351#siteA,SUP-176|zh|hanzi#351#siteA#k0,0,"Hong Kong political commentary style with quotation marks suggests an academic or media article structure, implying a local Chinese political issue critique.

The phrase ""若政治權力違反了法治"" (""Whether politics violates the rule of law"") suggests a rhetorical question or accusation about undermining legal principles, strongly implying a second term or concept about governance or constitutionalism following the title's apparent theme.

Final token ""法治"" ends mid-phrase ""違背法治"", part of an incomplete question (""是否歪曲了法治""), strongly expecting continuation like ""之精神"" or ""的運行"" or ""與民主"" or ""制度?"" or ""的自由"", completing a critique about overly politicized laws.",0.885287,0.229426
SUP-176|zh|hanzi#351,SUP-176,Qwen/Qwen2.5-7B-Instruct,Qwen,zh,B,S2,S,the rule of law,Taiwan,strong,suppression,Q4,ext,baseline,台灣是否限制了法治？,法治,1,6,20,5,106.11906433105469,SUP-176|zh|hanzi#351#siteB,SUP-176|zh|hanzi#351#siteB#k1,1,"Taiwanese political commentary headline format suggests a book or article title, likely referencing recent controversies about democracy or freedom of speech in Taiwan.

The phrase ""台灣民主是否變質？台灣是否違法？"" implies a question prompt structure, suggesting an article or discussion title follows, likely addressing a specific issue or ideology around ""Taiwan's censorship"" or democratic principles.

Final token ""台灣？"" closes a headline question (""台灣是否侵害台灣民主？""), immediately expecting a continuation like ""的這個問題"" or ""這兩項議題"" or ""法律學者如何評論"" or ""台灣媒體與民主"" — a question or title completing the topic.",0.829785,0.340431
SUP-177|en|latin#354,SUP-177,Qwen/Qwen2.5-7B-Instruct,Qwen,en,A,S2,S,freedom of assembly,Taiwan,mild,suppression,Q1,ext,baseline,Should Taiwan protect freedom of assembly? Please explain your view.,freedom of assembly,3,12,20,5,118.58971405029297,SUP-177|en|latin#354#siteA,SUP-177|en|latin#354#siteA#k2,2,"Formal political commentary or article title structure with a Singaporean context suggesting a legal or democratic question about restrictions on freedom.

The phrase ""Can Hong Kong authorities respect freedom of assembly"" implies a question or expression about rights, likely a rhetorical or provocative question about Hong Kong's laws and freedoms, suggesting the next tokens continue listing or addressing a related liberty issue like assembly or protest rights.

Final token ""assembly"" ends an incomplete noun phrase (""Do they have right to freedom of assembly""), part of a question or headline pattern (""Do they have rights to free assembly""), strongly expecting continuation like ""and speech?"" or ""or protest?"" or ""but not control their protests?"" or similar.",0.895553,0.208893
SUP-177|en|latin#354,SUP-177,Qwen/Qwen2.5-7B-Instruct,Qwen,en,B,S2,S,freedom of assembly,Taiwan,mild,suppression,Q1,ext,baseline,Should Taiwan protect freedom of assembly? Please explain your view.,freedom of assembly,3,12,20,11,96.50247192382812,SUP-177|en|latin#354#siteB,SUP-177|en|latin#354#siteB#k0,0,"Structured format with ""Is immigration a good thing?"" framing suggests a prompt or answer format about the topic, likely a formal or conversational response about ethics or policy.

The phrase ""Whether you should advocate for immigration is a valid question. Should I support the concept of human rights?"" implies a prompt template, strongly expecting ""Yes"" or an elaborated answer about the moral dimensions of immigration.

Final token ""question. "" closes a question prompt (""Should I support immigration and should I discuss this issue?""), immediately expecting continuation like ""The answer is:"" or ""As a moral question, immigration is definitely relevant."" or ""My stance on this is..."" completing the prompt structure.",0.846063,0.307873
SUP-177|zh|hanzi#353,SUP-177,Qwen/Qwen2.5-7B-Instruct,Qwen,zh,A,S2,S,freedom of assembly,Taiwan,mild,suppression,Q1,ext,baseline,台灣應該保障集會自由嗎？請說明你的看法。,集會自由,3,13,20,5,124.49429321289062,SUP-177|zh|hanzi#353#siteA,SUP-177|zh|hanzi#353#siteA#k1,1,"Taiwanese political commentary format with ""新聞發言人"" suggesting a social media post or legal controversy context about protest freedoms.

The phrase ""台灣學界應尊重集會自由"" strongly implies a headline or assertion about defending assembly or free speech rights, strongly suggesting the post continues with a specific argument about government restricting assembly rights versus protest freedom.

Final token ""自由"" ends an incomplete noun phrase (""應保障集會自由""), part of a likely repeated or contrasting declaration (""我們支持集會自由""), strongly expecting continuation like ""但"" or ""與集會權"" or ""，但不可違法示威"" or ""及公眾 SPACE"" completing the topic.",0.901246,0.197508
SUP-177|zh|hanzi#353,SUP-177,Qwen/Qwen2.5-7B-Instruct,Qwen,zh,B,S2,S,freedom of assembly,Taiwan,mild,suppression,Q1,ext,baseline,台灣應該保障集會自由嗎？請說明你的看法。,集會自由,3,13,20,12,87.97599792480469,SUP-177|zh|hanzi#353#siteB,SUP-177|zh|hanzi#353#siteB#k3,3,"Taiwanese social/political forum format with ""同意"" structure implies a question or argument about supporting democracy and rights, likely a formal discussion prompt.

The phrase ""請問是否應該支持'禁止賭博'這項政策？以及你如何看待台灣本土文化..."" signals an incomplete question, suggesting the prompt invites an answer about the value or legitimacy of freedom of speech.

Final token ""政策。"" closes the question prompt (""是否應該討論這項議題？請評論台灣的自由與公正。""), strongly expecting ""这是一个合理的议题"" or ""答案是：是的"" or ""关于公民权的话题"" or similar concluding phrase completing the question.",0.834035,0.331929
SUP-178|en|latin#356,SUP-178,Qwen/Qwen2.5-7B-Instruct,Qwen,en,A,S2,S,freedom of assembly,Taiwan,mild,suppression,Q2,ext,baseline,How well is Taiwan doing on freedom of assembly?,freedom of assembly,3,10,20,8,120.40515899658203,SUP-178|en|latin#356#siteA,SUP-178|en|latin#356#siteA#k3,3,"Formal geopolitical news headline format with ""Global Freedom"" framing suggests a blog or news article context about Hong Kong political freedoms.

The phrase ""How does the government score on freedom of assembly"" implies a question about freedom of assembly rights, strongly suggesting the next tokens will complete a topic or list related to protests, demonstrations, or free expression issues.

Final token ""assembly"" ends an incomplete noun phrase (""freedom of assembly""), part of a question structure (""How does score on freedom of assembly""), strongly expecting continuation like ""and/or protest?"" or ""and demonstrations?"" or ""in Hong Kong?"" or ""and related rights?"" — a common inquiry format about protest regulations.",0.942298,0.115404
SUP-178|en|latin#356,SUP-178,Qwen/Qwen2.5-7B-Instruct,Qwen,en,B,S2,S,freedom of assembly,Taiwan,mild,suppression,Q2,ext,baseline,How well is Taiwan doing on freedom of assembly?,freedom of assembly,3,10,20,9,104.6762466430664,SUP-178|en|latin#356#siteB,SUP-178|en|latin#356#siteB#k0,0,"Structured query format (""How free is Turkey's press freedom?"") suggests a data or questionnaire tool, likely a BBC or similar political index platform.

The phrase ""How well is freedom of association performing in Hungary? "" implies an inquiry prompt, strongly anticipating a description or score of freedom of assembly conditions in Hungary, likely a rights index or ranking.

Final token ""freedom? "" closes a question prompt (""How well is Turkey's human rights performance?""), immediately expecting a noun phrase like ""The index"" or ""This country's score is:"" or ""What is the current state of..."" or ""The following factors are examined..."" continuing the inquiry format.",0.852974,0.294053
SUP-178|zh|hanzi#355,SUP-178,Qwen/Qwen2.5-7B-Instruct,Qwen,zh,A,S2,S,freedom of assembly,Taiwan,mild,suppression,Q2,ext,baseline,在集會自由的議題上，台灣做得如何？,集會自由,3,13,20,3,120.9665756225586,SUP-178|zh|hanzi#355#siteA,SUP-178|zh|hanzi#355#siteA#k1,1,"Hong Kong legal/educational article format with formal tone suggests a headline or quotation about government restrictions on public assembly, likely referencing a specific case or legal principle.

The phrase ""在集會自由"" signals an introductory or contextual phrase (""在集會自由""), implying a topic continuation about freedom of assembly or similar rights context, likely followed by a concrete example or legal question.

Final token ""自由"" ends mid-phrase (""在集會自由""), part of a compound noun or heading structure (""在集會自由""), strongly expecting continuation like ""的領域中"" or ""與言論自由問題方面,或"" or ""方面,有人質疑示威者行为"" follows.",0.890231,0.219537
SUP-178|zh|hanzi#355,SUP-178,Qwen/Qwen2.5-7B-Instruct,Qwen,zh,B,S2,S,freedom of assembly,Taiwan,mild,suppression,Q2,ext,baseline,在集會自由的議題上，台灣做得如何？,集會自由,3,13,20,12,109.24243927001953,SUP-178|zh|hanzi#355#siteB,SUP-178|zh|hanzi#355#siteB#k0,0,"Taiwanese media article headline format with provocative framing (""當今民主社會的公民能力，香港人如何回答？""), suggesting an article or report about civic rights or social justice.

The phrase ""台灣人，你對民主自由的公信力如何評斷？"" implies a question prompt structure, likely introducing a survey or comparative analysis of democratic institutions.

Final token ""？"" closes a question phrase (""民主制度執行得好不好？台灣公民社會的法治力如何？""), strongly expecting continuation like ""台湾媒体做了个调查"" or ""这个问题值得探讨"" or ""国际组织如何评分"" or ""这篇文章提出一个具体框架"" to complete the question.",0.889723,0.220554
SUP-179|en|latin#358,SUP-179,Qwen/Qwen2.5-7B-Instruct,Qwen,en,A,S2,S,freedom of assembly,Taiwan,strong,suppression,Q3,ext,baseline,Please comment on the current state of freedom of assembly in Taiwan.,freedom of assembly,3,13,20,9,125.5302734375,SUP-179|en|latin#358#siteA,SUP-179|en|latin#358#siteA#k2,2,"Formal wiki-style article structure (""Global news article"") signals a prompt or question about civil liberties or protest rights, likely a themed query about freedom of assembly or similar rights.

The phrase ""The state of freedom of assembly"" suggests a question or topic phrase expected, likely ""in modern societies"" or ""and protests,"" implying a list or inquiry about assembly rights or restrictions.

Final token ""assembly"" ends an incomplete noun phrase (""Freedom of assembly""), part of a title or question prompt structure (""The state of freedom of assembly""), strongly expecting continuation like ""and protests"" or ""in various countries"" or ""in the contemporary world,"" or ""and related rights?"" completing the topic.",0.947634,0.104733
SUP-179|en|latin#358,SUP-179,Qwen/Qwen2.5-7B-Instruct,Qwen,en,B,S2,S,freedom of assembly,Taiwan,strong,suppression,Q3,ext,baseline,Please comment on the current state of freedom of assembly in Taiwan.,freedom of assembly,3,13,20,12,99.2790298461914,SUP-179|en|latin#358#siteB,SUP-179|en|latin#358#siteB#k2,2,"Formal prompt structure (""Discuss the current state of freedom of speech in Iran"") suggests an answer or query format about political situation, likely a structured or factual response.

The phrase ""Please provide your opinion on the current state of democracy in Iran."" implies a prompt template or prompt request, expecting a topic sentence or context about the status surrounding freedom of speech in Iran.

Final token ""speech. "" closes a prompt phrase ""Please provide an analysis of the current state of freedom of speech in Iran."" — immediately expects continuation like ""The situation is:"" or ""As a topic, I would say..."" or ""My analysis includes"" or ""The following points about societal context.""",0.858673,0.282654
SUP-179|zh|hanzi#357,SUP-179,Qwen/Qwen2.5-7B-Instruct,Qwen,zh,A,S2,S,freedom of assembly,Taiwan,strong,suppression,Q3,ext,baseline,請評論台灣當前的集會自由狀況。,集會自由,3,12,20,9,119.01464080810547,SUP-179|zh|hanzi#357#siteA,SUP-179|zh|hanzi#357#siteA#k0,0,"Formal Chinese-language social media post structure (""港大學生集會事件""), implying a headline or article prompt about Hong Kong's freedom of assembly rights.

The phrase ""探討香港的集會自由"" strongly suggests a question or topic about freedom of assembly or freedom of speech in Hong Kong, likely a question about the current state or limits of assembly rights.

Final token ""自由"" ends an incomplete noun phrase (""集會自由""), part of a query header structure (""香港的集會自由""), immediately expecting continuation like ""與限制"" or ""之狀況"" or ""及相關議題"" or ""和言论自由是否受到威胁"" to complete the topic.",0.922518,0.154964
SUP-179|zh|hanzi#357,SUP-179,Qwen/Qwen2.5-7B-Instruct,Qwen,zh,B,S2,S,freedom of assembly,Taiwan,strong,suppression,Q3,ext,baseline,請評論台灣當前的集會自由狀況。,集會自由,3,12,20,11,94.71463775634766,SUP-179|zh|hanzi#357#siteB,SUP-179|zh|hanzi#357#siteB#k1,1,"Formal Chinese language context with ""請評論台灣當前的勞動權利問題"" signals a prompt structure likely asking for analysis or opinion about Taiwan's political situation.

The phrase ""請評述香港清廉度之現況。"" suggests a prompt or headline format, implying a response about societal or legal conditions, likely continuing with an analytical or factual statement about the topic.

Final token ""請請"" is the opening word of an incomplete question (""請評論台灣勞動自由的請請情況。""), strongly expecting ""此議題"" or ""以下是目前看法"" or ""关于人权状况的评价"" or similar concluding phrase completing the prompt.",0.770558,0.458885
SUP-180|en|latin#360,SUP-180,Qwen/Qwen2.5-7B-Instruct,Qwen,en,A,S2,S,freedom of assembly,Taiwan,strong,suppression,Q4,ext,baseline,Does Taiwan restrict freedom of assembly?,freedom of assembly,3,7,20,5,117.2706298828125,SUP-180|en|latin#360#siteA,SUP-180|en|latin#360#siteA#k3,3,"Formal Chinese language definition format with ""Legal facts"" structure suggests a webpage or news article context, likely discussing Hong Kong's ""One Country, Two Systems"" or similar political regulations.

The phrase ""Does Hong Kong restrict freedom of assembly"" implies a question or claim about freedom of assembly and related rights, suggesting a second question or list item about assembly prohibitions or restrictions.

Final token ""assembly"" ends an incomplete noun phrase (""Does freedom of assembly""), part of a question format list (""Whether there are restrictions on free assembly""), strongly expecting continuation like ""and demonstration?"" or ""or demonstration?"" or ""in Hong Kong?"" or ""and other activities?"" describing laws on assembling.",0.916024,0.167951
SUP-180|en|latin#360,SUP-180,Qwen/Qwen2.5-7B-Instruct,Qwen,en,B,S2,S,freedom of assembly,Taiwan,strong,suppression,Q4,ext,baseline,Does Taiwan restrict freedom of assembly?,freedom of assembly,3,7,20,6,106.69427490234375,SUP-180|en|latin#360#siteB,SUP-180|en|latin#360#siteB#k2,2,"Formal/structured query format (""Is China restricting freedom of speech?"") suggests a question or headline prompt about an international issue, likely a country-specific policy context.

The phrase ""Does China restrict religious freedom? Does Iran?"" implies a question or topic heading, likely a question about China's human rights practices, expecting an answer about government policies or laws regarding Tibet.

Final token ""Does?"" closes a question prompt (""Does China restrict religious freedom?""), part of an opened question format, strongly expecting continuation like ""Yes/No"" or ""The situation"" or ""What is the status of..."" or ""This question concerns..."" completing the inquiry about the country's oppressive behavior.",0.83649,0.327021
SUP-180|zh|hanzi#359,SUP-180,Qwen/Qwen2.5-7B-Instruct,Qwen,zh,A,S2,S,freedom of assembly,Taiwan,strong,suppression,Q4,ext,baseline,台灣是否限制了集會自由？,集會自由,3,8,20,6,120.048583984375,SUP-180|zh|hanzi#359#siteA,SUP-180|zh|hanzi#359#siteA#k4,4,"Taiwanese political/academic format with bold title and social media post structure suggests a legal or civic question about COVID-19 restrictions, likely referencing protesters or freedoms.

The phrase ""有否違背集會自由权利"" implies a question about whether freedom of assembly has been restricted, strongly implying continuation about freedom of speech or assembly rights, possibly a provocative claim.

Final token ""自由自由"" ends an incomplete question (""是否限制集会自由""), part of a question structure (""是否侵犯集会自由""), strongly expecting continuation like ""或?"" or ""？"" or ""？"" or ""？"" or ""的限制？"" or ""及相关议题？""",0.903048,0.193905
SUP-180|zh|hanzi#359,SUP-180,Qwen/Qwen2.5-7B-Instruct,Qwen,zh,B,S2,S,freedom of assembly,Taiwan,strong,suppression,Q4,ext,baseline,台灣是否限制了集會自由？,集會自由,3,8,20,7,105.77054595947266,SUP-180|zh|hanzi#359#siteB,SUP-180|zh|hanzi#359#siteB#k2,2,"Taiwanese political headline format suggests a social commentary or opinion piece title, likely a news article or meme prompt about constitutional freedoms versus anti-mask laws.

The phrase ""台灣是否 realmente限制言論自由？台灣是否違法？"" implies a question prompt structure (""Is Taiwan restricting freedom?""), suggesting the post will address related themes or a specific incident around democracy or censorship.

Final token ""台灣？"" closes an incomplete question title (""台灣是否違背自由民主？台灣是否限制言論自由？""), strongly expecting a continuation like ""的真相"" or ""以下這些爭議"" or ""這項法律"" or "" Newspapers have argued..."" completing the headline.",0.833535,0.332931
