sent_id,pair_id,model,model_short,lang,site,sens_level,concept_class,concept_en,subject_en,stance_strength,evidence_line,frame,part,cell_type,text,mention,mention_n_subtokens,n_tokens,layer,site_idx,vec_norm,vector_id,desc_id,selected_k,description,faith_cos,faith_mse
REP-001|en|latin#2,REP-001,google/gemma-3-12b-it,Gemma,en,A,S1,S,freedom,,,representation,C1,core,baseline,"At last week's public forum, the participants spent a good deal of time discussing freedom and shared a range of different views.",freedom,1,26,32,18,66061.9453125,REP-001|en|latin#2#siteA,REP-001|en|latin#2#siteA#k1,1,"Political/analytical writing context signals a debate or opinion piece about government regulation, establishing a philosophical argument about civil liberties and education.

The phrase ""The topic of freedom is often discussed under the concept of freedom"" introduces a classic rhetorical question, implying the text is framing a core ideological argument about the Constitution or rights.

Final token ""freedom"" ends a phrase (""discuss the concept of freedom...refers to freedom""), immediately requiring a noun or topic phrase — likely ""of speech"" or ""from the media,"" or ""of expression and..."". or ""in the United States."" or ""versus responsibility"" or ""of choice."" — the specific subject matter of the argument.",0.995134,0.009732
REP-001|en|latin#2,REP-001,google/gemma-3-12b-it,Gemma,en,B,S1,S,freedom,,,representation,C1,core,baseline,"At last week's public forum, the participants spent a good deal of time discussing freedom and shared a range of different views.",freedom,1,26,32,26,77675.5234375,REP-001|en|latin#2#siteB,REP-001|en|latin#2#siteB#k2,2,"Educational instructional context signals a discussion or reading prompt, establishing a pedagogical framework around a social/political topic.

The phrase ""There was considerable discussion among the participants"" sets up an introductory statement about diverse perspectives on the concept of justice, suggesting a summary or reflection on the debate.

Final sentence ""There was a wide range of opinions expressed during the discussion."" introduces a topic sentence, immediately expecting elaboration — likely ""Some people believed..."" or ""Which of these most accurately reflects..."" or ""Let's examine the following examples."" or ""Among these, one person argued..."" or ""Some participants described..."" or ""Which topic do you think relates to..."" the contrasting discussion.",0.996685,0.006632
REP-001|zh|hanzi#1,REP-001,google/gemma-3-12b-it,Gemma,zh,A,S1,S,freedom,,,representation,C1,core,baseline,在上週的公開座談會上，與會者花了不少時間討論自由，也各自提出了不同的看法。,自由,1,24,32,17,59816.9765625,REP-001|zh|hanzi#1#siteA,REP-001|zh|hanzi#1#siteA#k0,0,"Ongoing policy analysis structure: text is presenting a conservative opinion piece about economic nationalism, with a philosophical question framing.

The phrase ""自由"" signals a keyword or topic phrase listing the theme of freedom/liberalism, implying a specific subject matter typical in policy debate, likely referencing intellectual property or free speech.

Final token ""自由"" opens a noun phrase (""自由...包括自由贸易和自由""), requiring a continuation like ""出版物的"" or ""在人工智能的滥用"" — likely ""贸易"" or ""的社会契约"" or ""演讲。"" or ""的大学教育"" — a topic tag or keyword phrase about the publication's subject matter.",0.995117,0.009766
REP-001|zh|hanzi#1,REP-001,google/gemma-3-12b-it,Gemma,zh,B,S1,S,freedom,,,representation,C1,core,baseline,在上週的公開座談會上，與會者花了不少時間討論自由，也各自提出了不同的看法。,自由,1,24,32,24,83903.0703125,REP-001|zh|hanzi#1#siteB,REP-001|zh|hanzi#1#siteB#k2,2,"Academic/discussion format signals a reflective essay or classroom recap, establishing an intellectual framing around a topic introduction.

The phrase ""在这次会议中，各人表达了不同的观点"" sets up a transition toward summarizing or analyzing the varied perspectives on the debate about education and freedom/moral responsibility.

Final token ""观点。 "" ends a introductory sentence (""在会议中，人们的反应十分不同。""), immediately expecting elaboration — likely ""我对此感到..."" or ""其中，有人认为..."" or ""但是经济学人..."" or ""究竟这场讨论能否归纳为..."" or ""有些参与者认为..."" or ""例如以下是一些..."" referencing the outcome or the concept.",0.996782,0.006436
REP-002|en|latin#4,REP-002,google/gemma-3-12b-it,Gemma,en,A,S1,S,freedom,,,representation,C2,core,baseline,"In class, the teacher used a few everyday examples to help the students understand freedom.",freedom,1,17,32,16,66115.0,REP-002|en|latin#4#siteA,REP-002|en|latin#4#siteA#k4,4,"Academic/educational context signals a question format: a student seeking elaboration on a concept, likely a philosophical or social studies topic on freedom.

The phrase ""The topic of freedom is discussed in terms of freedom"" establishes a textbook/essay tone, suggesting a definition or argument about a basic constitutional concept.

Final token ""freedom"" ends a topic question phrase (""discuss the concept of freedom from the title of freedom""), immediately expecting a noun phrase like ""of choice"" or ""from totalitarianism"" — likely ""as a right."" or ""of speech."" or ""de..."" or ""This means..."" or ""in economics."" referencing the concept or the classical dilemma of the theorem.",0.99449,0.01102
REP-002|en|latin#4,REP-002,google/gemma-3-12b-it,Gemma,en,B,S1,S,freedom,,,representation,C2,core,baseline,"In class, the teacher used a few everyday examples to help the students understand freedom.",freedom,1,17,32,17,73671.421875,REP-002|en|latin#4#siteB,REP-002|en|latin#4#siteB#k3,3,"Educational context signals a question or instructional exercise, establishing a student comprehension task about a vocabulary/civic concept.

The phrase ""The class discussed the concept of freedom, using a story to illustrate the idea."" sets up a prompt or question about the example, implying a written reflection or survey question follows.

Final sentence ""The class used a story to teach freedom."" introduces a topic statement — immediately expects a question or task prompt like ""Which of the following examples best illustrates this?"" or ""He listed three examples"" or ""For example, which one did he find most relevant?"" or ""Which of these relates to freedom? She was asked to choose among...""",0.995659,0.008682
REP-002|zh|hanzi#3,REP-002,google/gemma-3-12b-it,Gemma,zh,A,S1,S,freedom,,,representation,C2,core,baseline,老師在課堂上舉了幾個生活中的例子，帶著學生一起認識自由。,自由,1,18,32,17,60198.55859375,REP-002|zh|hanzi#3#siteA,REP-002|zh|hanzi#3#siteA#k3,3,"Educational worksheet format: student is asked to analyze a physics problem, requiring a topic/theme answer about a lesson resource.

The phrase ""自由"" signals a subject keyword or topic label (""自由...自由度...自由"") suggesting a book/text title or concept name typically found in physics/Taiwanese educational contexts.

Final token ""自由"" ends a topic phrase (""自由...叫做自由的英文是自由""), requiring a noun phrase — likely ""的运动"" or ""的例子"" or ""贸易"" to complete the subject, or ""的平方"" or ""和选择"" — the word ""自由"" itself as a word like ""自由落体"" or.",0.994463,0.011074
REP-002|zh|hanzi#3,REP-002,google/gemma-3-12b-it,Gemma,zh,B,S1,S,freedom,,,representation,C2,core,baseline,老師在課堂上舉了幾個生活中的例子，帶著學生一起認識自由。,自由,1,18,32,18,65433.42578125,REP-002|zh|hanzi#3#siteB,REP-002|zh|hanzi#3#siteB#k4,4,"Educational textbook format signals a teaching or discussion activity, establishing a Chinese language/civics context around freedom.

The phrase ""同学们正在学习自由的概念，老师引导学生思考自由的定义。"" sets up a lesson narrative — the text is introducing a reading or discussion question about freedom as a concept.

Final token ""自由。'"" ends an introductory question prompt (""不同的教学内容中，同学们学习自由的概念。""), immediately expecting elaboration like ""下列选项中..."" or ""自由包括哪些例子"" or ""老师问了哪些内容？"" or ""根据这些，他认为..."" or ""例如，他可能说..."" — listing examples of the concept or the outcome/discussion.",0.994941,0.010117
REP-003|en|latin#6,REP-003,google/gemma-3-12b-it,Gemma,en,A,S1,S,freedom,,,representation,C3,core,baseline,"After class, a student stayed behind and went up to ask the teacher about freedom in more detail.",freedom,1,20,32,16,65275.2109375,REP-003|en|latin#6#siteA,REP-003|en|latin#6#siteA#k0,0,"Academic/reflective writing tone signals an essay response or discussion prompt, establishing a literary/philosophical tone about a classroom topic.

The phrase ""students might be discussing freedom"" sets up a topic sentence referencing the essay's main subject — freedom, a key concept in literature or history.

Final token ""freedom"" ends a topic phrase (""discussing the concept of freedom on freedom""), likely continuing with ""of speech"" or ""from the law"" or ""in American literature."" — or ""and slavery."" or ""of choice."" or ""the topic."" — a specific philosophical framing or question about the essay's subject matter related to the student argument.",0.995737,0.008526
REP-003|en|latin#6,REP-003,google/gemma-3-12b-it,Gemma,en,B,S1,S,freedom,,,representation,C3,core,baseline,"After class, a student stayed behind and went up to ask the teacher about freedom in more detail.",freedom,1,20,32,20,73617.5859375,REP-003|en|latin#6#siteB,REP-003|en|latin#6#siteB#k2,2,"Educational/narrative tone signals a short story or writing prompt, establishing informational prose about an English classroom interaction.

The phrase ""The student then asked the teacher a question"" sets up a scene of student-teacher dialogue or a thematic moment, suggesting a story about a student seeking deeper understanding or a conversation about the lesson.

Final sentence ""The student then sought a conversation with the teacher."" introduces a narrative pivot — immediately expects elaboration like ""The teacher replied..."" or "" "" or ""The student was curious..."" or ""The teacher listened attentively"" or ""This conversation involved..."" or ""He/She said...after class"" or ""The topic was..."" referencing the specific exchange.",0.996576,0.006848
REP-003|zh|hanzi#5,REP-003,google/gemma-3-12b-it,Gemma,zh,A,S1,S,freedom,,,representation,C3,core,baseline,有位學生下課後留下來，特地跑去問老師關於自由的問題。,自由,1,19,32,17,60682.44140625,REP-003|zh|hanzi#5#siteA,REP-003|zh|hanzi#5#siteA#k4,4,"Educational forum/question format: a student seeking a book recommendation, establishing a quote about calculus textbook content in Taiwan.

The phrase ""自由"" signals a keyword or subject tag (""自由意志、自由""), likely referencing the classic liberal arts topic of freedom/academic subject matter for the textbook discussion.

Final token ""自由"" ends a topic phrase (""自由...叫做自由的课程，也就是自由""), immediately requiring a noun phrase — likely ""的作文"" or ""的数学"" to complete the subject, or ""意志的例子"" or ""的定义"" or ""in the course"" or ""选择的例子"" implying the specific topic of free will or textbook curriculum.",0.994752,0.010496
REP-003|zh|hanzi#5,REP-003,google/gemma-3-12b-it,Gemma,zh,B,S1,S,freedom,,,representation,C3,core,baseline,有位學生下課後留下來，特地跑去問老師關於自由的問題。,自由,1,19,32,19,68489.65625,REP-003|zh|hanzi#5#siteB,REP-003|zh|hanzi#5#siteB#k2,2,"Educational narrative structure signals a story-based teaching context, establishing a teacher-student dialogue about philosophical inquiry.

The phrase ""学生问了一位老师许多问题"" sets up a scene of a student seeking an unusual or surprising topic, implying the conversation had a specific or curious outcome.

Final token ""课。"" closes a narrative introduction phrase (""这个学生向老师提问。""), immediately expecting elaboration — likely ""他问..."" or ""

老师的回答..."" or ""这个男孩对哲学非常感兴趣"" or ""「我问...」"" or ""以下是对话的内容"" or ""这个行为令人惊讶，因为..."" referencing the student's unusual topic of teaching.",0.996269,0.007461
REP-004|en|latin#8,REP-004,google/gemma-3-12b-it,Gemma,en,A,S1,S,freedom,,,representation,C4,core,baseline,"While a few friends were chatting, the conversation eventually turned to freedom, and they debated it with real enthusiasm.",freedom,1,22,32,13,68590.59375,REP-004|en|latin#8#siteA,REP-004|en|latin#8#siteA#k2,2,"Conversational/reflective tone signals a blog or podcast intro, establishing philosophical or personal tone around a topic.

The phrase ""The topic is freedom"" introduces a topic sentence, implying a thematic discussion about freedom or the ""freedom"" concept, likely referencing personal values or a political/social commentary on American life.

Final token ""freedom"" ends a subject phrase (""the topic of freedom is called freedom...""), immediately expecting a noun phrase like ""of speech"" or a contextual elaboration — ""and responsibility"" or ""in the Bible"" or ""of making choices."" or ""– the dreaded topic."" or ""or...what kind of life."" referencing the libertarian/US context.",0.995979,0.008042
REP-004|en|latin#8,REP-004,google/gemma-3-12b-it,Gemma,en,B,S1,S,freedom,,,representation,C4,core,baseline,"While a few friends were chatting, the conversation eventually turned to freedom, and they debated it with real enthusiasm.",freedom,1,22,32,22,81365.2265625,REP-004|en|latin#8#siteB,REP-004|en|latin#8#siteB#k3,3,"Literary/narrative frame signals an essay or conversational piece, establishing a reflective tone suggesting a philosophical or intellectual discussion about a disagreement among friends.

The phrase ""They began debating the matter...the group argued"" sets up a narrative introduction, implying a report on a conversation or moral argument involving the novel's theme of justice and human nature.

Final sentence ""They debated the topic at length."" introduces a transition — likely ""One person said..."" or ""But then..."" or ""The first was a philosopher"" or ""They included..."" or ""One of them eventually summarized..."" or "" ""David, a student, raised the distinction..."" — a narrator observing the varied perspectives.",0.997161,0.005679
REP-004|zh|hanzi#7,REP-004,google/gemma-3-12b-it,Gemma,zh,A,S1,S,freedom,,,representation,C4,core,baseline,幾個朋友聚在一起聊天時，不知不覺就聊到了自由，討論得相當熱烈。,自由,1,21,32,14,60177.58984375,REP-004|zh|hanzi#7#siteA,REP-004|zh|hanzi#7#siteA#k0,0,"Q&A forum structure signals a Chinese/Taiwanese lifestyle or personal finance question, establishing thematic tone around a relationship/work topic.

The phrase ""自由"" opens a keyword list or topic summary, suggesting ""自由、自由恋爱、自由意志"" typically precedes a topic tag about freelancing or personal choice.

Final token ""自由"" ends a topic keyword phrase (""自由…包括自由""), immediately requiring a noun about the book title — likely ""的恋爱"" or ""职业"" to complete the concept, or ""性。"" or ""的定义"" or ""在财务管理中的概念"" — the word ""自由"" likely references the podcast/topic subject.",0.994388,0.011224
REP-004|zh|hanzi#7,REP-004,google/gemma-3-12b-it,Gemma,zh,B,S1,S,freedom,,,representation,C4,core,baseline,幾個朋友聚在一起聊天時，不知不覺就聊到了自由，討論得相當熱烈。,自由,1,21,32,21,90181.25,REP-004|zh|hanzi#7#siteB,REP-004|zh|hanzi#7#siteB#k4,4,"Conversational/forum register establishes a Taiwan/Chinese cultural context, with a personal recollection introducing a group discussion about a philosophical topic.

The phrase ""我们当时在讨论这个问题，大家都起了头。"" signals a narrative shift toward observations or reflections on the group dynamics during the brainstorming session.

Final token ""团员。 "" ends an introductory sentence setup (""…大家开始讨论。""), immediately expecting elaboration — likely ""其中有人..."" or ""于是我发现..."" or ""

有人提出了..."" or ""但这个概念也不同。"" or ""后来我们讨论..."" or ""每个人都对这个词有不同的看法。"" framing the diverse outcomes or definition of ""happiness.""",0.996425,0.00715
REP-005|en|latin#10,REP-005,google/gemma-3-12b-it,Gemma,en,A,S1,S,freedom,,,representation,C5,core,baseline,"While browsing in the library yesterday, I happened to read a passage that discussed freedom at some length.",freedom,1,20,32,16,70631.0234375,REP-005|en|latin#10#siteA,REP-005|en|latin#10#siteA#k1,1,"Academic/philosophical tone signals a reflective post or essay exploring a question about human condition and morality.

The phrase ""The topic of freedom is discussed under the concept of freedom"" introduces a scholarly framing, suggesting an essay or lecture outline referencing the Enlightenment idea of freedom, likely linking ""freedom"" as a paradox or tension.

Final token ""freedom"" ends a topic introduction phrase (""discusses the concept of freedom...referred to as freedom""), immediately expecting elaboration like ""of speech"" or ""in literature,"" or ""as the moral responsibility"" or ""from the ancient Greeks."" or ""and slavery vs. choice."" or ""in a way that..."" — a definition or argument.",0.996149,0.007703
REP-005|en|latin#10,REP-005,google/gemma-3-12b-it,Gemma,en,B,S1,S,freedom,,,representation,C5,core,baseline,"While browsing in the library yesterday, I happened to read a passage that discussed freedom at some length.",freedom,1,20,32,20,83935.234375,REP-005|en|latin#10#siteB,REP-005|en|latin#10#siteB#k1,1,"Personal blog/reflective tone signals an informal, conversational post introducing a reading experience or opinion piece.

The phrase ""I came across a passage in a book that struck me"" establishes context — the reader is about to share or reflect on the passage they read, likely the philosophical/political argument about freedom.

Final token ""freedom."" ends a declarative sentence opener (""I was reading a passage...""), immediately expecting elaboration — ""It made me think"" or ""The passage referenced..."" or ""It was particularly interesting."" or ""The author called it..."" or ""It made me curious."" or ""Specifically the quote from the government document"" — linking the thought to the philosophical reflection.",0.997445,0.00511
REP-005|zh|hanzi#9,REP-005,google/gemma-3-12b-it,Gemma,zh,A,S1,S,freedom,,,representation,C5,core,baseline,我昨天在圖書館翻書時，剛好讀到一段在講自由的文字。,自由,1,20,32,17,62480.625,REP-005|zh|hanzi#9#siteA,REP-005|zh|hanzi#9#siteA#k3,3,"Academic/blog tone established: philosophical-cultural discussion about Taiwanese literary context, suggesting a personal reflective or essay framing.

The phrase ""我们常听到自由"" introduces a topic sentence, implying a question about the book's themes — freedom, individuality, or self-determination — typical of a forum or educational post.

Final token ""自由"" ends a keyword topic tag (""自由，自由意志...""), immediately requiring a noun phrase like ""的選擇"" or ""意志的概念"" to complete the phrase, likely followed by ""的教育"" or ""的艺术"" or ""之概念"" or ""的贸易"" referencing the subject matter or the book's classic libertarian debate.",0.995172,0.009656
REP-005|zh|hanzi#9,REP-005,google/gemma-3-12b-it,Gemma,zh,B,S1,S,freedom,,,representation,C5,core,baseline,我昨天在圖書館翻書時，剛好讀到一段在講自由的文字。,自由,1,20,32,20,82890.34375,REP-005|zh|hanzi#9#siteB,REP-005|zh|hanzi#9#siteB#k2,2,"Conversational blog/reading tone signals a personal reflection, establishing context of Taiwanese or Taiwanese citizen reacting to a philosophical book excerpt.

The phrase ""我剛讀了那個法令，它的內容讓我很受到觸動"" sets up a first-person anecdote about encountering the definition of ""freedom"" from the quote.

Final token ""法令。 "" ends a introductory clause (""我在裡面的一段話，正好讓我想到...""), immediately expecting elaboration — likely ""它說..."" or ""那個作者的內容讓我..."" or ""裡面提到..."" or ""我想了一下，覺得很有趣。"" or ""那個概念让我忍不住去思考"" referencing the quote or the quoted passage of inspiration.",0.996495,0.00701
REP-006|en|latin#12,REP-006,google/gemma-3-12b-it,Gemma,en,A,S1,S,freedom,,,representation,C6,core,baseline,"In the preface, the author explains that the book grew out of a wish to explore freedom in depth.",freedom,1,21,32,18,68993.1796875,REP-006|en|latin#12#siteA,REP-006|en|latin#12#siteA#k4,4,"Academic literary/cultural context: formal introduction to a book review or essay, establishing intellectual inquiry into a philosophical theme.

The phrase ""This book explores the question of freedom"" signals a bibliographic or methodological summary statement, suggesting a thematic statement about the novel's argument connecting freedom, aesthetics, and the Enlightenment.

Final token ""freedom"" ends a topic clause (""explores the subject of freedom, focusing on freedom...""), immediately expecting elaboration — likely ""in literature"" or ""of thought,"" or ""as a concept in the context of..."" or ""from the perspective of the Russian novel"" or ""in the novel"" or ""excessively—particularly..."" referencing the subject matter.",0.99687,0.006261
REP-006|en|latin#12,REP-006,google/gemma-3-12b-it,Gemma,en,B,S1,S,freedom,,,representation,C6,core,baseline,"In the preface, the author explains that the book grew out of a wish to explore freedom in depth.",freedom,1,21,32,21,71555.546875,REP-006|en|latin#12#siteB,REP-006|en|latin#12#siteB#k1,1,"Academic/book review register signals a formal summary or review of a philosophical work on freedom, establishing context for a scholarly description.

The phrase ""The book sets out to explore the concept of freedom, as the author's stated purpose"" introduces a citation or introductory statement, suggesting the book's thesis or argument follows.

Final sentence ""The author has set out to write this book, inspired by the idea of freedom."" establishes a framing statement — immediately expects elaboration like ""He surveys..."" or ""The first part..."" or ""But the book moves beyond..."" or ""Freedom is defined as..."" or ""She applies this to various disciplines"" or ""The argument begins by...""",0.9965,0.007
REP-006|zh|hanzi#11,REP-006,google/gemma-3-12b-it,Gemma,zh,A,S1,S,freedom,,,representation,C6,core,baseline,這本書的作者在序言裡提到，他當初動筆，就是想好好談談自由。,自由,1,23,32,22,64243.18359375,REP-006|zh|hanzi#11#siteA,REP-006|zh|hanzi#11#siteA#k3,3,"Cultural/intellectual blog tone: a book review or essay is being introduced, establishing a philosophical Chinese-Taiwanese context.

The phrase ""我想我的文章是关于自由"" signals a thematic statement about the book, priming a key topic word like ""自由"" or ""自由意志"" as a core concept.

Final token ""自由"" ends a topic phrase (""谈论自由，这个名字叫做自由""), immediately expecting elaboration — likely ""的意义"" or ""贸易"" to complete the subject, or ""。这个观点..."" or ""的写作。"" or ""艺术。"" — a noun phrase referencing Hayek or the book title or the libertarian concept of independent choices.",0.995269,0.009462
REP-006|zh|hanzi#11,REP-006,google/gemma-3-12b-it,Gemma,zh,B,S1,S,freedom,,,representation,C6,core,baseline,這本書的作者在序言裡提到，他當初動筆，就是想好好談談自由。,自由,1,23,32,23,78862.1640625,REP-006|zh|hanzi#11#siteB,REP-006|zh|hanzi#11#siteB#k1,1,"Book review genre signals: a critical reading/commentary introducing a Taiwanese nonfiction book about freedom, establishing context of the philosophical concept.

The phrase ""本書的主題是自由。作者的目的就是述說自由的定義。"" sets up a direct quote or elaboration from the book itself.

Final sentence ""他以自由為目標。"" opens a thematic statement — ""他把自由視為核心..."" expects elaboration like ""而這本書卻..."" or ""但自由的定義在現代社會..."" or ""他寫了什麼樣的自由。"" or ""「然而，這個概念」或是 ""這個說法讓人好奇..."" linking to the author's unconventional book.",0.996324,0.007352
REP-007|en|latin#14,REP-007,google/gemma-3-12b-it,Gemma,en,A,S1,S,democracy,,,representation,C1,core,baseline,"At last week's public forum, the participants spent a good deal of time discussing democracy and shared a range of different views.",democracy,1,26,32,18,69091.1328125,REP-007|en|latin#14#siteA,REP-007|en|latin#14#siteA#k0,0,"Academic/political newspaper context signals a formal, informational tone — a book review or commentary introduction about civic engagement and democracy.

The phrase ""The topic of democracy"" introduces a subject statement, establishing a question or reflection about a specific topic, likely democracy or participatory governance.

Final token ""democracy"" ends a topic introduction phrase (""write about democracy...on the topic of democracy""), immediately expecting a noun phrase like ""and participatory democracy"" or ""in its current form"" — likely ""by the citizens,"" or ""versus autocracy"" or ""in the United States."" or ""itself."" or ""some questions about the process of voting.""",0.997215,0.00557
REP-007|en|latin#14,REP-007,google/gemma-3-12b-it,Gemma,en,B,S1,S,democracy,,,representation,C1,core,baseline,"At last week's public forum, the participants spent a good deal of time discussing democracy and shared a range of different views.",democracy,1,26,32,26,76126.2734375,REP-007|en|latin#14#siteB,REP-007|en|latin#14#siteB#k4,4,"Educational instructional format signals a discussion/academic prompt, establishing context about a civic or policy topic involving public opinion and democracy.

The phrase ""There was a wide range of views expressed during the discussion"" sets up a reflection or summary statement about the debate, implying the topic of democracy/civic values was raised.

Final sentence ""There were many different opinions expressed during the discussion."" introduces a topic pivot — likely ""Some people argued..."" or ""To what extent..."" or ""Let's examine these differences"" or ""Among them, one participant..."" or ""What is the main topic or takeaway?"" or ""Some examples of this debate included..."" referencing the varied perspectives on the lesson.",0.996909,0.006183
REP-007|zh|hanzi#13,REP-007,google/gemma-3-12b-it,Gemma,zh,A,S1,S,democracy,,,representation,C1,core,baseline,在上週的公開座談會上，與會者花了不少時間討論民主，也各自提出了不同的看法。,民主,1,24,32,17,68076.0625,REP-007|zh|hanzi#13#siteA,REP-007|zh|hanzi#13#siteA#k0,0,"Academic/policy discourse framing signals a formal or journalistic article about Taiwan, with a geopolitical context referencing democracy, digital governance, and social movements.

The phrase ""民主"" introduces a topic statement, establishing the subject matter — the challenges facing democratic society or the democratic process in Taiwan.

Final token ""民主"" opens a noun phrase (""對民主...相關議題，包括民主""), requiring a specific topic descriptor — likely ""民主制度"" or ""選舉"" or ""的國家"" — likely ""的政治參與"" or ""民主主義的弊端"" or ""在美國的立法過程中的角色"" referencing a specific concept or term about democratic governance or the media.",0.996075,0.00785
REP-007|zh|hanzi#13,REP-007,google/gemma-3-12b-it,Gemma,zh,B,S1,S,democracy,,,representation,C1,core,baseline,在上週的公開座談會上，與會者花了不少時間討論民主，也各自提出了不同的看法。,民主,1,24,32,24,83901.65625,REP-007|zh|hanzi#13#siteB,REP-007|zh|hanzi#13#siteB#k4,4,"Academic/journalistic register signals a reflective essay on a conference or policy discussion, establishing context of a Taiwan political forum.

The phrase ""会议中大家的声音各不相同"" sets up a commentary observation, implying a thematic recap or analytical summary about the debate on democracy/national identity.

Final token ""。 "" ends an introductory sentence (""在会议中，许多人发表了观点。""), immediately expecting elaboration — likely ""我对此有一些想法"" or ""其中，有人提到..."" or ""在这次讨论中..."" or ""但是，这场讨论让我感到..."" or ""以下列出一些成果"" or ""有人认为结果应该被解读为..."" referencing the aftermath.",0.996686,0.006628
REP-008|en|latin#16,REP-008,google/gemma-3-12b-it,Gemma,en,A,S1,S,democracy,,,representation,C2,core,baseline,"In class, the teacher used a few everyday examples to help the students understand democracy.",democracy,1,17,32,16,68495.4296875,REP-008|en|latin#16#siteA,REP-008|en|latin#16#siteA#k0,0,"Educational/academic writing context establishes a question-answer format, with a topic sentence introducing a study or essay about democracy.

The phrase ""students may learn about democracy"" signals a topic sentence or question about a social studies subject, likely a textbook or educational document explaining democracy in a specific country or classroom context.

Final token ""democracy"" ends a topic-introduction phrase (""a topic called democracy...can help us understand democracy""), immediately expecting elaboration — likely ""as direct democracy"" or ""democracy."" or ""including voting rights."" or ""by its citizens."" or "". However, it involves..."" or ""or participatory governance"" — a question about practical examples or the concept itself.",0.997475,0.005049
REP-008|en|latin#16,REP-008,google/gemma-3-12b-it,Gemma,en,B,S1,S,democracy,,,representation,C2,core,baseline,"In class, the teacher used a few everyday examples to help the students understand democracy.",democracy,1,17,32,17,74293.4921875,REP-008|en|latin#16#siteB,REP-008|en|latin#16#siteB#k0,0,"Educational instructional material format signals a question-answer or reading comprehension exercise, establishing a lesson structure involving civics concepts.

The sentence ""A lesson was used to illustrate democracy by using a story about propaganda."" sets up an introductory statement, implying a task or example related to the topic.

Final token ""democracy."" ends a framing sentence (""The class studied a story...to illustrate democracy. ""), immediately expecting a question prompt like ""Which of the following is an example of..."" or ""Which example best illustrates..."" or ""She listed some examples of these"" or ""Below are three examples of how she used the topic."" or ""Which one does she NOT find relevant.""",0.995266,0.009468
REP-008|zh|hanzi#15,REP-008,google/gemma-3-12b-it,Gemma,zh,A,S1,S,democracy,,,representation,C2,core,baseline,老師在課堂上舉了幾個生活中的例子，帶著學生一起認識民主。,民主,1,18,32,17,63794.25,REP-008|zh|hanzi#15#siteA,REP-008|zh|hanzi#15#siteA#k4,4,"Educational activity/instructional format signals a textbook question or topic introduction, establishing a question about Taiwanese democracy and civic learning.

The phrase ""什麼是民主？民主是民主"" introduces a subject matter term, likely prompting a definition or elaboration on democratic processes or civic participation in Taiwan.

Final token ""民主"" opens a topic phrase (""民主...與民主""), requiring a noun phrase — likely ""民主決策"" or ""民主的方式"" — or ""的選舉"" or ""社會"" to complete the subject. Or ""民主化過程的相關概念"" or ""的選舉制度"" as a key term or topic phrase referencing the textbook's democratic content.",0.995794,0.008412
REP-008|zh|hanzi#15,REP-008,google/gemma-3-12b-it,Gemma,zh,B,S1,S,democracy,,,representation,C2,core,baseline,老師在課堂上舉了幾個生活中的例子，帶著學生一起認識民主。,民主,1,18,32,18,68537.6015625,REP-008|zh|hanzi#15#siteB,REP-008|zh|hanzi#15#siteB#k3,3,"Educational material format signals a teaching/learning content introduction, establishing a topic about civic education and democracy, suggesting a classroom or textbook context.

The phrase ""老師在課中引導學生認識『民主』的概念"" sets up a question or activity summary — the text is introducing the lesson content about democracy.

Final token ""民主。"": ends an introductory sentence (""學生們的學習內容與生活經驗相關"") — immediately expects elaboration like ""下列的例子中..."" or ""民主教育中，他有哪些..."" or ""老師也說..."" or ""請問，哪些例子是..."" or ""在討論後，他可能包括..."" connecting the concept to the listed examples.",0.994753,0.010494
REP-009|en|latin#18,REP-009,google/gemma-3-12b-it,Gemma,en,A,S1,S,democracy,,,representation,C3,core,baseline,"After class, a student stayed behind and went up to ask the teacher about democracy in more detail.",democracy,1,20,32,16,69504.1953125,REP-009|en|latin#18#siteA,REP-009|en|latin#18#siteA#k3,3,"Academic/educational tone signals a discussion or writing prompt, establishing informational context about a student question.

The phrase ""i was taught about democracy"" establishes a topic introduction, implying a personal reflective or essay response about a subject curious student.

Final token ""democracy"" ends a topic phrase (""her thoughts on democracy...on the topic of democracy""), requiring a noun phrase continuation — likely ""and democracy"" or ""in the classroom"" or ""voting."" or ""as a concept."" or ""or democratic system."" or ""by the citizens."" — a specific question or topic statement about the theoretical or practical experience of democracy/democracy in their country.",0.99753,0.004941
REP-009|en|latin#18,REP-009,google/gemma-3-12b-it,Gemma,en,B,S1,S,democracy,,,representation,C3,core,baseline,"After class, a student stayed behind and went up to ask the teacher about democracy in more detail.",democracy,1,20,32,20,72600.453125,REP-009|en|latin#18#siteB,REP-009|en|latin#18#siteB#k3,3,"Educational/academic tone signals a short story or lesson narrative, establishing a student seeking help with a topic.

The phrase ""A student then asked the teacher a question"" sets up a scenario introduction, implying a conversation or interaction about the student's interest in civic engagement.

Final sentence ""The student then sought to discuss their reading with the teacher."" introduces a narrative prompt or scene cue — strongly expects elaboration like ""The teacher listened..."" or ""This conversation was..."" or ""The student said..."" or ""After class, he/she was curious..."" or "" ""the teacher responded favorably"" or ""The topic was..."" describing the specific interaction or praise of the student.",0.99626,0.00748
REP-009|zh|hanzi#17,REP-009,google/gemma-3-12b-it,Gemma,zh,A,S1,S,democracy,,,representation,C3,core,baseline,有位學生下課後留下來，特地跑去問老師關於民主的問題。,民主,1,19,32,17,66533.6171875,REP-009|zh|hanzi#17#siteA,REP-009|zh|hanzi#17#siteA#k1,1,"Academic/educational discussion context signals a question or question prompt about Taiwan or a specific social studies topic, setting a formal tone.

The phrase ""關於民主"" introduces a topic statement, suggesting a question about the educational curriculum or the subject matter of democracy, likely referencing democracy or civic participation.

Final token ""民主"" opens a noun phrase (""關於民主...或是對民主...""), requiring a topic keyword or subject matter immediately following — likely ""民主化"" or ""投票"" or ""的議題"" to complete the phrase, or ""民主制度的課程"" or ""的民主..."" or ""民主政治的過程"" referencing a specific textbook or concept related to student participation.",0.995852,0.008295
REP-009|zh|hanzi#17,REP-009,google/gemma-3-12b-it,Gemma,zh,B,S1,S,democracy,,,representation,C3,core,baseline,有位學生下課後留下來，特地跑去問老師關於民主的問題。,民主,1,19,32,19,70064.2421875,REP-009|zh|hanzi#17#siteB,REP-009|zh|hanzi#17#siteB#k3,3,"Educational writing context signals a narrative anecdote introducing a classroom encounter, establishing a Taiwanese student seeking guidance.

The phrase ""學生向老師提問，這個學生竟然主動問起課本裡的公民觀念"" sets up a story about a student's curiosity or exchange with the teacher.

Final token ""。 "" ends a scene-setting sentence opener (""他對老師請教。""), immediately expecting a narrative continuation — likely ""老師感到好奇"" or ""這個對話讓我驚訝"" or ""他問了..."" or ""
這個男孩很特別。"" or ""老師的回答包括..."" — describing the student's behavior or the specific topic/outcome.",0.995912,0.008176
REP-010|en|latin#20,REP-010,google/gemma-3-12b-it,Gemma,en,A,S1,S,democracy,,,representation,C4,core,baseline,"While a few friends were chatting, the conversation eventually turned to democracy, and they debated it with real enthusiasm.",democracy,1,22,32,13,66947.6015625,REP-010|en|latin#20#siteA,REP-010|en|latin#20#siteA#k0,0,"Conversational/reflective tone signals a blog or discussion post introducing a topic about political philosophy or social commentary.

The phrase ""I've been pondering on democracy"" establishes a topic introduction, suggesting a question or essay about democracy, likely referencing a specific book or political event.

Final token ""democracy"" ends a subject phrase (""We often discuss democracy...on democracy""), immediately expecting a noun phrase or topic elaboration — likely ""and democracy"" or ""in its current state"" or ""by the United States."" Or ""versus direct democracy"" or ""itself."" or ""and the question of how it works"" — a thematic framing related to democratic participation or debate.",0.997535,0.00493
REP-010|en|latin#20,REP-010,google/gemma-3-12b-it,Gemma,en,B,S1,S,democracy,,,representation,C4,core,baseline,"While a few friends were chatting, the conversation eventually turned to democracy, and they debated it with real enthusiasm.",democracy,1,22,32,22,82879.5078125,REP-010|en|latin#20#siteB,REP-010|en|latin#20#siteB#k1,1,"Cultural/educational writing signals a narrative or reflective piece, establishing a modest literary anecdote about a disagreement involving a group discussion or debate.

The phrase ""They then began debating the merits of democracy"" sets up an implicit observation or anecdote about a group conversation, suggesting a scene grounded in a specific social encounter or moral discussion.

Final sentence ""The discussion went on quite spiritedly."" introduces a narrative transition — likely ""One of them"" or ""They were..."" or ""But I found…"" or ""One person spoke up"" or ""The discussion ended with..."" or ""One participant was a historian"" or ""Here's my summary of the exchange"" — a casual observer framing.",0.997239,0.005521
REP-010|zh|hanzi#19,REP-010,google/gemma-3-12b-it,Gemma,zh,A,S1,S,democracy,,,representation,C4,core,baseline,幾個朋友聚在一起聊天時，不知不覺就聊到了民主，討論得相當熱烈。,民主,1,21,32,14,62477.96484375,REP-010|zh|hanzi#19#siteA,REP-010|zh|hanzi#19#siteA#k4,4,"Academic/political discourse context: question format signals a forum or interview prompt about Taiwan, establishing informational tone for a Chinese/liberal perspective.

The phrase ""你對民主"" signals a topic introduction about a specific subject, likely a question about democracy or political participation in Taiwan.

Final token ""民主"" opens a topic phrase (""民主...以及民主""), immediately requiring a keyword or question subject — likely ""民主化"" or ""民主黨"" to name the topic, or ""的議題"" or ""選舉"" or ""台灣的民主。"" — a reference to the topic of democracy, likely ""such things"" or ""民主運動"" or ""的制度.""",0.995044,0.009912
REP-010|zh|hanzi#19,REP-010,google/gemma-3-12b-it,Gemma,zh,B,S1,S,democracy,,,representation,C4,core,baseline,幾個朋友聚在一起聊天時，不知不覺就聊到了民主，討論得相當熱烈。,民主,1,21,32,21,90703.9453125,REP-010|zh|hanzi#19#siteB,REP-010|zh|hanzi#19#siteB#k2,2,"Conversational/forum register established, signaling an upcoming personal anecdote or discussion about a Taiwanese intellectual debate on value judgment.

The phrase ""这场讨论中，大家七嘴八舌"" sets up a narrative context — a group of friends/colleagues discussing a nuanced topic in a social setting.

Final token ""团。"" ends a introductory sentence (""大家聚集在一起…"") — immediately expects elaboration, likely ""其中有人..."" or ""我发现..."" or ""但大家观点不一致"" or ""我的朋友小明提出了..."" or ""在讨论中，我注意到..."" or ""其中一人是..."" introducing the outcome/summary of the disagreement among the diverse viewpoints.",0.996251,0.007498
REP-011|en|latin#22,REP-011,google/gemma-3-12b-it,Gemma,en,A,S1,S,democracy,,,representation,C5,core,baseline,"While browsing in the library yesterday, I happened to read a passage that discussed democracy at some length.",democracy,1,20,32,16,69548.6796875,REP-011|en|latin#22#siteA,REP-011|en|latin#22#siteA#k2,2,"Academic/historical essay tone established, requesting a discussion or reflection on a political/social topic about democracy and governance.

The phrase ""I have always been interested in writing about democracy"" signals a question prompt, likely introducing a topic or personal reflection on democracy, particularly the historical concept.

Final token ""democracy"" ends a subject phrase (""have read about democracy...thoughts on democracy""), immediately expecting a noun phrase like ""as a participatory process"" or ""democracy and its pitfalls"" or ""in ancient Greece versus modern democracy."" or ""being challenged as being..."" or ""as dangerous."" — a topic statement or scholarly commentary about the definition or voting/citizenship relationship.",0.997171,0.005658
REP-011|en|latin#22,REP-011,google/gemma-3-12b-it,Gemma,en,B,S1,S,democracy,,,representation,C5,core,baseline,"While browsing in the library yesterday, I happened to read a passage that discussed democracy at some length.",democracy,1,20,32,20,83937.6875,REP-011|en|latin#22#siteB,REP-011|en|latin#22#siteB#k1,1,"Conversational/reflective tone signals a personal blog or essay format, establishing a narrative context about a reading experience.

The phrase ""I was reading a passage from a government document"" sets up an anecdote or opinion about the article, likely prompting a reaction to the political theory argument encountered.

Final token ""government."" ends a declarative introductory clause (""I came across a passage that struck me.""), immediately expecting elaboration — ""It made me think"" or ""The passage referenced..."" or ""Specifically, it reminded me of..."" or ""The author was discussing..."" or ""It was quite interesting."" or ""I was surprised by the definition/summary of civic responsibility.""",0.99744,0.005119
REP-011|zh|hanzi#21,REP-011,google/gemma-3-12b-it,Gemma,zh,A,S1,S,democracy,,,representation,C5,core,baseline,我昨天在圖書館翻書時，剛好讀到一段在講民主的文字。,民主,1,20,32,17,68569.0859375,REP-011|zh|hanzi#21#siteA,REP-011|zh|hanzi#21#siteA#k1,1,"Academic/political forum context signals a question-answer format, establishing a Taiwanese/European discussion about democracy and national policy.

The phrase ""人們常問關於民主"" introduces a topic statement, priming a classic question about democratic governance, likely referencing democracy or Taiwanese political process.

Final token ""民主"" opens a subject noun phrase (""關於民主...我對民主""), directly requiring a topic label — likely ""民主制度"" or ""的選舉"" — or a noun phrase like ""民主的國家"" or ""化。"" then possibly ""投票的議題"" or ""民主..."" or ""的民主制度的過程"" referencing the textbook or concept.",0.996361,0.007276
REP-011|zh|hanzi#21,REP-011,google/gemma-3-12b-it,Gemma,zh,B,S1,S,democracy,,,representation,C5,core,baseline,我昨天在圖書館翻書時，剛好讀到一段在講民主的文字。,民主,1,20,32,20,85484.5859375,REP-011|zh|hanzi#21#siteB,REP-011|zh|hanzi#21#siteB#k1,1,"Conversational blog/forum tone signals a personal reflection post, establishing a Taiwanese reader seeking knowledge or opinion about a book experience.

The phrase ""我剛剛在報紙上讀到一篇政府宣言"" sets up a first-person narrative reaction, implying the reader was struck or intrigued by the definition of democracy.

Final token ""宣言。 "" ends a introductory clause (""我剛讀了那篇法令，是官方的宣言"") — immediately expects elaboration like ""裡面說..."" or ""那個內容讓我印象深刻"" or ""我想了一下，我突然對民主的定義感到好奇"" or ""它提到..."" or ""裡面有讓我聯想到的內容。""",0.996627,0.006745
REP-012|en|latin#24,REP-012,google/gemma-3-12b-it,Gemma,en,A,S1,S,democracy,,,representation,C6,core,baseline,"In the preface, the author explains that the book grew out of a wish to explore democracy in depth.",democracy,1,21,32,18,70039.140625,REP-012|en|latin#24#siteA,REP-012|en|latin#24#siteA#k2,2,"Academic or book description establishing a formal intellectual context, introducing a scholarly work on democracy and democracy in a specific historical-social context.

The phrase ""She has long been interested in exploring democracy"" signals a new subject or book introduction, suggesting a description of a work or argument addressing the Athenian democracy theme.

Final token ""democracy"" ends an incomplete clause opener (""attempts to explore democracy...has tried to explore democracy""), requiring a continuation like ""as a practical idea"" or ""in the United States"" or ""by its citizens...not just in theory"" or ""democracy itself, with specific examples"" or ""in a contemporary way."" — a topic framing or question statement.",0.997574,0.004853
REP-012|en|latin#24,REP-012,google/gemma-3-12b-it,Gemma,en,B,S1,S,democracy,,,representation,C6,core,baseline,"In the preface, the author explains that the book grew out of a wish to explore democracy in depth.",democracy,1,21,32,21,72592.1484375,REP-012|en|latin#24#siteB,REP-012|en|latin#24#siteB#k2,2,"Academic book review format signals a bibliographic/summary entry, establishing scholarly context with a book description or critique.

The phrase ""The author states his purpose is to explain democracy in general"" sets up an introductory framing, implying the book's thesis or argument is being introduced.

Final sentence ""The author set out to write this book, inspired by the subject of democracy."" introduces a book introduction quote or citation, immediately suggesting a statement like ""He argues..."" or ""The book explores..."" or ""This is not a standard history of politics"" or ""However..."" or ""Specifically, she begins by..."" — a reference to the author's dissatisfaction with the topic.",0.996911,0.006178
REP-012|zh|hanzi#23,REP-012,google/gemma-3-12b-it,Gemma,zh,A,S1,S,democracy,,,representation,C6,core,baseline,這本書的作者在序言裡提到，他當初動筆，就是想好好談談民主。,民主,1,23,32,22,71159.140625,REP-012|zh|hanzi#23#siteA,REP-012|zh|hanzi#23#siteA#k2,2,"Academic/political talk introduction establishing formal context, signaling a book review or intellectual discussion about Taiwan, anchoring on a particular topic.

The phrase ""我們常常對民主"" sets up a thematic question about democracy, likely referencing the core subject of the book or the democratic process in Taiwan.

Final token ""民主"" ends a topic phrase ""關於民主，我們對民主"" — strongly expects a noun phrase like ""民主化"" or ""社會"" to complete the subject, likely ""的價值"" or ""民主政治..."" or ""民主的困境"" or ""社會的議題"" — an intellectual question or conceptual framework about how democracy functions in Taiwan.",0.996536,0.006929
REP-012|zh|hanzi#23,REP-012,google/gemma-3-12b-it,Gemma,zh,B,S1,S,democracy,,,representation,C6,core,baseline,這本書的作者在序言裡提到，他當初動筆，就是想好好談談民主。,民主,1,23,32,23,80907.3828125,REP-012|zh|hanzi#23#siteB,REP-012|zh|hanzi#23#siteB#k0,0,"Book review genre framing signals a critical, commentary tone establishing introductory context about a Taiwanese political treatise.

The phrase ""作者的用意是寫一本政治哲學書，目的是向我們說明民主是什麼。"" sets up a direct quote or elaboration — the book's premise about Taiwan's democratic manifesto.

Final sentence ""他以民主為目標。"" introduces a statement of intent or thematic claim, immediately expecting elaboration like ""但他卻..."" or ""「民主」這個題材..."" or ""在書中，他卻..."" or ""而如今的時代..."" or ""這個說法有點奇怪，因為他...從國家到生活。"" referencing the book's contemporary argument.",0.99653,0.00694
REP-013|en|latin#26,REP-013,google/gemma-3-12b-it,Gemma,en,A,S1,S,human rights,,,representation,C1,core,baseline,"At last week's public forum, the participants spent a good deal of time discussing human rights and shared a range of different views.",human rights,2,27,32,19,74205.0703125,REP-013|en|latin#26#siteA,REP-013|en|latin#26#siteA#k4,4,"Academic/journalistic writing context signals an informative or analytical piece, establishing a formal tone with a news summary format.

The phrase ""The subject of the article focuses on human rights"" sets up a thematic statement introducing the human rights framework, likely connecting the UN human rights context to the Georgian conflict or the international agreement.

Final token ""human rights"" ends a topic phrase (""focuses on human rights""), immediately requiring a noun phrase continuation — likely ""in the context of..."" or ""violations,"" or ""as they relate to the new government"" or ""and gender equality."" or ""during the UN report."" or ""issues of the protestors"" — a specific thematic pivot.",0.996602,0.006797
REP-013|en|latin#26,REP-013,google/gemma-3-12b-it,Gemma,en,B,S1,S,human rights,,,representation,C1,core,baseline,"At last week's public forum, the participants spent a good deal of time discussing human rights and shared a range of different views.",human rights,2,27,32,27,73547.859375,REP-013|en|latin#26#siteB,REP-013|en|latin#26#siteB#k1,1,"Educational/academic context signals a discussion prompt or instructional exercise format, establishing a task about a controversial topic involving international relations.

The phrase ""There was considerable discussion during the meeting"" sets up a topic introduction, implying an overview or summary statement about the diverse viewpoints on cultural values and the debate.

Final sentence ""There were many different opinions expressed during the discussion."" introduces a topic sentence — immediately expects elaboration like ""Some participants argued..."" or ""Which of these opinions was most relevant?"" or ""Let's examine the topic of..."" or ""Among these, what specific argument..."" or ""Some people would like to classify..."" referencing the post-meeting summary or the debate.",0.996924,0.006152
REP-013|zh|hanzi#25,REP-013,google/gemma-3-12b-it,Gemma,zh,A,S1,S,human rights,,,representation,C1,core,baseline,在上週的公開座談會上，與會者花了不少時間討論人權，也各自提出了不同的看法。,人權,2,25,32,18,72623.8046875,REP-013|zh|hanzi#25#siteA,REP-013|zh|hanzi#25#siteA#k3,3,"Academic/policy article format signals a structured response addressing a specific geopolitical topic, establishing factual and analytical tone.

The phrase ""本文的重點是人權"" explicitly introduces a topic sentence referencing the UN Human Rights Council report, suggesting the sentence will name the subject of discussion — human rights advocacy or international law.

Final token ""人權"" ends a noun phrase (""關於人權...通常涉及人權"") — immediately expects a noun phrase like ""議題"" or ""在中國的..."" or ""侵犯者和自由的權利"" or ""法律。"" or ""在公民社會的案例。"" — likely ""的議題"" or ""報告中的人權。""",0.995902,0.008195
REP-013|zh|hanzi#25,REP-013,google/gemma-3-12b-it,Gemma,zh,B,S1,S,human rights,,,representation,C1,core,baseline,在上週的公開座談會上，與會者花了不少時間討論人權，也各自提出了不同的看法。,人權,2,25,32,25,83874.1875,REP-013|zh|hanzi#25#siteB,REP-013|zh|hanzi#25#siteB#k4,4,"Academic/editorial framing signals a reflective discourse essay, establishing context of a conference or forum on Taiwan policy discussion.

The phrase ""与会者在会议中提出的观点各不相同"" sets up an introductory narrative about the aftermath of the UN Human Rights Council debate, implying a summary or commentary on the diverse perspectives.

Final sentence ""会议纪录中有许多观点被记录下来。"" introduces a transition statement — likely ""我对此感到..."" or ""在这些讨论中..."" or ""其中，我希望了解..."" or ""有人认为..."" or ""以下我将分析..."" or ""但我对此感到有些不清楚结果是什么"" — a reflective observation about the moral/ethics outcome.",0.996563,0.006874
REP-014|en|latin#28,REP-014,google/gemma-3-12b-it,Gemma,en,A,S1,S,human rights,,,representation,C2,core,baseline,"In class, the teacher used a few everyday examples to help the students understand human rights.",human rights,2,18,32,17,72602.96875,REP-014|en|latin#28#siteA,REP-014|en|latin#28#siteA#k4,4,"Educational/academic context: a response to a question about human rights, establishing a definition or lesson plan on human rights in a Malaysian/civic context.

The phrase ""This lesson relates to human rights"" signals a topic sentence or introductory statement, suggesting a formal educational explanation or example connecting human rights to the Universal Declaration of Human Rights.

Final token ""human rights"" ends a topic phrase (""discusses human rights...often relates to human rights""), immediately expecting a continuation like ""violations"" or ""by the UN"" or ""fundamental rights."" or ""– such as..."" — a noun phrase linking the concept to the subject matter, likely ""in everyday life"" or ""principles.""",0.996739,0.006522
REP-014|en|latin#28,REP-014,google/gemma-3-12b-it,Gemma,en,B,S1,S,human rights,,,representation,C2,core,baseline,"In class, the teacher used a few everyday examples to help the students understand human rights.",human rights,2,18,32,18,73827.1171875,REP-014|en|latin#28#siteB,REP-014|en|latin#28#siteB#k1,1,"Educational language/social studies context signals a question-and-answer format, establishing instructional material about teaching empathy or persuasive writing.

The phrase ""the class was asked to read a passage about human rights education"" sets up a prompt or scenario, implying a lesson or example is about to follow.

Final token ""education."" ends a introductory instructional sentence (""The lesson used the Human Rights Act as an example""). Immediately expects a topic sentence or question like ""Which of the following is an example of..."" or ""Which example best illustrates this?"" or ""Which of the following situations did she use?"" or ""Below, list three examples of..."" connecting the topic to the students.",0.994898,0.010205
REP-014|zh|hanzi#27,REP-014,google/gemma-3-12b-it,Gemma,zh,A,S1,S,human rights,,,representation,C2,core,baseline,老師在課堂上舉了幾個生活中的例子，帶著學生一起認識人權。,人權,2,19,32,18,69528.921875,REP-014|zh|hanzi#27#siteA,REP-014|zh|hanzi#27#siteA#k4,4,"Educational/instructional context signals a formal civic or school textbook introduction, establishing teaching material about human rights in Taiwan.

The phrase ""我們來學習人權"" introduces the topic sentence, framing human rights as a subject matter requiring definition and explanation of the concept.

Final token ""人權"" ends a topic phrase (""了解人權...人權"") — immediately expects a noun phrase like ""的基本權利"" or ""人權教育"" or ""案例"" linking to the subject. Likely ""的議題"" or ""人權宣言，是由..."" or ""在日常生活中..."" or ""權利。"" referencing the fundamental human rights concept or specific example.",0.9962,0.0076
REP-014|zh|hanzi#27,REP-014,google/gemma-3-12b-it,Gemma,zh,B,S1,S,human rights,,,representation,C2,core,baseline,老師在課堂上舉了幾個生活中的例子，帶著學生一起認識人權。,人權,2,19,32,19,71105.25,REP-014|zh|hanzi#27#siteB,REP-014|zh|hanzi#27#siteB#k4,4,"Educational resource format signals: structured teaching material introducing a topic, likely a classroom lesson or textbook description about civic/moral education in Hong Kong.

The phrase ""影片中老師以生活例子，引導學生認識基本人權。"" establishes a formal learning context, suggesting the lesson content will follow the teaching activity description.

Final sentence ""學生在影片中學習人權教育，..."" opens a topic/summary statement, immediately expecting elaboration like ""例如..."" or ""人權教育活動包括..."" or ""老師在下節..."" or ""這些內容讓學生感到..."" or ""後，請問人權概念是否與生活相關？"" — a concluding example or reflection.",0.995232,0.009535
REP-015|en|latin#30,REP-015,google/gemma-3-12b-it,Gemma,en,A,S1,S,human rights,,,representation,C3,core,baseline,"After class, a student stayed behind and went up to ask the teacher about human rights in more detail.",human rights,2,21,32,17,73639.9296875,REP-015|en|latin#30#siteA,REP-015|en|latin#30#siteA#k2,2,"Academic/educational tone established, suggesting a student response or forum post discussing a hypothetical scenario involving human rights or social studies.

The phrase ""Students might be interested in learning about human rights"" signals an answer is incoming, introducing a topic or question related to the lesson.

Final token ""human rights"" ends a noun phrase (""focuses on human rights""), immediately requiring a noun modifier or topic continuation — likely ""in the United Nations"" or ""violations"" or ""literature."" or ""after the lesson."" or ""and the Universal Declaration of Human Rights."" or ""in international law. This topic was relevant..."" referencing the subject matter or a specific case/argument.",0.996988,0.006025
REP-015|en|latin#30,REP-015,google/gemma-3-12b-it,Gemma,en,B,S1,S,human rights,,,representation,C3,core,baseline,"After class, a student stayed behind and went up to ask the teacher about human rights in more detail.",human rights,2,21,32,21,73118.703125,REP-015|en|latin#30#siteB,REP-015|en|latin#30#siteB#k4,4,"Educational/instructional context signals a writing/lesson prompt or informational passage, establishing a narrative about a student seeking a conversation with a teacher.

The phrase ""A student then approached the teacher to ask a question"" sets up a scenario or anecdote suggesting a topic of interest or a moral lesson about student engagement or empathy.

Final sentence ""The student then volunteered to discuss the reading with the teacher."" introduces a narrative prompt or scenario opener — immediately expects elaboration like ""The teacher responded..."" or ""This was the first topic..."" or ""The student praised the teacher's effort"" or ""After the conversation, the student..."" or ""She was curious to know...""",0.996295,0.00741
REP-015|zh|hanzi#29,REP-015,google/gemma-3-12b-it,Gemma,zh,A,S1,S,human rights,,,representation,C3,core,baseline,有位學生下課後留下來，特地跑去問老師關於人權的問題。,人權,2,20,32,18,70597.0703125,REP-015|zh|hanzi#29#siteA,REP-015|zh|hanzi#29#siteA#k0,0,"Academic/educational context: a question-style prompt is establishing a topic introduction, expecting a teaching or discussion scenario involving Taiwan or Hong Kong.

The phrase ""想請問您對人權"" signals a conversational inquiry, implying a topic about human rights education or a specific subject matter referencing the documentary or textbook.

Final token ""人權"" ends a noun phrase (""關於人權""), requiring a noun phrase completion — likely ""議題"" or ""的相關問題"" — or ""人權的相關課程"" or ""概念在憲法中的議題"" or ""的議題。"" as a topic phrase referencing the human rights textbook or subject, likely mentioning rights/democracy.",0.995094,0.009811
REP-015|zh|hanzi#29,REP-015,google/gemma-3-12b-it,Gemma,zh,B,S1,S,human rights,,,representation,C3,core,baseline,有位學生下課後留下來，特地跑去問老師關於人權的問題。,人權,2,20,32,20,76227.3046875,REP-015|zh|hanzi#29#siteB,REP-015|zh|hanzi#29#siteB#k0,0,"Educational narrative structure signals a classroom interaction, establishing a Taiwanese student asking a teacher a question about civic/moral education.

The phrase ""這位學生主動向老師請教，而且他還帶來的問題"" sets up a story about a student's curious behavior, implying the teacher responds positively or meaningfully to the unusual topic.

Final sentence ""學生向老師提問。"" introduces the first anecdote beat — strongly expects a description of the conversation or outcome, likely ""她... "" or ""老師很驚訝"" or ""這個行為讓我感到好奇。"" or ""他問了關於教育議題，包括..."" or ""這位學生是..."" referencing the specific topic of counseling.",0.996382,0.007235
REP-016|en|latin#32,REP-016,google/gemma-3-12b-it,Gemma,en,A,S1,S,human rights,,,representation,C4,core,baseline,"While a few friends were chatting, the conversation eventually turned to human rights, and they debated it with real enthusiasm.",human rights,2,23,32,14,72613.7421875,REP-016|en|latin#32#siteA,REP-016|en|latin#32#siteA#k1,1,"Informational/reflective tone establishes a conversational blog format, with a personal anecdote leading into a serious topic introduction.

The phrase ""The topic of human rights"" signals a pivot toward discussing a specific human rights theme, likely referencing the documentary or international context.

Final token ""human rights"" ends a subject phrase (""one thinks about human rights""), immediately requiring a noun phrase completion — likely ""violations"" or ""in Afghanistan"" — or a topic clause like ""and the rights of people."" or ""activism. This was a recent discussion..."" or ""in the context of..."" or ""around the world."" relating to the soccer/moral dilemma framing.",0.997038,0.005924
REP-016|en|latin#32,REP-016,google/gemma-3-12b-it,Gemma,en,B,S1,S,human rights,,,representation,C4,core,baseline,"While a few friends were chatting, the conversation eventually turned to human rights, and they debated it with real enthusiasm.",human rights,2,23,32,23,79796.953125,REP-016|en|latin#32#siteB,REP-016|en|latin#32#siteB#k4,4,"Writing/language or cultural awareness context signals a narrative or essay tone, suggesting a modest, reflective account about a group discussion or debate.

The phrase ""They began discussing the argument in earnest"" sets up a scene shift — the conversation about social justice or the debate between friends is establishing an enjoyable or notable moment.

Final sentence ""They continued discussing the topic, with everyone participating."" introduces a narrative observation about a group dynamic, immediately expecting elaboration like ""One of them was..."" or ""But then..."" or ""I was surprised..."" or ""They then noticed..."" or ""One person pointed out..."" or ""Afterward, I felt this was an interesting exchange"" referencing the debate.",0.997064,0.005872
REP-016|zh|hanzi#31,REP-016,google/gemma-3-12b-it,Gemma,zh,A,S1,S,human rights,,,representation,C4,core,baseline,幾個朋友聚在一起聊天時，不知不覺就聊到了人權，討論得相當熱烈。,人權,2,22,32,15,69084.875,REP-016|zh|hanzi#31#siteA,REP-016|zh|hanzi#31#siteA#k3,3,"Academic/cultural context signals a question-answer structure: ""我想到了人權"" establishes a topic introduction about Taiwanese human rights awareness.

The phrase ""我們常會提到人權，這個主題是人權"" establishes a topic focus on human rights, specifically Taiwanese/Chinese context.

Final token ""人權"" ends a subject phrase (""關於人權""), immediately requiring a noun phrase — likely ""議題"" or ""人權法"" to complete the topic statement, or ""在台灣..."" or ""議題，包括..."" or ""的相關問題。"" or ""權益。"" as the subject is being introduced in a conversation or article about human rights advocacy.",0.994903,0.010194
REP-016|zh|hanzi#31,REP-016,google/gemma-3-12b-it,Gemma,zh,B,S1,S,human rights,,,representation,C4,core,baseline,幾個朋友聚在一起聊天時，不知不覺就聊到了人權，討論得相當熱烈。,人權,2,22,32,22,90179.109375,REP-016|zh|hanzi#31#siteB,REP-016|zh|hanzi#31#siteB#k4,4,"Conversational/forum context signals a personal post about a debate or discussion among friends, establishing a social gathering recounting.

The phrase ""这次聚会大家七嘴八舌地讨论"" introduces a narrative setup, implying a group discussion or reflection on the Taiwanese cultural/philosophical topic of ""critical thinking.""

Final token ""团里。 "" ends an introductory sentence (""一群朋友的讨论...""), immediately expecting elaboration — likely ""其中有人..."" or ""我发现..."" or ""但..."" or ""其中一位同事..."" or ""后来我注意到有几个观点..."" or ""其中有人提出了..."" or ""但这个话题在讨论中。"" as the conversation outcome or summary.",0.996383,0.007235
REP-017|en|latin#34,REP-017,google/gemma-3-12b-it,Gemma,en,A,S1,S,human rights,,,representation,C5,core,baseline,"While browsing in the library yesterday, I happened to read a passage that discussed human rights at some length.",human rights,2,21,32,17,75216.734375,REP-017|en|latin#34#siteA,REP-017|en|latin#34#siteA#k0,0,"Academic/analytical writing establishing context: educational discussion tone signals a reflective, informational response about a specific topic.

The phrase ""This assignment led me to think about human rights"" signals a personal pedagogical reflection, introducing a connection between human rights and the UN Universal Declaration.

Final token ""human rights"" ends a topic phrase (""discusses human rights""), immediately expecting a noun phrase like ""as a universal concept"" or ""violations"" — likely ""in international law"" or ""activism and the right to privacy."" or ""from the perspective of..."" or ""being the subject of..."" or ""by Amnesty International"" linking the human rights framework to the moral/legal context.",0.996937,0.006126
REP-017|en|latin#34,REP-017,google/gemma-3-12b-it,Gemma,en,B,S1,S,human rights,,,representation,C5,core,baseline,"While browsing in the library yesterday, I happened to read a passage that discussed human rights at some length.",human rights,2,21,32,21,84450.84375,REP-017|en|latin#34#siteB,REP-017|en|latin#34#siteB#k2,2,"Conversational/reflective tone established: a personal blog post sharing a reading experience, framing an opinion or anecdote.

The phrase ""I was reading a section in a government document that made me think"" signals an introductory statement about a specific encounter or insight, likely prompting a reaction to the passage about civic education.

Final token ""government."" ends the subject clause (""I read a passage from the document.""), immediately expecting elaboration — likely ""It reminded me of..."" or ""The text raised some interesting points"" or ""Specifically, it got me thinking..."" or ""It referenced the concept..."" or ""I was particularly struck by the legal/philosophical discussion"" connecting to the reading.",0.997202,0.005595
REP-017|zh|hanzi#33,REP-017,google/gemma-3-12b-it,Gemma,zh,A,S1,S,human rights,,,representation,C5,core,baseline,我昨天在圖書館翻書時，剛好讀到一段在講人權的文字。,人權,2,21,32,18,69573.15625,REP-017|zh|hanzi#33#siteA,REP-017|zh|hanzi#33#siteA#k4,4,"Academic/blog context signals a post structure: informational tone with Taiwan cultural references establishes a discussion of human rights or civic education topic.

The phrase ""在這篇文章中，我們要學習人權"" sets up a topic introduction, implying a specific subject like human rights or the UN declaration.

Final token ""人權"" ends a topic phrase (""關於人權""), immediately requiring a noun phrase — likely ""的議題"" or ""人權宣言"" or ""的概念，來自國際人權組織的..."" — or ""的案例"" or ""法，也就是..."" — naming the subject or topic, likely ""權利。"" connecting to the human rights/democratic discourse.",0.995422,0.009156
REP-017|zh|hanzi#33,REP-017,google/gemma-3-12b-it,Gemma,zh,B,S1,S,human rights,,,representation,C5,core,baseline,我昨天在圖書館翻書時，剛好讀到一段在講人權的文字。,人權,2,21,32,21,87033.5859375,REP-017|zh|hanzi#33#siteB,REP-017|zh|hanzi#33#siteB#k2,2,"Conversational/forum register signals a personal blog or book review tone, establishing casual narration about a Taiwanese citizen's reading experience.

The phrase ""我刚刚在报纸上看到一篇宪法相关的内容"" sets up a reflective or emotional reaction, implying a sudden realization or impression from reading the passage.

Final token ""宪法。 "" ends an introductory clause (""我突然在读那篇文章时。"") — immediately expects a continuation like ""它让我想到..."" or ""裡面提到..."" or ""其中的内容让我觉得..."" or ""我忍不住想深入了解。"" or ""那个词汇让我有些触动。"" referencing the book's concept or the definition of justice.",0.996881,0.006239
REP-018|en|latin#36,REP-018,google/gemma-3-12b-it,Gemma,en,A,S1,S,human rights,,,representation,C6,core,baseline,"In the preface, the author explains that the book grew out of a wish to explore human rights in depth.",human rights,2,22,32,19,76219.375,REP-018|en|latin#36#siteA,REP-018|en|latin#36#siteA#k1,1,"Academic/educational context signals a formal book introduction or course description, establishing an analytical, reflective tone around human rights themes.

The phrase ""She approaches human rights"" sets up a thematic statement about the book, likely connecting a specific intellectual or personal interest in human rights law and the UN human rights framework.

Final token ""human rights"" ends an incomplete clause (""engages with human rights""), requiring a noun phrase — likely ""in the context of international law"" or ""issues in the prison system"" or ""from a philosophical perspective"" or ""activism."" Or ""as applied to the case of..."" or ""in a new book by..."" connecting the human rights topic.",0.996772,0.006456
REP-018|en|latin#36,REP-018,google/gemma-3-12b-it,Gemma,en,B,S1,S,human rights,,,representation,C6,core,baseline,"In the preface, the author explains that the book grew out of a wish to explore human rights in depth.",human rights,2,22,32,22,71574.8359375,REP-018|en|latin#36#siteB,REP-018|en|latin#36#siteB#k0,0,"Academic book review genre signals a formal assessment, establishing context of a scholarly text on human rights and multiculturalism.

The phrase ""The author sets out to explain the subject of her book. She wrote this book as a rationale for her work."" introduces a summary or introduction to the book's premise.

Final sentence ""The author has set out to write this book as a guide to human rights."" signals a bibliographic/review citation context — likely ""He explores..."" or ""The book covers..."" or ""Initially, the text..."". or ""She argues that..."" or ""However, the book moves beyond..."" or ""The specific focus is on the social aspects.""",0.996281,0.007439
REP-018|zh|hanzi#35,REP-018,google/gemma-3-12b-it,Gemma,zh,A,S1,S,human rights,,,representation,C6,core,baseline,這本書的作者在序言裡提到，他當初動筆，就是想好好談談人權。,人權,2,24,32,23,70598.4296875,REP-018|zh|hanzi#35#siteA,REP-018|zh|hanzi#35#siteA#k1,1,"Academic/political interview register signals a formal reflection or book excerpt, establishing intellectual tone with Taiwanese context.

The phrase ""我們只能從人權"" introduces a topic sentence about the article, framing the subject of human rights as the core theme being discussed—""人權"" suggests a thematic statement about human rights education in Taiwan.

Final token ""人權"" ends a noun phrase (""總是談起人權""), immediately requiring a topic continuation like ""議題"" or likely ""的價值。"" or ""人權運動。"" — a noun completing the phrase, or ""這個概念。"" or ""在法律裡。"" referencing the subject of human rights discourse or the book title/theme.",0.995698,0.008605
REP-018|zh|hanzi#35,REP-018,google/gemma-3-12b-it,Gemma,zh,B,S1,S,human rights,,,representation,C6,core,baseline,這本書的作者在序言裡提到，他當初動筆，就是想好好談談人權。,人權,2,24,32,24,81452.625,REP-018|zh|hanzi#35#siteB,REP-018|zh|hanzi#35#siteB#k0,0,"Book review genre signals: a quoted passage introduces a reading/review context, establishing a Taiwan book about justice, rights, or human condition.

The phrase ""這本書的作者的目的，是藉著法律人權論的寫作來宣示理念"" sets up a direct quote or elaboration on the book's premise.

Final sentence ""他要寫的是人權的指南。"" opens a declarative statement — immediately expects elaboration like ""但他認為..."" or ""「人權」這個主題..."" or ""而後來的內容卻是..."" or ""在現代社會，這個說法似乎簡單。"" or ""但他不只是...寫著..."" referencing the author's intent.",0.996648,0.006703
REP-019|en|latin#38,REP-019,google/gemma-3-12b-it,Gemma,en,A,S1,S,freedom of speech,,,representation,C1,core,baseline,"At last week's public forum, the participants spent a good deal of time discussing freedom of speech and shared a range of different views.",freedom of speech,3,28,32,20,67539.53125,REP-019|en|latin#38#siteA,REP-019|en|latin#38#siteA#k2,2,"Analytical/opinion piece format signals a formal journalistic commentary on a controversial legal or societal issue, establishing context with a newspaper column.

The phrase ""The topic of free speech"" introduces a direct inquiry, priming a discussion about a specific policy question or student commentary involving freedom of speech.

Final token ""speech"" ends an introductory clause (""address the issue of freedom of speech""), immediately expecting elaboration — likely ""in college"" or ""and its limits,"" or ""online."" or ""including the First Amendment."" or ""versus hate speech."" or ""in the context of..."" — a noun phrase referencing the controversial topic or a statement about the rights debate or the controversial question posed.",0.996801,0.006398
REP-019|en|latin#38,REP-019,google/gemma-3-12b-it,Gemma,en,B,S1,S,freedom of speech,,,representation,C1,core,baseline,"At last week's public forum, the participants spent a good deal of time discussing freedom of speech and shared a range of different views.",freedom of speech,3,28,32,28,76109.7734375,REP-019|en|latin#38#siteB,REP-019|en|latin#38#siteB#k1,1,"Educational/instructional context signals a discussion or writing prompt about a controversial civic topic, establishing context of a public forum or classroom discussion.

The phrase ""There was a wide range of views expressed during the discussion"" sets up an introductory statement summarizing the debate or disagreement about the First Amendment and public opinion.

Final sentence ""There were many views expressed during the discussion."" introduces a topic transition — expects elaboration like ""Some people argued..."" or ""Which of these views is most relevant?"" or ""Let's consider..."" or ""However, what evidence was presented..."" or ""Among them, one participant..."" or ""This topic raises the question of how to categorize...""",0.996972,0.006056
REP-019|zh|hanzi#37,REP-019,google/gemma-3-12b-it,Gemma,zh,A,S1,S,freedom of speech,,,representation,C1,core,baseline,在上週的公開座談會上，與會者花了不少時間討論言論自由，也各自提出了不同的看法。,言論自由,3,26,32,19,71465.3515625,REP-019|zh|hanzi#37#siteA,REP-019|zh|hanzi#37#siteA#k4,4,"Academic/political article structure signals a formal piece addressing a controversial issue, framing a news blurb about the First Amendment and speech freedom.

The phrase ""这篇文章探讨了言论自由"" introduces a topic sentence, establishing the subject of a critical policy analysis or opinion piece about speech freedom in the United States.

Final token ""言论自由"" ends a noun phrase (""讨论言论自由""), immediately expecting a topic complement — likely ""在宪法中的地位"" or ""的案例"" or ""与煽动暴力之间的平衡"" or ""。它在教育中的问题..."" — a topic phrase referencing the controversial subject or a specific dilemma surrounding the concept of freedom.",0.997197,0.005606
REP-019|zh|hanzi#37,REP-019,google/gemma-3-12b-it,Gemma,zh,B,S1,S,freedom of speech,,,representation,C1,core,baseline,在上週的公開座談會上，與會者花了不少時間討論言論自由，也各自提出了不同的看法。,言論自由,3,26,32,26,83366.3046875,REP-019|zh|hanzi#37#siteB,REP-019|zh|hanzi#37#siteB#k2,2,"Academic/opinion article register signals an introductory framing establishing a forum discussion about a policy debate or conference event.

The phrase ""在这次研讨会上，各方都发表了看法"" sets up a reflective commentary on the debate, priming a summary or analysis of the diverse perspectives on Taiwan's educational policy.

Final sentence ""在这次研讨会上，媒体报导了许多人发表了看法。"" introduces a topic transition — expect elaboration like ""我对此感到..."" or ""其中，有人认为..."" or ""但这场讨论让我感到..."" or ""在这次讨论中，我试图整理..."" or ""以下是一些结果"" referencing the postmortem/moral takeaway.",0.996467,0.007065
REP-020|en|latin#40,REP-020,google/gemma-3-12b-it,Gemma,en,A,S1,S,freedom of speech,,,representation,C2,core,baseline,"In class, the teacher used a few everyday examples to help the students understand freedom of speech.",freedom of speech,3,19,32,18,67543.0,REP-020|en|latin#40#siteA,REP-020|en|latin#40#siteA#k0,0,"Educational writing/legal context establishes a Q&A or discussion format: a student is examining a controversial topic about free speech.

The phrase ""This lesson raises the issue of free speech"" signals a foundational explanation or definition is incoming, priming a topic sentence about First Amendment rights.

Final token ""speech"" ends a subject phrase (""discuss the concept of free speech, which relates to freedom of speech""), immediately requiring a predicate — likely ""in the First Amendment"" or ""rights."" or ""even when..."" or ""including its limitations."" or ""This means..."" or ""."" or ""as a controversial example."" — referencing the legal doctrine or the Supreme Court ruling.",0.99627,0.007462
REP-020|en|latin#40,REP-020,google/gemma-3-12b-it,Gemma,en,B,S1,S,freedom of speech,,,representation,C2,core,baseline,"In class, the teacher used a few everyday examples to help the students understand freedom of speech.",freedom of speech,3,19,32,19,73759.8359375,REP-020|en|latin#40#siteB,REP-020|en|latin#40#siteB#k3,3,"Educational instructional format signals a question-response structure: a reading comprehension or civics lesson is beginning, establishing a topic about freedom of speech.

The phrase ""The passage used the Bill of Rights to illustrate a lesson about freedom of speech"" sets up a task or prompt for the class.

Final token ""speech."" ends a introductory sentence (""The class used a story to illustrate the Bill of Rights.""), immediately expecting a question or example like ""Which of the following is an example of..."" or ""She gave one example"" or ""Which example did she NOT find relevant?"" or ""Which one would be most relevant?"" or ""Below, he cites..."" framing the scenario.",0.995388,0.009224
REP-020|zh|hanzi#39,REP-020,google/gemma-3-12b-it,Gemma,zh,A,S1,S,freedom of speech,,,representation,C2,core,baseline,老師在課堂上舉了幾個生活中的例子，帶著學生一起認識言論自由。,言論自由,3,20,32,19,72580.4609375,REP-020|zh|hanzi#39#siteA,REP-020|zh|hanzi#39#siteA#k2,2,"Academic/policy context signals a formal definition or educational article, expecting a policy explanation about speech freedom in Taiwan.

The phrase ""我們要討論言論自由"" sets up an introductory statement, suggesting a topic introduction about the constitutional concept of言論自由.

Final token ""自由"" ends a subject noun phrase (""介紹言論自由""), immediately expecting elaboration — likely ""的限制"" or ""在憲法中的意義"" or ""的案例"" or ""的議題。"" or ""在社會中的具體體現。"" or ""。」中的權利，以及 a question or question mark referencing the question about the limits of speech freedom.",0.996642,0.006717
REP-020|zh|hanzi#39,REP-020,google/gemma-3-12b-it,Gemma,zh,B,S1,S,freedom of speech,,,representation,C2,core,baseline,老師在課堂上舉了幾個生活中的例子，帶著學生一起認識言論自由。,言論自由,3,20,32,20,70555.71875,REP-020|zh|hanzi#39#siteB,REP-020|zh|hanzi#39#siteB#k0,0,"Educational content structure: text introduces a teaching topic, signaling a classroom activity or lesson description about civic/values education in Hong Kong.

The phrase ""老師在課中播放一段影片，讓學生認識民主、權利與自由的觀念"" establishes a curriculum context, implying the lesson outcome follows.

Final sentence ""學生在學習了《憲法》後，老師引導學生討論法治。"" opens a topic sentence — expects elaboration like ""例如..."" or ""他還包括..."" or ""老師講解了..."" or ""以下列出..."" or ""但這個議題也讓學生覺得..."" or ""在討論中，他認為..."" linking rights/teaching examples.",0.995238,0.009524
REP-021|en|latin#42,REP-021,google/gemma-3-12b-it,Gemma,en,A,S1,S,freedom of speech,,,representation,C3,core,baseline,"After class, a student stayed behind and went up to ask the teacher about freedom of speech in more detail.",freedom of speech,3,22,32,18,68029.140625,REP-021|en|latin#42#siteA,REP-021|en|latin#42#siteA#k1,1,"Academic/lifestyle blog tone signals a response or discussion prompt, establishing a student-seeking-opinion context about a controversial topic.

The phrase ""he was curious about the topic of free speech"" introduces a topic statement, suggesting a question or reflection about the First Amendment and freedom of speech.

Final token ""speech"" ends a noun phrase (""on the topic of freedom of speech""), immediately expecting elaboration — likely ""in class"" or ""versus censorship,"" or ""online."" or ""in the United States."" or ""and whether it applies..."" or "" .It was..."" or ""in the context of..."" — a specific hypothetical or argument about the student's rights.",0.996811,0.006379
REP-021|en|latin#42,REP-021,google/gemma-3-12b-it,Gemma,en,B,S1,S,freedom of speech,,,representation,C3,core,baseline,"After class, a student stayed behind and went up to ask the teacher about freedom of speech in more detail.",freedom of speech,3,22,32,22,71573.546875,REP-021|en|latin#42#siteB,REP-021|en|latin#42#siteB#k0,0,"Educational/informational writing context signals a short story or academic prompt establishing a classroom scenario involving a student seeking clarification.

The phrase ""The student then approached the teacher to ask a question"" sets up a narrative or dialogue cue, implying a scene about a student engaging with a teacher about a topic or idea.

Final sentence ""The student then asked the teacher for a conversation."" introduces a narrative transition — likely ""The teacher listened..."" or ""The student said..."" or ""This was the first topic of discussion"" or ""The teacher was impressed by..."" or ""After the class...the student..."" or ""The teacher responded favorably"" — suggesting a specific interaction or elaboration of the exchange.",0.996401,0.007198
REP-021|zh|hanzi#41,REP-021,google/gemma-3-12b-it,Gemma,zh,A,S1,S,freedom of speech,,,representation,C3,core,baseline,有位學生下課後留下來，特地跑去問老師關於言論自由的問題。,言論自由,3,21,32,19,70510.9765625,REP-021|zh|hanzi#41#siteA,REP-021|zh|hanzi#41#siteA#k2,2,"Academic/political discussion forum context signals a formal speech or opinion piece, establishing a topic introduction about a controversial Taiwanese curriculum issue.

The phrase ""想請問關於言論自由"" sets up an inquiry about the topic of speech freedom, implying a student is seeking clarification or debate on the First Amendment concept.

Final token ""自由"" ends a noun phrase (""關於言論自由""), immediately requiring a topic noun completion — likely ""的議題"" or ""的範疇"" to name the subject matter, then likely ""在憲法中的定義"" or ""的案例"" or ""這個權利。"" or ""的討論。"" — a specific elaboration on the teaching content.",0.995739,0.008521
REP-021|zh|hanzi#41,REP-021,google/gemma-3-12b-it,Gemma,zh,B,S1,S,freedom of speech,,,representation,C3,core,baseline,有位學生下課後留下來，特地跑去問老師關於言論自由的問題。,言論自由,3,21,32,21,75176.9765625,REP-021|zh|hanzi#41#siteB,REP-021|zh|hanzi#41#siteB#k3,3,"Educational/narrative register signals a pedagogical observation or story, establishing a classroom encounter involving a Taiwanese student seeking guidance.

The phrase ""這位學生向老師提問"" sets up a conversation or anecdote about the student's behavior, implying the teacher is surprised or impressed by the unexpected topic.

Final token ""問。"" closes a scene-setting sentence opener (""一個學生向老師請教。""), immediately demanding a narrative elaboration — likely ""他问了..."" or ""这位学生..."" or ""這個话题让我很感兴趣"" or ""老師很惊讶，他... "" or ""这个行为很特别，学生对课后讨论很认真"" referencing the conversation outcome.",0.996766,0.006469
REP-022|en|latin#44,REP-022,google/gemma-3-12b-it,Gemma,en,A,S1,S,freedom of speech,,,representation,C4,core,baseline,"While a few friends were chatting, the conversation eventually turned to freedom of speech, and they debated it with real enthusiasm.",freedom of speech,3,24,32,15,68040.28125,REP-022|en|latin#44#siteA,REP-022|en|latin#44#siteA#k3,3,"News/commentary format signals a podcast or media piece, establishing a reflective tone around a provocative cultural topic.

The phrase ""This got me thinking about free speech"" sets up a discussion introducing the classic debate around freedom of speech, implying a nuanced, legal-minded perspective is incoming.

Final token ""speech"" ends a topic introduction phrase (""on the topic of freedom of speech""), immediately expecting elaboration — likely ""and..."" or ""in college"" or ""controversy."" or ""online."" or ""—the right to say all things."" or ""and recently..."" or ""in the United States."" connecting to the First Amendment or a specific case example.",0.996654,0.006692
REP-022|en|latin#44,REP-022,google/gemma-3-12b-it,Gemma,en,B,S1,S,freedom of speech,,,representation,C4,core,baseline,"While a few friends were chatting, the conversation eventually turned to freedom of speech, and they debated it with real enthusiasm.",freedom of speech,3,24,32,24,84431.8515625,REP-022|en|latin#44#siteB,REP-022|en|latin#44#siteB#k0,0,"Educational/reflective tone established: conversational, narrative prose introducing a personal anecdote about a group discussion or debate.

The phrase ""The conversation was lively, and the group engaged into a heated discussion"" signals a transition to observing or summarizing the debate, likely a personal anecdote about witnessing a disagreement or argument.

Final sentence ""They continued discussing the topic."" sets up a narrative pivot — likely ""One person"" or ""I was intrigued/interested"" or ""After this, they ended up..."" or ""But the discussion...one of the participants..."" or ""Here's what I found..."" or ""One of them was a lawyer or facilitator..."" referencing the observed moral lesson.",0.997088,0.005824
REP-022|zh|hanzi#43,REP-022,google/gemma-3-12b-it,Gemma,zh,A,S1,S,freedom of speech,,,representation,C4,core,baseline,幾個朋友聚在一起聊天時，不知不覺就聊到了言論自由，討論得相當熱烈。,言論自由,3,23,32,16,70003.3046875,REP-022|zh|hanzi#43#siteA,REP-022|zh|hanzi#43#siteA#k0,0,"Academic/blog tone signals a cultural-political reflective piece, establishing a Chinese-American student voice seeking to discuss a controversial topic.

The phrase ""今天我们来聊一下言论自由"" sets up an introduction, implying a topic pivot toward a debate or personal essay about freedom of speech.

Final token ""自由"" ends a topic phrase (""关于言论自由""), immediately constraining a noun phrase — likely ""这个话题"" or ""的议题"" or ""在宪法中"" or ""。但是..."" completing the subject clause. Or, ""这个概念。"" or ""的边界。"" — likely referencing the legal/moral debate around freedom of speech or the topic.",0.996286,0.007428
REP-022|zh|hanzi#43,REP-022,google/gemma-3-12b-it,Gemma,zh,B,S1,S,freedom of speech,,,representation,C4,core,baseline,幾個朋友聚在一起聊天時，不知不覺就聊到了言論自由，討論得相當熱烈。,言論自由,3,23,32,23,88646.125,REP-022|zh|hanzi#43#siteB,REP-022|zh|hanzi#43#siteB#k0,0,"Conversational/forum tone signals a personal blog or discussion post, establishing a Taiwan-based social context around a debate topic.

The phrase ""这场讨论在饭后聚会上进行，大家都在讨论."" introduces a narrative setup, implying a recounting of diverse viewpoints or experiences among friends.

Final token ""团。"" ends a introductory sentence (""大家在讨论这个问题。""), immediately expecting elaboration — likely ""其中有人..."" or ""我发现..."" or ""但这个问题涉及..."" or ""大家最后都达成共识"" or ""在讨论中，我注意到..."" or ""有些观点..."" or ""后来我分析..."" — a summarizing observation about the group's varied opinions.",0.996399,0.007202
REP-023|en|latin#46,REP-023,google/gemma-3-12b-it,Gemma,en,A,S1,S,freedom of speech,,,representation,C5,core,baseline,"While browsing in the library yesterday, I happened to read a passage that discussed freedom of speech at some length.",freedom of speech,3,22,32,18,69580.734375,REP-023|en|latin#46#siteA,REP-023|en|latin#46#siteA#k2,2,"Academic/analytical blog tone established, introducing a discussion about a controversial topic — freedom of speech versus hate speech.

The phrase ""The topic of freedom of speech"" signals a classic introductory framing, priming a reflective essay or argument about First Amendment context in the U.S.

Final token ""speech"" ends a topic-introduction phrase (""discuss the concept of freedom of speech""), immediately expecting elaboration — likely ""in the United States"" or ""and its limits"" or ""being a prickly issue."" or ""as a right."" or ""in the First Amendment."" or ""including the right to criticize"" — a specific elaboration or thesis statement connecting to the historical paradox.",0.996687,0.006625
REP-023|en|latin#46,REP-023,google/gemma-3-12b-it,Gemma,en,B,S1,S,freedom of speech,,,representation,C5,core,baseline,"While browsing in the library yesterday, I happened to read a passage that discussed freedom of speech at some length.",freedom of speech,3,22,32,22,84986.6171875,REP-023|en|latin#46#siteB,REP-023|en|latin#46#siteB#k0,0,"Conversational blog tone established, signaling a reflective or educational post about a personal reading experience.

The phrase ""I came across a passage in a newspaper article that made me think"" sets up a narrative shift — the writer is introducing a philosophical or political observation sparked by reading the Canadian government document.

Final token ""government."" ends a declarative sentence opener (""I read a piece about the argument…""), immediately expecting elaboration — likely ""It prompted me to..."" or ""The passage reminded me of..."" or ""Specifically, it referenced..."" or ""It was quite interesting."" or ""The discussion made me think about the legal concept"" or ""It immediately made me consider the argument.""",0.997305,0.00539
REP-023|zh|hanzi#45,REP-023,google/gemma-3-12b-it,Gemma,zh,A,S1,S,freedom of speech,,,representation,C5,core,baseline,我昨天在圖書館翻書時，剛好讀到一段在講言論自由的文字。,言論自由,3,22,32,19,71014.953125,REP-023|zh|hanzi#45#siteA,REP-023|zh|hanzi#45#siteA#k2,2,"Academic/blog tone established: a philosophical discussion about speech freedom, framing a Taiwan media article with a question.

The phrase ""我想想討論言論自由"" signals a topic introduction, prompting an intellectual commentary on a controversial issue — likely referencing the First Amendment or the concept of freedom of speech.

Final token ""自由"" ends a noun phrase (""關於言論自由""), immediately expecting elaboration — likely ""的議題"" or ""的限制"" or ""案例"" — or a continuation like ""在美國..."" or ""的道德風險。"" or ""這個概念。"" or ""和人權。"" — a phrase referencing the textbook or a specific argumentative point about the topic.",0.996477,0.007046
REP-023|zh|hanzi#45,REP-023,google/gemma-3-12b-it,Gemma,zh,B,S1,S,freedom of speech,,,representation,C5,core,baseline,我昨天在圖書館翻書時，剛好讀到一段在講言論自由的文字。,言論自由,3,22,32,22,84460.03125,REP-023|zh|hanzi#45#siteB,REP-023|zh|hanzi#45#siteB#k4,4,"Conversational/personal blog tone signals a casual, Taiwan-forum style introduction about a reading experience.

The phrase ""我刚好在看一篇报导，里面的宪法内容让我很触动"" establishes a first-person anecdote about encountering the article, priming a reaction or thought.

Final token ""宪法。"": ends a declarative sentence fragment (""我刚刚看到一篇报导"") — strongly expects elaboration like ""裡面提到..."" or ""作者突然想到..."" or ""它让我好奇。"" or ""那個概念让我觉得..."" or ""里面说的是..."" or ""正好符合我的阅读，让我觉得..."" referencing the philosophical/legal reflection or the article's content.",0.996696,0.006609
REP-024|en|latin#48,REP-024,google/gemma-3-12b-it,Gemma,en,A,S1,S,freedom of speech,,,representation,C6,core,baseline,"In the preface, the author explains that the book grew out of a wish to explore freedom of speech in depth.",freedom of speech,3,23,32,20,69532.96875,REP-024|en|latin#48#siteA,REP-024|en|latin#48#siteA#k4,4,"Academic legal/cultural writing register establishes formal argumentative tone, introducing a book review or essay on a controversial subject.

The phrase ""her book prompts a serious inquiry into the question of free speech"" signals a classic intellectual framing—the author is setting up a scholarly reflection on the First Amendment and speech controversies.

Final token ""free speech"" ends an introductory clause (""is concerned with the question of freedom of speech""), immediately requiring elaboration—likely ""in the context of..."" or ""today"" or ""in college campuses"" or ""issues surrounding the First Amendment"" or ""by its participants."" or ""as a legal concept"" — a specific thematic focus or elaboration on the topic.",0.996419,0.007162
REP-024|en|latin#48,REP-024,google/gemma-3-12b-it,Gemma,en,B,S1,S,freedom of speech,,,representation,C6,core,baseline,"In the preface, the author explains that the book grew out of a wish to explore freedom of speech in depth.",freedom of speech,3,23,32,23,72589.09375,REP-024|en|latin#48#siteB,REP-024|en|latin#48#siteB#k0,0,"Academic book review genre signals a summary or analysis of a scholarly work, establishing context of freedom of expression and US political theory.

The phrase ""The author states her aim in the book is to explain the subject"" sets up a bibliographic or introductory description, suggesting a review or preface summarizing the book's argument.

Final sentence ""The author sets out to write a book about freedom of expression."" introduces a book introduction quote, immediately expecting elaboration — likely ""He begins by..."" or ""The book explores..."" or ""However, she finds..."" or ""This premise is fulfilled by..."" or ""The reviewer is dissatisfied with the legal framework"" or ""Drawing on contemporary examples...""",0.9966,0.0068
REP-024|zh|hanzi#47,REP-024,google/gemma-3-12b-it,Gemma,zh,A,S1,S,freedom of speech,,,representation,C6,core,baseline,這本書的作者在序言裡提到，他當初動筆，就是想好好談談言論自由。,言論自由,3,25,32,24,73083.8984375,REP-024|zh|hanzi#47#siteA,REP-024|zh|hanzi#47#siteA#k1,1,"Academic/opinion piece framing signals a formal introduction to a column about ""言論自由"" in Taiwan, establishing a philosophical or policy exploration.

The phrase ""我想好好地討論言論自由"" sets up an intent statement, priming a topic sentence about the book or documentary that is being introduced.

Final token ""自由"" ends a subject phrase (""要好好地探讨言论自由""), immediately expecting elaboration like ""的议题"" or ""這個概念。"" — likely ""在憲法中的重要性"" or ""。它究竟是..."" or ""的争议""。 or ""这个话题。"" or ""究竟是什么。"" referencing the First Amendment or specific rights debate.",0.996442,0.007118
REP-024|zh|hanzi#47,REP-024,google/gemma-3-12b-it,Gemma,zh,B,S1,S,freedom of speech,,,representation,C6,core,baseline,這本書的作者在序言裡提到，他當初動筆，就是想好好談談言論自由。,言論自由,3,25,32,25,80930.171875,REP-024|zh|hanzi#47#siteB,REP-024|zh|hanzi#47#siteB#k4,4,"Book review genre signals: a critical, analytical tone establishes context of introducing a Taiwan-published nonfiction book on freedom of speech.

The phrase ""本書的作者以自由的意念為出發點"" sets up a direct quote or elaboration about the book's premise, framing the author's argument.

Final sentence ""他以這本書的目的，是要講述自由的價值。」—introduces a biographical/introduction statement, immediately expecting elaboration like ""但他卻..."" or ""「自由」這個主題在現代..."" or ""而這個書則..."" or ""在本書裡，他探討..."" or ""但這有點奇怪的結論..."" referencing the legal treatise.",0.99612,0.00776
REP-025|en|latin#50,REP-025,google/gemma-3-12b-it,Gemma,en,A,S1,S,the rule of law,,,representation,C1,core,baseline,"At last week's public forum, the participants spent a good deal of time discussing the rule of law and shared a range of different views.",the rule of law,4,29,32,21,66980.2578125,REP-025|en|latin#50#siteA,REP-025|en|latin#50#siteA#k0,0,"Academic/political commentary context signals a formal analytical discussion, establishing a legal-institutional disagreement about a specific country—Ukraine.

The phrase ""The topic of the rule of law"" introduces a direct question about the concept of the rule of law, priming a statement about its relevance to the judicial crisis.

Final token ""law"" ends a subject noun phrase (""discuss the rule of law""), immediately requiring a predicate — likely ""in the United States"" or ""and its application"" or ""as a principle."" or ""versus arbitrary governance."" or ""in the legal system."" or ""—which is essential."" or ""and the fairness of the judiciary."" referencing the foundational concept.",0.997019,0.005962
REP-025|en|latin#50,REP-025,google/gemma-3-12b-it,Gemma,en,B,S1,S,the rule of law,,,representation,C1,core,baseline,"At last week's public forum, the participants spent a good deal of time discussing the rule of law and shared a range of different views.",the rule of law,4,29,32,29,80787.09375,REP-025|en|latin#50#siteB,REP-025|en|latin#50#siteB#k2,2,"Academic/educational discussion format signals a reflective, policy-oriented document addressing a civic topic.

The phrase ""There was considerable discussion during the forum"" frames an introductory statement, suggesting a summary or contrast of diverse views on the concept of the rule of law.

Final sentence ""There were many different views expressed during the forum."" introduces a topic transition — expects elaboration like ""Some participants argued..."" or ""Let's examine..."" or ""The debate about the definition was..."" or ""To what extent is this relevant?"" or ""Some people might call this..."" or ""One question was whether..."" referencing the varied perspectives or summarizing the disagreement or framing of the definition.",0.996941,0.006118
REP-025|zh|hanzi#49,REP-025,google/gemma-3-12b-it,Gemma,zh,A,S1,S,the rule of law,,,representation,C1,core,baseline,在上週的公開座談會上，與會者花了不少時間討論法治，也各自提出了不同的看法。,法治,2,25,32,18,64042.85546875,REP-025|zh|hanzi#49#siteA,REP-025|zh|hanzi#49#siteA#k3,3,"Academic/legal discourse context signals an article summary or policy analysis, establishing formal tone with Chinese legal terminology.

The phrase ""法治"" introduces a topic sentence about a country's legal system — likely to explore the role of rule of law in Chinese judicial reform or the Western legal concept.

Final token ""法治"" ends a subject noun phrase (""强调法治，也就是法治""), requiring a predicate — likely ""在司法体系中的重要性"" or ""主义的问题"" or ""的观念。"" or ""和法律制度和正当程序。"" — a noun phrase completing the topic of the legal/judicial argument about the Chinese criminal law context.",0.995769,0.008462
REP-025|zh|hanzi#49,REP-025,google/gemma-3-12b-it,Gemma,zh,B,S1,S,the rule of law,,,representation,C1,core,baseline,在上週的公開座談會上，與會者花了不少時間討論法治，也各自提出了不同的看法。,法治,2,25,32,25,87003.0390625,REP-025|zh|hanzi#49#siteB,REP-025|zh|hanzi#49#siteB#k2,2,"Academic/journalistic register signals a policy commentary or forum summary, establishing context of a Taiwanese economic conference on the Taipei Consensus.

The phrase ""在会议中，各方观点不尽相同。"" introduces an introductory observation, implying a reflective or analytical summary of the legal/policy debate following the forum.

Final token ""一致。 "" ends a transitional sentence opener (""在会议中...许多媒体都报导了。""), immediately expecting elaboration — likely ""我对此感到..."" or ""其中，法治的概念..."" or ""但这次我来解读..."" or ""在结束之际，我想提出..."" or ""有人对此做了以下总结。"" referencing the thematic takeaway or reactions.",0.996843,0.006313
REP-026|en|latin#52,REP-026,google/gemma-3-12b-it,Gemma,en,A,S1,S,the rule of law,,,representation,C2,core,baseline,"In class, the teacher used a few everyday examples to help the students understand the rule of law.",the rule of law,4,20,32,19,67032.9765625,REP-026|en|latin#52#siteA,REP-026|en|latin#52#siteA#k2,2,"Educational/legal context signals a question-answer format, establishing a definition or example of the principle of the rule of law.

The phrase ""A question students may ask is the concept of the rule of law"" sets up an explanation or elaboration of the legal principle, likely connecting to a specific scenario.

Final token ""law"" closes the introductory phrase ""the concept of the rule of law"" — immediately expects elaboration like ""which means..."" or ""in society."" OR "" . It applies equally to all."" OR ""by stating that..."" or ""including impartial justice."" or ""but it was..."" — a noun phrase referencing legal consistency or the principle itself.",0.996468,0.007064
REP-026|en|latin#52,REP-026,google/gemma-3-12b-it,Gemma,en,B,S1,S,the rule of law,,,representation,C2,core,baseline,"In class, the teacher used a few everyday examples to help the students understand the rule of law.",the rule of law,4,20,32,20,75358.1328125,REP-026|en|latin#52#siteB,REP-026|en|latin#52#siteB#k0,0,"Educational instructional material format signals a question or assignment prompt, establishing a reading comprehension/civics lesson context.

The phrase ""A class was asked to illustrate the principle of law by using a lesson from history."" sets up a scenario or example about the concept of bias in law, indicating a pedagogical question follows.

Final token ""history."" ends an introductory framing statement (""The class used a lesson to illustrate this principle.""), immediately expecting a question or prompt like ""Which of the following is an example of..."" or ""One example is..."" or ""Which scenario best illustrates this?"" or ""She describes three examples... Below is the teacher's teaching."" referencing the examples.",0.995043,0.009914
REP-026|zh|hanzi#51,REP-026,google/gemma-3-12b-it,Gemma,zh,A,S1,S,the rule of law,,,representation,C2,core,baseline,老師在課堂上舉了幾個生活中的例子，帶著學生一起認識法治。,法治,2,19,32,18,61387.60546875,REP-026|zh|hanzi#51#siteA,REP-026|zh|hanzi#51#siteA#k0,0,"Educational/legal/Chinese teaching context signals a formal Chinese language quiz, requiring students to understand the concept of rule of law.

The phrase ""请向同学们讲解法治"" sets up a topic sentence introducing the importance of law, suggesting a brief definition or example of ""法治"" concept is expected.

Final token ""法治"" ends a topic phrase (""了解法治...强调法治""), immediately demanding a noun phrase continuation — likely ""的社会"" or ""法治的重要性"" or ""之下，包括法律的约束"" or ""案例：国家的基本法"" or ""秩序。它是在公平试法的..."" — a concept related to legal system or democracy.",0.995404,0.009193
REP-026|zh|hanzi#51,REP-026,google/gemma-3-12b-it,Gemma,zh,B,S1,S,the rule of law,,,representation,C2,core,baseline,老師在課堂上舉了幾個生活中的例子，帶著學生一起認識法治。,法治,2,19,32,19,70649.484375,REP-026|zh|hanzi#51#siteB,REP-026|zh|hanzi#51#siteB#k4,4,"Educational resource format signals a teaching content description, establishing a structured Taiwanese elementary school context with civic/values education theme.

The phrase ""課堂中，老師引導學生認識法治觀念"" introduces a pedagogical statement about the lesson, implying a description of how the teaching material connects constitutional concepts to everyday life.

Final sentence ""學生在課後將依照故事內容學習法治觀念。"" sets up an example or elaboration — likely ""例如..."" or ""以下列"" or ""法治教育活動的內容包括..."" or ""老師認為這些例子很適切。"" or ""「法治」是..."" or ""後，請問哪些是...""",0.994451,0.011099
REP-027|en|latin#54,REP-027,google/gemma-3-12b-it,Gemma,en,A,S1,S,the rule of law,,,representation,C3,core,baseline,"After class, a student stayed behind and went up to ask the teacher about the rule of law in more detail.",the rule of law,4,23,32,19,63651.4375,REP-027|en|latin#54#siteA,REP-027|en|latin#54#siteA#k4,4,"Academic/educational context: a student is seeking help, introducing a question about a legal topic, establishing a hypothetical scenario involving a civic/political concept.

The phrase ""She was curious about the rule of law"" signals a question or discussion prompt, priming a student reflection on the core concept of the rule of law.

Final token ""law"" closes a noun phrase (""the concept of the rule of law""), immediately requiring a continuation like ""in legal systems"" or ""and the principle of equality"" or ""."" or ""as a concept."" or ""but it was criticized."" or ""in the judicial system."" — referencing the topic or asking a question about its application.",0.996745,0.006511
REP-027|en|latin#54,REP-027,google/gemma-3-12b-it,Gemma,en,B,S1,S,the rule of law,,,representation,C3,core,baseline,"After class, a student stayed behind and went up to ask the teacher about the rule of law in more detail.",the rule of law,4,23,32,23,71584.125,REP-027|en|latin#54#siteB,REP-027|en|latin#54#siteB#k0,0,"Educational/informational tone establishes a scenario-based writing prompt, suggesting a question or story about a student seeking help.

The phrase ""A student then approached the teacher to ask a question"" signals a narrative or anecdote introducing a classroom interaction, implying the student showed eagerness or curiosity beyond the assigned topic.

Final sentence ""The student then approached the teacher to discuss their reading."" sets up a scenario response — likely ""The teacher listened attentively"" or ""The teacher said..."" or ""This was a pleasant surprise"" or ""The student referenced the conversation."" or ""The following conversation was..."" or ""After the lesson, the student..."" showing the teacher's reaction or praise.",0.995953,0.008093
REP-027|zh|hanzi#53,REP-027,google/gemma-3-12b-it,Gemma,zh,A,S1,S,the rule of law,,,representation,C3,core,baseline,有位學生下課後留下來，特地跑去問老師關於法治的問題。,法治,2,20,32,18,56104.23046875,REP-027|zh|hanzi#53#siteA,REP-027|zh|hanzi#53#siteA#k4,4,"Legal/academic consultation context establishing a question about Taiwanese judicial system, requiring a recommendation or discussion topic for a Chinese history essay.

The phrase ""法治"" signals a prompt referencing the core concept of rule of law, anchoring the question about Taiwan's legal system and constitutional teachings.

Final token ""法治"" ends a noun phrase (""对法治...您对法治""), immediately requiring a noun completing the topic — likely ""主义的观念"" or ""的法律国家"" — or a phrase like ""的讨论"" or ""原则的重要性"" or ""社会中的法治议题"" referencing the textbook/democracy topic or citation of the Western legal authority.",0.995521,0.008958
REP-027|zh|hanzi#53,REP-027,google/gemma-3-12b-it,Gemma,zh,B,S1,S,the rule of law,,,representation,C3,core,baseline,有位學生下課後留下來，特地跑去問老師關於法治的問題。,法治,2,20,32,20,75205.4921875,REP-027|zh|hanzi#53#siteB,REP-027|zh|hanzi#53#siteB#k3,3,"Educational writing/teaching context signals a narrative introduction, establishing a classroom anecdote about a student seeking a meaningful conversation.

The phrase ""這位學生主動向老師提問"" sets up a story about a curious Taiwanese student engaging with a philosophical or educational topic, implying the boy asked a surprising question.

Final token ""。 "" closes a narrative framing sentence (""他向老師請教。""), immediately expecting a description of the student's behavior or the dialogue — likely ""他問了..."" or ""老師很驚訝"", or ""這個行為讓我感到好奇"" or ""他問的內容是..."" or ""這位學生...具体是..."" referencing the learning outcome.",0.996347,0.007307
REP-028|en|latin#56,REP-028,google/gemma-3-12b-it,Gemma,en,A,S1,S,the rule of law,,,representation,C4,core,baseline,"While a few friends were chatting, the conversation eventually turned to the rule of law, and they debated it with real enthusiasm.",the rule of law,4,25,32,16,67442.0078125,REP-028|en|latin#56#siteA,REP-028|en|latin#56#siteA#k0,0,"Academic/legal discourse establishes context: a reflective commentary introducing a podcast or essay exploring a specific legal concept, likely referencing a courtroom incident.

The phrase ""the topic of the rule of law"" signals an upcoming discussion about a fundamental civic concept, priming a contrast or elaboration on the legal system's role in a particular nation.

Final token ""rule of law"" ends a topic phrase (""the subject of the rule of law""), immediately requiring a continuation like ""and justice"" or ""in our society"" or ""versus arbitrary authority."" or ""– a concept we discussed."" or ""in the US."" or ""and its adherence."" — a noun phrase about the legal principle.",0.997376,0.005249
REP-028|en|latin#56,REP-028,google/gemma-3-12b-it,Gemma,en,B,S1,S,the rule of law,,,representation,C4,core,baseline,"While a few friends were chatting, the conversation eventually turned to the rule of law, and they debated it with real enthusiasm.",the rule of law,4,25,32,25,85467.5703125,REP-028|en|latin#56#siteB,REP-028|en|latin#56#siteB#k1,1,"Narrative/essay register signals: informal, conversational tone established, suggesting a reflective or pedagogical anecdote about a group discussion.

The phrase ""The conversation became heated, with the group debating the merits of argumentation"" sets up an implicit observation about the discussion or a relatable personal anecdote involving the participants.

Final sentence ""They debated the issue at length"" introduces a social scene transition — likely ""One person said..."" or ""I was curious to see..."" or ""But the debate ended up..."" or ""One of them, a lawyer, offered..."" or ""Here's what I found interesting"" or ""After the discussion, I felt obligated to summarize..."" referencing the varied perspectives.",0.996967,0.006066
REP-028|zh|hanzi#55,REP-028,google/gemma-3-12b-it,Gemma,zh,A,S1,S,the rule of law,,,representation,C4,core,baseline,幾個朋友聚在一起聊天時，不知不覺就聊到了法治，討論得相當熱烈。,法治,2,22,32,15,58171.0234375,REP-028|zh|hanzi#55#siteA,REP-028|zh|hanzi#55#siteA#k3,3,"Legal/media interview context signals a social media post asking a Chinese lawyer, establishing academic tone with Chinese legal vocabulary.

The phrase ""你对法治"" sets up a topic introduction, likely referencing the core legal concept of ""法治"" (rule of law) or the courtroom documentary series in Taiwan.

Final token ""法治"" ends a topic phrase ""您关注法治，当然也提到法治"" — immediately expects a noun phrase continuation like ""的概念"" or ""社会"" or ""法治国家"" or ""这个话题。"" — likely ""和法律的重要性"" or ""在法制的讨论中"" or ""相关案例，您..."" referencing the country.",0.995071,0.009859
REP-028|zh|hanzi#55,REP-028,google/gemma-3-12b-it,Gemma,zh,B,S1,S,the rule of law,,,representation,C4,core,baseline,幾個朋友聚在一起聊天時，不知不覺就聊到了法治，討論得相當熱烈。,法治,2,22,32,22,89120.7421875,REP-028|zh|hanzi#55#siteB,REP-028|zh|hanzi#55#siteB#k3,3,"Conversational/personal blog register signals a casual post recounting a discussion among friends, establishing an intellectual or social observation in Taiwan.

The phrase ""这场讨论中，大家七嘴八舌地开始讨论"" sets up a narrative introduction, implying a group conversation about the topic of cultural/philosophical debate.

Final token ""朋友们。 "" ends a introductory framing sentence (""这次在讨论中...""), immediately expecting elaboration — likely ""其中有人提到..."" or ""我发现..."" or ""大家都认为..."" or ""但由于我身为法律人..."" or ""其中一位朋友的观点..."" or ""后来整理出一些结论"" referencing the debate outcome or the group's discussion.",0.996692,0.006617
REP-029|en|latin#58,REP-029,google/gemma-3-12b-it,Gemma,en,A,S1,S,the rule of law,,,representation,C5,core,baseline,"While browsing in the library yesterday, I happened to read a passage that discussed the rule of law at some length.",the rule of law,4,23,32,19,66992.15625,REP-029|en|latin#58#siteA,REP-029|en|latin#58#siteA#k1,1,"Academic/legal analysis tone signals an explanatory essay structure, establishing a question about a specific concept (""the rule of law"") in a historical context.

The phrase ""The topic of discussion is the rule of law"" introduces a thematic statement, priming elaboration on the foundational principle or legal doctrine.

Final token ""law"" ends a noun phrase ""the concept of the rule of law,"" immediately requiring elaboration — likely ""as being..."" or ""and judicial independence"" or ""in Western legal systems."" or ""versus arbitrary governance."" or ""being universal principle."" or ""in contrast to the legal system of England."" — a phrase referencing the idea that law applies consistently.",0.996866,0.006269
REP-029|en|latin#58,REP-029,google/gemma-3-12b-it,Gemma,en,B,S1,S,the rule of law,,,representation,C5,core,baseline,"While browsing in the library yesterday, I happened to read a passage that discussed the rule of law at some length.",the rule of law,4,23,32,23,83952.359375,REP-029|en|latin#58#siteB,REP-029|en|latin#58#siteB#k1,1,"Blog post establishing a reflective, conversational tone signals a narrative or personal anecdote about a reading experience.

The phrase ""I came across a passage in a policy article that made me think"" sets up an intellectual/academic reaction, implying the reader is sharing a personal anecdote or takeaway from the legal concept of government.

Final token ""government."" closes a declarative statement introducing the reading experience — ""I read a piece about the definition of law."" expects elaboration like ""It prompted me to..."" or ""The excerpt reminded me of..."" or ""Specifically, it referenced..."" or ""It was interesting to read"" or ""The concept intrigued me and I found myself thinking..."" connecting to the definition.",0.99746,0.005081
REP-029|zh|hanzi#57,REP-029,google/gemma-3-12b-it,Gemma,zh,A,S1,S,the rule of law,,,representation,C5,core,baseline,我昨天在圖書館翻書時，剛好讀到一段在講法治的文字。,法治,2,21,32,18,61499.109375,REP-029|zh|hanzi#57#siteA,REP-029|zh|hanzi#57#siteA#k2,2,"Legal/academic discourse context: a YouTube or Taiwanese media comment about a Chinese judicial case, establishing a conversational tone around ""法治"" and constitutional state.

The phrase ""法治是台湾人所强调的价值，我们常提到法治"" signals a topic introduction, implying a question or elaboration about the law/justice system.

Final token ""法治"" ends a subject phrase (""提到法治...对于法治""), immediately requiring a noun phrase completion — likely ""社会"" or ""的理念"" or ""与法治国家的案例"" or ""制度下的争议"" — a keyword reference to the theme of legal authority or the legal system's importance.",0.996078,0.007844
REP-029|zh|hanzi#57,REP-029,google/gemma-3-12b-it,Gemma,zh,B,S1,S,the rule of law,,,representation,C5,core,baseline,我昨天在圖書館翻書時，剛好讀到一段在講法治的文字。,法治,2,21,32,21,86010.5234375,REP-029|zh|hanzi#57#siteB,REP-029|zh|hanzi#57#siteB#k3,3,"Conversational/forum tone signals a personal reflection or blog post, establishing a Taiwanese reader sharing their thoughts on a reading experience.

The phrase ""我剛剛讀了這篇政府法令，裡面的一段憲政學理唸讓我印象深刻"" sets up an anecdote or reaction about the article's content.

Final token ""法令。 "" ends an introductory clause (""我剛在網路上看到這段...""), immediately expecting a reaction statement like ""裡面說..."" or ""它讓我好奇..."" or ""那個概念讓我突然想到..."" or ""其中提到..."" or ""作者定義了... 就是很有趣。"" referencing the quoted passage or the definition of justice/law from the book.",0.996505,0.00699
REP-030|en|latin#60,REP-030,google/gemma-3-12b-it,Gemma,en,A,S1,S,the rule of law,,,representation,C6,core,baseline,"In the preface, the author explains that the book grew out of a wish to explore the rule of law in depth.",the rule of law,4,24,32,21,69511.6875,REP-030|en|latin#60#siteA,REP-030|en|latin#60#siteA#k2,2,"Academic legal/historical writing signals a formal book review or scholarly essay, establishing intellectual context around a specific judicial case.

The phrase ""the central question of the rule of law"" introduces a thematic statement about the paper's focus, implying an inquiry into the concept of the rule of law in the Anglo-American legal tradition.

Final token ""law"" ends a noun phrase (""the study of the rule of law""), requiring a continuation like ""in the context of..."" or ""and its application,"" or ""as a concept in contemporary legal systems"" — likely ""in Western democracies"" or ""by examining..."" or ""beyond the criminal trial"" or ""in relation to...""",0.996968,0.006064
REP-030|en|latin#60,REP-030,google/gemma-3-12b-it,Gemma,en,B,S1,S,the rule of law,,,representation,C6,core,baseline,"In the preface, the author explains that the book grew out of a wish to explore the rule of law in depth.",the rule of law,4,24,32,24,70085.9921875,REP-030|en|latin#60#siteB,REP-030|en|latin#60#siteB#k0,0,"Academic book review format signals a scholarly summary or appraisal, establishing context of a legal/political science work on judicial power.

The phrase ""The book sets out to explain the subject, drawing on the author's stated aim to write a volume on the rule of law."" introduces a citation or description of the book.

Final sentence ""The author states his aim was to write the book..."" signals a book description opening, immediately expecting elaboration — likely ""He argues..."" or ""The book explores..."" or ""The first part..."" or ""This phrase frames the volume as..."" or ""But the argument moves on to examine..."" or ""She contrasts..."" referencing the legal history of law.",0.996255,0.00749
REP-030|zh|hanzi#59,REP-030,google/gemma-3-12b-it,Gemma,zh,A,S1,S,the rule of law,,,representation,C6,core,baseline,這本書的作者在序言裡提到，他當初動筆，就是想好好談談法治。,法治,2,24,32,23,65404.390625,REP-030|zh|hanzi#59#siteA,REP-030|zh|hanzi#59#siteA#k2,2,"Academic/political commentary register established, framing a formal Taiwanese lawyer's book introduction with intellectual discourse tone.

The phrase ""我们要讨论法治"" signals a thematic introduction establishing the core concept of legalism, implying a philosophical or constitutional argument about Taiwan's democracy.

Final token ""法治"" ends a noun phrase (""探讨法治""), directly requiring elaboration — ""在法律制度中的重要性"" or ""法治的概念"" or ""之国家。"" — likely ""的意义"" or ""这个法治国家。"" or ""在台湾。"" or ""与民主。"" referencing the subject matter, likely ""法治。"" or ""的争议。""",0.996171,0.007659
REP-030|zh|hanzi#59,REP-030,google/gemma-3-12b-it,Gemma,zh,B,S1,S,the rule of law,,,representation,C6,core,baseline,這本書的作者在序言裡提到，他當初動筆，就是想好好談談法治。,法治,2,24,32,24,81452.3046875,REP-030|zh|hanzi#59#siteB,REP-030|zh|hanzi#59#siteB#k4,4,"Book review genre signals: critical introduction to a Taiwanese legal treatise, establishing a review framing with commentary on a specific nonfiction book.

The phrase ""這本書的作者想藉此書來闡述『正義』的理念"" sets up a direct quote or elaboration on the book's core premise.

Final sentence ""他以司法為主題，是想傳達法治的理念。"" opens a biographical/summary statement — immediately expects elaboration like ""但是..."" or ""而法治的內容..."" or ""他寫了這個書..."" or ""「在台灣，這或許有點奇怪」"" or ""但這個說法從本書的後記來看...""",0.996437,0.007126
REP-031|en|latin#62,REP-031,google/gemma-3-12b-it,Gemma,en,A,S1,S,freedom of assembly,,,representation,C1,core,baseline,"At last week's public forum, the participants spent a good deal of time discussing freedom of assembly and shared a range of different views.",freedom of assembly,3,28,32,20,63699.28125,REP-031|en|latin#62#siteA,REP-031|en|latin#62#siteA#k3,3,"Policy/legal analysis framing signals a journalistic or opinion piece explaining a controversial ruling regarding First Amendment rights in Minnesota.

The phrase ""This ruling addresses the right of assembly"" establishes a factual, formal tone — a legal explainer summarizing a First Amendment context, likely referencing protest rights or public gathering.

Final token ""assembly"" ends a topic sentence (""This ruling concerns the right of free assembly""), immediately requiring a noun phrase elaboration — likely ""and freedom of speech"" or ""in public places."" or ""rights, specifically..."" or ""as a right."" or ""—the First Amendment demonstration."" or ""among citizens."" to name the subject of the upcoming clause.",0.996132,0.007735
REP-031|en|latin#62,REP-031,google/gemma-3-12b-it,Gemma,en,B,S1,S,freedom of assembly,,,representation,C1,core,baseline,"At last week's public forum, the participants spent a good deal of time discussing freedom of assembly and shared a range of different views.",freedom of assembly,3,28,32,28,74056.5234375,REP-031|en|latin#62#siteB,REP-031|en|latin#62#siteB#k2,2,"Educational instructional material format signals a discussion or assignment prompt, establishing an analytical/civic context about a controversial topic.

The phrase ""There was considerable discussion during the meeting. Several people expressed different views on the issue"" sets up a framing statement introducing a summarizing or reflective passage about the debate.

Final sentence ""There was a wide range of opinions expressed during the meeting."" opens a topic sentence — immediately expects elaboration like ""Some participants..."" or ""What does this mean?"" or ""The topic of free speech and civic responsibility was raised."" or ""Among these, could you please discuss..."" or ""One example of this debate..."" linking the diverse opinions to the audience reaction.",0.996763,0.006474
REP-031|zh|hanzi#61,REP-031,google/gemma-3-12b-it,Gemma,zh,A,S1,S,freedom of assembly,,,representation,C1,core,baseline,在上週的公開座談會上，與會者花了不少時間討論集會自由，也各自提出了不同的看法。,集會自由,3,26,32,19,65828.0546875,REP-031|zh|hanzi#61#siteA,REP-031|zh|hanzi#61#siteA#k2,2,"Academic/legal commentary structure signals a formal analysis piece, establishing a policy or opinion article framing around a news headline about protests in Taiwan.

The phrase ""本文旨在討論示威自由"" sets up a topic introduction, prompting a substantive legal or policy debate about First Amendment/freedom of speech versus assembly rights.

Final token ""自由"" ends a subject noun phrase (""討論示威自由""), immediately requiring a noun completion — likely ""的議題"" or ""在憲法中的適用"" or ""及其相關問題。"" — or a clause like ""。這項權利..."" or ""的案例，以及..."" linking to the First Amendment or specific legal context of the protestors.",0.996243,0.007514
REP-031|zh|hanzi#61,REP-031,google/gemma-3-12b-it,Gemma,zh,B,S1,S,freedom of assembly,,,representation,C1,core,baseline,在上週的公開座談會上，與會者花了不少時間討論集會自由，也各自提出了不同的看法。,集會自由,3,26,32,26,81284.7421875,REP-031|zh|hanzi#61#siteB,REP-031|zh|hanzi#61#siteB#k4,4,"Academic/opinion discourse format signals a formal report or letter summarizing a public forum on Taiwan's constitutional debate.

The phrase ""在這次研討会上，媒体报导提供了多种观点"" establishes context, priming a reflective or analytical observation about the debate's aftermath.

Final token ""观点。 "" ends an introductory sentence (""在研讨会中...""), immediately expecting elaboration — likely ""其中有人认为..."" or ""我对此感到..."" or ""但这场讨论似乎..."" or ""有些议员对此感到..."" or ""在讨论结束后，我试图整理..."" or ""例如，这个主题涉及教育等"" referencing the outcome or the legal mechanism of the aftermath.",0.996431,0.007137
REP-032|en|latin#64,REP-032,google/gemma-3-12b-it,Gemma,en,A,S1,S,freedom of assembly,,,representation,C2,core,baseline,"In class, the teacher used a few everyday examples to help the students understand freedom of assembly.",freedom of assembly,3,19,32,18,61682.72265625,REP-032|en|latin#64#siteA,REP-032|en|latin#64#siteA#k3,3,"Educational/legal explainer format signals a factual, instructional tone — defining a constitutional concept with context.

The phrase ""This right is known as the right of assembly"" establishes a topic sentence, priming a textbook definition or lesson about First Amendment rights.

Final token ""assembly"" ends a subject phrase (""addresses the right of free assembly""), immediately requiring a noun phrase like ""rights."" or ""including the First Amendment"" to complete the topic introduction. Or ""but..."" or ""in the United States."" or ""allows people to gather."" — the specific constitutional right or example, likely ""."" or ""as a right."" to frame the protest/assembly topic.",0.995499,0.009002
REP-032|en|latin#64,REP-032,google/gemma-3-12b-it,Gemma,en,B,S1,S,freedom of assembly,,,representation,C2,core,baseline,"In class, the teacher used a few everyday examples to help the students understand freedom of assembly.",freedom of assembly,3,19,32,19,68686.1015625,REP-032|en|latin#64#siteB,REP-032|en|latin#64#siteB#k2,2,"Educational instructional material format signals a question or passage summary, establishing a reading comprehension or civics lesson context.

The phrase ""The passage teaches about freedom of speech. The class studied the Fourteenth Amendment to illustrate an example of propaganda."" sets up a question requiring a topic statement or quiz prompt.

Final token ""freedom."" ends a framing question (""The lesson focused on the Bill of Rights relating to freedom of speech""). — immediately expects a prompt like ""Which of the following is an example of..."" or ""He gave one example..."" or ""Which example best illustrates this?"" or ""Among these, which one is NOT an example of..."" referencing the scenarios or classroom discussion.",0.994145,0.01171
REP-032|zh|hanzi#63,REP-032,google/gemma-3-12b-it,Gemma,zh,A,S1,S,freedom of assembly,,,representation,C2,core,baseline,老師在課堂上舉了幾個生活中的例子，帶著學生一起認識集會自由。,集會自由,3,20,32,19,57481.87890625,REP-032|zh|hanzi#63#siteA,REP-032|zh|hanzi#63#siteA#k3,3,"Academic/legal document tone established: formal constitutional question format, explaining a Taiwanese Assembly Act context.

The phrase ""請問我們可以從集會自由"" signals a question about the constitutional basis for assembly freedom, implying a topic introduction referencing the case study.

Final token ""自由"" ends a subject phrase (""提到集會自由""), immediately requiring a noun phrase — likely ""的權利"" or ""的實行權"" to complete the topic statement. Or ""、示威權及表達自由"" or ""在憲法中。"" — likely citing the constitutional doctrine or specific legal concept of assembly freedom as a constitutional right in Taiwan.",0.994982,0.010036
REP-032|zh|hanzi#63,REP-032,google/gemma-3-12b-it,Gemma,zh,B,S1,S,freedom of assembly,,,representation,C2,core,baseline,老師在課堂上舉了幾個生活中的例子，帶著學生一起認識集會自由。,集會自由,3,20,32,20,63594.67578125,REP-032|zh|hanzi#63#siteB,REP-032|zh|hanzi#63#siteB#k3,3,"Educational content structure signals a teaching introduction, establishing an inquiry or lesson context about civic rights/constitutional concept.

The phrase ""這段影片介紹了『權利』的概念"" sets up a question or activity prompt, implying the class will connect the four classroom teaching cases to the Constitution.

Final sentence ""學生們學習自由的相關內容。"" introduces the topic statement — immediately expects elaboration like ""例如..."" or ""公民權利教育..."" or ""以下列出哪些是..."" or ""其中，老師幫學生討論..."" or ""權利概念包括..."" or ""老師也教導..."" linking the topic to the lesson outcome of the constitutional rights/democracy example.",0.994197,0.011606
REP-033|en|latin#66,REP-033,google/gemma-3-12b-it,Gemma,en,A,S1,S,freedom of assembly,,,representation,C3,core,baseline,"After class, a student stayed behind and went up to ask the teacher about freedom of assembly in more detail.",freedom of assembly,3,22,32,18,62681.609375,REP-033|en|latin#66#siteA,REP-033|en|latin#66#siteA#k4,4,"Academic/legal tone signals a discussion question format, establishing context around a controversial topic about free speech vs. rights in the US.

The phrase ""This class is asking about the right to assembly"" sets up an introductory question about a specific constitutional topic — the First Amendment and freedom of assembly.

Final token ""assembly"" ends a topic phrase (""on the right to freedom of assembly""), immediately expecting elaboration like ""in the First Amendment"" or ""rights."" — likely ""and protest"" or ""as outlined in the First Amendment."" or ""within the context of..."" or ""the topic."" or ""– a controversial statement referenced earlier."" relating to the constitutional precedent.",0.996565,0.00687
REP-033|en|latin#66,REP-033,google/gemma-3-12b-it,Gemma,en,B,S1,S,freedom of assembly,,,representation,C3,core,baseline,"After class, a student stayed behind and went up to ask the teacher about freedom of assembly in more detail.",freedom of assembly,3,22,32,22,71570.8984375,REP-033|en|latin#66#siteB,REP-033|en|latin#66#siteB#k0,0,"Educational/academic context signals a writing instructional scenario, establishing informational prose about a student-teacher interaction or lesson topic.

The phrase ""A student then approached the teacher to discuss a topic he learned"" sets up a narrative prompt or anecdote, suggesting a scenario about student engagement or a question about the subject matter.

Final sentence ""The student then asked the teacher a question."" introduces a narrative pivot — the phrase ""She then engaged in a conversation with the teacher"" implies a response or elaboration, likely ""The teacher listened..."" or ""The student was curious..."" or ""This was a positive interaction"" or ""After the conversation... 'She said.'"" referencing the student's extracurricular act.",0.996019,0.007961
REP-033|zh|hanzi#65,REP-033,google/gemma-3-12b-it,Gemma,zh,A,S1,S,freedom of assembly,,,representation,C3,core,baseline,有位學生下課後留下來，特地跑去問老師關於集會自由的問題。,集會自由,3,21,32,19,56651.92578125,REP-033|zh|hanzi#65#siteA,REP-033|zh|hanzi#65#siteA#k2,2,"Academic/legal writing establishing context: formal analytical tone signals a Taiwan constitutional law discussion, requiring a summary statement about a case or policy question.

The phrase ""案件中針對集會自由"" introduces a topic sentence referencing the Supreme Court ruling, implying a specific legal question about assembly freedom or First Amendment rights.

Final token ""自由"" ends a noun phrase (""集會自由...提及集會自由""), immediately requiring the topic noun phrase — likely ""的議題"" or ""權限的法學論點"" or ""在憲法中的概念"" or ""的例子。"" or ""的權利。"" — a topic phrase referencing the constitutional right or the freedom of expression.",0.994593,0.010813
REP-033|zh|hanzi#65,REP-033,google/gemma-3-12b-it,Gemma,zh,B,S1,S,freedom of assembly,,,representation,C3,core,baseline,有位學生下課後留下來，特地跑去問老師關於集會自由的問題。,集會自由,3,21,32,21,74680.09375,REP-033|zh|hanzi#65#siteB,REP-033|zh|hanzi#65#siteB#k1,1,"Educational/news article format signals a classroom interaction or teaching moment, establishing a Taiwanese student seeking a teacher-student consultation.

The phrase ""這位學生在課後向老師請教"" introduces a narrative anecdote, implying a substantive observation or question about the student's thoughtful behavior or the topic of civic education.

Final sentence ""他向老師提出了一個問題。"" opens a scene shift — immediately expects a description of the student's question or the teacher's reaction, likely ""他...這個行為讓我好奇"" or ""老師問了..."" or ""這個議題非常有趣，他花了相當長的時間。"" or ""我發現他對法律等相關回答。""",0.996594,0.006813
REP-034|en|latin#68,REP-034,google/gemma-3-12b-it,Gemma,en,A,S1,S,freedom of assembly,,,representation,C4,core,baseline,"While a few friends were chatting, the conversation eventually turned to freedom of assembly, and they debated it with real enthusiasm.",freedom of assembly,3,24,32,15,62918.734375,REP-034|en|latin#68#siteA,REP-034|en|latin#68#siteA#k3,3,"Analytical/opinion piece establishing a legal/political context, signaling a commentary on a specific First Amendment ruling or news event.

The phrase ""This case raises the question of the right to assembly"" sets up a basic premise about freedom of assembly, priming a policy or legal summary statement.

Final token ""assembly"" ends a noun phrase (""the right to freedom of assembly""), directly inviting a topic introduction like ""and the First Amendment"" or ""rights."" — likely ""in the United States."" or ""– as seen in..."" or ""and protest. Recently..."" or ""within the First Amendment."" or ""to gather, a controversial topic."" referencing the protest/gathering context.",0.996526,0.006948
REP-034|en|latin#68,REP-034,google/gemma-3-12b-it,Gemma,en,B,S1,S,freedom of assembly,,,representation,C4,core,baseline,"While a few friends were chatting, the conversation eventually turned to freedom of assembly, and they debated it with real enthusiasm.",freedom of assembly,3,24,32,24,82361.2734375,REP-034|en|latin#68#siteB,REP-034|en|latin#68#siteB#k3,3,"Educational/reflective essay tone established, suggesting a narrative about a social or political discussion or debate among friends.

The phrase ""They were engaged in a lively argument. The conversation continued..."" signals a transition toward describing a particular anecdote or observation about a group of people discussing civic responsibility.

Final sentence ""They carried on debating the topic."" sets up an implicit observation or reaction — likely ""One person was..."" or ""I was impressed by..."" or ""But then..."" or ""They included..."" or ""One of them was a lawyer"" or ""After the discussion ended, I noticed..."" or ""To my surprise, the discussion covered..."" framing the interaction as a participant's commentary.",0.997091,0.00582
REP-034|zh|hanzi#67,REP-034,google/gemma-3-12b-it,Gemma,zh,A,S1,S,freedom of assembly,,,representation,C4,core,baseline,幾個朋友聚在一起聊天時，不知不覺就聊到了集會自由，討論得相當熱烈。,集會自由,3,23,32,16,62287.0078125,REP-034|zh|hanzi#67#siteA,REP-034|zh|hanzi#67#siteA#k4,4,"Academic/legal tone signals a news analysis or commentary, establishing a formal discussion context about a Taiwanese protest topic.

The phrase ""我們今天要討論集會自由"" sets up an explanation of the article's topic, likely introducing the constitutional/legal framework surrounding assembly freedom.

Final token ""自由"" ends a topic phrase (""提到集會自由""), immediately requiring a noun phrase — likely ""的議題"" or ""權利"" to complete the subject, or ""在台灣"" or ""。這個概念..."" or ""以及示威權。"" — or ""、也就是..."" linking to the constitutional concept or example, referencing the legal topic of assembly freedom/expression.",0.995679,0.008643
REP-034|zh|hanzi#67,REP-034,google/gemma-3-12b-it,Gemma,zh,B,S1,S,freedom of assembly,,,representation,C4,core,baseline,幾個朋友聚在一起聊天時，不知不覺就聊到了集會自由，討論得相當熱烈。,集會自由,3,23,32,23,86081.7578125,REP-034|zh|hanzi#67#siteB,REP-034|zh|hanzi#67#siteB#k4,4,"Conversational/forum tone established, signaling a personal reflection or discussion sharing in Taiwan, setting up a post about a debate topic.

The phrase ""这场讨论在台湾的议题就叫正义，大家讨论得很热烈"" signals an incoming anecdote or personal observation about the group discussion.

Final token ""团。"" ends a transitional sentence opener (""我今天和朋友们聊起来。""), immediately expecting elaboration — likely ""其中有人..."" or ""我发现..."" or ""但议题..."" or ""后来我忍不住想整理一下这些观点"" or ""有些人也提出..."" or ""在这次过程中，我想到法律..."" as a reflection on the outcome.",0.995999,0.008003
REP-035|en|latin#70,REP-035,google/gemma-3-12b-it,Gemma,en,A,S1,S,freedom of assembly,,,representation,C5,core,baseline,"While browsing in the library yesterday, I happened to read a passage that discussed freedom of assembly at some length.",freedom of assembly,3,22,32,18,62157.25390625,REP-035|en|latin#70#siteA,REP-035|en|latin#70#siteA#k4,4,"Academic/legal writing establishing context: a policy analysis tone signals an explanatory post about a specific controversial topic.

The phrase ""This article will be examining the First Amendment right to assembly"" sets up a direct topic introduction, priming a foundational definition or historical framing around freedom of assembly.

Final token ""assembly"" ends a noun phrase (""the right to freedom of assembly""), immediately requiring a topic predicate — likely ""as a right"" or ""in the First Amendment"" or ""and freedom of speech."" or ""being permissible."" or ""within the United States."" or ""—the right to gather."" — a classic constitutional law framing referencing the First Amendment or social protest context.",0.996118,0.007764
REP-035|en|latin#70,REP-035,google/gemma-3-12b-it,Gemma,en,B,S1,S,freedom of assembly,,,representation,C5,core,baseline,"While browsing in the library yesterday, I happened to read a passage that discussed freedom of assembly at some length.",freedom of assembly,3,22,32,22,85548.0703125,REP-035|en|latin#70#siteB,REP-035|en|latin#70#siteB#k1,1,"Blog post framing signals a casual, reflective tone—a brief personal anecdote introducing a legal/political curiosity about a reading experience.

The phrase ""The passage made me think of a law I read about in the UK"" establishes a reaction or explaination, implying the reader was struck by the reference to government power and civil liberties.

Final token ""liberties)."" closes a sentence opener (""The passage reminded me of a reading about the separation of powers""), immediately expecting elaboration like ""It made me think..."" or ""The topic prompted me to look into it"" or ""Specifically, it referenced..."" or ""This reminded me of the Constitution Act"" or ""It was surprisingly relevant.""",0.996712,0.006577
REP-035|zh|hanzi#69,REP-035,google/gemma-3-12b-it,Gemma,zh,A,S1,S,freedom of assembly,,,representation,C5,core,baseline,我昨天在圖書館翻書時，剛好讀到一段在講集會自由的文字。,集會自由,3,22,32,19,63331.7578125,REP-035|zh|hanzi#69#siteA,REP-035|zh|hanzi#69#siteA#k3,3,"Academic/legal blog tone established: a Taiwanese or Hong Kong context, introducing an analytical or commentary piece about a specific social issue.

The phrase ""我想討論的是集會自由"" signals an upcoming explanation or argument about the constitutional right to assembly, framing a topic sentence about the video.

Final token ""自由"" ends a subject noun phrase (""提到集會自由""), immediately demanding a topic continuation — likely ""的例子"" or ""的權利"" or ""在憲法中的議題"" or ""。它是一種..."" or ""和言論自由，以及..."" — referencing the constitutional concept or legal definition of assembly freedom, likely linking to the US First Amendment.",0.995919,0.008162
REP-035|zh|hanzi#69,REP-035,google/gemma-3-12b-it,Gemma,zh,B,S1,S,freedom of assembly,,,representation,C5,core,baseline,我昨天在圖書館翻書時，剛好讀到一段在講集會自由的文字。,集會自由,3,22,32,22,83956.9453125,REP-035|zh|hanzi#69#siteB,REP-035|zh|hanzi#69#siteB#k1,1,"Personal reflection/casual blog tone signals a Taiwanese reader sharing a reading experience, establishing context of a civic or academic encounter.

The phrase ""我刚好翻到宪法那一篇文章"" sets up a first-person reaction, likely referencing the article or concept just read in the newspaper.

Final token ""宪法。"": ends a narrative clause (""我刚好在读那篇报导。"") — immediately expects a reaction or elaboration like ""裡面提到..."" or ""我突然好奇"" or ""那个概念让我觉得..."" or ""正好让我联想到..."" or ""其中内容让我印象深刻。"" or ""它引出了相关律法思考。"" referencing the triggered reading experience.",0.99664,0.006719
REP-036|en|latin#72,REP-036,google/gemma-3-12b-it,Gemma,en,A,S1,S,freedom of assembly,,,representation,C6,core,baseline,"In the preface, the author explains that the book grew out of a wish to explore freedom of assembly in depth.",freedom of assembly,3,23,32,20,64195.5859375,REP-036|en|latin#72#siteA,REP-036|en|latin#72#siteA#k3,3,"Academic/policy writing introducing a legal commentary, establishing formal scholarly tone — analytical argument about a specific historical case or contemporary legal issue.

The phrase ""This book examines the right of assembly"" signals a substantive thesis statement about First Amendment law, priming a classic legal-historical argument concerning free speech and assembly.

Final token ""assembly"" ends a noun phrase (""focuses on the right of assembly""), immediately requiring a topic elaboration — likely ""in the United States"" or ""rights, exploring..."" or ""as a constitutional right"" or ""among workers and citizens."" or ""and the First Amendment."" or ""in practice—particularly..."" referencing the topic of collective action or protest.",0.996265,0.007468
REP-036|en|latin#72,REP-036,google/gemma-3-12b-it,Gemma,en,B,S1,S,freedom of assembly,,,representation,C6,core,baseline,"In the preface, the author explains that the book grew out of a wish to explore freedom of assembly in depth.",freedom of assembly,3,23,32,23,73647.1171875,REP-036|en|latin#72#siteB,REP-036|en|latin#72#siteB#k1,1,"Academic book review format signals a summary or evaluation of a scholarly work, establishing context for a legal/political treatise on civil liberties.

The phrase ""The author states her motivation was to write a book in which she has set out to examine the history of..."" introduces a bibliographic or descriptive summary statement.

Final sentence ""The book frames its focus on the law of protest."" sets up a thematic statement — likely ""She argues..."" or ""The book explores..."" or ""The first part..."" or ""Having surveyed the topic, the author..."" or ""This claim is a dissatisfaction with existing legal scholarship."" or ""He begins by..."" referencing the specific argument about the US Constitution.",0.996516,0.006968
REP-036|zh|hanzi#71,REP-036,google/gemma-3-12b-it,Gemma,zh,A,S1,S,freedom of assembly,,,representation,C6,core,baseline,這本書的作者在序言裡提到，他當初動筆，就是想好好談談集會自由。,集會自由,3,25,32,24,66951.796875,REP-036|zh|hanzi#71#siteA,REP-036|zh|hanzi#71#siteA#k1,1,"Academic/legal commentary tone signals an opinion piece introducing a media critique, with formal argumentation framing around Taiwanese constitutional law.

The phrase ""我們要討論集會自由"" establishes a topic statement, implying a policy/legal question about the demonstration's core issue: freedom of speech or expression.

Final token ""自由"" ends a noun phrase (""我們要討論集會自由""), immediately expecting a completion like ""的權利"" or ""這個議題"" — likely ""在憲法中的地位"" or ""。它在台灣..."" or ""這個概念。"" or ""以及抗議的權利。"" referencing the topic of the constitutional right to assembly or the specific textbook example.",0.996238,0.007525
REP-036|zh|hanzi#71,REP-036,google/gemma-3-12b-it,Gemma,zh,B,S1,S,freedom of assembly,,,representation,C6,core,baseline,這本書的作者在序言裡提到，他當初動筆，就是想好好談談集會自由。,集會自由,3,25,32,25,79895.8359375,REP-036|zh|hanzi#71#siteB,REP-036|zh|hanzi#71#siteB#k2,2,"Book review genre signals a cultural commentary tone, establishing literary evaluation framing with a Taiwanese publisher introduction.

The phrase ""本書的作者以憲法權利作為主題，他寫書的目的就是宣示自由意志的重要性"" sets up a quoted or paraphrased introduction about the book's premise.

Final sentence ""作者說他的寫作動機是憲法..."" introduces a direct quote or elaboration — expects a claim about the book's topic or argument, likely ""但他卻..."" or ""「釋憲」在台灣..."" or ""而這個概念後來變成..."" or ""然而，確實是關於審判..."" or ""在這個時代的相關行為。""",0.996027,0.007945
REP-037|en|latin#74,REP-037,google/gemma-3-12b-it,Gemma,en,A,S0,N_everyday,the weather,,,representation,C1,core,baseline,"At last week's public forum, the participants spent a good deal of time discussing the weather and shared a range of different views.",the weather,2,27,32,19,71151.375,REP-037|en|latin#74#siteA,REP-037|en|latin#74#siteA#k1,1,"Informational/educational article format signals a practical, local newspaper or community publication tone, with a general interest piece about urban planning.

The phrase ""She began talking about the weather"" introduces a topic transition, establishing a subject observation about the local weather or climate discussion in the article.

Final token ""weather"" ends a topic phrase ""discussing the weather"" — immediately expects a noun phrase like ""in the area"" or ""extreme weather conditions"" or ""and the weather."" or ""during the summer."" or ""—the recent rainfall."" or ""of climate change."" — likely a complaint or anecdote about the city's weather or the weather report example.",0.99696,0.00608
REP-037|en|latin#74,REP-037,google/gemma-3-12b-it,Gemma,en,B,S0,N_everyday,the weather,,,representation,C1,core,baseline,"At last week's public forum, the participants spent a good deal of time discussing the weather and shared a range of different views.",the weather,2,27,32,27,68473.0234375,REP-037|en|latin#74#siteB,REP-037|en|latin#74#siteB#k2,2,"Academic/educational context signals an English language exercise or writing task, establishing a question about opinions on a topic.

The phrase ""There was a wide range of views expressed during the discussion"" introduces a summary statement, implying the text is transitioning toward a pedagogical observation about the diverse opinions on English weather.

Final sentence ""There was a lot of discussion about the weather."" sets up elaboration — likely ""Some people..."" or ""The discussion focused on..."" or ""But what about..."" or ""This statement is true for..."" or ""Several people commented..."" or ""Let's examine the following examples"" or ""There was clearly one common theme or disagreement related to...""",0.995854,0.008293
REP-037|zh|hanzi#73,REP-037,google/gemma-3-12b-it,Gemma,zh,A,S0,N_everyday,the weather,,,representation,C1,core,baseline,在上週的公開座談會上，與會者花了不少時間討論天氣，也各自提出了不同的看法。,天氣,1,24,32,17,67985.4765625,REP-037|zh|hanzi#73#siteA,REP-037|zh|hanzi#73#siteA#k0,0,"Article structure signals a response article format, with informational content about a specific topic—climate change or construction/business/weather impacts.

The phrase ""你可能會開始討論天氣"" introduces a topical question about weather, implying the text is likely quoting or summarizing the article's subject matter.

Final token ""天氣"" ends a topic opener phrase (""討論天氣""), immediately requiring a noun phrase — most likely ""变化"" or ""极端天气"" or ""气候问题。"" — or ""在户外工作，因为最近的讨论总是关于天气"" or ""。这个主题。"" or ""的影响，以及对农业的影响。"" referencing the weather/forecast anecdote or the weather phenomenon.",0.996854,0.006293
REP-037|zh|hanzi#73,REP-037,google/gemma-3-12b-it,Gemma,zh,B,S0,N_everyday,the weather,,,representation,C1,core,baseline,在上週的公開座談會上，與會者花了不少時間討論天氣，也各自提出了不同的看法。,天氣,1,24,32,24,80236.3515625,REP-037|zh|hanzi#73#siteB,REP-037|zh|hanzi#73#siteB#k4,4,"Language/educational context signals a conversational or reflective essay format, establishing a discussion about a meeting or event.

The phrase ""在这次会议中，人们的反应不尽相同"" sets up an introductory narrative about the weather/climate debate discussion, suggesting the text is summarizing diverse opinions or observations.

Final sentence ""会议中，大家都参与了讨论。"" introduces a topic sentence — immediately expects elaboration on the meeting content, likely ""其中有些人认为..."" or ""我来分析一下..."" or ""这个事件的总结是..."" or ""但是有人提到..."" or ""在其中，一位老农提出了..."" or ""其中有关于天气的影响"" referencing the varied participant accounts.",0.996915,0.00617
REP-038|en|latin#76,REP-038,google/gemma-3-12b-it,Gemma,en,A,S0,N_everyday,the weather,,,representation,C2,core,baseline,"In class, the teacher used a few everyday examples to help the students understand the weather.",the weather,2,18,32,17,78819.6484375,REP-038|en|latin#76#siteA,REP-038|en|latin#76#siteA#k3,3,"Educational/informational tone signals a definition or instructional answer about weather, establishing a writing/language-learning context.

The phrase ""Students can learn about the weather"" introduces a topic sentence referencing a subject or reading passage, implying a lesson summary or explanation about a specific weather phenomenon.

Final token ""weather"" ends a noun phrase (""learn about the weather""), immediately requiring a noun phrase continuation — likely ""report"" or ""concept"" — or a topic clause like ""in the air pressure."" or ""by convection."" or ""patterns."" or ""today."" or ""related to atmospheric science"" to indicate the topic of weather forecasting or a specific educational subject.",0.996721,0.006557
REP-038|en|latin#76,REP-038,google/gemma-3-12b-it,Gemma,en,B,S0,N_everyday,the weather,,,representation,C2,core,baseline,"In class, the teacher used a few everyday examples to help the students understand the weather.",the weather,2,18,32,18,70660.875,REP-038|en|latin#76#siteB,REP-038|en|latin#76#siteB#k2,2,"Educational/academic writing context signals a reading comprehension or instructional worksheet, establishing a brief English language lesson about weather vocabulary.

The sentence ""She used the story to teach about weather, using the Weather report as a teaching aid"" sets up a question or example about connecting climate to a pedagogical illustration.

Final token ""weather."" closes a topic introduction phrase (""The teacher used the story to illustrate...""), immediately expecting a question or statement like ""Which of the following examples best illustrates..."" or ""He asked the students to..."" or ""For example, which one was..."" or ""What is the following statement true about?"" or ""She then listed the examples related to seasons.""",0.995583,0.008835
REP-038|zh|hanzi#75,REP-038,google/gemma-3-12b-it,Gemma,zh,A,S0,N_everyday,the weather,,,representation,C2,core,baseline,老師在課堂上舉了幾個生活中的例子，帶著學生一起認識天氣。,天氣,1,18,32,17,70557.8203125,REP-038|zh|hanzi#75#siteA,REP-038|zh|hanzi#75#siteA#k0,0,"Educational content structure: a question-answer format signals a topic introduction about weather, with instructional material on Taiwanese elementary science.

The phrase ""我們可以學到天氣"" establishes a topic sentence, implying a basic knowledge or worksheet topic about observing weather phenomena, likely listing weather types or atmospheric conditions.

Final token ""天氣"" ends a subject noun phrase (""天氣...我們可以學到天氣""), immediately expecting a topic noun or category label like ""的變化"" or ""氣象的知識"" — likely ""天氣圖"" or ""與天氣現象"" or ""的影響"" or ""相關的活動。"" or ""的種類。"" as a pedagogical topic introduction about weather/weather observation.",0.996808,0.006383
REP-038|zh|hanzi#75,REP-038,google/gemma-3-12b-it,Gemma,zh,B,S0,N_everyday,the weather,,,representation,C2,core,baseline,老師在課堂上舉了幾個生活中的例子，帶著學生一起認識天氣。,天氣,1,18,32,18,69601.265625,REP-038|zh|hanzi#75#siteB,REP-038|zh|hanzi#75#siteB#k0,0,"Educational material structure signals a teaching content description, establishing a classroom activity about weather phenomena.

The phrase ""老師在課中引導學生觀察天氣圖，連結天氣與生活經驗。"" sets up a pedagogical context introducing the lesson's teaching content about weather/sensing.

Final sentence ""天氣教學內容是以童話故事為素材。"" introduces a topic statement, immediately expecting elaboration or examples of the learning outcomes — likely ""以下是一些活動"" or ""老師問了..."" or ""例如，..."" or ""這個活動中，學生認識天氣變化..."" or ""後，請問這些內容是否符合..."" or ""在結束後，她發現...""",0.994661,0.010679
REP-039|en|latin#78,REP-039,google/gemma-3-12b-it,Gemma,en,A,S0,N_everyday,the weather,,,representation,C3,core,baseline,"After class, a student stayed behind and went up to ask the teacher about the weather in more detail.",the weather,2,21,32,17,77865.8828125,REP-039|en|latin#78#siteA,REP-039|en|latin#78#siteA#k3,3,"Educational/informational tone: a writing prompt or conversation starter about a student, likely a short essay or discussion topic in English.

The phrase ""She asks her teacher about the weather"" signals a question or observation about a scientific concept, implying a new topic or reading material about the weather/curriculum.

Final token ""weather"" ends a noun phrase (""about the weather""), immediately expecting a topic continuation like ""today"" or a question phrase. Most likely ""forecast"" or ""in the lesson"" or ""outside."" or ""on the previous day."" or ""in the area"" or ""with the rain/storm"" referencing the meteorological context or a teaching example.",0.996881,0.006238
REP-039|en|latin#78,REP-039,google/gemma-3-12b-it,Gemma,en,B,S0,N_everyday,the weather,,,representation,C3,core,baseline,"After class, a student stayed behind and went up to ask the teacher about the weather in more detail.",the weather,2,21,32,21,72597.9453125,REP-039|en|latin#78#siteB,REP-039|en|latin#78#siteB#k4,4,"Educational/storytelling context signals a language learning or English lesson response, suggesting informational or narrative content about a student interaction.

The phrase ""She then asked the student a question about his conversation"" establishes a situation — a teacher visiting a student who inquired about weather/topic, implying a scene or dialogue follows.

Final sentence ""The student then spoke to the teacher about their reading."" introduces a narrative prompt or anecdote, immediately expecting elaboration like ""The teacher was surprised"" or ""The student said..."" or ""He asked..."" or "" "" or ""This was an unexpected topic."" or ""She/he then began discussing..."" — implying the conversation or the curious compliment behavior.",0.996139,0.007722
REP-039|zh|hanzi#77,REP-039,google/gemma-3-12b-it,Gemma,zh,A,S0,N_everyday,the weather,,,representation,C3,core,baseline,有位學生下課後留下來，特地跑去問老師關於天氣的問題。,天氣,1,19,32,17,68573.40625,REP-039|zh|hanzi#77#siteA,REP-039|zh|hanzi#77#siteA#k4,4,"Educational/forum context signals a question-and-answer format, expecting a topic sentence about classroom teaching or a specific subject.

The phrase ""她常常會教學生關於天氣"" introduces a topic phrase, establishing a question about a specific science topic — likely ""weather"" or atmospheric phenomena.

Final token ""天氣"" ends a noun phrase (""關於天氣""), immediately expecting a topic or topic noun — likely ""的變化"" or ""的例子"" or ""氣團"" to complete the subject. Or possibly ""forecast."" or ""的議題"" or ""的影響"" — a question about teaching weather/atmospheric science or a pedagogical reference to the weather textbook.",0.995618,0.008764
REP-039|zh|hanzi#77,REP-039,google/gemma-3-12b-it,Gemma,zh,B,S0,N_everyday,the weather,,,representation,C3,core,baseline,有位學生下課後留下來，特地跑去問老師關於天氣的問題。,天氣,1,19,32,19,71583.171875,REP-039|zh|hanzi#77#siteB,REP-039|zh|hanzi#77#siteB#k2,2,"Educational reading/teaching narrative structure signals a story introduction, establishing a classroom anecdote or Taiwanese student interaction.

The phrase ""學生向老師請教，結果這個學生帶來的答案非常有趣"" sets up a scene about a curious student asking an unusual question involving a school subject.

Final sentence ""他向老師請教。"" functions as a topic sentence opener, immediately expecting elaboration — likely ""老師的反應"" or ""這個行為"" or ""他問的是..."" or ""
這個學生..."" or ""原來是..."" or ""The teacher was surprised... specifically the topic."" or ""他竟然是...learning connection"" referencing the unexpected lesson or the specific unusual outcome.",0.996368,0.007264
REP-040|en|latin#80,REP-040,google/gemma-3-12b-it,Gemma,en,A,S0,N_everyday,the weather,,,representation,C4,core,baseline,"While a few friends were chatting, the conversation eventually turned to the weather, and they debated it with real enthusiasm.",the weather,2,23,32,14,71157.8203125,REP-040|en|latin#80#siteA,REP-040|en|latin#80#siteA#k2,2,"Conversational/lifestyle article format signals a casual, humorous tone — an introductory blog post about gardening or everyday annoyance.

The phrase ""They started talking about the weather"" establishes a topic shift toward a casual observation about the weather, priming a transition to the weather-related conversation or complaint.

Final token ""weather"" ends a topic introduction phrase (""about the weather""), immediately expecting a noun phrase or clause like ""and the forecast"" or ""outside."" — likely ""today."" or ""we've been having."" or ""in our area."" or ""and the gloomy conditions."" or ""during the conversation."" referencing the cold/storm/summer weather phenomenon.",0.997145,0.00571
REP-040|en|latin#80,REP-040,google/gemma-3-12b-it,Gemma,en,B,S0,N_everyday,the weather,,,representation,C4,core,baseline,"While a few friends were chatting, the conversation eventually turned to the weather, and they debated it with real enthusiasm.",the weather,2,23,32,23,78226.2265625,REP-040|en|latin#80#siteB,REP-040|en|latin#80#siteB#k3,3,"Writing/language instructional context signals a literary or observational piece, establishing a narrative vignette about a group discussion or conversation.

The phrase ""The conversation became heated, with the group arguing about the weather"" introduces an anecdote, implying a humorous or reflective narrative about a specific weather anecdote involving a British/American weather observation.

Final sentence ""They debated the weather with great enthusiasm."" sets up an elaboration — likely ""One person said..."" or ""They were..."" or "" "" or ""One of them was a meteorologist"" or ""But then..."" or ""This included..."" or ""There was a clear contrast between..."" or ""One person remarked..."" shifting to the social observation of the discussion.",0.997229,0.005542
REP-040|zh|hanzi#79,REP-040,google/gemma-3-12b-it,Gemma,zh,A,S0,N_everyday,the weather,,,representation,C4,core,baseline,幾個朋友聚在一起聊天時，不知不覺就聊到了天氣，討論得相當熱烈。,天氣,1,21,32,14,68599.4140625,REP-040|zh|hanzi#79#siteA,REP-040|zh|hanzi#79#siteA#k3,3,"Content/topic structure signals a casual Chinese blog format, with a post introduction establishing a relatable conversational tone around a specific topic.

The phrase ""首先，我們來聊一下天氣"" establishes a topic sentence, strongly implying a transition to discussing the weather conversation or weather observation in the Chinese context.

Final token ""天氣"" ends a topic opener (""總是忍不住聊起天氣，接著就會聊到天氣""), requiring a noun phrase completing the subject — likely ""話題"" or ""的變化"" or ""這個夏天都冷"" or ""關於天氣。"". or ""的事情，突然..."" — a topic pivot to the weather/climate or weather forecasting conversation about the forecast.",0.995219,0.009563
REP-040|zh|hanzi#79,REP-040,google/gemma-3-12b-it,Gemma,zh,B,S0,N_everyday,the weather,,,representation,C4,core,baseline,幾個朋友聚在一起聊天時，不知不覺就聊到了天氣，討論得相當熱烈。,天氣,1,21,32,21,84491.6015625,REP-040|zh|hanzi#79#siteB,REP-040|zh|hanzi#79#siteB#k1,1,"Conversational/educational tone signals an anecdotal or humorous article about Taiwanese weather, establishing a social gathering context.

The phrase ""一群人在聊天时，七个人有七种意见"" sets up a narrative observation about the group discussion, implying a casual weather phenomenon or a surprising observation about climate talking.

Final sentence ""一群人开始讨论气象。"" introduces a scene opener — the topic sentence anticipates a reaction or elaboration, likely ""其中一人提到..."" or ""

其中一位..."" or ""这个现象令人好奇"" or ""有人发现..."" or ""大家似乎都成了气象顾问"" or ""其中一人竟是..."" naming the specific comment or classification of the weather activity.",0.996522,0.006957
REP-041|en|latin#82,REP-041,google/gemma-3-12b-it,Gemma,en,A,S0,N_everyday,the weather,,,representation,C5,core,baseline,"While browsing in the library yesterday, I happened to read a passage that discussed the weather at some length.",the weather,2,21,32,17,76298.3359375,REP-041|en|latin#82#siteA,REP-041|en|latin#82#siteA#k4,4,"Educational/encyclopedic or informational tone establishes a reference entry format, suggesting a Q&A or literary/historical discussion response.

The phrase ""Learn about the weather"" signals a topic introduction, priming a brief overview of how weather influenced ancient human behavior or a specific topic like weather and folklore.

Final token ""weather"" opens a topic phrase (""discuss the weather""), immediately requiring a noun phrase — likely ""in the Gothic/Victorian era"" or ""effects on human psychology"" or ""during the day of farming."" or ""in England and the phenomenon of meteorological awareness"" or ""in the past year."" — a subject about weather poetry or weather phenomena.",0.997225,0.00555
REP-041|en|latin#82,REP-041,google/gemma-3-12b-it,Gemma,en,B,S0,N_everyday,the weather,,,representation,C5,core,baseline,"While browsing in the library yesterday, I happened to read a passage that discussed the weather at some length.",the weather,2,21,32,21,82348.359375,REP-041|en|latin#82#siteB,REP-041|en|latin#82#siteB#k3,3,"Conversational blog register established, inviting a literary/reading moment reflection with a curious, wry tone.

The phrase ""I came across a passage in a nonfiction book that described the weather"" signals an anecdote or reaction, priming a modest commentary about the passage or the author's surprise.

Final sentence ""I was reading a passage about the weather."" introduces the immediate reaction — the sentence expects elaboration like ""It was quite interesting"" or ""The author referenced..."" or ""It made me think of..."" or ""Specifically, the passage was describing..."" or ""Not the usual reading or review context."" or ""The phrase triggered a small detail about the scene.""",0.99739,0.00522
REP-041|zh|hanzi#81,REP-041,google/gemma-3-12b-it,Gemma,zh,A,S0,N_everyday,the weather,,,representation,C5,core,baseline,我昨天在圖書館翻書時，剛好讀到一段在講天氣的文字。,天氣,1,20,32,17,67010.8203125,REP-041|zh|hanzi#81#siteA,REP-041|zh|hanzi#81#siteA#k0,0,"Conversational/forum tone established, with a Q&A structure suggesting a casual knowledge-sharing context about weather and Taiwanese agriculture.

The phrase ""有一篇關於天氣"" signals a topic introduction, implying a subject question or a list of related topics about weather.

Final token ""天氣"" opens a topic phrase (""關於天氣...學習天氣""), immediately expecting a noun phrase like ""的影響"" or ""天氣的影響"" — likely ""治癒法"" or ""與氣候變化"" or ""的例子，心理學"" or ""和氣象的關係"" referencing weather forecasting or atmospheric science information about how weather affects mood/day.",0.996194,0.007612
REP-041|zh|hanzi#81,REP-041,google/gemma-3-12b-it,Gemma,zh,B,S0,N_everyday,the weather,,,representation,C5,core,baseline,我昨天在圖書館翻書時，剛好讀到一段在講天氣的文字。,天氣,1,20,32,20,85445.203125,REP-041|zh|hanzi#81#siteB,REP-041|zh|hanzi#81#siteB#k4,4,"Conversational/casual tone signals a Taiwanese blogger post, establishing a personal reaction or sharing experience with a book or reading.

The phrase ""我在閱讀一篇氣象學文章，突然看到一節政府官方說明"" sets up a comment about a specific encounter or memory triggered by the passage.

Final token ""資訊。 "" ends a introductory clause (""我剛在官方說明裡面讀到。""), immediately expecting a narrative continuation like ""裡面說..."" or ""那個內容讓我覺得..."" or ""
我想了一下，原來..."" or ""裡面提到天氣的細節。"" or ""它正好是我的興趣，所以我忍不住..."" referencing the poem or the passage about the writing.",0.996628,0.006745
REP-042|en|latin#84,REP-042,google/gemma-3-12b-it,Gemma,en,A,S0,N_everyday,the weather,,,representation,C6,core,baseline,"In the preface, the author explains that the book grew out of a wish to explore the weather in depth.",the weather,2,22,32,19,69095.078125,REP-042|en|latin#84#siteA,REP-042|en|latin#84#siteA#k2,2,"Encyclopedic/reference book format establishes a formal description of a book or publication, suggesting a bibliographic or literary summary entry.

The phrase ""This book is concerned with the weather"" signals a transition to a topic statement about a specific subject — the relationship between people and the weather, introducing a classic British literary/cultural awareness context.

Final token ""weather"" ends an introductory noun phrase (""studying the weather""), immediately expecting a noun phrase continuation like ""in the countryside"" or ""of story and folklore"" — likely ""experiences of the weather"" or ""as a meteorological phenomenon"" or ""in poetic form"" or ""in various aspects around the British Isles.""",0.997001,0.005998
REP-042|en|latin#84,REP-042,google/gemma-3-12b-it,Gemma,en,B,S0,N_everyday,the weather,,,representation,C6,core,baseline,"In the preface, the author explains that the book grew out of a wish to explore the weather in depth.",the weather,2,22,32,22,71603.4921875,REP-042|en|latin#84#siteB,REP-042|en|latin#84#siteB#k1,1,"Book description format: a bibliographic or review entry establishing context, suggesting a summary or commentary on a nonfiction work about weather phenomena.

The phrase ""The author has set out to write a book inspired by his interest in weather."" signals a formal book introduction, implying a statement about the author's motivations or the book's scope.

Final sentence ""He had set out to explain his interest in weather."" introduces a quoted passage or summary statement — immediately expects elaboration like ""She covers..."" or ""The book is not a technical manual"" or ""This premise leads to..."" or ""But the text moves on to..."" or ""He finds the subject fascinating"" in academic tone.",0.996629,0.006744
REP-042|zh|hanzi#83,REP-042,google/gemma-3-12b-it,Gemma,zh,A,S0,N_everyday,the weather,,,representation,C6,core,baseline,這本書的作者在序言裡提到，他當初動筆，就是想好好談談天氣。,天氣,1,23,32,22,62890.45703125,REP-042|zh|hanzi#83#siteA,REP-042|zh|hanzi#83#siteA#k4,4,"Book/essay introduction establishes a writer sharing personal or intellectual curiosity about weather in Taiwan, signaling an interview or literary context.

The phrase ""我一直想講關於天氣"" signals a lyrical, contemplative passage, priming a philosophical or pedagogical topic about human-weather relationship or the phenomenon of weather.

Final token ""天氣"" ends the subject phrase ""關於天氣，只能聊一下天氣"" — immediately expects a noun complement like ""的事"" or ""天氣的影響"" or ""這個話題。"" or ""。在日常生活中..."" likely completing the sentence about the book's subject, possibly ""的書"" or ""與天氣."" or ""。這個東西。""",0.996044,0.007911
REP-042|zh|hanzi#83,REP-042,google/gemma-3-12b-it,Gemma,zh,B,S0,N_everyday,the weather,,,representation,C6,core,baseline,這本書的作者在序言裡提到，他當初動筆，就是想好好談談天氣。,天氣,1,23,32,23,85059.3984375,REP-042|zh|hanzi#83#siteB,REP-042|zh|hanzi#83#siteB#k1,1,"Literary review register signals: formal, contemplative tone established, introducing a book introduction or reading recommendation about Taiwanese writer Wu.

The phrase ""開頭就用天氣的觀察當主題"" establishes a quoted premise, priming a reading/interpretation of the book.

Final sentence ""他說寫書的動機是『天氣』。"" sets up a direct quotation or elaboration — likely ""但這聽起來簡單"" or ""「天氣」這個概念..."" or ""似乎過於簡單的日常行為"" or ""對我們來說，這真是個天馬行空的說法。"" referencing the surprising claim that the book treats weather as a subject.",0.996726,0.006549
REP-043|en|latin#86,REP-043,google/gemma-3-12b-it,Gemma,en,A,S0,N_everyday,transportation,,,representation,C1,core,baseline,"At last week's public forum, the participants spent a good deal of time discussing transportation and shared a range of different views.",transportation,1,26,32,18,78652.1328125,REP-043|en|latin#86#siteA,REP-043|en|latin#86#siteA#k2,2,"Community newspaper article establishing a factual, local government reporting tone, signaling an opinion/editorial piece about a specific municipal planning issue.

The phrase ""The article focused on transportation"" signals a transition toward introducing the topic of discussion — the meeting's focus on transportation improvements or the city's ongoing debate.

Final token ""transportation"" ends a topic-introduction phrase (""focused on transportation""), immediately expecting elaboration like ""options within the town"" or ""in the area."" Likely ""transportation, particularly the proposed bus system"" or ""in the city."" or ""issues and the need for better infrastructure."" or ""around the town."" — suggesting the discussion of the problem.",0.997962,0.004076
REP-043|en|latin#86,REP-043,google/gemma-3-12b-it,Gemma,en,B,S0,N_everyday,transportation,,,representation,C1,core,baseline,"At last week's public forum, the participants spent a good deal of time discussing transportation and shared a range of different views.",transportation,1,26,32,26,78665.2421875,REP-043|en|latin#86#siteB,REP-043|en|latin#86#siteB#k0,0,"Civic/community communication context signals a news or editorial summary, establishing a meeting report about a local transportation plan for Maine residents.

The phrase ""There was considerable discussion during the meeting"" sets up a transition toward summarizing diverse viewpoints or findings about the proposed plan.

Final sentence ""There was a variety of opinions expressed during the meeting."" introduces a topic sentence — immediately expects elaboration like ""Some people favored..."" or ""The discussion focused on..."" or ""Let's examine..."" or ""There were several specific suggestions..."" or ""One group was concerned with..."" or ""Some agree that the issue of transportation is..."" referencing the survey results or a summary of the debate.",0.997049,0.005903
REP-043|zh|hanzi#85,REP-043,google/gemma-3-12b-it,Gemma,zh,A,S0,N_everyday,transportation,,,representation,C1,core,baseline,在上週的公開座談會上，與會者花了不少時間討論交通，也各自提出了不同的看法。,交通,1,24,32,17,68845.4375,REP-043|zh|hanzi#85#siteA,REP-043|zh|hanzi#85#siteA#k0,0,"Article format signals a policy/opinion piece structure: a news summary about a specific urban planning report, establishing a journalistic tone.

The phrase ""本文的重点是交通"" introduces a topic sentence, priming a discussion about a specific city problem — transportation, urban planning, or the city council study.

Final token ""交通"" ends a topic phrase (""讨论交通""), immediately requiring a noun phrase completing the subject — likely ""问题"" or ""改善计划"" or ""交通的困境。"" or ""在城市中的停车和公共运输。"" or ""政策，特别是针对自行车和步行。"" — a topic phrase referencing the report's subject matter around transportation infrastructure or congestion.",0.997373,0.005254
REP-043|zh|hanzi#85,REP-043,google/gemma-3-12b-it,Gemma,zh,B,S0,N_everyday,transportation,,,representation,C1,core,baseline,在上週的公開座談會上，與會者花了不少時間討論交通，也各自提出了不同的看法。,交通,1,24,32,24,85920.0390625,REP-043|zh|hanzi#85#siteB,REP-043|zh|hanzi#85#siteB#k3,3,"Civic/urban planning commentary format signals a newspaper column introducing a meeting summary or forum report on Taiwan transportation policy.

The phrase ""在會議中，各方參與者都給出了他們的觀點"" establishes an introductory framing, suggesting a reflective or summarizing statement about the day's discussion.

Final token ""意見。 "" ends an opening sentence (""在會議中，許多人皆有出席。""), immediately expecting elaboration — likely ""我認為..."" or ""其中這個議題..."" or ""但是，有人提到..."" or ""以下列出一些從這場會議整理出的..."" or ""在交通規劃的討論中，我注意到..."" referencing the outcome or summary.",0.996565,0.00687
REP-044|en|latin#88,REP-044,google/gemma-3-12b-it,Gemma,en,A,S0,N_everyday,transportation,,,representation,C2,core,baseline,"In class, the teacher used a few everyday examples to help the students understand transportation.",transportation,1,17,32,16,71124.0078125,REP-044|en|latin#88#siteA,REP-044|en|latin#88#siteA#k0,0,"Educational/academic tone: instructional writing answering a question, establishing a student response about network optimization or graphs.

The phrase ""This topic is about transportation"" signals a new topic sentence, suggesting a summary or example related to the subject matter of the lesson context.

Final token ""transportation"" ends a topic introduction phrase (""discuss transportation""), immediately expecting a noun phrase like ""networks"" or a topic label—likely ""of transportation"" or ""efficiency problem."" or ""in geography/physics"" or ""modes of communication."" or ""related to the concept of graphs."" — likely ""by the distance formula"" or ""of the function.""",0.996017,0.007966
REP-044|en|latin#88,REP-044,google/gemma-3-12b-it,Gemma,en,B,S0,N_everyday,transportation,,,representation,C2,core,baseline,"In class, the teacher used a few everyday examples to help the students understand transportation.",transportation,1,17,32,17,72181.5546875,REP-044|en|latin#88#siteB,REP-044|en|latin#88#siteB#k4,4,"Educational instructional material format signals a question or task prompt, establishing informational context about a lesson on transportation/vehicles.

The sentence ""The teacher used a story to illustrate the teaching strategy used to teach transportation."" sets up a reading comprehension or vocabulary exercise, implying the passage is now summarizing or reviewing the topic.

Final token ""transportation."" ends a topic-introduction sentence (""The lesson was used to teach a story...""), immediately expecting elaboration like ""Which of the following examples is most relevant?"" or ""She asked the class to list..."" or ""For example, he mentioned..."" or ""The teacher then gave one example."" or ""Which of these activities relates to...""",0.995498,0.009004
REP-044|zh|hanzi#87,REP-044,google/gemma-3-12b-it,Gemma,zh,A,S0,N_everyday,transportation,,,representation,C2,core,baseline,老師在課堂上舉了幾個生活中的例子，帶著學生一起認識交通。,交通,1,18,32,17,67461.4375,REP-044|zh|hanzi#87#siteA,REP-044|zh|hanzi#87#siteA#k2,2,"Educational resource topic structure: question/answer format signals a worksheet/quiz content description about a specific topic, likely geometry or math.

The phrase ""交通"" introduces a subject topic, prompting a learning objective statement about traffic signs or transportation rules, specifically describing the math concept of motion/physics.

Final token ""交通"" opens a noun phrase (""交通...介紹交通...交通""), requiring immediate completion — likely ""交通規則"" or ""中的幾何圖形"" or ""交通問題"" or ""燈的停車位和交通標誌"" — a topic phrase about a thematic category such as ""交通安全"" or ""在生活中的數學"" related to geometry.",0.995899,0.008201
REP-044|zh|hanzi#87,REP-044,google/gemma-3-12b-it,Gemma,zh,B,S0,N_everyday,transportation,,,representation,C2,core,baseline,老師在課堂上舉了幾個生活中的例子，帶著學生一起認識交通。,交通,1,18,32,18,65726.5234375,REP-044|zh|hanzi#87#siteB,REP-044|zh|hanzi#87#siteB#k3,3,"Educational material format signals a teaching/activity description, establishing instructional content about transportation safety and children's learning.

The phrase ""課文中介紹交通工具，讓學生觀察周遭環境。"" sets context — a topic introduction about traffic observation and transportation teaching, implying a lesson summary or theme.

Final token ""環境。"": ends a declarative sentence (""交通教學內容。"") suggesting an elaboration or question prompt — likely ""老師問了..."" or ""以下列出的內容包括..."" or ""交通活動中，..."" or ""例如：討論了..."" or ""這個教材中，學生對交通的認識..."" or ""討論後，包括交通規則等。""",0.994547,0.010907
REP-045|en|latin#90,REP-045,google/gemma-3-12b-it,Gemma,en,A,S0,N_everyday,transportation,,,representation,C3,core,baseline,"After class, a student stayed behind and went up to ask the teacher about transportation in more detail.",transportation,1,20,32,16,78230.953125,REP-045|en|latin#90#siteA,REP-045|en|latin#90#siteA#k0,0,"Academic/narrative writing tone established, with a student seeking information or advice about a character or story.

The sentence ""She was asking about transportation"" signals a short informational or brainstorming question, implying a hypothetical scenario about a student needing guidance on a topic related to school/city.

Final token ""transportation"" ends a topic sentence fragment (""She was asking about transportation""), immediately requiring a noun phrase or question continuation like ""to the school"" or ""options after the event"" or ""back home."" Or ""because the schedule was..."" or ""to the location of the class."" or ""details...the problem of getting there"" referencing the missing bus or commute.",0.997246,0.005509
REP-045|en|latin#90,REP-045,google/gemma-3-12b-it,Gemma,en,B,S0,N_everyday,transportation,,,representation,C3,core,baseline,"After class, a student stayed behind and went up to ask the teacher about transportation in more detail.",transportation,1,20,32,20,72075.90625,REP-045|en|latin#90#siteB,REP-045|en|latin#90#siteB#k4,4,"Educational/basic writing tone signals a narrative or instructional passage, establishing a story about a student seeking help or clarification.

The phrase ""The student then approached the teacher to ask for more information"" introduces a scenario or summary statement, implying a student interaction or dialogue about the student's kindness toward their classmate.

Final sentence ""The student then sought a conversation with the teacher."" sets up a topic transition — likely ""The teacher said..."" or ""He/She then inquired..."" or ""The student was..."" or "" "" or ""The teacher responded favorably"" or ""This included the following detail:"" or ""After the conversation, the student...was eager to know.""",0.996086,0.007828
REP-045|zh|hanzi#89,REP-045,google/gemma-3-12b-it,Gemma,zh,A,S0,N_everyday,transportation,,,representation,C3,core,baseline,有位學生下課後留下來，特地跑去問老師關於交通的問題。,交通,1,19,32,17,61116.84765625,REP-045|zh|hanzi#89#siteA,REP-045|zh|hanzi#89#siteA#k4,4,"Question-answer forum format establishes a trivia/educational context, expecting a homework/discussion topic response involving mathematics or Taiwanese language.

The phrase ""請問老師，關於交通"" signals a topic statement about a subject, likely referencing a math/physics question or classroom lesson about traffic laws or geometric concepts.

Final token ""交通"" opens a topic noun phrase (""關於交通...交通""), immediately requiring a noun completion — likely ""交通的幾何"" or ""安全法則的數學問題"" or ""的跨校巴士"" — or ""議題的交通城"" or ""方程式的交通死亡與停車"" naming the subject matter, likely a textbook or road/geometry topic.",0.994997,0.010007
REP-045|zh|hanzi#89,REP-045,google/gemma-3-12b-it,Gemma,zh,B,S0,N_everyday,transportation,,,representation,C3,core,baseline,有位學生下課後留下來，特地跑去問老師關於交通的問題。,交通,1,19,32,19,71538.359375,REP-045|zh|hanzi#89#siteB,REP-045|zh|hanzi#89#siteB#k0,0,"Educational/narrative tone signals a teaching story or Taiwanese student news report, introducing a classroom incident involving a student seeking help.

The phrase ""這位學生竟然向老師請教，他的問題是針對交通安全"" establishes a story premise, implying the boys' question is relevant or surprising.

Final sentence ""向老師請教。"" opens a narrative observation statement — immediately expects elaboration like ""老師很好奇"" or ""這個學生..."" or ""他問的內容是..."" or ""
這個行為真是令人佩服。"" or ""這位學生做了以下的事情"" — likely the specific behavior/outcome revealed, naming the topic or praising the student's unexpected request.",0.996561,0.006878
REP-046|en|latin#92,REP-046,google/gemma-3-12b-it,Gemma,en,A,S0,N_everyday,transportation,,,representation,C4,core,baseline,"While a few friends were chatting, the conversation eventually turned to transportation, and they debated it with real enthusiasm.",transportation,1,22,32,13,76629.328125,REP-046|en|latin#92#siteA,REP-046|en|latin#92#siteA#k0,0,"Blog/column format signals a conversational, humorous tone established with a personal anecdote about urban living and daily life.

The phrase ""The topic today is transportation"" introduces a new post, suggesting a shift toward discussing the subject of transportation or commuting, likely a reflective or opinion piece about urban mobility.

Final token ""transportation"" ends a topic-introduction phrase (""The conversation turned toward transportation""), immediately requiring a noun phrase continuation — likely ""to work"" or ""options..."" or ""in the city."" or ""and the ridiculousness of the electric scooter."" or ""during their trip."" or ""of their city."" — a topic pivot connecting to the conversation.",0.997605,0.00479
REP-046|en|latin#92,REP-046,google/gemma-3-12b-it,Gemma,en,B,S0,N_everyday,transportation,,,representation,C4,core,baseline,"While a few friends were chatting, the conversation eventually turned to transportation, and they debated it with real enthusiasm.",transportation,1,22,32,22,80256.734375,REP-046|en|latin#92#siteB,REP-046|en|latin#92#siteB#k3,3,"Writing guide context signals a narrative summary or story vignette, establishing a literary/cultural awareness piece blending casual conversation about transportation discussion.

The phrase ""The conversation lasted quite long, with the group debating their ideas"" suggests an introductory anecdote or scene, implying a broader reflection on the topic of transportation or a disagreement among friends.

Final sentence ""They spent a lot of time discussing it."" introduces a scene transition—likely ""One person was..."" or ""They included..."" or ""The debate covered..."" or ""One of them, Sam..."" or ""“Here's what I found interesting…"" or ""But the following was the opinion of one person."" — a contrast or commentary.",0.997283,0.005434
REP-046|zh|hanzi#91,REP-046,google/gemma-3-12b-it,Gemma,zh,A,S0,N_everyday,transportation,,,representation,C4,core,baseline,幾個朋友聚在一起聊天時，不知不覺就聊到了交通，討論得相當熱烈。,交通,1,21,32,14,68474.515625,REP-046|zh|hanzi#91#siteA,REP-046|zh|hanzi#91#siteA#k4,4,"Content/topic structure signals a lifestyle/article format, with a casual Taiwanese user introducing a social media or forum post about an everyday topic.

The phrase ""今天我们来聊一下交通"" establishes a topic introduction, implying a personal anecdote or Chinese netizens discussion about parking, traffic, or navigation app.

Final token ""交通"" ends a topic phrase (""聊一下交通""), immediately expecting a noun phrase continuation like ""问题"" or ""出行的方式"" — likely ""交通罚单"" or ""关于停车的状况"" or ""相关法律，尤其是关于停车的。"" or ""的城市生活。"" — a topic about the transportation/travel subject matter of the Taipei post.",0.996462,0.007076
REP-046|zh|hanzi#91,REP-046,google/gemma-3-12b-it,Gemma,zh,B,S0,N_everyday,transportation,,,representation,C4,core,baseline,幾個朋友聚在一起聊天時，不知不覺就聊到了交通，討論得相當熱烈。,交通,1,21,32,21,86032.71875,REP-046|zh|hanzi#91#siteB,REP-046|zh|hanzi#91#siteB#k0,0,"Conversational/forum tone signals a casual blog-style narrative introducing a Taiwan dinner gathering, establishing a group discussion context.

The phrase ""九位朋友聚在一起，讨论修车心得"" sets up an anecdotal or observational account, implying a topic switch to the group's discussion or arguments.

Final token ""朋友们。"" ends a topic-introduction sentence (""当时在聊天时…"") — immediately expects elaboration like ""其中有人提到…"" or ""

大家都认为…"" or ""我的同事小明..."" or ""其中一位讨论..."" or ""原來這個話題涵盖了各种观点"" or ""大家都涉及汽车维修，所以..."" listing the specific observations or outcome.",0.996675,0.00665
REP-047|en|latin#94,REP-047,google/gemma-3-12b-it,Gemma,en,A,S0,N_everyday,transportation,,,representation,C5,core,baseline,"While browsing in the library yesterday, I happened to read a passage that discussed transportation at some length.",transportation,1,20,32,16,72073.5234375,REP-047|en|latin#94#siteA,REP-047|en|latin#94#siteA#k1,1,"Academic/educational tone signals a post answering a question about urban planning or historical/cultural topic, establishing informational tone.

The phrase ""This post will discuss transportation"" introduces a topic shift toward a paper or reflection question, suggesting a new or broad discussion about the history of urban planning.

Final token ""transportation"" opens a topic-introduction phrase (""discuss transportation""), immediately expecting a noun phrase like ""in the preindustrial era"" or ""challenges of the past"" or ""of cities in relation to the Boston Tea Party."" Or likely ""design in the past"" or ""mobility as a metaphor"" or ""in cities and the infographic..."" referencing a specific historical example.",0.997201,0.005597
REP-047|en|latin#94,REP-047,google/gemma-3-12b-it,Gemma,en,B,S0,N_everyday,transportation,,,representation,C5,core,baseline,"While browsing in the library yesterday, I happened to read a passage that discussed transportation at some length.",transportation,1,20,32,20,83404.2265625,REP-047|en|latin#94#siteB,REP-047|en|latin#94#siteB#k1,1,"Educational/blog register established: casual, reflective tone signals a personal anecdote about reading or a book encounter.

The phrase ""I was reading a passage about urban planning in a newspaper article"" sets up a narrative pivot — a discovery or reaction to the passage triggered a sudden thought.

Final token ""planning."" ends a introductory clause (""I came across a section that caught my attention.""), immediately expecting elaboration — likely ""It made me think of..."" or ""The text referenced..."" or ""Specifically, it was about..."" or ""I was surprised by the passage."" or ""It reminded me of the following excerpt"" or ""The discussion was relevant to the legal/historical context.""",0.997539,0.004922
REP-047|zh|hanzi#93,REP-047,google/gemma-3-12b-it,Gemma,zh,A,S0,N_everyday,transportation,,,representation,C5,core,baseline,我昨天在圖書館翻書時，剛好讀到一段在講交通的文字。,交通,1,20,32,17,64815.96875,REP-047|zh|hanzi#93#siteA,REP-047|zh|hanzi#93#siteA#k4,4,"Forum/Q&A format established, with a casual tone suggesting a conversational post about a Taiwanese urban/lifestyle topic.

The phrase ""我想问一下交通"" signals a topic introduction, implying the answer will discuss a specific subject the user is interested in — transportation or road efficiency.

Final token ""交通"" opens a topic label phrase (""交通...介绍交通""), immediately requiring a noun phrase — likely ""安全"" or ""停车的定律"" or ""城市规划的经验"" — or a topic continuation like ""中的停车问题"" or ""事故的几何学"" or ""的艺术与人体工程学，关于交通律的..."" referencing the book or guide.",0.996221,0.007558
REP-047|zh|hanzi#93,REP-047,google/gemma-3-12b-it,Gemma,zh,B,S0,N_everyday,transportation,,,representation,C5,core,baseline,我昨天在圖書館翻書時，剛好讀到一段在講交通的文字。,交通,1,20,32,20,86995.90625,REP-047|zh|hanzi#93#siteB,REP-047|zh|hanzi#93#siteB#k4,4,"Conversational blog/forum style established, with a casual tone introducing a personal reading experience or reflection.

The phrase ""我在讀一篇交通法律相關的文章，突然在官方文件中看到一段交通管理說明"" signals an anecdote about a personal encounter with a book or article, likely prompting a recollection or finding.

Final token ""專業。"": ends a declarative sentence fragment (""我在看政府公文裡面，正好有提到交通議題。""), immediately expecting a reaction or thought — likely ""裡面說..."" or ""我想了一下"" or ""那個內容讓我驚訝的是..."" or ""其中提到..."" or ""正好是關於讀書的相關內容"" referencing the book's content.",0.996881,0.006237
REP-048|en|latin#96,REP-048,google/gemma-3-12b-it,Gemma,en,A,S0,N_everyday,transportation,,,representation,C6,core,baseline,"In the preface, the author explains that the book grew out of a wish to explore transportation in depth.",transportation,1,21,32,18,73529.2578125,REP-048|en|latin#96#siteA,REP-048|en|latin#96#siteA#k1,1,"Academic/historical writing establishing a bibliographic or book description context, suggesting a scholarly or educational tone focused on urban/transportation themes.

The phrase ""This book explores transportation"" signals a formal introduction to the topic, likely summarizing a book or essay on the subject of transportation history or design.

Final token ""transportation"" ends a topic sentence opener (""focuses on transportation""), immediately demanding a noun phrase — likely ""in Detroit"" or ""history of everyday life"" or ""as a metaphor for..."" or ""planning systems in the context of..."" or ""in the past from the perspective of..."" or ""by ordinary people, specifically..."" relating to the book's subject.",0.997676,0.004647
REP-048|en|latin#96,REP-048,google/gemma-3-12b-it,Gemma,en,B,S0,N_everyday,transportation,,,representation,C6,core,baseline,"In the preface, the author explains that the book grew out of a wish to explore transportation in depth.",transportation,1,21,32,21,73150.2109375,REP-048|en|latin#96#siteB,REP-048|en|latin#96#siteB#k2,2,"Academic book review format signals a bibliographic/descriptive summary, establishing context for a nonfiction work on transportation history.

The phrase ""The author states his intent was to write a book inspired by his interest in transportation"" sets up a book description or review opening, suggesting a summary or evaluation statement.

Final sentence ""The author set out to explain the subject of transportation."" introduces a quoted passage introduction — immediately expects elaboration like ""She covers..."" or ""The book explores..."" or ""He begins by..."" or ""The first section..."" or ""This claim is fulfilled in detail."" or ""But the book moves beyond..."" or ""Transportation history is the central topic.""",0.996366,0.007268
REP-048|zh|hanzi#95,REP-048,google/gemma-3-12b-it,Gemma,zh,A,S0,N_everyday,transportation,,,representation,C6,core,baseline,這本書的作者在序言裡提到，他當初動筆，就是想好好談談交通。,交通,1,23,32,22,63830.26953125,REP-048|zh|hanzi#95#siteA,REP-048|zh|hanzi#95#siteA#k3,3,"Academic/cultural editorial tone signals a blog-style introduction, establishing context about urban design or urban planning topic in Taiwan.

The phrase ""我想這個节目是关于交通"" sets up a direct topic statement referencing the book title ""交通之美，重新思考交通,"" implying a conversation about urban planning or transportation.

Final token ""交通"" ends a subject noun phrase (""我谈谈交通""), immediately demanding a noun complement — likely ""问题"" or ""交通的城市规划设计"" or ""这件事。"" or ""在台北的停车经验。"" or ""行为，让人们更不舒服。"" — a topic statement about the book/essay theme of urban mobility or the guidebook.",0.996376,0.007249
REP-048|zh|hanzi#95,REP-048,google/gemma-3-12b-it,Gemma,zh,B,S0,N_everyday,transportation,,,representation,C6,core,baseline,這本書的作者在序言裡提到，他當初動筆，就是想好好談談交通。,交通,1,23,32,23,81422.71875,REP-048|zh|hanzi#95#siteB,REP-048|zh|hanzi#95#siteB#k0,0,"Book review genre conventions: introduction of a reading or writing critique, establishing a Taiwan academic or cultural context with a book introduction.

The phrase ""他開頭就以交通為主題，他更說這本書的用意就是教導交通管理。"" signals a quoted or summarized premise about the book.

Final sentence ""主題正是交通的書寫。"" sets up an immediate elaboration — likely ""但他卻認為..."" or ""這個說法讓人有點意外"" or ""從交通這個題材到城市規劃的細節"" or ""「交通」不僅只是生活指南。"" or ""因為他真的寫了這麼多，而這個前提..."" — a surprising claim.",0.996587,0.006825
REP-049|en|latin#98,REP-049,google/gemma-3-12b-it,Gemma,en,A,S0,N_everyday,cooking,,,representation,C1,ext,baseline,"At last week's public forum, the participants spent a good deal of time discussing cooking and shared a range of different views.",cooking,1,26,32,18,72028.9453125,REP-049|en|latin#98#siteA,REP-049|en|latin#98#siteA#k0,0,"Document/report structure signals an informational or opinion piece about food insecurity, establishing context around a community survey topic.

The phrase ""The focus of the article is cooking"" introduces a topic sentence, suggesting a specific subject or question about cooking, likely a social/cultural issue related to food and household cooking.

Final token ""cooking"" opens a topic sentence (""discussing cooking""), immediately expecting a noun phrase or topic continuation — likely ""food for families"" or ""in the home."" or ""recipes."" or ""at the community center."" or ""in cooking."" or ""the cooking debate, with concerns about..."" or ""more."" given the subject of food/household appliances.",0.99687,0.00626
REP-049|en|latin#98,REP-049,google/gemma-3-12b-it,Gemma,en,B,S0,N_everyday,cooking,,,representation,C1,ext,baseline,"At last week's public forum, the participants spent a good deal of time discussing cooking and shared a range of different views.",cooking,1,26,32,26,73570.9375,REP-049|en|latin#98#siteB,REP-049|en|latin#98#siteB#k1,1,"Educational/academic tone signals a language-learning or cultural discussion prompt, establishing a question-and-answer format about a topic.

The phrase ""There was much discussion during the event"" introduces a summary statement about the diverse opinions or experiences on food/eating, suggesting a narrative or example is forthcoming.

Final sentence ""There was much discussion about the topic."" opens a topic overview clause — immediately expects elaboration like ""Some people felt..."" or ""The discussion centered on..."" or ""Among these opinions..."" or ""Let's now consider..."" or ""One person mentioned..."" or ""This comparison is irrelevant"" or ""There were various views on the topic of food.""",0.99664,0.00672
REP-049|zh|hanzi#97,REP-049,google/gemma-3-12b-it,Gemma,zh,A,S0,N_everyday,cooking,,,representation,C1,ext,baseline,在上週的公開座談會上，與會者花了不少時間討論烹飪，也各自提出了不同的看法。,烹飪,2,25,32,18,67830.3828125,REP-049|zh|hanzi#97#siteA,REP-049|zh|hanzi#97#siteA#k3,3,"Article/content structure signals a factual or academic exhibit description, establishing informational tone about the food/cooking industry in the US.

The phrase ""您正在討論烹飪"" introduces a topic statement about cooking, suggesting the text is exploring a specific research or social issue related to culinary/cooking expertise.

Final token ""烹飪"" ends a noun phrase (""討論烹飪""), immediately requiring a topic continuation — likely ""在健康飲食中的角色"" or ""技能的影響"" or ""烹飪的食物領域。"" or ""app中的烹飪體驗。"" or ""和壓力烹飪的挑戰"" — the subject matter framing an argument about the culinary industry or consumer behavior.",0.997398,0.005203
REP-049|zh|hanzi#97,REP-049,google/gemma-3-12b-it,Gemma,zh,B,S0,N_everyday,cooking,,,representation,C1,ext,baseline,在上週的公開座談會上，與會者花了不少時間討論烹飪，也各自提出了不同的看法。,烹飪,2,25,32,25,82819.9453125,REP-049|zh|hanzi#97#siteB,REP-049|zh|hanzi#97#siteB#k2,2,"Academic/lifestyle writing tone signals a conversational, reflective post about a Chinese dining event, establishing context of a food/cultural discussion.

The phrase ""在这次研讨会上，大家各抒己见"" sets up an introductory narrative about the group discussion, implying a summary or anecdote about the varied opinions on culinary exchange.

Final sentence ""在这次研讨会上，各人都有发表观点。"" opens a topic sentence — expects elaboration like ""其中有人认为..."" or ""我来整理这些讨论"" or ""但是这场烹饪体验令人惊叹"" or ""下面有些评论涉及..."" or ""其中一位老师似乎被认定为..."" referencing the food/outcome.",0.996858,0.006284
REP-050|en|latin#100,REP-050,google/gemma-3-12b-it,Gemma,en,A,S0,N_everyday,cooking,,,representation,C2,ext,baseline,"In class, the teacher used a few everyday examples to help the students understand cooking.",cooking,1,17,32,16,75139.015625,REP-050|en|latin#100#siteA,REP-050|en|latin#100#siteA#k2,2,"Academic/educational content structure signals a text-based response about a topic, establishing a factual or informational tone around cooking/science.

The phrase ""This article is about understanding cooking"" introduces a question or topic statement, suggesting the sentence will explain the educational context of cooking terms or scientific principles.

Final token ""cooking"" ends a subject noun phrase (""explaining cooking""), immediately requiring a noun phrase completion — likely ""temperature"" or ""techniques"" or ""recipes"" — or a verb phrase like ""with heat."" or ""cooking time"" or ""a basic cooking concept..."" or ""by the recipe."" continuing the topic of kitchen chemistry or applying the cooking/food preparation.",0.996777,0.006447
REP-050|en|latin#100,REP-050,google/gemma-3-12b-it,Gemma,en,B,S0,N_everyday,cooking,,,representation,C2,ext,baseline,"In class, the teacher used a few everyday examples to help the students understand cooking.",cooking,1,17,32,17,67052.0078125,REP-050|en|latin#100#siteB,REP-050|en|latin#100#siteB#k3,3,"Educational reference material format: informational text about a language learning topic, suggesting a question or vocabulary exercise follows.

The sentence ""She used cooking to illustrate her teaching experience"" signals a comprehension question or summary statement, implying a topic sentence or example about the lesson's context.

Final sentence ""The writer used a story to teach cooking techniques."" sets up a question prompt or statement, likely ""Which of the following examples is best?"" or ""For example, she..."" or ""The teacher mentioned these..."" or ""She used one of the following as an analogy"" or ""Which statement is not relevant?"" or ""They were examples of context applied to the lesson.""",0.99458,0.010839
REP-050|zh|hanzi#99,REP-050,google/gemma-3-12b-it,Gemma,zh,A,S0,N_everyday,cooking,,,representation,C2,ext,baseline,老師在課堂上舉了幾個生活中的例子，帶著學生一起認識烹飪。,烹飪,2,19,32,18,73070.234375,REP-050|zh|hanzi#99#siteA,REP-050|zh|hanzi#99#siteA#k0,0,"Educational/academic webpage format: content introduces a topic or question about a Chinese learning resource, suggesting a worksheet or textbook description.

The phrase ""這篇關於烹飪"" signals a topic sentence establishing the subject matter, implying a text about the math/science application of cooking in Taiwanese cooking.

Final token ""烹飪"" ends a noun phrase (""了解烹飪""), immediately expecting a continuation like ""中的數學"" or ""技巧、烹飪過程"" — likely ""中的溫度、時間等"" or ""時的食物安全"" or ""在烹飪中涉及的數學。"" or ""這個主題的應用"" referencing the cookbook/recipe or cooking activity context.",0.996791,0.006419
REP-050|zh|hanzi#99,REP-050,google/gemma-3-12b-it,Gemma,zh,B,S0,N_everyday,cooking,,,representation,C2,ext,baseline,老師在課堂上舉了幾個生活中的例子，帶著學生一起認識烹飪。,烹飪,2,19,32,19,71096.0390625,REP-050|zh|hanzi#99#siteB,REP-050|zh|hanzi#99#siteB#k2,2,"Educational content/teaching material format signals an instructional description, suggesting a classroom activity or lesson introduction about food/cooking.

The sentence ""在課中老師以生活經驗為引導，將食物與五感知識連結。"" establishes a topic sentence about teaching cooking/sensory learning to elementary students.

Final sentence ""老師在課中示範了烹調過程。 "" sets up a pedagogical framing — expects elaboration like ""例如..."" or ""老師接著..."" or ""烹飪課程中，他發現..."" or ""這個活動包含..."" or ""下列內容提到..."" or ""在討論中，學生對生活中的食物..."" highlighting the lesson outcome or surprising learning.",0.995002,0.009997
REP-051|en|latin#102,REP-051,google/gemma-3-12b-it,Gemma,en,A,S0,N_everyday,cooking,,,representation,C3,ext,baseline,"After class, a student stayed behind and went up to ask the teacher about cooking in more detail.",cooking,1,20,32,16,74051.9453125,REP-051|en|latin#102#siteA,REP-051|en|latin#102#siteA#k0,0,"AI/chatbot profile format established, with informational text explaining a character or student seeking help.

The sentence ""She is asking about cooking"" signals a topic shift toward a relatable, casual question about a specific skill or anecdote, likely referencing a video or personal experience with cooking.

Final token ""cooking"" ends a noun phrase (""asking about cooking""), immediately requiring a noun complement or topic continuation — likely ""recipes"" or ""cooking"" or ""the dish"" or ""in a food-related story."" or ""tips"" or ""during her internship."" or ""with the character."" — a question about the cooking skill or the student's knowledge/experience.",0.997231,0.005538
REP-051|en|latin#102,REP-051,google/gemma-3-12b-it,Gemma,en,B,S0,N_everyday,cooking,,,representation,C3,ext,baseline,"After class, a student stayed behind and went up to ask the teacher about cooking in more detail.",cooking,1,20,32,20,76186.5,REP-051|en|latin#102#siteB,REP-051|en|latin#102#siteB#k3,3,"Educational/narrative tone establishes a short informational or creative writing prompt, suggesting a student seeking more class context.

The phrase ""A student then asked the teacher for a tutoring session."" signals a story introduction or anecdote, implying a scene or dialogue about a student interested in a subject beyond the lesson.

Final sentence ""The student then asked the teacher to talk about their reading."" sets up a narrative pivot — likely ""The teacher responded..."" or "" "" or ""The student was curious about..."" or ""This included the following topic"" or ""The teacher was impressed by the student's behavior."" or ""The conversation was surprisingly detailed"" referencing the student's specific interest.",0.996492,0.007017
REP-051|zh|hanzi#101,REP-051,google/gemma-3-12b-it,Gemma,zh,A,S0,N_everyday,cooking,,,representation,C3,ext,baseline,有位學生下課後留下來，特地跑去問老師關於烹飪的問題。,烹飪,2,20,32,18,71967.90625,REP-051|zh|hanzi#101#siteA,REP-051|zh|hanzi#101#siteA#k4,4,"Conversational/forum post structure: a user is seeking help, establishing a humorous, informal tone with a student asking about a topic.

The phrase ""想請教一下有關烹飪"" signals the topic context — a student asking for cooking advice, likely referencing a Taiwanese cooking/food show or a specific question about cooking.

Final token ""烹飪"" ends a noun phrase (""對烹飪...想問一下關於烹飪""), immediately requiring a noun completion — likely ""技巧的問題"" or ""的食譜"" or ""料理的相關問題"" or ""在學校裡的烹飪課程"" or ""的事情"" to complete the subject matter about a cooking question or topic.",0.995607,0.008787
REP-051|zh|hanzi#101,REP-051,google/gemma-3-12b-it,Gemma,zh,B,S0,N_everyday,cooking,,,representation,C3,ext,baseline,有位學生下課後留下來，特地跑去問老師關於烹飪的問題。,烹飪,2,20,32,20,73095.2734375,REP-051|zh|hanzi#101#siteB,REP-051|zh|hanzi#101#siteB#k1,1,"Educational/news article format signals a narrative setup: a classroom anecdote introducing a Taiwanese student seeking guidance.

The phrase ""學生在下課後向老師請教，結果學生帶來的物品"" establishes a story about an unexpected or surprising interaction, implying the teacher is a teacher who uses chemistry/life skill reading.

Final sentence ""他向老師請教。"" ends a scene introduction — strongly expects a reaction or elaboration like ""老師發現..."" or ""這個行為讓老師感到好奇"" or ""他竟然是..."" or ""
The topic detail."" or ""這位學生做的事，原來是..."" or ""「這個行為」是正常的教室活動"" citing the surprising answer.",0.996578,0.006845
REP-052|en|latin#104,REP-052,google/gemma-3-12b-it,Gemma,en,A,S0,N_everyday,cooking,,,representation,C4,ext,baseline,"While a few friends were chatting, the conversation eventually turned to cooking, and they debated it with real enthusiasm.",cooking,1,22,32,13,78190.609375,REP-052|en|latin#104#siteA,REP-052|en|latin#104#siteA#k1,1,"Conversational/lifestyle blog format signals a humorous, relatable post introducing a food/cooking topic about a specific group.

The phrase ""The topic of cooking came up, naturally when discussing cooking"" establishes a narrative shift toward a humorous observation about shared domestic interests or memories.

Final token ""cooking"" ends a topic sentence (""talking about cooking""), immediately expecting a subject or topic elaboration — likely ""their favorite dishes"" or ""cooking failures"" or ""and..."". Or ""and the podcast."" or ""new recipe/skill"" or ""among friends."" or ""their cooking. So, what do they know?"" — a confession or anecdote about cooking ability or opinions.",0.997727,0.004547
REP-052|en|latin#104,REP-052,google/gemma-3-12b-it,Gemma,en,B,S0,N_everyday,cooking,,,representation,C4,ext,baseline,"While a few friends were chatting, the conversation eventually turned to cooking, and they debated it with real enthusiasm.",cooking,1,22,32,22,81790.375,REP-052|en|latin#104#siteB,REP-052|en|latin#104#siteB#k1,1,"Literary/narrative register: a short cultural writing piece establishing an anecdote about a group of people discussing food and cooking.

The phrase ""The conversation had been lively, with everyone arguing passionately"" signals a shift toward a narrative reflection or scene summary, implying an observation about the discussion participants.

Final sentence ""They began discussing the topic, each sharing their expertise."" introduces a narrative pivot — likely ""One person said..."" or ""Among them was..."" or ""The debate centered on..."" or "" ""Lisa"" or ""But then one of them confessed..."" or ""They were discussing cooking/food vs. the hobby."" or ""One person ended up calling it...""",0.997278,0.005445
REP-052|zh|hanzi#103,REP-052,google/gemma-3-12b-it,Gemma,zh,A,S0,N_everyday,cooking,,,representation,C4,ext,baseline,幾個朋友聚在一起聊天時，不知不覺就聊到了烹飪，討論得相當熱烈。,烹飪,2,22,32,15,77251.265625,REP-052|zh|hanzi#103#siteA,REP-052|zh|hanzi#103#siteA#k2,2,"Content/lifestyle article structure signals a casual conversational tone, establishing a recommendation or sharing moment about a Chinese cooking topic.

The phrase ""今天我們來聊一下烹飪"" sets up the topic introduction, suggesting a blog/chat post about a new culinary topic, likely the conversation around cooking.

Final token ""烹飪"" ends a topic phrase (""聊起烹飪...聊起烹飪""), requiring a noun phrase continuation — likely ""的話題"" or ""料理"" or ""在廚房裡。"" or ""這個話題，突然覺得..."" or ""、關於烹飪。"" — the subject pivoting to the conversation about cooking, possibly referencing the cooking show or food.",0.995368,0.009263
REP-052|zh|hanzi#103,REP-052,google/gemma-3-12b-it,Gemma,zh,B,S0,N_everyday,cooking,,,representation,C4,ext,baseline,幾個朋友聚在一起聊天時，不知不覺就聊到了烹飪，討論得相當熱烈。,烹飪,2,22,32,22,88650.21875,REP-052|zh|hanzi#103#siteB,REP-052|zh|hanzi#103#siteB#k2,2,"Conversational/lifestyle post format signals a casual Taiwan-food blog narrative, establishing a small group gathering context with friends.

The phrase ""大家在聊天中讨论起美食，这场饭局的对话大受好评"" sets up a narrative pivot toward introducing the group's wine tasting experience.

Final token ""。 "" ends a topic sentence opener (""一群朋友聚在一起...""), immediately expecting elaboration — likely ""其中有人..."" or ""其中一位成员提到..."" or ""我发现..."" or ""大家后来发现..."" or ""其中一位的..."" or ""其中一位人居然是美食鉴赏家"" or ""于是这场讨论变成了..."" referencing the surprising collective sharing.",0.996505,0.006992
REP-053|en|latin#106,REP-053,google/gemma-3-12b-it,Gemma,en,A,S0,N_everyday,cooking,,,representation,C5,ext,baseline,"While browsing in the library yesterday, I happened to read a passage that discussed cooking at some length.",cooking,1,20,32,16,77202.71875,REP-053|en|latin#106#siteA,REP-053|en|latin#106#siteA#k3,3,"Informational/academic tone signals a Q&A or cultural/food writing format, establishing a discussion about cooking and domestic knowledge.

The phrase ""The topic of cooking"" introduces a new topic sentence, likely exploring the historical or practical significance of cooking in culinary literature.

Final token ""cooking"" opens a topic sentence (""There is something interesting about cooking""), immediately expecting a noun phrase — likely ""with herbs"" or ""in the past"" or ""as a means of preserving nourishment"" or ""fish dishes."" or ""with the cookbook as a stress/emotional indicator"" or ""in a specific cooking technique or category."" referencing the food chemistry or culinary context.",0.997167,0.005667
REP-053|en|latin#106,REP-053,google/gemma-3-12b-it,Gemma,en,B,S0,N_everyday,cooking,,,representation,C5,ext,baseline,"While browsing in the library yesterday, I happened to read a passage that discussed cooking at some length.",cooking,1,20,32,20,82893.984375,REP-053|en|latin#106#siteB,REP-053|en|latin#106#siteB#k2,2,"Conversational, personal writing register established — informal tone signals a blog or literary commentary style, sharing a reflective experience.

The phrase ""I came across a passage in a recipe book that caught my attention"" sets up an anecdote or reaction, implying a surprising or memorable reading experience involving food writing.

Final sentence ""I was reading a passage where the narrator describes their experience."" introduces a subject statement — it expects elaboration on the passage, likely ""It was about food/cooking"" or ""The author referenced..."" or ""Specifically, I was impressed by..."" or ""It made me think..."" or ""The passage was not the relevant topic"" or ""It referenced the reader.""",0.997033,0.005934
REP-053|zh|hanzi#105,REP-053,google/gemma-3-12b-it,Gemma,zh,A,S0,N_everyday,cooking,,,representation,C5,ext,baseline,我昨天在圖書館翻書時，剛好讀到一段在講烹飪的文字。,烹飪,2,21,32,18,69417.3828125,REP-053|zh|hanzi#105#siteA,REP-053|zh|hanzi#105#siteA#k4,4,"Content/topic structure: user asking a post or article question about culinary/lifestyle topic, establishing a blog or forum post format.

The phrase ""今天來聊聊烹飪"" signals a topic introduction, implying the user is about to share a question or observation about cooking, specifically the book ""The Kitchen God.""

Final token ""烹飪"" ends a noun phrase (""關於烹飪""), immediately demanding a continuation like ""技巧"" or ""的食物溫度"" — likely ""中的熱度"" or ""料理的重要性，在烹飪中的應用"" or ""的書，關於烹飪的心理療癒"" or ""食材的用途..."" referencing the cooking/food subject.",0.996129,0.007741
REP-053|zh|hanzi#105,REP-053,google/gemma-3-12b-it,Gemma,zh,B,S0,N_everyday,cooking,,,representation,C5,ext,baseline,我昨天在圖書館翻書時，剛好讀到一段在講烹飪的文字。,烹飪,2,21,32,21,88021.46875,REP-053|zh|hanzi#105#siteB,REP-053|zh|hanzi#105#siteB#k2,2,"Conversational blog tone established with casual greetings, Taiwanese/Singaporean context signals a personal sharing moment about reading or cooking.

The phrase ""我剛在書裡看到一篇烹飪教學，讓我忍不住好奇"" sets up a reaction or recollection, implying the narrator was captivated by the book excerpt.

Final token ""教學。 "" ends a declarative statement (""我在裡面翻了，正好遇到一篇官方指南"") — expects a reaction like ""裡面說..."" or ""那個內容竟然是..."" or ""作者提到..."" or ""我突然覺得很有趣。"" or ""其中提到自己對料理的感覺"" or ""裡面竟然是關於人，讓人意外。""",0.996725,0.00655
REP-054|en|latin#108,REP-054,google/gemma-3-12b-it,Gemma,en,A,S0,N_everyday,cooking,,,representation,C6,ext,baseline,"In the preface, the author explains that the book grew out of a wish to explore cooking in depth.",cooking,1,21,32,18,78200.890625,REP-054|en|latin#108#siteA,REP-054|en|latin#108#siteA#k4,4,"Book/food description format signals a formal cultural or culinary writing register, establishing context of a cookbook or culinary exploration around a specific cookbook.

The phrase ""the focus is on cooking"" introduces a thematic statement about the book's subject, likely exploring the author's personal approach or culinary philosophy.

Final token ""cooking"" ends an incomplete introductory clause (""exploring cooking""), immediately requiring a noun phrase or verb phrase like ""with Mediterranean ingredients"" or ""traditional Spanish cuisine"" — or ""from the perspective of the pantry"" or ""as a way of entertaining"" or ""with specific recipes/techniques"" or ""beyond the recipe books, cooking for everyday people.""",0.997296,0.005407
REP-054|en|latin#108,REP-054,google/gemma-3-12b-it,Gemma,en,B,S0,N_everyday,cooking,,,representation,C6,ext,baseline,"In the preface, the author explains that the book grew out of a wish to explore cooking in depth.",cooking,1,21,32,21,71091.3515625,REP-054|en|latin#108#siteB,REP-054|en|latin#108#siteB#k3,3,"Book review format signals a bibliographic or descriptive summary, establishing context of a culinary/cooking book about French cooking.

The phrase ""The author set out to explain her inspiration for writing this book"" introduces a book description, suggesting a summary statement about the work's scope or intent.

Final sentence ""She set out to write this book as a guide to cooking."" opens a quote or paraphrase — likely continuing with ""He explores..."" or ""The text is not a dry recipe collection"" or ""This premise leads into..."" or ""She moves beyond the personal anecdotes"" or ""Nancy's detailed knowledge is evident."" or ""The first chapter is...focused on.""",0.996246,0.007509
REP-054|zh|hanzi#107,REP-054,google/gemma-3-12b-it,Gemma,zh,A,S0,N_everyday,cooking,,,representation,C6,ext,baseline,這本書的作者在序言裡提到，他當初動筆，就是想好好談談烹飪。,烹飪,2,24,32,23,70987.921875,REP-054|zh|hanzi#107#siteA,REP-054|zh|hanzi#107#siteA#k0,0,"Book review/interview format establishes a quote from a culinary writer, introducing a personal, reflective essay about Taiwanese cooking.

The phrase ""我想探討烹飪"" signals an introductory sentence about a new book, establishing a topic statement about the book ""The Kitchen Happiness"" centered on the emotional joys of cooking.

Final token ""烹飪"" ends a noun phrase (""關於烹飪""), immediately requiring a noun completion like ""的意義"" or ""裡的技巧"" — or a clause like ""這個行為對個人的幸福感"" or ""是什麼，以及烹飪對我們。"" or ""中的美食書，可以..."" as a philosophical or conversational question about the subject matter.",0.996528,0.006944
REP-054|zh|hanzi#107,REP-054,google/gemma-3-12b-it,Gemma,zh,B,S0,N_everyday,cooking,,,representation,C6,ext,baseline,這本書的作者在序言裡提到，他當初動筆，就是想好好談談烹飪。,烹飪,2,24,32,24,85040.875,REP-054|zh|hanzi#107#siteB,REP-054|zh|hanzi#107#siteB#k4,4,"Book review genre framing signals a literary critique, establishing context of a Taiwanese cookbook introduction about cooking/food writing.

The phrase ""這本書要講的是烹煮，作者的目的就是分享料理的本事"" sets up an introductory quote or thesis statement about the book's premise.

Final sentence ""他想藉此書來宣宣自己對烹飪。"" opens a quoted or paraphrased introduction — immediately expects elaboration like ""但他卻不是美食評論"" or ""「烹煮」這本書不只是..."" or ""然而，後來的內容卻不關心理學"" or ""因為他覺得烹煮是簡單的。"" — a straightforward, non-philosophical declaration.",0.99639,0.007221
REP-055|en|latin#110,REP-055,google/gemma-3-12b-it,Gemma,en,A,S0,N_everyday,gardening,,,representation,C1,ext,baseline,"At last week's public forum, the participants spent a good deal of time discussing gardening and shared a range of different views.",gardening,1,26,32,18,75084.6640625,REP-055|en|latin#110#siteA,REP-055|en|latin#110#siteA#k0,0,"Community/educational context signals a newspaper or informational announcement, establishing a civic or local issue description about a public program or event.

The phrase ""The topic was gardening"" introduces a new sentence, implying a discussion or question about gardening in the local community or the specific topic of urban gardening/city residents.

Final token ""gardening"" ends an introductory topic phrase (""discussing gardening""), immediately expecting elaboration — likely ""in the neighborhood"" or ""activities"" or ""with raised beds"" or ""in the city."" or ""and the challenges of..."" or ""because it is a popular hobby."" or ""on the property."" — a specific subject or topic statement about gardening practice.",0.997925,0.00415
REP-055|en|latin#110,REP-055,google/gemma-3-12b-it,Gemma,en,B,S0,N_everyday,gardening,,,representation,C1,ext,baseline,"At last week's public forum, the participants spent a good deal of time discussing gardening and shared a range of different views.",gardening,1,26,32,26,76619.9375,REP-055|en|latin#110#siteB,REP-055|en|latin#110#siteB#k1,1,"Educational/writing context establishing a short instructional or descriptive passage about a community discussion or event, setting a practical English-language tone.

The phrase ""There was a wide range of opinions expressed at the gardening meeting"" signals an introductory summary statement, suggesting an overview or reflection on the debate about gardening/lawn advice.

Final sentence ""There were many views expressed during the discussion."" introduces a topic sentence — expects elaboration like ""Some people thought..."" or ""The topic of gardening..."" or ""There was agreement..."" or ""Among these was..."" or ""One person described..."" or ""Let us now consider the main debate"" or ""Some were quite interested in categorizing...""",0.997574,0.004853
REP-055|zh|hanzi#109,REP-055,google/gemma-3-12b-it,Gemma,zh,A,S0,N_everyday,gardening,,,representation,C1,ext,baseline,在上週的公開座談會上，與會者花了不少時間討論園藝，也各自提出了不同的看法。,園藝,2,25,32,18,67303.2109375,REP-055|zh|hanzi#109#siteA,REP-055|zh|hanzi#109#siteA#k2,2,"Academic/informational tone establishes a factual, question-oriented format about gardening or urban gardening, suggesting a topic summary or article excerpt.

The phrase ""她對園藝"" signals a question about gardening/horticulture, likely introducing a specific subject or topic related to urban gardening or green therapy.

Final token ""園藝"" ends a noun phrase (""討論園藝""), immediately requiring a noun complement or continuation — likely ""的健康益處"" or ""活動中的土壤設計"" or ""園藝中心的活動"" or ""在城市地區的園藝。"" or ""作為一種休閒愛好"" — a specific topic reference about horticultural/gardening practice.",0.996938,0.006124
REP-055|zh|hanzi#109,REP-055,google/gemma-3-12b-it,Gemma,zh,B,S0,N_everyday,gardening,,,representation,C1,ext,baseline,在上週的公開座談會上，與會者花了不少時間討論園藝，也各自提出了不同的看法。,園藝,2,25,32,25,80761.875,REP-055|zh|hanzi#109#siteB,REP-055|zh|hanzi#109#siteB#k3,3,"Academic/forum register signals a reflective article about a seminar on Chinese gardening, establishing a conversational tone with a word puzzle or discussion summary.

The phrase ""在这次研讨会上，人们的发言都非常有趣"" sets up an introductory framing about the workshop report, implying content or observations about the discussion.

Final sentence ""研讨会中，大家都发表了观点。"" opens a narrative transition — expects elaboration like ""其中，我注意到..."" or ""以下是总结"" or ""大家对这个话题的反应。"" or ""我尝试整理这些对话"" or ""在这次会议中，一位先生提到..."" or ""最终结果是什么。"" referencing the garden/topic.",0.996778,0.006443
REP-056|en|latin#112,REP-056,google/gemma-3-12b-it,Gemma,en,A,S0,N_everyday,gardening,,,representation,C2,ext,baseline,"In class, the teacher used a few everyday examples to help the students understand gardening.",gardening,1,17,32,16,81225.0390625,REP-056|en|latin#112#siteA,REP-056|en|latin#112#siteA#k1,1,"Educational/instructional format signals a informational or creative writing response, establishing a text about gardening or gardening topics.

The phrase ""This story is about learning gardening"" sets up a topic sentence or question, suggesting a brief educational summary or explanation about the lesson's subject.

Final token ""gardening"" ends a noun phrase (""learning about gardening...explaining gardening""), immediately expecting a continuation like ""techniques"" or ""by using soil"" or ""concept"" to complete the topic introduction. Or likely ""with composting"" or ""basics."" or ""in the garden."" or ""when planting."" referencing specific gardening terminology or the soil/plant relationship.",0.997217,0.005567
REP-056|en|latin#112,REP-056,google/gemma-3-12b-it,Gemma,en,B,S0,N_everyday,gardening,,,representation,C2,ext,baseline,"In class, the teacher used a few everyday examples to help the students understand gardening.",gardening,1,17,32,17,70622.6328125,REP-056|en|latin#112#siteB,REP-056|en|latin#112#siteB#k0,0,"Educational/academic context signals a question-answer format, suggesting a reading comprehension or instructional exercise about farming/agriculture.

The phrase ""The teacher used a story to illustrate the idea of connecting teaching methods to farming"" establishes a topic statement, implying a question or example about the pedagogical lesson involving the farming analogy.

Final sentence ""The teacher used a story to teach the topic of farming."" introduces a prompt or question — immediately expecting a question like ""Which of these examples did she use?"" or ""For example, she chose..."" or ""Which statement is most relevant?"" or ""What does she mean by grouping the activities?"" or ""She listed some examples of farming context.""",0.995327,0.009345
REP-056|zh|hanzi#111,REP-056,google/gemma-3-12b-it,Gemma,zh,A,S0,N_everyday,gardening,,,representation,C2,ext,baseline,老師在課堂上舉了幾個生活中的例子，帶著學生一起認識園藝。,園藝,2,19,32,18,69475.921875,REP-056|zh|hanzi#111#siteA,REP-056|zh|hanzi#111#siteA#k1,1,"Educational/academic content structure: a question-answer format with instructional topic introduction about gardening, suggesting an informational or quiz context.

The phrase ""這個活動介紹園藝"" signals a topic sentence establishing a subject or context, likely a specific theme or example related to gardening.

Final token ""園藝"" ends a noun phrase (""介紹園藝""), immediately requiring a noun or noun phrase completing the topic — likely ""植物的種植"" or ""中的土壤養分"" or ""樂園的技巧"" or ""活動中..."" or ""土壤的領域。"" or ""中的花卉種植。"" referencing gardening/horticulture or a specific horticultural terminology context.",0.996321,0.007357
REP-056|zh|hanzi#111,REP-056,google/gemma-3-12b-it,Gemma,zh,B,S0,N_everyday,gardening,,,representation,C2,ext,baseline,老師在課堂上舉了幾個生活中的例子，帶著學生一起認識園藝。,園藝,2,19,32,19,66951.03125,REP-056|zh|hanzi#111#siteB,REP-056|zh|hanzi#111#siteB#k3,3,"Educational content introduction establishing a teaching/learning description, suggesting a Taiwanese elementary school class about nature observation.

The phrase ""老師以生活經驗為教材，引導學生認識植物"" signals a promotional or descriptive passage about a teaching activity, likely a curriculum or book introduction featuring environmental education themes.

Final sentence ""課程中，老師以園藝教學為例。"" sets up a subject-description transition — ""他介紹了園藝的內容。"" implies a follow-up like ""例如..."" or ""老師在課中..."" or ""這個體驗讓學生覺得..."" or ""除了教學內容，也包含..."" or ""「蔬食生活」是..."" linking to outcomes.",0.995289,0.009423
REP-057|en|latin#114,REP-057,google/gemma-3-12b-it,Gemma,en,A,S0,N_everyday,gardening,,,representation,C3,ext,baseline,"After class, a student stayed behind and went up to ask the teacher about gardening in more detail.",gardening,1,20,32,16,78685.1015625,REP-057|en|latin#114#siteA,REP-057|en|latin#114#siteA#k4,4,"Conversational/educational tone established: a student asking for advice or a story, implying a dialogue or narrative context about gardening.

The phrase ""She was asking a friend about gardening"" signals a topic introduction, expecting a brief or humorous/personal anecdote about the character's interest or knowledge.

Final token ""gardening"" ends a topic noun phrase (""about gardening...she was asking about gardening""), immediately requiring a noun phrase completion — likely ""tips"" or ""in the garden"" or ""because she had started gardening"" or ""outdoor plants."" or ""which involves growing vegetables"" or ""or gardening advice."" — a specific subject matter or shared experience.",0.997371,0.005257
REP-057|en|latin#114,REP-057,google/gemma-3-12b-it,Gemma,en,B,S0,N_everyday,gardening,,,representation,C3,ext,baseline,"After class, a student stayed behind and went up to ask the teacher about gardening in more detail.",gardening,1,20,32,20,74649.53125,REP-057|en|latin#114#siteB,REP-057|en|latin#114#siteB#k0,0,"Educational/instructional tone signals a writing prompt or story context, establishing a reading comprehension or character interaction narrative.

The phrase ""A student then came to ask the teacher about a hobby they were studying"" sets up a scene, implying a small exchange or conversation about the student's curiosity toward the lesson.

Final sentence ""The student then spoke to the teacher to help a student."" introduces a narrative transition — immediately expects elaboration like ""The teacher responded..."" or ""She was interested in..."" or ""The student noticed..."" or ""This conversation was..."" or "" "" or ""The teacher praised the student for their detailed question"" or ""The activity included..."" suggesting a heartwarming outcome.",0.996665,0.006671
REP-057|zh|hanzi#113,REP-057,google/gemma-3-12b-it,Gemma,zh,A,S0,N_everyday,gardening,,,representation,C3,ext,baseline,有位學生下課後留下來，特地跑去問老師關於園藝的問題。,園藝,2,20,32,18,74581.25,REP-057|zh|hanzi#113#siteA,REP-057|zh|hanzi#113#siteA#k0,0,"Conversational/academic context: a Taiwanese student is asking for help or advice, establishing a dialogue about a specific topic.

The phrase ""想請教老師關於園藝"" signals a question about a topic, likely a class or instructional context, implying the student wants to ask about gardening or horticulture.

Final token ""園藝"" ends a noun phrase (""關於園藝...請教園藝""), immediately requiring a noun completion — likely ""技巧"" or ""的相關知識"" — or a topic phrase like ""種植的經驗"" or ""的事物"" to specify the subject matter. Or ""在學校的園藝課"" referencing the hobby/activity.",0.996338,0.007325
REP-057|zh|hanzi#113,REP-057,google/gemma-3-12b-it,Gemma,zh,B,S0,N_everyday,gardening,,,representation,C3,ext,baseline,有位學生下課後留下來，特地跑去問老師關於園藝的問題。,園藝,2,20,32,20,73599.3984375,REP-057|zh|hanzi#113#siteB,REP-057|zh|hanzi#113#siteB#k4,4,"Educational context signals an anecdote or teaching observation, establishing a story about a student showing a teacher a behavior he learned in school.

The phrase ""學生在課後向老師請教，還帶了手工做的養蜂箱"" sets up a narrative introduction suggesting a heartwarming or surprising interaction.

Final sentence ""這位學生到學校，竟然對老師的愛心教學很感興趣。"" opens a scene description, immediately expecting elaboration like ""老師問…"" or ""這個行為讓我感到好奇"" or ""他...是孩子的第一個需求"" or ""這位學生…原來是..."" or ""「這個問題」或 ""課後心得內容包括...""",0.996701,0.006599
REP-058|en|latin#116,REP-058,google/gemma-3-12b-it,Gemma,en,A,S0,N_everyday,gardening,,,representation,C4,ext,baseline,"While a few friends were chatting, the conversation eventually turned to gardening, and they debated it with real enthusiasm.",gardening,1,22,32,13,74099.6015625,REP-058|en|latin#116#siteA,REP-058|en|latin#116#siteA#k2,2,"Conversational/informational tone signals a casual post introducing a gardening topic, establishing a humorous anecdote about a local gardening advice exchange.

The phrase ""the topic turned to gardening"" sets up a topic shift, implying a narrative about the group's shared experience with gardening or a specific horticultural observation.

Final token ""gardening"" ends a topic introductory clause (""talking about gardening…the subject of gardening""), immediately expecting elaboration like ""and the vegetables they were growing"" or ""this spring."" or ""despite the small garden."" or ""experiences. Recently, people have been..."" or ""with their gardening."" or ""or gardening, specifically."" — a subject or activity reference.",0.997777,0.004446
REP-058|en|latin#116,REP-058,google/gemma-3-12b-it,Gemma,en,B,S0,N_everyday,gardening,,,representation,C4,ext,baseline,"While a few friends were chatting, the conversation eventually turned to gardening, and they debated it with real enthusiasm.",gardening,1,22,32,22,81811.1015625,REP-058|en|latin#116#siteB,REP-058|en|latin#116#siteB#k3,3,"Narrative/genre framing: a writing-advice or English-language column, establishing a conversational, humorous tone with a group of gardening enthusiasts.

The phrase ""The conversation was lively"" signals a brief anecdote or scene preamble, implying a transition to the discussion's content or the topic of gardening/horticulture shared among friends.

Final sentence ""They were discussing their gardening experiences."" introduces a social observation, immediately expecting elaboration — ""One person said..."" or ""I was fascinated"" or ""They debated..."" or ""One of them was a gardener"" or ""This debate led me to..."" or ""“They were then referenced as...” or ""One of the listeners...""",0.997509,0.004982
REP-058|zh|hanzi#115,REP-058,google/gemma-3-12b-it,Gemma,zh,A,S0,N_everyday,gardening,,,representation,C4,ext,baseline,幾個朋友聚在一起聊天時，不知不覺就聊到了園藝，討論得相當熱烈。,園藝,2,22,32,15,76697.4375,REP-058|zh|hanzi#115#siteA,REP-058|zh|hanzi#115#siteA#k2,2,"Conversational/casual tone established: introducing a Taiwanese girl sharing a personal hobby, framing a story about gardening.

The phrase ""最近迷上了園藝"" signals a topic pivot toward a conversation about gardening, implying a question or chat about the topic of horticulture/flower arrangement.

Final token ""園藝"" ends a topic phrase (""聊聊關於園藝""), immediately expecting a noun phrase like ""主題"" or a subject clause — likely ""園藝"" or ""的事情"" or ""園藝愛好，突然發現..."" or ""這個話題。"" or ""在種植，特別是..."" connecting to the hobby or the gardening conversation/discussion about plants.",0.995453,0.009095
REP-058|zh|hanzi#115,REP-058,google/gemma-3-12b-it,Gemma,zh,B,S0,N_everyday,gardening,,,representation,C4,ext,baseline,幾個朋友聚在一起聊天時，不知不覺就聊到了園藝，討論得相當熱烈。,園藝,2,22,32,22,89682.90625,REP-058|zh|hanzi#115#siteB,REP-058|zh|hanzi#115#siteB#k2,2,"Conversational/lifestyle/foodie forum tone signals a casual narrative introduction about a group discussion or event in Taiwan.

The phrase ""一群朋友聚会时，大家聊起园艺"" establishes a social anecdote, suggesting a personal observation about a group conversation among the Taiwanese colleagues.

Final token ""团子。"" ends a topic-introduction sentence (""大家在会中...""), immediately expecting elaboration — likely ""其中有人发现..."" or ""我发现..."" or ""大家都是葡萄酒爱好者"" or ""其中一位..."" or ""但后来才知道... 这让我想到..."" or ""后来发现其中一位...的爱好""。 The conversation pivoted to the surprising group hobby/sharing context.",0.996378,0.007245
REP-059|en|latin#118,REP-059,google/gemma-3-12b-it,Gemma,en,A,S0,N_everyday,gardening,,,representation,C5,ext,baseline,"While browsing in the library yesterday, I happened to read a passage that discussed gardening at some length.",gardening,1,20,32,16,80260.484375,REP-059|en|latin#118#siteA,REP-059|en|latin#118#siteA#k0,0,"Educational/cultural context signals a Q&A or informational post format, establishing a topic introduction about gardening or gardening practice.

The phrase ""I was reading about gardening"" sets up a prompt about a specific topic—the subject likely introduces a historical or metaphorical connection between gardening and mindfulness/mental wellbeing or the medieval practice.

Final token ""gardening"" ends a topic introduction phrase (""discussing gardening""), immediately expecting elaboration like ""as a form of therapy"" or ""with herbs"" or ""in the past as a metaphor for..."" or ""for vegetables as a teaching tool."" or ""by the Victorian period."" — a specific statement about the practice or the benefits/rules.",0.997713,0.004573
REP-059|en|latin#118,REP-059,google/gemma-3-12b-it,Gemma,en,B,S0,N_everyday,gardening,,,representation,C5,ext,baseline,"While browsing in the library yesterday, I happened to read a passage that discussed gardening at some length.",gardening,1,20,32,20,84972.6328125,REP-059|en|latin#118#siteB,REP-059|en|latin#118#siteB#k4,4,"Conversational, reflective blog tone signals a personal anecdote about a reading experience, establishing context of discovering gardening advice.

The phrase ""I was reading a passage from an article that caught my attention"" sets up an unexpected reaction or realization — the narrator is pivoting toward sharing their reading encounter.

Final sentence ""I came across a passage about gardening while reading."" introduces the topic catalyst — expects elaboration on what specifically impressed them about the article, likely ""It reminded me of..."" or ""The author mentioned..."" or ""I found myself quite interested."" or ""Specifically, it triggered a thought about gardening"" or ""It was the passage that..."" referencing the book or the enjoyment.",0.997422,0.005156
REP-059|zh|hanzi#117,REP-059,google/gemma-3-12b-it,Gemma,zh,A,S0,N_everyday,gardening,,,representation,C5,ext,baseline,我昨天在圖書館翻書時，剛好讀到一段在講園藝的文字。,園藝,2,21,32,18,69980.140625,REP-059|zh|hanzi#117#siteA,REP-059|zh|hanzi#117#siteA#k3,3,"Conversational/sharing tone established, implying a Taiwanese or Asian user asking a question about gardening/indoor plants.

The phrase ""我想請教一下園藝"" signals a topic introduction about a specific subject — ""園藝"" or gardening, likely referencing a book, article, or instructional content about plant care or horticultural knowledge.

Final token ""園藝"" ends a topic phrase (""關於園藝...這是介紹園藝""), immediately expecting a noun phrase like ""技巧"" or ""中的土壤栽培"" or ""的相關知識"" — likely ""植物..."" or ""療法，特別是..."" or ""的活動，關於如何..."" referencing the hobby or creative aesthetic of gardening practice.",0.99641,0.007179
REP-059|zh|hanzi#117,REP-059,google/gemma-3-12b-it,Gemma,zh,B,S0,N_everyday,gardening,,,representation,C5,ext,baseline,我昨天在圖書館翻書時，剛好讀到一段在講園藝的文字。,園藝,2,21,32,21,88067.3984375,REP-059|zh|hanzi#117#siteB,REP-059|zh|hanzi#117#siteB#k3,3,"Conversational/blog tone establishes casual sharing of personal experience with a book or hobby, suggesting a Taiwanese or Filipino context.

The phrase ""我在閱讀一篇園藝雜誌，裡面有介紹花草養種的內容"" signals a first-person anecdote, establishing a serendipitous discovery moment.

Final token ""內容。 "" ends a declarative sentence (""我才剛在網頁上看到一篇政府指南…"") — immediately expects a reaction or observation like ""裡面說..."" or ""我對花卉的興趣突然大增"" or ""裡面提到我竟然還沒學過""， or ""正好描述了那個過程，讓我感到..."" referencing the book's content.",0.996934,0.006133
REP-060|en|latin#120,REP-060,google/gemma-3-12b-it,Gemma,en,A,S0,N_everyday,gardening,,,representation,C6,ext,baseline,"In the preface, the author explains that the book grew out of a wish to explore gardening in depth.",gardening,1,21,32,18,78190.4921875,REP-060|en|latin#120#siteA,REP-060|en|latin#120#siteA#k4,4,"Book description format: a formal reference or review text establishing context, suggesting a practical gardening guide or essay on gardening.

The phrase ""The book explores gardening"" signals an introductory sentence about the subject, implying a thematic or philosophical statement about the book's focus on gardening as a subject.

Final token ""gardening"" ends a subject phrase (""exploring gardening...is about exploring gardening""), immediately requiring a verb phrase — likely ""in the context of small spaces"" or ""with sensory/practical knowledge,"" or ""as a hobby of plants who are visually impaired"" or ""without the traditional horticultural timetable"" or ""in the UK from a different perspective.""",0.997655,0.00469
REP-060|en|latin#120,REP-060,google/gemma-3-12b-it,Gemma,en,B,S0,N_everyday,gardening,,,representation,C6,ext,baseline,"In the preface, the author explains that the book grew out of a wish to explore gardening in depth.",gardening,1,21,32,21,72642.234375,REP-060|en|latin#120#siteB,REP-060|en|latin#120#siteB#k4,4,"Book description format signals a review or summary entry, establishing a formal literary/gardening reference book context.

The phrase ""The author set out to write a book about the joys of gardening"" introduces a summary statement, suggesting an overview of the book's scope or purpose.

Final sentence ""She had set out to write this book, inspired by her own interest."" opens a bibliographic or review quote — strongly expects elaboration like ""The book covers..."" or ""He goes beyond..."" or ""This is not a dry botanical treatise"" or ""She fulfills this promise by..."" or ""The first part details..."" or ""The author avoids..."" referencing the eclectic horticultural content.",0.996349,0.007303
REP-060|zh|hanzi#119,REP-060,google/gemma-3-12b-it,Gemma,zh,A,S0,N_everyday,gardening,,,representation,C6,ext,baseline,這本書的作者在序言裡提到，他當初動筆，就是想好好談談園藝。,園藝,2,24,32,23,73080.8203125,REP-060|zh|hanzi#119#siteA,REP-060|zh|hanzi#119#siteA#k3,3,"Cultural/personal writing tone signals a book introduction or interview context, establishing a conversational Taiwanese voice sharing a personal essay about gardening.

The phrase ""想從這個活動中分享園藝"" sets up the topic of the book, establishing the subject of gardening as a hobby or teaching experience.

Final token ""園藝"" ends a topic phrase (""關於園藝...想談論園藝""), immediately requiring a noun phrase completion — likely ""的樂趣"" or ""療法"" or ""對人的影響"" or ""這個行為。"" or ""在花園裡種植的經驗。"" — a noun referencing gardening/horticulture or a specific instructional or emotional topic.",0.996412,0.007176
REP-060|zh|hanzi#119,REP-060,google/gemma-3-12b-it,Gemma,zh,B,S0,N_everyday,gardening,,,representation,C6,ext,baseline,這本書的作者在序言裡提到，他當初動筆，就是想好好談談園藝。,園藝,2,24,32,24,82987.3828125,REP-060|zh|hanzi#119#siteB,REP-060|zh|hanzi#119#siteB#k2,2,"Book review genre signals: a cultural/literary critique introducing a Taiwanese gardening book, establishing context of a nonfiction memoir or introduction.

The sentence ""作者的目的書只是想寫一本園藝書"" sets up a quote or elaboration about the book's premise, likely revealing the author's simple, humble intent.

Final sentence ""他宣示的目標是園藝。"" opens a declarative statement — expects elaboration like ""但園藝卻不是..."" or ""他並不只是..."" or ""「園藝」這本書的內容..."" or ""而對我們來說，這似乎是... "" or ""但這句話包含了對人生的微細觀察""",0.996322,0.007356
REP-061|en|latin#122,REP-061,google/gemma-3-12b-it,Gemma,en,A,S0,N_arousing,earthquakes,,,representation,C1,core,baseline,"At last week's public forum, the participants spent a good deal of time discussing earthquakes and shared a range of different views.",earthquakes,1,26,32,18,68035.4765625,REP-061|en|latin#122#siteA,REP-061|en|latin#122#siteA#k2,2,"Informational/educational tone signals a factual, practical writing context — a public advisory piece addressing a specific topic about building safety.

The phrase ""The topic of earthquakes"" establishes a subject introduction, priming a discussion of a specific disaster preparedness topic, likely earthquakes in California or the Bay Area.

Final token ""earthquakes"" ends a topic phrase (""focus on earthquakes""), requiring a noun phrase — likely ""and earthquakes"" or ""in the region"" or ""safety preparedness"" — or a predicate like ""in California"" or ""and their effects."" or ""specifically."" or ""—the seismic event. This topic is relevant because..."" referencing earthquake hazards.",0.997433,0.005135
REP-061|en|latin#122,REP-061,google/gemma-3-12b-it,Gemma,en,B,S0,N_arousing,earthquakes,,,representation,C1,core,baseline,"At last week's public forum, the participants spent a good deal of time discussing earthquakes and shared a range of different views.",earthquakes,1,26,32,26,68958.0546875,REP-061|en|latin#122#siteB,REP-061|en|latin#122#siteB#k3,3,"Academic/educational writing register signals a comprehension or discussion prompt, establishing a factual English-language context about a public meeting.

The phrase ""There was considerable disagreement among the participants during the meeting"" sets up a topic introduction, implying a summary or elaboration of the varied perspectives on the environmental hazard.

Final sentence ""There was a great deal of discussion about the issue."" opens a transition statement, prompting a claim about the diverse opinions or experiences — likely ""Some people felt…"" or ""Among these was…"" or ""What is the main focus?"" or ""Here are a few examples of..."" or ""The discussion mainly concerned..."" or ""I would like to summarize..."" referencing the opinions.",0.996436,0.007128
REP-061|zh|hanzi#121,REP-061,google/gemma-3-12b-it,Gemma,zh,A,S0,N_arousing,earthquakes,,,representation,C1,core,baseline,在上週的公開座談會上，與會者花了不少時間討論地震，也各自提出了不同的看法。,地震,1,24,32,17,71531.296875,REP-061|zh|hanzi#121#siteA,REP-061|zh|hanzi#121#siteA#k4,4,"Academic/professional writing context signals a factual, informational response about structural engineering or disaster preparedness content.

The phrase ""一篇研究地震"" sets up a topic introduction, establishing the subject—earthquake preparedness, specifically the seismic risk/insurance report against California earthquakes.

Final token ""地震"" ends a noun phrase (""討論地震""), immediately requiring a topic noun like ""災害"" or ""建築規範"" to complete the phrase ""地震"" — likely ""後的人類行為"" or ""在地震中的建築設備設計"" or ""災害救援的影響"" or ""在日本的地震事件。"" referencing the earthquake/disaster context or a specific policy or emergency response topic.",0.996877,0.006247
REP-061|zh|hanzi#121,REP-061,google/gemma-3-12b-it,Gemma,zh,B,S0,N_arousing,earthquakes,,,representation,C1,core,baseline,在上週的公開座談會上，與會者花了不少時間討論地震，也各自提出了不同的看法。,地震,1,24,32,24,80227.3515625,REP-061|zh|hanzi#121#siteB,REP-061|zh|hanzi#121#siteB#k3,3,"Academic/editorial register signals a reflective or informational writing tone, establishing context for a discussion or report on a Taiwan policyming event.

The phrase ""會議中各方都參與了討論"" introduces a new sentence, implying an observation or summary statement about the aftermath of the earthquake forum.

Final sentence ""在會議中，媒體報導了很多不同的觀點。"" sets up a topic sentence — likely ""我認為..."" or ""其中，劉先生的看法..."" or ""以下我來分析..."" or ""但是有些討論員..."" or ""在這之中，我感到..."" or ""其中一位教師就提到..."" referencing the overall outcome or the metaphor of the post-event.",0.996471,0.007058
REP-062|en|latin#124,REP-062,google/gemma-3-12b-it,Gemma,en,A,S0,N_arousing,earthquakes,,,representation,C2,core,baseline,"In class, the teacher used a few everyday examples to help the students understand earthquakes.",earthquakes,1,17,32,16,70545.6953125,REP-062|en|latin#124#siteA,REP-062|en|latin#124#siteA#k3,3,"Educational/informational genre established: response format with instructional tone signals a text-based lesson or summary about earthquakes.

The phrase ""This lesson focuses on earthquakes"" sets up an introductory statement about the topic, implying a topic introduction or explanation of the subject matter.

Final token ""earthquakes"" ends a topic-introducing clause (""to study earthquakes""), immediately requiring a noun phrase like ""and their effects"" or a topic statement. Likely ""by describing earthquakes"" or ""tectonic activity."" or ""occur."" or "". Specifically..."" or ""in California"" or ""caused by earthquakes."" — a subject noun or verb phrase related to seismic phenomena or the earthquake concept.",0.997543,0.004914
REP-062|en|latin#124,REP-062,google/gemma-3-12b-it,Gemma,en,B,S0,N_arousing,earthquakes,,,representation,C2,core,baseline,"In class, the teacher used a few everyday examples to help the students understand earthquakes.",earthquakes,1,17,32,17,74277.6484375,REP-062|en|latin#124#siteB,REP-062|en|latin#124#siteB#k2,2,"Educational instructional material format signals a question/explanation about a reading comprehension topic, establishing a classroom context about weather phenomena.

The sentence ""The teacher used a story to illustrate climate change."" sets up an academic task prompt — a quiz or question about examples of sensory imagery in relation to the passage.

Final token ""change."" ends a introductory framing sentence (""The lesson was used to teach a lesson about weather...""). Immediately expects a question or topic statement like ""Which of the following is an example of..."" or ""She described which example was most helpful"" or ""Which of these would be a good example of..."" or ""Below, he/she lists..."" referencing the analogies.",0.995312,0.009377
REP-062|zh|hanzi#123,REP-062,google/gemma-3-12b-it,Gemma,zh,A,S0,N_arousing,earthquakes,,,representation,C2,core,baseline,老師在課堂上舉了幾個生活中的例子，帶著學生一起認識地震。,地震,1,18,32,17,72631.0078125,REP-062|zh|hanzi#123#siteA,REP-062|zh|hanzi#123#siteA#k0,0,"Educational resource context signals a structured academic response about a Chinese science teaching activity, establishing informational tone.

The phrase ""同学们要学习地震"" introduces a topic statement about the earthquake guidebook, immediately setting up the subject matter — earthquakes, specifically the disaster preparedness content.

Final token ""地震"" ends a topic phrase (""了解地震""), requiring a noun phrase continuation — likely ""震動"" or ""的影響"" to complete the topic heading ""地震"" or ""地震的防災知識"" or ""時的現象。"" or ""發生時的地震分類"" or ""中。"" — a specific topic/title about earthquake types or effects related to student learning.",0.996713,0.006573
REP-062|zh|hanzi#123,REP-062,google/gemma-3-12b-it,Gemma,zh,B,S0,N_arousing,earthquakes,,,representation,C2,core,baseline,老師在課堂上舉了幾個生活中的例子，帶著學生一起認識地震。,地震,1,18,32,18,70641.1875,REP-062|zh|hanzi#123#siteB,REP-062|zh|hanzi#123#siteB#k0,0,"Educational resource format signals a teaching material introduction, establishing a classroom activity description about weather/air observation.

The sentence ""老師在課後引導學生認識『天氣』的相關知識"" sets up a pedagogical narrative about the learning outcome, implying the lesson connects the story to the concept of air.

Final sentence ""小明帶領學生體驗了天氣教學，""。 opens a declarative statement — expects elaboration like ""以下是..."" or ""老師也問了..."" or ""例如，討論..."" or ""這個活動後，學生對天氣的認識..."" or ""除了故事內容，老師還..."" or ""請問哪些內容是正確的？"" after teaching outcomes.",0.994868,0.010265
REP-063|en|latin#126,REP-063,google/gemma-3-12b-it,Gemma,en,A,S0,N_arousing,earthquakes,,,representation,C3,core,baseline,"After class, a student stayed behind and went up to ask the teacher about earthquakes in more detail.",earthquakes,1,20,32,16,71590.859375,REP-063|en|latin#126#siteA,REP-063|en|latin#126#siteA#k2,2,"Educational/instructional tone establishes factual, informational writing about a student project or classroom activity involving a science topic.

The phrase ""Her topic is about earthquakes"" signals a prompt or essay introduction, establishing the subject matter — the student is explaining a topic they want to research or discuss.

Final token ""earthquakes"" ends a topic phrase (""about earthquakes""), immediately expecting a noun phrase like ""and earthquakes"" or ""in California"" to complete the topic reference. Or likely ""
"" or ""in the classroom"" or ""caused seismic waves."" or ""specifically."" or ""or tsunamis."" — the topic of the lesson/event/natural disasters.",0.997622,0.004755
REP-063|en|latin#126,REP-063,google/gemma-3-12b-it,Gemma,en,B,S0,N_arousing,earthquakes,,,representation,C3,core,baseline,"After class, a student stayed behind and went up to ask the teacher about earthquakes in more detail.",earthquakes,1,20,32,20,72608.7265625,REP-063|en|latin#126#siteB,REP-063|en|latin#126#siteB#k4,4,"Educational/instructional context signals a short story or informational passage about a student seeking help, establishing a teaching scenario.

The phrase ""A student then asked the teacher a question about a book they read"" sets up a narrative prompt — a student showing curiosity or engagement with the topic.

Final sentence ""The student then approached the teacher to ask a question."" introduces a scenario transition, immediately expecting elaboration like ""The teacher responded..."" or ""She was impressed by..."" or ""The student discussed..."" or ""The following conversation was..."" or "" ""The teacher was interested in..."". or ""This behavior showed extra effort/the topic of student teaching.""",0.996257,0.007487
REP-063|zh|hanzi#125,REP-063,google/gemma-3-12b-it,Gemma,zh,A,S0,N_arousing,earthquakes,,,representation,C3,core,baseline,有位學生下課後留下來，特地跑去問老師關於地震的問題。,地震,1,19,32,17,73085.9296875,REP-063|zh|hanzi#125#siteA,REP-063|zh|hanzi#125#siteA#k1,1,"Educational/informational tone established, with a Taiwanese student asking a question about a specific topic.

The phrase ""想知道地震"" signals a topic introduction, priming a response about earthquake preparedness or emergency survival guide for Taiwan.

Final token ""地震"" ends a noun phrase (""關於地震...關於地震""), directly requiring a topic noun like ""防災教學"" or the specific topic subject — likely ""的災害"" or ""時的建築安全知識"" or ""地震的狀況"" or ""後如何應對"" — a subject phrase referencing the earthquake/earthquake topic or the instructional content about earthquake guidance or natural disaster textbook.",0.996512,0.006975
REP-063|zh|hanzi#125,REP-063,google/gemma-3-12b-it,Gemma,zh,B,S0,N_arousing,earthquakes,,,representation,C3,core,baseline,有位學生下課後留下來，特地跑去問老師關於地震的問題。,地震,1,19,32,19,73629.7578125,REP-063|zh|hanzi#125#siteB,REP-063|zh|hanzi#125#siteB#k2,2,"Educational narrative/teaching context signals a classroom anecdote about a Taiwanese student asking questions, establishing a story introduction.

The phrase ""這個學生在下課後，主動向老師請教"" sets up a scene illustrating a student's curious behavior or the teacher's response.

Final sentence ""他竟然向老師請教。"" introduces the student interaction — immediately expects elaboration like ""老師發現..."" or ""這個行為讓我印象深刻"" or ""他問的內容是..."" or ""
老師對這個行為感到好奇。"" or ""這位學生不只是對… 而是在…"", or ""The topic/reward was unexpectedly relevant to..."" showing the unexpected outcome.",0.996423,0.007153
REP-064|en|latin#128,REP-064,google/gemma-3-12b-it,Gemma,en,A,S0,N_arousing,earthquakes,,,representation,C4,core,baseline,"While a few friends were chatting, the conversation eventually turned to earthquakes, and they debated it with real enthusiasm.",earthquakes,1,22,32,13,66978.8515625,REP-064|en|latin#128#siteA,REP-064|en|latin#128#siteA#k0,0,"Established informational/advice tone signals a conversational blog post about a specific topic, grounding a personal anecdote.

The phrase ""My mind turned to earthquakes"" explicitly sets up a topic introduction, signaling the subject matter of earthquakes is the focus — likely a personal or educational reflection.

Final token ""earthquakes"" ends a topic phrase (""the subject of conversation was earthquakes""), immediately requiring a noun phrase like ""and earthquakes"" or ""in California."" Or likely ""—the recent earthquake"" or ""and shaking."" or ""experienced today."" or ""in the region."" or ""by the California earthquake."" — a topic reference to the disaster or a practical safety guide.",0.997642,0.004717
REP-064|en|latin#128,REP-064,google/gemma-3-12b-it,Gemma,en,B,S0,N_arousing,earthquakes,,,representation,C4,core,baseline,"While a few friends were chatting, the conversation eventually turned to earthquakes, and they debated it with real enthusiasm.",earthquakes,1,22,32,22,79770.8515625,REP-064|en|latin#128#siteB,REP-064|en|latin#128#siteB#k1,1,"Narrative/essay format signals a literary or conversational piece, establishing a personal anecdote about a group discussion on urban legends and construction.

The phrase ""They began debating the topic passionately"" introduces a scene transition, suggesting a reflection or observation about the conversation participants.

Final sentence ""They were discussing it quite earnestly."" sets up a pivot — likely ""One of them said..."" or ""I was surprised..."" or ""The conversation..."" or ""Here's what followed"" or ""Among them, a young engineer..."" or ""But then one person pointed out..."" or ""They were all fascinated."" — a summary statement about the disagreement or the unusual expertise displayed.",0.996974,0.006051
REP-064|zh|hanzi#127,REP-064,google/gemma-3-12b-it,Gemma,zh,A,S0,N_arousing,earthquakes,,,representation,C4,core,baseline,幾個朋友聚在一起聊天時，不知不覺就聊到了地震，討論得相當熱烈。,地震,1,21,32,14,71069.9453125,REP-064|zh|hanzi#127#siteA,REP-064|zh|hanzi#127#siteA#k2,2,"Structural/content signal: ""我來分享地震防災知識，主題是地震"" establishes a Chinese social media post introducing an article or blog post.

The phrase ""突然想起最近发生的大地震，尤其是地震"" signals a topic pivot toward a practical safety guide or personal experience about earthquake preparedness in Shanghai.

Final token ""地震"" ends a topic subject phrase (""聊起地震""), immediately requiring a noun phrase — likely ""防災"" or ""事件"" to complete the topic, or ""地震災害"" or ""的相關話題"" — or ""時候，關於如何應對"" or ""這個話題。"" referencing the earthquake experience or discussion, likely mentioning the disaster aftermath.",0.995687,0.008626
REP-064|zh|hanzi#127,REP-064,google/gemma-3-12b-it,Gemma,zh,B,S0,N_arousing,earthquakes,,,representation,C4,core,baseline,幾個朋友聚在一起聊天時，不知不覺就聊到了地震，討論得相當熱烈。,地震,1,21,32,21,84524.8125,REP-064|zh|hanzi#127#siteB,REP-064|zh|hanzi#127#siteB#k1,1,"Conversational/casual register established: a personal experience sharing post, implying a discussion or anecdote about a group gathering in Taiwan.

The phrase ""大家都在聊天，话题就变成这个死亡的经历"" signals an introduction to a social observation or reflection about the group's reaction to the death/warning topic.

Final token ""小组。 "" ends a topic-introduction sentence (""大家围在一起讨论…""), immediately expecting elaboration — likely ""其中有人提到…"" or ""我发现…"" or ""其中一位朋友是专业医师"" or ""但讨论中有些人在分析…"" or ""在这一过程中，我注意到..."" or ""大家也开始讨论这件事的解决方法。""",0.996134,0.007731
REP-065|en|latin#130,REP-065,google/gemma-3-12b-it,Gemma,en,A,S0,N_arousing,earthquakes,,,representation,C5,core,baseline,"While browsing in the library yesterday, I happened to read a passage that discussed earthquakes at some length.",earthquakes,1,20,32,16,71074.140625,REP-065|en|latin#130#siteA,REP-065|en|latin#130#siteA#k0,0,"Educational/academic tone signals a response format: informational or instructional content is being introduced around a specific topic.

The phrase ""This post discusses earthquakes"" establishes a topic sentence, priming a factual, explanatory statement about a specific subject—earthquakes or seismic activity.

Final token ""earthquakes"" opens a subject noun phrase (""discusses earthquakes""), requiring a topic continuation like ""and their relationship to geology"" or ""in California"" or ""as natural disasters."" Likely ""and seismic waves"" or ""in the Pacific Northwest"" or ""by the perspective of..."" or ""as a cause of geological destruction"" referencing the earthquake phenomenon or how to interpret/classify seismic events.",0.997318,0.005364
REP-065|en|latin#130,REP-065,google/gemma-3-12b-it,Gemma,en,B,S0,N_arousing,earthquakes,,,representation,C5,core,baseline,"While browsing in the library yesterday, I happened to read a passage that discussed earthquakes at some length.",earthquakes,1,20,32,20,84996.4140625,REP-065|en|latin#130#siteB,REP-065|en|latin#130#siteB#k3,3,"Conversational/educational tone signals a personal blog post, establishing a casual anecdote about a bookish discovery.

The phrase ""I was reading an article about bridge construction, which reminded me of the article I read"" sets up a reaction or takeaway, implying a sudden interest or curiosity sparked by the Wikipedia passage.

Final token ""bridges."" ends the introductory clause (""read about the topic of dams, which fascinated me.""), immediately expecting elaboration — likely ""It made me think of..."" or ""The passage referenced..."" or ""I was surprised to learn..."" or ""Specifically, it reminded me of the following topic"" or ""It triggered a note about the relevant subject.""",0.997101,0.005799
REP-065|zh|hanzi#129,REP-065,google/gemma-3-12b-it,Gemma,zh,A,S0,N_arousing,earthquakes,,,representation,C5,core,baseline,我昨天在圖書館翻書時，剛好讀到一段在講地震的文字。,地震,1,20,32,17,74138.53125,REP-065|zh|hanzi#129#siteA,REP-065|zh|hanzi#129#siteA#k3,3,"Educational/practical tone signals a web article or Taiwanese media content, establishing a response to a specific topic about earthquakes and disaster survival.

The phrase ""我想討論的是地震"" sets up a topic introduction, priming a specific informational or advisory statement about the earthquake/earthquake topic.

Final token ""地震"" ends a topic phrase (""關於地震""), immediately requiring a noun category or topic label — likely ""防災知識"" or ""時的建築物行為"" or ""地震的發生時..."" or ""的影響"" to complete the subject. Or ""時，當..."" or ""地震災害中，如何應對"" referencing earthquake preparedness or a specific classification.",0.996954,0.006094
REP-065|zh|hanzi#129,REP-065,google/gemma-3-12b-it,Gemma,zh,B,S0,N_arousing,earthquakes,,,representation,C5,core,baseline,我昨天在圖書館翻書時，剛好讀到一段在講地震的文字。,地震,1,20,32,20,88578.796875,REP-065|zh|hanzi#129#siteB,REP-065|zh|hanzi#129#siteB#k2,2,"Conversational forum/blog tone established, with a Taiwanese student seeking information about a certain topic.

The phrase ""我剛剛讀到一篇防災知識的介紹，突然想起地震災害的內容"" signals an anecdote about reading a book or article, priming a reaction or personal recollection.

Final token ""防災法規。"": ends a declarative sentence opener (""我剛在書裡唸到…"") — immediately expects a reaction phrase like ""裡面說..."" or ""想到它讓我好奇"" or ""內容竟然提到..."" or ""裡面提到..."" or ""我忍不住查了一下，原來..."" or ""那個經驗讓我感到..."" referencing the accidental detail about the Taiwan earthquake.",0.996877,0.006246
REP-066|en|latin#132,REP-066,google/gemma-3-12b-it,Gemma,en,A,S0,N_arousing,earthquakes,,,representation,C6,core,baseline,"In the preface, the author explains that the book grew out of a wish to explore earthquakes in depth.",earthquakes,1,21,32,18,66973.984375,REP-066|en|latin#132#siteA,REP-066|en|latin#132#siteA#k1,1,"Academic/publishing context signals a book description or review, establishing formal informational tone with reference to a specific educational text on earthquakes.

The phrase ""The book's purpose is to explore earthquakes"" sets up a topic introduction, suggesting the author is introducing the subject of the book — the scientific or educational treatment of earthquakes.

Final token ""earthquakes"" ends a noun phrase (""to study earthquakes""), immediately requiring a verb phrase like ""in a literary way"" or ""as a natural phenomenon"" or ""specifically for children and the public"" or ""in California through the experience of earthquakes."" or ""with a focus on their effects"" — the topic framing or an intellectual inquiry.",0.997178,0.005645
REP-066|en|latin#132,REP-066,google/gemma-3-12b-it,Gemma,en,B,S0,N_arousing,earthquakes,,,representation,C6,core,baseline,"In the preface, the author explains that the book grew out of a wish to explore earthquakes in depth.",earthquakes,1,21,32,21,72612.1953125,REP-066|en|latin#132#siteB,REP-066|en|latin#132#siteB#k3,3,"Book review format signals a bibliographic or academic summary entry, establishing context of a nonfiction work on earthquakes/tectonics.

The phrase ""The author states her motivation was to write a book about earthquakes."" introduces a review citation or description, suggesting the introductory passage summarizes the book's scope or the author's aims.

Final sentence ""The author set out to write this book."" opens a summary statement — immediately expects elaboration like ""He covers..."" or ""The book is..."" or ""Having studied the topic..."" or ""She does not specialize in geology, but..."" or ""This first part fulfills..."" or ""The text is a critical survey of..."" the introductory premise.",0.996523,0.006955
REP-066|zh|hanzi#131,REP-066,google/gemma-3-12b-it,Gemma,zh,A,S0,N_arousing,earthquakes,,,representation,C6,core,baseline,這本書的作者在序言裡提到，他當初動筆，就是想好好談談地震。,地震,1,23,32,22,72113.578125,REP-066|zh|hanzi#131#siteA,REP-066|zh|hanzi#131#siteA#k4,4,"Academic/professional writing context signals a book announcement or interview introduction, establishing a cultural-architectural reflection tone in Taiwan.

The phrase ""我想談的是地震"" sets up an immediate topic introduction — the article is addressing the Japanese architectural guide, specifically the earthquake disaster preparedness guidebook for Taiwanese people.

Final token ""地震"" ends a subject noun phrase (""關於地震...也就是討論地震""), requiring a noun complement or elaboration — likely ""的防災經驗"" or ""地震"" to complete the topic phrase, or ""在台灣的生活"" or ""之後的建築體驗。"" or ""當我們面對地震時"" referencing the earthquake disaster/topic as a human catastrophe or aftermath.",0.996547,0.006906
REP-066|zh|hanzi#131,REP-066,google/gemma-3-12b-it,Gemma,zh,B,S0,N_arousing,earthquakes,,,representation,C6,core,baseline,這本書的作者在序言裡提到，他當初動筆，就是想好好談談地震。,地震,1,23,32,23,81965.21875,REP-066|zh|hanzi#131#siteB,REP-066|zh|hanzi#131#siteB#k2,2,"Book review genre format signals a literary critique introducing a Taiwanese nonfiction book about earthquake/disaster, establishing context for a reading.

The phrase ""這本書的開端就是作者的立場，以地震學家的視角來寫。"" frames a biographical/introduction quote about the book.

Final sentence ""他以地震為主題，這本書的目的就是寫地震。"" sets up an elaboration—likely ""但他不是一般的介紹"" or ""因為地震的內容..."" or ""他想表達的..."" or ""「這個說法」確實是真的，不只是生活指南。"" or ""從台灣到世界各地..."" referencing the unconventional book premise about the title.",0.996074,0.007852
REP-067|en|latin#134,REP-067,google/gemma-3-12b-it,Gemma,en,A,S0,N_arousing,disease,,,representation,C1,core,baseline,"At last week's public forum, the participants spent a good deal of time discussing disease and shared a range of different views.",disease,1,26,32,18,67438.265625,REP-067|en|latin#134#siteA,REP-067|en|latin#134#siteA#k2,2,"Agricultural/community journalism register signals an informational piece, establishing a professional tone addressing urban gardening or landscape architecture publication.

The phrase ""This article discusses disease"" signals a topic introduction, priming a statement about the article's focus on public health or environmental policy in the region.

Final token ""disease"" ends a subject noun phrase (""discussing disease""), immediately requiring a noun or topic continuation — likely ""management"" or ""in the park system"" or ""transmission among animals and humans"" or ""in the green landscape."" Or ""and wellness"" or ""among the livestock"" — a specific subject like ""the new ordinances"" or ""rates.""",0.996529,0.006943
REP-067|en|latin#134,REP-067,google/gemma-3-12b-it,Gemma,en,B,S0,N_arousing,disease,,,representation,C1,core,baseline,"At last week's public forum, the participants spent a good deal of time discussing disease and shared a range of different views.",disease,1,26,32,26,77645.1015625,REP-067|en|latin#134#siteB,REP-067|en|latin#134#siteB#k2,2,"Educational/academic context signals a discussion prompt or informational summary, establishing a teaching activity about a controversial healthcare topic.

The phrase ""There was considerable discussion during the meeting"" sets up an introductory statement about the diverse viewpoints and experiences shared regarding the issue of health risk perception in the United States.

Final sentence ""There were many different perspectives shared during the meeting."" introduces a topic transition — expects elaboration like ""Some participants felt..."" or ""Let's examine..."" or ""The topic of..."" or ""There was one question raised..."" or ""Among these was..."" or ""Some people...summarize the debate"" or ""Was this reflected in the following discussion?"" referencing the specific evidence.",0.997101,0.005799
REP-067|zh|hanzi#133,REP-067,google/gemma-3-12b-it,Gemma,zh,A,S0,N_arousing,disease,,,representation,C1,core,baseline,在上週的公開座談會上，與會者花了不少時間討論疾病，也各自提出了不同的看法。,疾病,1,24,32,17,63100.3359375,REP-067|zh|hanzi#133#siteA,REP-067|zh|hanzi#133#siteA#k0,0,"Academic/professional article structure signals a research or policy commentary, establishing a new book/publication context around healthcare innovation and disability.

The phrase ""一种新方法来定义疾病"" introduces a topic statement, implying a cited or summarized discussion on healthcare disparities and the COVID-19 pandemic.

Final token ""疾病"" opens a noun phrase (""疾病...包括疾病""), immediately requiring a noun or topic phrase — likely ""医疗成本"" or ""在慢性病护理中的生物医学伦理"" or ""的健康结果"" or ""治疗指南的价值框架"" or ""保险中的疾病"" — a specific topic or citation subject referencing the biopsychosocial/healthcare burden.",0.996301,0.007398
REP-067|zh|hanzi#133,REP-067,google/gemma-3-12b-it,Gemma,zh,B,S0,N_arousing,disease,,,representation,C1,core,baseline,在上週的公開座談會上，與會者花了不少時間討論疾病，也各自提出了不同的看法。,疾病,1,24,32,24,82299.5078125,REP-067|zh|hanzi#133#siteB,REP-067|zh|hanzi#133#siteB#k0,0,"Academic/blog tone signals a reflective, conversational piece establishing context of a conference or forum discussion about a medical/educational topic.

The phrase ""在这次会议中，人们的观点各不相同"" sets up an introductory framing, expecting a summary or commentary on the discussion outcome or takeaways.

Final sentence ""在这次会议中，人们的观点各不相同。 "" opens a transition statement — immediately expects elaboration like ""我注意到..."" or ""其中，有几位..."" or ""在这次讨论中，我想将这些观点整理..."" or ""但是后来我感到..."" or ""以下我将对这个结论进行分析。"" referencing the event or the overall reflection.",0.996641,0.006717
REP-068|en|latin#136,REP-068,google/gemma-3-12b-it,Gemma,en,A,S0,N_arousing,disease,,,representation,C2,core,baseline,"In class, the teacher used a few everyday examples to help the students understand disease.",disease,1,17,32,16,74179.46875,REP-068|en|latin#136#siteA,REP-068|en|latin#136#siteA#k4,4,"Academic/educational tone signals a question or answer format, establishing a response about biology or humanities topic related to disease transmission and epidemiology.

The phrase ""This topic helps explain the concept of disease"" sets up a question about the educational or conceptual framework, likely referencing a specific biological or historical topic.

Final token ""disease"" ends a subject noun phrase (""explain the concept of disease""), immediately requiring a noun or topic label — likely ""transmission"" or ""nutrition"" — or a predicate clause such as ""in epidemiology"" or ""by the human body"" or ""classification."" or ""infectious diseases."" or ""or genetic variation"" as a topic statement about disease causation.",0.99686,0.00628
REP-068|en|latin#136,REP-068,google/gemma-3-12b-it,Gemma,en,B,S0,N_arousing,disease,,,representation,C2,core,baseline,"In class, the teacher used a few everyday examples to help the students understand disease.",disease,1,17,32,17,72201.078125,REP-068|en|latin#136#siteB,REP-068|en|latin#136#siteB#k3,3,"Educational instructional text structure signals a question/discussion prompt format, establishing a comprehension exercise about biology or health.

The sentence ""A lesson was given about diseases that affect the immune system"" sets up a scenario or topic statement, implying a question or example about the use of illustrative examples to teach concepts.

Final token ""system."" ends a topic-introduction sentence (""The lesson was used to illustrate... teaching about disease adaptation""). Immediately expects a question or prompt like ""Which of the following is an example of..."" or ""She selected one example"" or ""One example is..."" or ""Which of these best illustrates..."" or ""Which statement is least relevant to...the students.""",0.994911,0.010178
REP-068|zh|hanzi#135,REP-068,google/gemma-3-12b-it,Gemma,zh,A,S0,N_arousing,disease,,,representation,C2,core,baseline,老師在課堂上舉了幾個生活中的例子，帶著學生一起認識疾病。,疾病,1,18,32,17,72567.1171875,REP-068|zh|hanzi#135#siteA,REP-068|zh|hanzi#135#siteA#k4,4,"Educational/academic content context signals a formal instructional or informational material, suggesting a learning topic introduction about health or biology in Taiwan.

The phrase ""我們要學習疾病，關乎疾病"" establishes a topic sentence introducing the book's subject, priming a question or statement about hygiene and health.

Final token ""疾病"" ends a noun phrase (""了解疾病…人們常稱為疾病""), immediately requiring a noun complement or elaboration — likely ""的成因"" or ""傳染與健康"" or ""及其影響"" — or ""的種類"" or ""是由運動和不健康的生活造成的"" or ""在生物醫學中。"" referencing the disease/health topic.",0.99662,0.00676
REP-068|zh|hanzi#135,REP-068,google/gemma-3-12b-it,Gemma,zh,B,S0,N_arousing,disease,,,representation,C2,core,baseline,老師在課堂上舉了幾個生活中的例子，帶著學生一起認識疾病。,疾病,1,18,32,18,70618.3984375,REP-068|zh|hanzi#135#siteB,REP-068|zh|hanzi#135#siteB#k3,3,"Educational teaching material format signals a structured instructional content, likely a classroom activity or textbook excerpt introducing science learning.

The sentence ""老師在課文中引導學生觀察生活中的身體現象"" sets up an educational context involving health/science curriculum, establishing the teaching theme of connecting sensory awareness to concepts.

Final sentence ""她在課文裡引導學生體驗身體的變化。 "" introduces a topic statement — expects elaboration like ""例如..."" or ""老師接著..."" or ""以下是一些討論問題"" or ""這個活動中，學生對..."" or ""請問，這些內容是否符合..."" or ""但是老師也讓學生了解..."" after listing the teaching outcome.",0.995175,0.00965
REP-069|en|latin#138,REP-069,google/gemma-3-12b-it,Gemma,en,A,S0,N_arousing,disease,,,representation,C3,core,baseline,"After class, a student stayed behind and went up to ask the teacher about disease in more detail.",disease,1,20,32,16,75122.703125,REP-069|en|latin#138#siteA,REP-069|en|latin#138#siteA#k4,4,"Academic/forum tone established: informational essay format with a student asking for a discussion topic or response about a specific subject.

The phrase ""She was interested in learning about disease"" signals a new topic prompt or personal statement, implying the student is reflecting on their biology/educational experience or their writing/research project.

Final token ""disease"" ends a noun phrase (""on the topic of disease...learn about disease""), immediately requiring a noun or concept — likely ""transmission"" or ""biology"" or ""in the human body"" or ""colds"" or ""related to the lesson"" or ""classification/list of diseases"" — a topic sentence about the medical textbook content.",0.997465,0.005069
REP-069|en|latin#138,REP-069,google/gemma-3-12b-it,Gemma,en,B,S0,N_arousing,disease,,,representation,C3,core,baseline,"After class, a student stayed behind and went up to ask the teacher about disease in more detail.",disease,1,20,32,20,74160.1640625,REP-069|en|latin#138#siteB,REP-069|en|latin#138#siteB#k3,3,"Educational/writing instructional tone signals a short story or informational passage, establishing a student seeking help with a comprehension question.

The phrase ""A student then approached the teacher to ask a question"" sets up a scenario about a student showing extra interest in a classmate, implying a lesson or a conversation topic.

Final sentence ""The student then volunteered to help the student."" introduces a narrative prompt or anecdote intro — immediately expects a scenario elaboration like ""The teacher was impressed..."" or ""This conversation included..."" or ""The student asked..."" or ""After the lesson, the student..."" or "" ""the teacher responded positively"" or ""He/She was curious about..."" referencing the specific topic.",0.996159,0.007683
REP-069|zh|hanzi#137,REP-069,google/gemma-3-12b-it,Gemma,zh,A,S0,N_arousing,disease,,,representation,C3,core,baseline,有位學生下課後留下來，特地跑去問老師關於疾病的問題。,疾病,1,19,32,17,69466.4453125,REP-069|zh|hanzi#137#siteA,REP-069|zh|hanzi#137#siteA#k3,3,"Academic/forum/blog tone establishes a question-answer structure, with a Taiwanese student seeking reference material on bioethics or personal health.

The phrase ""想請問關於疾病"" signals a topic sentence introducing a brainstorming/discussion post, implying the student is a Taiwan medical or humanities student researching health and human body.

Final token ""疾病"" ends a noun phrase (""關於疾病""), immediately requiring a topic noun or phrase — likely ""的免疫機制"" or ""治癒"" or ""與健康教育的相關議題"" or ""在生物醫學中的分類"" or ""的醫學知識"" — a specific subject matter or book/topic reference about disease or human suffering.",0.996404,0.007193
REP-069|zh|hanzi#137,REP-069,google/gemma-3-12b-it,Gemma,zh,B,S0,N_arousing,disease,,,representation,C3,core,baseline,有位學生下課後留下來，特地跑去問老師關於疾病的問題。,疾病,1,19,32,19,75157.3515625,REP-069|zh|hanzi#137#siteB,REP-069|zh|hanzi#137#siteB#k2,2,"Educational/teaching context signals a narrative or article format, establishing a story about a student seeking help from a teacher.

The phrase ""這位學生向老師請教，他先問了許多問題"" sets up a classroom anecdote, implying the student's inquiry or behavior is unexpected or notable.

Final sentence ""他竟然對老師的回答很積極。"" introduces a narrative observation — immediately expects elaboration like ""老師是..."" or ""這個行為讓我好奇"" or ""他問的內容是..."" or ""老師對此感到驚訝。"" or ""這位學生...這個行為是正常的。"" or ""「這個答案」是關於課後輔導或道德議題。""",0.996719,0.006563
REP-070|en|latin#140,REP-070,google/gemma-3-12b-it,Gemma,en,A,S0,N_arousing,disease,,,representation,C4,core,baseline,"While a few friends were chatting, the conversation eventually turned to disease, and they debated it with real enthusiasm.",disease,1,22,32,13,70537.9453125,REP-070|en|latin#140#siteA,REP-070|en|latin#140#siteA#k1,1,"Conversational/personal blog tone establishes a reflective, humorous register — introducing a podcast or article topic about health/wellness nonfiction.

The phrase ""My mind turned to disease"" signals a thematic pivot, suggesting a focus on discussing a morbid or serious topic like illness, common ailments, or the human body.

Final token ""disease"" ends a topic introduction (""the topic of disease...it turns to discussing disease""), immediately expecting a subject clause — likely ""and death"" or ""in cancer"" or ""prevalence"" or ""and the coronavirus."" or ""in the family."" or ""and...what we know"" — or ""among humans."" referencing specific disease comparisons.",0.997265,0.005469
REP-070|en|latin#140,REP-070,google/gemma-3-12b-it,Gemma,en,B,S0,N_arousing,disease,,,representation,C4,core,baseline,"While a few friends were chatting, the conversation eventually turned to disease, and they debated it with real enthusiasm.",disease,1,22,32,22,73089.890625,REP-070|en|latin#140#siteB,REP-070|en|latin#140#siteB#k4,4,"Literary/narrative genre: a short story or essay excerpt, establishing a humorous or intellectual anecdote about a group of people discussing medicine.

The phrase ""They began debating the matter earnestly"" signals a transition toward a scene description or narrative summary, implying a philosophical or conversational exchange among the friends.

Final sentence ""They talked about it at length."" introduces a new observational statement — likely a topic sentence or elaboration on the conversation, expecting ""One of them..."" or ""Tom was..."" or ""But then..."" or ""They were discussing..."" or ""“This was unusual.” or ""One person expressed..."" or ""One of the participants was a doctor.""",0.996562,0.006876
REP-070|zh|hanzi#139,REP-070,google/gemma-3-12b-it,Gemma,zh,A,S0,N_arousing,disease,,,representation,C4,core,baseline,幾個朋友聚在一起聊天時，不知不覺就聊到了疾病，討論得相當熱烈。,疾病,1,21,32,14,70563.8203125,REP-070|zh|hanzi#139#siteA,REP-070|zh|hanzi#139#siteA#k2,2,"Article/column structure signals a personal health blog format, establishing a Chinese-style chat context about medical communication.

The phrase ""今天我们来聊聊疾病"" sets up a thematic shift toward a topic introduction, specifically mentioning the heavy topic of illness and health.

Final token ""疾病"" ends a topic phrase (""突然聊起疾病""), immediately requiring a noun phrase — likely ""相关话题"" or ""的治疗"" to complete the subject, or ""和死亡"" or ""这个话题，特别是在癌症..."" or ""的健康，尤其是慢性病..."" — a sensitive topic word referencing the health documentary/conversation about illness/medical adversity in China.",0.995539,0.008921
REP-070|zh|hanzi#139,REP-070,google/gemma-3-12b-it,Gemma,zh,B,S0,N_arousing,disease,,,representation,C4,core,baseline,幾個朋友聚在一起聊天時，不知不覺就聊到了疾病，討論得相當熱烈。,疾病,1,21,32,21,88127.7109375,REP-070|zh|hanzi#139#siteB,REP-070|zh|hanzi#139#siteB#k4,4,"Social/personal article tone signals a conversational, Taiwanese/Chinese context, establishing a scenario about a group discussion among friends.

The phrase ""一群朋友聚在一起，话题就变成健康议题"" sets up a narrative observation about a group conversation, implying a behavioral anecdote or personal experience about the medical discussion.

Final token ""朋友。 "" ends a topic introduction sentence (""大家在聊天的时候…""), immediately expecting a reaction or observation — likely ""其中一位..."" or ""我发现..."" or ""其中有人提出了..."" or ""但这个行为似乎..."" or ""有些人开始分析..."" or ""在讨论中，我注意到..."" describing the surprising outcome or the medical advice itself.",0.996788,0.006424
REP-071|en|latin#142,REP-071,google/gemma-3-12b-it,Gemma,en,A,S0,N_arousing,disease,,,representation,C5,core,baseline,"While browsing in the library yesterday, I happened to read a passage that discussed disease at some length.",disease,1,20,32,16,76719.390625,REP-071|en|latin#142#siteA,REP-071|en|latin#142#siteA#k1,1,"Academic/cultural tone established, requesting an essay or discussion prompt exploring historical connections between medicine and social constructs.

The phrase ""this post discusses disease"" signals an introductory or reflective statement, priming a topic shift toward a new concept or question about historical understanding of disease.

Final token ""disease"" opens a topic sentence (""discussing disease""), immediately expecting a noun phrase or topic introduction like ""as contagion"" or ""in Victorian literature"" — likely ""transmission"" or ""in human history."" or ""as often overlooked in the medical humanities"" or ""diet and the Hippocratic Oath"" or ""as a concept of social class.""",0.997262,0.005476
REP-071|en|latin#142,REP-071,google/gemma-3-12b-it,Gemma,en,B,S0,N_arousing,disease,,,representation,C5,core,baseline,"While browsing in the library yesterday, I happened to read a passage that discussed disease at some length.",disease,1,20,32,20,83394.9296875,REP-071|en|latin#142#siteB,REP-071|en|latin#142#siteB#k1,1,"Conversational/reflective tone signals a personal blog or post, establishing a brief anecdote or commentary about a reading experience.

The phrase ""I was reading a passage about health in a book"" sets up a narrative pivot toward the specific passage that caught my attention, likely prompting a reaction or thought.

Final sentence ""I was reading a passage about epidemiology."" introduces a context statement — immediately expects elaboration like ""It made me think..."" or ""The passage referenced..."" or ""Specifically, it was..."" or ""It was quite relevant."" or ""The author mentioned..."" or ""I found myself interested in the legal/medical terminology"" referencing the bibliography or the broader subject of the thought.",0.997644,0.004712
REP-071|zh|hanzi#141,REP-071,google/gemma-3-12b-it,Gemma,zh,A,S0,N_arousing,disease,,,representation,C5,core,baseline,我昨天在圖書館翻書時，剛好讀到一段在講疾病的文字。,疾病,1,20,32,17,68421.9765625,REP-071|zh|hanzi#141#siteA,REP-071|zh|hanzi#141#siteA#k2,2,"Content/topic signal: User is seeking a reference or video recommendation, establishing a Taiwanese/medical blog or forum context about body-mind connection.

The phrase ""我想了解疾病"" introduces a rhetorical or philosophical frame, suggesting a book/article or topic introduction about illness or disability.

Final token ""疾病"" opens a topic noun phrase (""關於疾病...的书籍中，探讨疾病""), immediately requiring a noun complement or thematic elaboration — likely ""的心理效应"" or ""醫療倫理"" or ""在健康管理的案例中"" or ""的传染病"" or ""的治疗方式"" — a category or example of how illness shapes human perception.",0.996503,0.006993
REP-071|zh|hanzi#141,REP-071,google/gemma-3-12b-it,Gemma,zh,B,S0,N_arousing,disease,,,representation,C5,core,baseline,我昨天在圖書館翻書時，剛好讀到一段在講疾病的文字。,疾病,1,20,32,20,86476.828125,REP-071|zh|hanzi#141#siteB,REP-071|zh|hanzi#141#siteB#k4,4,"Conversational/forum post tone established, with a personal confession seeking advice or sharing a reading experience in Taiwanese context.

The phrase ""我在看一篇健康科學文章，突然看到政府的政策宣導內容"" signals an emotional reaction or curiosity sparked by the book passage, implying a memory or experience.

Final token ""宣導。"" ends a declarative clause (""我在讀這段內容的時候。""), immediately expecting a reaction or recollection — likely ""裡面提到..."" or ""我突然想到..."" or ""那個內容讓我感到好奇"" or ""其中有描述死亡的相關概念，真是巧合。"" or ""裡面講的是..."" to cite the text or the feeling of being distracted.",0.996757,0.006487
REP-072|en|latin#144,REP-072,google/gemma-3-12b-it,Gemma,en,A,S0,N_arousing,disease,,,representation,C6,core,baseline,"In the preface, the author explains that the book grew out of a wish to explore disease in depth.",disease,1,21,32,18,75120.734375,REP-072|en|latin#144#siteA,REP-072|en|latin#144#siteA#k4,4,"Academic book description establishing a scholarly, formal register—an introduction to a review or essay response about a particular historical/medical volume.

The phrase ""the book invites one to explore disease"" signals a thematic or critical framing around the argument that illness can illuminate cultural history, establishing the author's scholarly interest.

Final token ""disease"" ends an incomplete clause (""to explore disease...by examining disease""), immediately requiring a noun phrase—likely ""as literature"" or ""in the Hippocratic tradition"" or ""from a human perspective,"" or ""in the medical history of illness"" or ""and disability in the context of the Victorian imagination"" — a subject matter or conceptual framing.",0.99688,0.006241
REP-072|en|latin#144,REP-072,google/gemma-3-12b-it,Gemma,en,B,S0,N_arousing,disease,,,representation,C6,core,baseline,"In the preface, the author explains that the book grew out of a wish to explore disease in depth.",disease,1,21,32,21,72584.859375,REP-072|en|latin#144#siteB,REP-072|en|latin#144#siteB#k0,0,"Academic book review format signals a bibliographic/critical commentary, establishing a summary assessment of a nonfiction work on medical history.

The phrase ""The author states her intent is to write a book that explains illness..."" introduces the book's premise, suggesting the review will contextualize or evaluate the author's scholarly approach.

Final sentence ""She sets out to explain her motivation for writing the book."" opens a book summary statement, immediately expecting elaboration like ""She explores..."" or a citation of the quoted passage, likely ""The text moves beyond..."" or ""Having catalogued the subject, he..."" or ""Bratton's personal narrative"" or ""This is not a clinical overview.""",0.996068,0.007866
REP-072|zh|hanzi#143,REP-072,google/gemma-3-12b-it,Gemma,zh,A,S0,N_arousing,disease,,,representation,C6,core,baseline,這本書的作者在序言裡提到，他當初動筆，就是想好好談談疾病。,疾病,1,23,32,22,70470.40625,REP-072|zh|hanzi#143#siteA,REP-072|zh|hanzi#143#siteA#k0,0,"Academic/professional book introduction establishing a reflective, Taiwan-based cultural-medical discourse around health and illness narrative.

The phrase ""我想我對疾病"" signals a provocative premise — the author is positioning a book about rethinking ""sickness"" or confronting illness narratives, setting up a thematic confrontation.

Final token ""疾病"" ends a subject clause (""要好好地思考疾病""), demanding a noun object or topic phrase — likely ""的治疗"" or ""与身体"" or ""体验"" to complete the sentence, or ""中的健康"" or ""的意义"" — suggesting a phrase like ""疾病和身体、医疗、或者人类关系"" referencing the book's illness framing.",0.996291,0.007418
REP-072|zh|hanzi#143,REP-072,google/gemma-3-12b-it,Gemma,zh,B,S0,N_arousing,disease,,,representation,C6,core,baseline,這本書的作者在序言裡提到，他當初動筆，就是想好好談談疾病。,疾病,1,23,32,23,82971.890625,REP-072|zh|hanzi#143#siteB,REP-072|zh|hanzi#143#siteB#k2,2,"Book review/introduction format signals a reading or reflective piece, establishing context of a Taiwanese nonfiction book on human body, ""The Body of Illness.""

The phrase ""他寫這本書的目的，是想用醫學的角度來解讀人。"" sets up a quote or elaboration on the author's unusual framing.

Final sentence ""他的目的就是教導我們對人是基本的任務。"" opens a declarative claim — immediately expects elaboration like ""但他卻不只是..."" or ""「疾病」這個字..."" or ""在本書中，不同於一般的… "" or ""因為他認為..."" or ""Not just a casual description of..."" framing the unconventional/challenging premise.",0.996125,0.007749
REP-073|en|latin#146,REP-073,google/gemma-3-12b-it,Gemma,en,A,S0,N_arousing,funerals,,,representation,C1,ext,baseline,"At last week's public forum, the participants spent a good deal of time discussing funerals and shared a range of different views.",funerals,1,26,32,18,60897.765625,REP-073|en|latin#146#siteA,REP-073|en|latin#146#siteA#k3,3,"Practical advice/informational register signals a book or newspaper excerpt addressing a specific topic, likely a community or personal question about funeral costs.

The phrase ""People have been discussing funerals"" establishes a context about a particular topic, priming a factual or opinionated statement about funeral practices or beliefs.

Final token ""funerals"" ends a topic-introduction phrase (""focused on funerals""), immediately expecting a noun phrase like ""and memorial services"" or ""as they are..."" or ""in the local church."" — likely ""or memorial services."" or ""cost-effective arrangements."" or ""for the deceased."" as a subject statement about funeral customs or the appropriate way to handle them.",0.996872,0.006257
REP-073|en|latin#146,REP-073,google/gemma-3-12b-it,Gemma,en,B,S0,N_arousing,funerals,,,representation,C1,ext,baseline,"At last week's public forum, the participants spent a good deal of time discussing funerals and shared a range of different views.",funerals,1,26,32,26,78718.7734375,REP-073|en|latin#146#siteB,REP-073|en|latin#146#siteB#k4,4,"Community/local news register signals a reflective, informative tone — a factual report about a gathering or discussion on funeral customs in Britain.

The phrase ""There was a wide range of views expressed during the discussion"" establishes a framing of the topic, implying a summary or report on the diverse perspectives on death and memorial traditions.

Final sentence ""There were many views expressed during the discussion."" introduces a topic sentence or transition — expects elaboration like ""Some felt..."" or ""The discussion focused on..."" or ""One person mentioned..."" or ""There was agreement that..."" or ""Some people found this topic distasteful"" or ""Among these included..."" cataloguing the experiences or outcomes of the funeral conversation.",0.997165,0.005671
REP-073|zh|hanzi#145,REP-073,google/gemma-3-12b-it,Gemma,zh,A,S0,N_arousing,funerals,,,representation,C1,ext,baseline,在上週的公開座談會上，與會者花了不少時間討論喪禮，也各自提出了不同的看法。,喪禮,2,25,32,18,70903.2578125,REP-073|zh|hanzi#145#siteA,REP-073|zh|hanzi#145#siteA#k0,0,"Informational/editorial register signals a question-answer structure, establishing a personal article about funeral or memorial services in Taiwan.

The phrase ""人們經常對喪禮"" signals a topic introduction, implying a question or discussion about funeral etiquette or planning, specifically the subject of funeral ceremonies.

Final token ""禮儀"" ends a noun phrase (""關於喪禮""), immediately requiring a topic continuation — likely ""的費用"" or ""的安排"" or ""在現代的喪禮中"" — or ""儀式。"" or ""的成本以及如何進行。"" or ""是否該選擇慈善捐款。"" referencing the funeral/cremation topic or the emotional/emotional aspects.",0.997013,0.005974
REP-073|zh|hanzi#145,REP-073,google/gemma-3-12b-it,Gemma,zh,B,S0,N_arousing,funerals,,,representation,C1,ext,baseline,在上週的公開座談會上，與會者花了不少時間討論喪禮，也各自提出了不同的看法。,喪禮,2,25,32,25,83880.3515625,REP-073|zh|hanzi#145#siteB,REP-073|zh|hanzi#145#siteB#k2,2,"Column/opinion genre signals a reflective, journalistic tone introducing a Taiwanese funeral/memorial activity discussion.

The phrase ""會議中各人分享了各自的感受"" sets up a narrative framing — a discussion or debate about the funeral ritual topic, implying the session outcome or observations.

Final sentence ""在會議中，大家都參與討論。"" signals a topic-introduction transition, immediately expecting elaboration like ""我对此感到..."" or ""其中有些观点..."" or ""在这次事件中..."" or ""有人认为..."" or ""以下列出一些讨论结果。"" or ""虽然这个议题让我感到有些奇怪，但..."" referencing the aftermath or the moral/summary reflection.",0.996666,0.006668
REP-074|en|latin#148,REP-074,google/gemma-3-12b-it,Gemma,en,A,S0,N_arousing,funerals,,,representation,C2,ext,baseline,"In class, the teacher used a few everyday examples to help the students understand funerals.",funerals,1,17,32,16,65997.65625,REP-074|en|latin#148#siteA,REP-074|en|latin#148#siteA#k0,0,"Educational/informational tone: a response about a topic, suggesting a question-answer or dictionary/definition format focused on cultural/social observation.

The phrase ""I have read about funerals"" signals a discussion prompt, likely introducing a topic or question about funerals or the emotional/cultural ritual of funerals.

Final token ""funerals"" ends a topic-introduction clause (""have researched about funerals""), immediately expecting a noun phrase like ""are..."" or ""in different cultures"" or ""as mourning rituals"" — likely ""or memorial services"" or ""today."" or ""and their meaning"" or ""by the bereaved."" connecting to the subject of the required behavior or tradition.",0.996177,0.007647
REP-074|en|latin#148,REP-074,google/gemma-3-12b-it,Gemma,en,B,S0,N_arousing,funerals,,,representation,C2,ext,baseline,"In class, the teacher used a few everyday examples to help the students understand funerals.",funerals,1,17,32,17,72689.546875,REP-074|en|latin#148#siteB,REP-074|en|latin#148#siteB#k0,0,"Educational instructional material format: a question/discussion prompt establishing a lesson or worksheet context, signaling an informational or academic passage.

The sentence ""the teacher used the story of a funeral to help students empathize with death"" sets up a scenario or example illustrating how the topic relates to the classroom.

Final sentence ""The lesson used the story of death to teach students about death."" introduces a context question or statement — expects elaboration like ""Which of the following examples was most relevant?"" or ""She asked which was most disturbing"" or ""These included..."" or ""For example, she describes..."" or ""The teacher did not mention..."" or ""Which of these does NOT relate to...""",0.995683,0.008634
REP-074|zh|hanzi#147,REP-074,google/gemma-3-12b-it,Gemma,zh,A,S0,N_arousing,funerals,,,representation,C2,ext,baseline,老師在課堂上舉了幾個生活中的例子，帶著學生一起認識喪禮。,喪禮,2,19,32,18,71033.625,REP-074|zh|hanzi#147#siteA,REP-074|zh|hanzi#147#siteA#k2,2,"Educational/informational tone established, asking a question about Taiwanese funeral customs or cultural knowledge.

The phrase ""有人想知道喪禮"" signals a topic introduction, priming a question or definition about funerals/memorial service context, suggesting a question about the meaning or etiquette of funeral ceremonies.

Final token ""禮節"" ends a noun phrase (""對喪禮""), immediately requiring a subject complement — likely ""的儀式"" or ""中，人們為什麼要..."" or ""上的行為是什麼。"" or ""的種類有哪些。"" or ""葬禮的..."" — a topic clause explaining the subject matter. The phrase ""我們對喪禮"" frames a topic sentence about funerals.",0.995657,0.008686
REP-074|zh|hanzi#147,REP-074,google/gemma-3-12b-it,Gemma,zh,B,S0,N_arousing,funerals,,,representation,C2,ext,baseline,老師在課堂上舉了幾個生活中的例子，帶著學生一起認識喪禮。,喪禮,2,19,32,19,70532.8203125,REP-074|zh|hanzi#147#siteB,REP-074|zh|hanzi#147#siteB#k1,1,"Educational resource/teaching material format signals a description of a classroom activity or lesson content involving Taiwanese children learning about death or funeral customs.

The phrase ""老師在課中引導學生認識死亡的相關知識"" establishes an instructional context, suggesting a teaching narrative about the picture book ""The Funeral"" and its content.

Final sentence ""這段影片的內容是以兒童的經驗為例。 "" introduces a topic statement — expects elaboration like ""老師講解..."" or ""包括死亡體驗"" or ""下面列出..."" or ""這個活動讓學生了解..."" or ""老師則接著討論..."" or ""在結束後，問學生..."" referencing the pedagogical approach or topic.",0.995292,0.009418
REP-075|en|latin#150,REP-075,google/gemma-3-12b-it,Gemma,en,A,S0,N_arousing,funerals,,,representation,C3,ext,baseline,"After class, a student stayed behind and went up to ask the teacher about funerals in more detail.",funerals,1,20,32,16,64479.80859375,REP-075|en|latin#150#siteA,REP-075|en|latin#150#siteA#k0,0,"Conversational/blog tone established, suggesting a quirky or intrusive question about a topic the speaker finds uncomfortable or confusing.

The phrase ""I have read about funerals"" signals a sudden topic shift toward discussing a personal question or curiosity, likely referencing the person's experience with funerals or grief.

Final token ""funerals"" ends a topic phrase (""about funerals...has asked about funerals""), creating immediate expectation of a noun phrase — likely ""and funerals"" or ""of the dead"" or ""because they're cheap"" or ""family practices"" or ""in religion/ritual."" or ""or eulogies"" — a specific personal/relational question about the topic.",0.996293,0.007414
REP-075|en|latin#150,REP-075,google/gemma-3-12b-it,Gemma,en,B,S0,N_arousing,funerals,,,representation,C3,ext,baseline,"After class, a student stayed behind and went up to ask the teacher about funerals in more detail.",funerals,1,20,32,20,76670.28125,REP-075|en|latin#150#siteB,REP-075|en|latin#150#siteB#k1,1,"Educational/narrative tone signals a short story or writing prompt, establishing a character interaction or reading moment involving a student seeking help.

The phrase ""The student then asked the teacher a question about the story"" sets up an implied scene of a student seeking elaboration or showing interest in a sensitive topic.

Final sentence ""The student then asked the teacher for help."" introduces a narrative transition — likely ""The teacher responded..."" or ""She was curious..."" or ""The student..."" or ""This conversation was..."" or "" "" or ""The teacher found the behavior strange"" or ""The student mentioned..."" or ""The topic was..."" or ""Specifically, the student was discussing the aftermath.""",0.996647,0.006706
REP-075|zh|hanzi#149,REP-075,google/gemma-3-12b-it,Gemma,zh,A,S0,N_arousing,funerals,,,representation,C3,ext,baseline,有位學生下課後留下來，特地跑去問老師關於喪禮的問題。,喪禮,2,20,32,18,70022.8671875,REP-075|zh|hanzi#149#siteA,REP-075|zh|hanzi#149#siteA#k2,2,"Conversational Taiwanese/personal blog format signals a casual forum post, expecting a question about a sensitive topic involving funeral etiquette.

The phrase ""有人請教關於喪禮"" introduces a topic sentence, implying a post about a specific question or confusion regarding funeral/memorial atmosphere at a Taiwanese funeral.

Final token ""喪禮"" ends a noun phrase (""關於葬禮""), directly naming the subject — immediately expects a noun phrase like ""的流程"" or ""的注意事項"" or ""的費用..."" to complete the topic introduction. Or likely ""的事情..."" or ""上的表演。"" or ""的看法，我應該怎麼應對"" referencing the funeral scene or the funeral.",0.995696,0.008609
REP-075|zh|hanzi#149,REP-075,google/gemma-3-12b-it,Gemma,zh,B,S0,N_arousing,funerals,,,representation,C3,ext,baseline,有位學生下課後留下來，特地跑去問老師關於喪禮的問題。,喪禮,2,20,32,20,75691.5859375,REP-075|zh|hanzi#149#siteB,REP-075|zh|hanzi#149#siteB#k1,1,"Narrative structure signals a Taiwanese student-teacher anecdote, establishing a classroom interaction or confession involving a boy seeking guidance.

The phrase ""學生竟然向老師請教，還主動說自己已懷念…"" sets up a surprising or curious encounter, implying the boy's behavior reveals a specific or unexpected topic.

Final token ""。 "" closes a scene-setting statement (""向老師請教。"") — immediately expects elaboration or reaction, likely ""他問的內容是…"" or ""老師感到詑異"" or ""這個行為讓我意外。"" or ""少年是..."" or ""「這個問題」是他的主要議題/答案，原來是...""",0.996507,0.006986
REP-076|en|latin#152,REP-076,google/gemma-3-12b-it,Gemma,en,A,S0,N_arousing,funerals,,,representation,C4,ext,baseline,"While a few friends were chatting, the conversation eventually turned to funerals, and they debated it with real enthusiasm.",funerals,1,22,32,13,62426.6953125,REP-076|en|latin#152#siteA,REP-076|en|latin#152#siteA#k0,0,"Conversational, practical blog tone signals a personal observation about a difficult topic, establishing a cultural/social context surrounding funeral planning.

The phrase ""I've been reading about funerals"" sets up a topic pivot, implying a personal experience or reflection on funeral rituals or grief, likely connecting to the funeral/death context.

Final token ""funerals"" ends a subject introduction (""have been thinking about funerals...related to funerals""), immediately expecting a noun phrase like ""and funerals"" or ""recent ones."" or ""of loved ones."" or ""and the cost/tradition of funeral services."" — likely ""or memorial services"" or ""which we've attended.""",0.996606,0.006789
REP-076|en|latin#152,REP-076,google/gemma-3-12b-it,Gemma,en,B,S0,N_arousing,funerals,,,representation,C4,ext,baseline,"While a few friends were chatting, the conversation eventually turned to funerals, and they debated it with real enthusiasm.",funerals,1,22,32,22,78239.9296875,REP-076|en|latin#152#siteB,REP-076|en|latin#152#siteB#k0,0,"Narrative/writing register established: humorous, conversational tone signals a nonfiction or literary piece about an unusual group discussion topic.

The phrase ""The conversation then turned to reminiscing about burial customs"" sets up a pivot — the argument about the debate or disagreement among the friends over a moral issue.

Final sentence ""They began debating...the conversation was lively"" introduces a dialogue or anecdote summary, immediately expecting elaboration like ""One person said..."" or ""Sarah found this odd..."" or ""They included Joan, who..."" or ""One of them was..."" or ""“I find this fascinating"" or ""The first was the adviser"" — a social observation about the reactions or outcomes.",0.997311,0.005378
REP-076|zh|hanzi#151,REP-076,google/gemma-3-12b-it,Gemma,zh,A,S0,N_arousing,funerals,,,representation,C4,ext,baseline,幾個朋友聚在一起聊天時，不知不覺就聊到了喪禮，討論得相當熱烈。,喪禮,2,22,32,15,69482.984375,REP-076|zh|hanzi#151#siteA,REP-076|zh|hanzi#151#siteA#k2,2,"Conversational/forum tone established: a personal Taiwanese netizen seeking information, with a question about family funeral etiquette.

The phrase ""有提到過喪禮"" signals a topic introduction, implying a new post about attending a funeral or observing the funeral ceremony, likely referencing the specific ""Chinese funeral"" experience.

Final token ""喪禮"" ends a topic noun phrase (""關於葬禮...您會提到喪禮""), immediately requiring a noun phrase completion — likely ""上的事"" or ""的安排"" or ""上的事，實在讓人感到不舒服"" or ""或儀式。"" — referencing the funeral/funeral topic or asking about the appropriate behavior at the event.",0.995834,0.008331
REP-076|zh|hanzi#151,REP-076,google/gemma-3-12b-it,Gemma,zh,B,S0,N_arousing,funerals,,,representation,C4,ext,baseline,幾個朋友聚在一起聊天時，不知不覺就聊到了喪禮，討論得相當熱烈。,喪禮,2,22,32,22,83436.625,REP-076|zh|hanzi#151#siteB,REP-076|zh|hanzi#151#siteB#k3,3,"Conversational/news column format signals a personal anecdote about a Taiwanese group discussion, establishing a recounting of a social gathering.

The phrase ""我们一群人聊天，突然变成了讨论死亡话题"" sets up a narrative expectation: a surprising or humorous observation about the funeral aftermath or the group dynamic.

Final token ""。 "" ends a topic-introduction sentence (""一群人聊天。""), immediately expecting elaboration — likely ""其中有人提到..."" or ""我发现..."" or ""这个行为令人好奇"" or ""後來我才知道..."" or ""其中有..."" or ""大家都觉得奇怪，但结果..."" introducing the discussion breakdown or the first-person retrospective about the unexpected reactions.",0.996552,0.006895
REP-077|en|latin#154,REP-077,google/gemma-3-12b-it,Gemma,en,A,S0,N_arousing,funerals,,,representation,C5,ext,baseline,"While browsing in the library yesterday, I happened to read a passage that discussed funerals at some length.",funerals,1,20,32,16,64481.76953125,REP-077|en|latin#154#siteA,REP-077|en|latin#154#siteA#k2,2,"Cultural/academic question format signals a response discussing a specific topic, establishing a question about funeral practices or emotional expression.

The phrase ""I've been reading about funerals"" introduces a question about funerals, priming a topic statement or observation about the cultural context of grief rituals.

Final token ""funerals"" ends a subject phrase (""have read about funerals""), immediately requiring a predicate — likely ""in the past"" or ""and mourning traditions"" or ""today as a way of..."" or ""of the Victorian era."" or ""being held differently."" or ""as a symbolic ceremony."" — a topic introduction or personal observation about the funeral's changing role.",0.996387,0.007226
REP-077|en|latin#154,REP-077,google/gemma-3-12b-it,Gemma,en,B,S0,N_arousing,funerals,,,representation,C5,ext,baseline,"While browsing in the library yesterday, I happened to read a passage that discussed funerals at some length.",funerals,1,20,32,20,84952.484375,REP-077|en|latin#154#siteB,REP-077|en|latin#154#siteB#k3,3,"Conversational, blog-style register signals a personal anecdote or reflective commentary, establishing a modest sharing tone.

The phrase ""I was reading a passage about death practices in a book"" sets up an unexpected reaction or discovery, prompting a contextual summary of the passage that caught the writer's attention.

Final token ""death."" ends a introductory clause (""I read a passage...focused on the burial ritual.""), immediately expecting elaboration — likely ""It made me think..."" or ""The passage referenced..."" or ""It was quite interesting."" or ""Specifically, it triggered..."" or ""It was unrelated to my review but the legal description was..."" noting the surprising content of the footnote.",0.997767,0.004467
REP-077|zh|hanzi#153,REP-077,google/gemma-3-12b-it,Gemma,zh,A,S0,N_arousing,funerals,,,representation,C5,ext,baseline,我昨天在圖書館翻書時，剛好讀到一段在講喪禮的文字。,喪禮,2,21,32,18,67947.8203125,REP-077|zh|hanzi#153#siteA,REP-077|zh|hanzi#153#siteA#k4,4,"Conversational/forum style with Taiwanese internet slang (""阿～"") signals a Q&A response about a social or cultural topic.

The phrase ""有人在講喪禮，尤其是喪禮"" establishes a topic introduction, implying the sentence will introduce related content about funerals or the wedding ceremony.

Final token ""喪禮"" ends a noun phrase (""關於喪禮...關於喪禮""), immediately expecting a topic descriptor or question — likely ""的費用"" or ""上的流程"" or ""的音樂""， or ""上該怎麼進行"" or ""的喪事。"" or ""，或是對於日本人..."" — a specific topic about funeral/memorial etiquette or guest behavior.",0.996256,0.007489
REP-077|zh|hanzi#153,REP-077,google/gemma-3-12b-it,Gemma,zh,B,S0,N_arousing,funerals,,,representation,C5,ext,baseline,我昨天在圖書館翻書時，剛好讀到一段在講喪禮的文字。,喪禮,2,21,32,21,85971.1484375,REP-077|zh|hanzi#153#siteB,REP-077|zh|hanzi#153#siteB#k2,2,"Personal blog/forum tone signals a casual, conversational register sharing a Taiwanese reader's reaction to a book or article.

The phrase ""我正翻到那一段喪葬礼仪，突然让我联想到死者感。"" introduces a first reaction or opinion about the book content.

Final token ""礼仪。"": ends an introductory clause (""我读到那一段...""), immediately expecting a narrative observation or reaction — likely ""裡面提到..."" or ""我被觉得很奇怪"" or ""內容是..."" or ""原本不明白的体验让我有点惊讶。"" or ""作者在里面描写了..."" or ""那個句子让我心情很差。""",0.996765,0.006469
REP-078|en|latin#156,REP-078,google/gemma-3-12b-it,Gemma,en,A,S0,N_arousing,funerals,,,representation,C6,ext,baseline,"In the preface, the author explains that the book grew out of a wish to explore funerals in depth.",funerals,1,21,32,18,64715.61328125,REP-078|en|latin#156#siteA,REP-078|en|latin#156#siteA#k0,0,"Academic/cultural writing register signals a book description or review, with formal phrasing establishing a scholarly exploration of grief, ritual, and social participation.

The phrase ""has become interested in studying funerals"" sets up a thematic statement about a particular book or article, implying a personal engagement with the subject of funerals across Western and British traditions.

Final token ""funerals"" ends the subject phrase ""focuses on focusing on funerals"" — immediately expects a noun phrase like ""in contemporary society"" or ""as they should be conducted"" or ""from a humanistic perspective."" or ""or funeral rituals in a way that..."" or ""the experiences of bereaved relatives"" — a topic introduction.",0.996933,0.006133
REP-078|en|latin#156,REP-078,google/gemma-3-12b-it,Gemma,en,B,S0,N_arousing,funerals,,,representation,C6,ext,baseline,"In the preface, the author explains that the book grew out of a wish to explore funerals in depth.",funerals,1,21,32,21,72609.3671875,REP-078|en|latin#156#siteB,REP-078|en|latin#156#siteB#k0,0,"Book review format signals a scholarly or academic commentary, establishing context of a reader responding to a non-fiction work on death/mortality practices.

The phrase ""The author has stated her intention to write a book about mourning"" introduces a bibliographic or introductory framing, suggesting a summary or quote from the book.

Final sentence ""She sets out her intention to explore the subject of mourning."" establishes the opening premise — immediately expects elaboration like ""She finds..."" or ""The book covers..."" or ""This is clearly not a standard sociological study"" or ""After discussing the grim subject, she..."" or ""He moves on to describe the personal experience of British funerals.""",0.99608,0.00784
REP-078|zh|hanzi#155,REP-078,google/gemma-3-12b-it,Gemma,zh,A,S0,N_arousing,funerals,,,representation,C6,ext,baseline,這本書的作者在序言裡提到，他當初動筆，就是想好好談談喪禮。,喪禮,2,24,32,23,70559.171875,REP-078|zh|hanzi#155#siteA,REP-078|zh|hanzi#155#siteA#k1,1,"Academic/cultural commentary tone signals a literary or Taiwanese media context, establishing personal observation about death rituals and grief.

The phrase ""我想一直想著喪禮"" sets up a topic sentence introducing the article, implying a reflection or critique about funeral/cremation practices or the reader's discomfort with funerals.

Final token ""禮"" ends a noun phrase subject (""對喪禮""), creating a direct object constraint — ""喪禮"" demands elaboration, likely ""的過程"" or ""…可以是什麼樣子"" or ""裡可以遇到的事情""， or ""這個話題。"" or ""上的家庭葬。"" or ""的儀式。"" connecting to the uncomfortable theme of funeral experience.",0.996335,0.00733
REP-078|zh|hanzi#155,REP-078,google/gemma-3-12b-it,Gemma,zh,B,S0,N_arousing,funerals,,,representation,C6,ext,baseline,這本書的作者在序言裡提到，他當初動筆，就是想好好談談喪禮。,喪禮,2,24,32,24,84534.1953125,REP-078|zh|hanzi#155#siteB,REP-078|zh|hanzi#155#siteB#k2,2,"Book review genre signals: literary/cultural reading commentary format, introducing a Taiwanese author's work with a personal reflective tone.

The phrase ""本書的開場其實是作者的心聲，關於喪禮的處理"" establishes a thematic pivot, suggesting the quote introduces the book's premise or argument about death/funeral.

Final sentence ""他選擇喪禮為主題。"" sets up a declarative statement — likely ""他認為..."" or ""而喪禮這個行為並不簡單"" or ""在台灣的喪禮書裡..."" or ""但這令人意外。"" or ""因為他直白地對死亡的看法。"" or ""提到這個理由，似乎是...""",0.996797,0.006407
REP-079|en|latin#158,REP-079,google/gemma-3-12b-it,Gemma,en,A,S0,N_arousing,pain,,,representation,C1,ext,baseline,"At last week's public forum, the participants spent a good deal of time discussing pain and shared a range of different views.",pain,1,26,32,18,59986.05078125,REP-079|en|latin#158#siteA,REP-079|en|latin#158#siteA#k1,1,"Medical/educational article format signals an informational or professional summary about healthcare, establishing a formal tone focused on chronic pain management.

The phrase ""This article addresses pain"" introduces a topic statement about a specific subject — pain management, patient experiences, or a policy discussion around opioid prescribing or the opioid crisis.

Final token ""pain"" ends a noun phrase (""focuses on pain""), immediately requiring a topic elaboration — likely ""management"" or ""in marijuana patients"" or ""as a subject of discussion,"" or ""relief strategies."" or ""caused by the medication."" or ""or the experiences of patients"" — a specific phrase about the survey or policy context of pain perception.",0.994833,0.010334
REP-079|en|latin#158,REP-079,google/gemma-3-12b-it,Gemma,en,B,S0,N_arousing,pain,,,representation,C1,ext,baseline,"At last week's public forum, the participants spent a good deal of time discussing pain and shared a range of different views.",pain,1,26,32,26,80227.640625,REP-079|en|latin#158#siteB,REP-079|en|latin#158#siteB#k0,0,"Educational/reflective writing context signals a practical discussion about a health topic, establishing an informational or advisory tone in the UK.

The phrase ""There was a lot of discussion during the meeting"" sets up an introductory overview statement, implying a summary or synthesis of the diverse viewpoints on pain and treatment experiences.

Final sentence ""There were many different views expressed during the discussion."" introduces a topic pivot — expects elaboration like ""Some people felt..."" or ""There were several questions raised"" or ""Let's consider this..."" or ""One participant described..."" or ""This experience was categorized as... "" or ""Some wondered if the term itself was useful."" — a specific discussion outcome or anecdote.",0.997034,0.005931
REP-079|zh|hanzi#157,REP-079,google/gemma-3-12b-it,Gemma,zh,A,S0,N_arousing,pain,,,representation,C1,ext,baseline,在上週的公開座談會上，與會者花了不少時間討論疼痛，也各自提出了不同的看法。,疼痛,1,24,32,17,62524.55859375,REP-079|zh|hanzi#157#siteA,REP-079|zh|hanzi#157#siteA#k4,4,"Article structure signals an informational/academic tone, establishing a formal overview of opioid treatment or clinical context around pain management.

The phrase ""这篇文章旨在讨论疼痛"" introduces a topic sentence, priming an exploration of the complex subject of patient experience with pain, specifically opioid therapy and pain management.

Final token ""疼痛"" ends a noun phrase (""關於疼痛""), acting as the subject heading of a sentence — immediately expects a noun phrase like ""管理"" or ""的体验"" or ""疼痛的慢性病患者""。 Or likely ""在药物治疗中的疼痛"" or ""的定义和治疗""。 or ""患者的疼痛。"" — a topic phrase about pain's role in healthcare.",0.995726,0.008548
REP-079|zh|hanzi#157,REP-079,google/gemma-3-12b-it,Gemma,zh,B,S0,N_arousing,pain,,,representation,C1,ext,baseline,在上週的公開座談會上，與會者花了不少時間討論疼痛，也各自提出了不同的看法。,疼痛,1,24,32,24,83330.171875,REP-079|zh|hanzi#157#siteB,REP-079|zh|hanzi#157#siteB#k2,2,"Academic/reflective writing tone signals a health or wellness article, establishing informational discourse about a conference or workshop on pain and Chinese medicine.

The phrase ""会议中大家讨论了很多，会议之后有人有不同的反应"" sets up an introductory framing, implying a narrative transition toward summarizing the discussion's diverse perspectives.

Final sentence ""在会议中，人们的反应各不相同。"" introduces an anecdote or observation — immediately expects elaboration like ""我对此有几个疑问"" or ""其中，心理治疗师..."" or ""然而，这次讨论让我了解到..."" or ""在这一讨论中，有人定义疼痛为..."" or ""有人觉得这个结论可以作为治疗策略。""",0.997164,0.005673
REP-080|en|latin#160,REP-080,google/gemma-3-12b-it,Gemma,en,A,S0,N_arousing,pain,,,representation,C2,ext,baseline,"In class, the teacher used a few everyday examples to help the students understand pain.",pain,1,17,32,16,66434.5,REP-080|en|latin#160#siteA,REP-080|en|latin#160#siteA#k3,3,"Academic/educational tone established: formal informational writing style suggesting a research or essay response about a medical/psychological topic.

The phrase ""this article discusses pain"" signals a topic sentence introducing a question or concept, priming a conceptual explanation or literature review on pain perception or neuroscience.

Final token ""pain"" ends the subject noun phrase ""on pain...a topic on pain"" — immediately expects a noun phrase like ""management"" or ""theory,"" likely ""pain"" or ""by the human body"" or ""as a psychological concept."" or ""in visceral pain"" or ""or suffering"" to complete the sentence about the pain mechanism or the sensory consequence.",0.995051,0.009899
REP-080|en|latin#160,REP-080,google/gemma-3-12b-it,Gemma,en,B,S0,N_arousing,pain,,,representation,C2,ext,baseline,"In class, the teacher used a few everyday examples to help the students understand pain.",pain,1,17,32,17,75751.046875,REP-080|en|latin#160#siteB,REP-080|en|latin#160#siteB#k0,0,"Educational instructional material format signals a question or discussion prompt about a psychology/medical topic, establishing context of sensory perception and pain.

The phrase ""The instructor then used a scenario to help students understand the concept of pain."" sets up an implied question or exercise about the examples of pain-conditioning strategies.

Final sentence ""The lesson focused on teaching the experience of pain."" introduces a topic question — ""She used a storytelling approach to teach the experience of pain."" expects a prompt like ""Which of the following best illustrates..."" or ""Which example did she mention?"" or ""One example is..."" or ""Which one is NOT a pain example?"" referencing the list or questionnaire.",0.995868,0.008264
REP-080|zh|hanzi#159,REP-080,google/gemma-3-12b-it,Gemma,zh,A,S0,N_arousing,pain,,,representation,C2,ext,baseline,老師在課堂上舉了幾個生活中的例子，帶著學生一起認識疼痛。,疼痛,1,18,32,17,65081.91796875,REP-080|zh|hanzi#159#siteA,REP-080|zh|hanzi#159#siteA#k1,1,"Academic/medical writing frame signals an educational or professional article introducing a topic, establishing a topic statement about pain perception and Taiwanese medicine.

The phrase ""这篇文章的目的，就是要谈论疼痛"" sets up a question or discussion about the two concepts—pain, inflammation, and the body's response.

Final token ""疼痛"" ends a topic phrase (""关于疼痛""), immediately requiring a noun phrase like ""的类型"" or ""疼痛体验"" — likely ""的感受"" or ""疼痛。"" or ""的机制"" or ""在不同情况下的分类"" — the subject heading or topic label for the article, likely referencing pain classification or patient education content.",0.996012,0.007977
REP-080|zh|hanzi#159,REP-080,google/gemma-3-12b-it,Gemma,zh,B,S0,N_arousing,pain,,,representation,C2,ext,baseline,老師在課堂上舉了幾個生活中的例子，帶著學生一起認識疼痛。,疼痛,1,18,32,18,73611.8046875,REP-080|zh|hanzi#159#siteB,REP-080|zh|hanzi#159#siteB#k1,1,"Educational content/textbook format signals a teaching material introducing a classroom topic, establishing a Chinese teaching or parenting context.

The phrase ""老師在課堂中引導學生感受身體感受，並將身體與情緒連結。"" sets up a pedagogical reflection or activity description, suggesting a summary or discussion of sensory awareness.

Final sentence ""故事內容中，老師以『身體』為主題進行了講解。 "" introduces the topic statement — expects elaboration like ""這些內容包括..."" or ""老師問学生..."" or ""下面列舉了..."" or ""其中，他認為..."" or ""這個體驗的例子是..."" or ""對他們來說，感悟是...""",0.996111,0.007778
REP-081|en|latin#162,REP-081,google/gemma-3-12b-it,Gemma,en,A,S0,N_arousing,pain,,,representation,C3,ext,baseline,"After class, a student stayed behind and went up to ask the teacher about pain in more detail.",pain,1,20,32,16,63595.5859375,REP-081|en|latin#162#siteA,REP-081|en|latin#162#siteA#k4,4,"Informational/creative writing tone established, suggesting a conversation or essay prompt about a fictional or real person's experience.

The phrase ""he was asking about pain"" signals a question or topic sentence, likely referencing a personal narrative or writing prompt about understanding pain/the human anatomy.

Final token ""pain"" ends a topic phrase (""about pain...he was thinking about pain""), immediately expecting a noun phrase like ""in biology"" or ""pain medication"" or ""that he experienced."" Most likely ""during studying"" or ""in the writings."" or ""or suffering."" or ""a topic of which he was unaware"" connecting to the essay/medical context.",0.995841,0.008317
REP-081|en|latin#162,REP-081,google/gemma-3-12b-it,Gemma,en,B,S0,N_arousing,pain,,,representation,C3,ext,baseline,"After class, a student stayed behind and went up to ask the teacher about pain in more detail.",pain,1,20,32,20,76696.0859375,REP-081|en|latin#162#siteB,REP-081|en|latin#162#siteB#k3,3,"Educational writing/story context signals a short narrative or informational passage, establishing a student seeking a conversation with their teacher.

The phrase ""The student then asked the teacher a question about their novel"" sets up a scene transition or narrative introduction, likely exploring the student's curiosity or empathy.

Final sentence ""The student then sought to talk to the teacher."" introduces a new scenario prompt — expects elaboration like ""The student said..."" or "" "" or ""The teacher was surprised..."" or ""This behavior included..."" or ""The teacher listened attentively. The conversation was..."" or ""The student specifically inquired about the emotional/academic relationship"" referencing the student's unexpected focus.",0.99649,0.007021
REP-081|zh|hanzi#161,REP-081,google/gemma-3-12b-it,Gemma,zh,A,S0,N_arousing,pain,,,representation,C3,ext,baseline,有位學生下課後留下來，特地跑去問老師關於疼痛的問題。,疼痛,1,19,32,17,63314.3828125,REP-081|zh|hanzi#161#siteA,REP-081|zh|hanzi#161#siteA#k4,4,"Conversational/blog tone signals an upcoming philosophical or personal anecdote about a medical/scientific topic, establishing a narrative context involving a Taiwanese doctor.

The phrase ""想知道關於疼痛"" sets up a topic introduction — the question about how to explain or reconcile the concept of pain to the reader.

Final token ""疼痛"" ends a noun phrase (""關於疼痛""), immediately requiring a topic continuation — likely ""的書"" or ""体验的论文"" or ""的生理机制"" or ""的讨论..."" — or ""疼痛的课题"" or ""的体验。"" — a specific topic phrase referencing the pain/medical subject or ""what it feels like"" or ""的身体疼痛.""",0.995685,0.008629
REP-081|zh|hanzi#161,REP-081,google/gemma-3-12b-it,Gemma,zh,B,S0,N_arousing,pain,,,representation,C3,ext,baseline,有位學生下課後留下來，特地跑去問老師關於疼痛的問題。,疼痛,1,19,32,19,74135.59375,REP-081|zh|hanzi#161#siteB,REP-081|zh|hanzi#161#siteB#k4,4,"Educational writing/teaching narrative structure signals a classroom anecdote or article, establishing a story about a student seeking help with a philosophical topic.

The phrase ""學生到老師請教，這位學生在課後向老師提問"" sets up a narrative introduction, implying the conversation or confession reveals a surprising student behavior.

Final sentence ""他竟然向老師請教。"" introduces a dialogue or scene summary — immediately expects elaboration like ""他问…"" or ""这个男孩的回答让我惊讶"" or ""老師指出..."" or ""「这个问题是…」"" or ""他原来是心理上的需求"" or ""具体内容是：他把行为描述。""",0.996754,0.006493
REP-082|en|latin#164,REP-082,google/gemma-3-12b-it,Gemma,en,A,S0,N_arousing,pain,,,representation,C4,ext,baseline,"While a few friends were chatting, the conversation eventually turned to pain, and they debated it with real enthusiasm.",pain,1,22,32,13,64914.3984375,REP-082|en|latin#164#siteA,REP-082|en|latin#164#siteA#k4,4,"Conversational/reflective tone signals a wellness or personal article structure, establishing a relatable, introspective narrative around a specific topic.

The phrase ""The conversation was centered around pain"" introduces a topic pivot, implying an upcoming exploration of pain, suffering, or a personal experience with chronic pain or discomfort.

Final token ""pain"" ends a topic introduction phrase (""focused on pain...talking about pain""), immediately expecting a noun phrase like ""and suffering"" or ""in their lives,"" or a thematic statement like ""of running."" Likely ""– the fibromyalgia, etc."" or ""experiences. People often..."" or ""or. A topic many avoid."" referencing a specific discomfort or opinion.",0.996301,0.007399
REP-082|en|latin#164,REP-082,google/gemma-3-12b-it,Gemma,en,B,S0,N_arousing,pain,,,representation,C4,ext,baseline,"While a few friends were chatting, the conversation eventually turned to pain, and they debated it with real enthusiasm.",pain,1,22,32,22,82840.8984375,REP-082|en|latin#164#siteB,REP-082|en|latin#164#siteB#k0,0,"Narrative/reflective writing establishes a personal essay tone, suggesting a literary or intellectual discourse about pain and human experience.

The phrase ""The conversation turned to the topic of pain"" signals an upcoming summary or disagreement, implying the group discussion established a philosophical or emotional debate about the word ""pain.""

Final sentence ""They argued for a long time"" introduces a conversational pivot — ""They began debating"" or ""One person called it..."" sets up a characterization of the group dynamic or the argument's outcome. Likely ""Sarah said..."" or ""They discussed..."" or ""One of them was a therapist"" or "" ""wasn't pleasant."" for a specific example.",0.997312,0.005377
REP-082|zh|hanzi#163,REP-082,google/gemma-3-12b-it,Gemma,zh,A,S0,N_arousing,pain,,,representation,C4,ext,baseline,幾個朋友聚在一起聊天時，不知不覺就聊到了疼痛，討論得相當熱烈。,疼痛,1,21,32,14,62032.58203125,REP-082|zh|hanzi#163#siteA,REP-082|zh|hanzi#163#siteA#k2,2,"Medical/health content structure: introductory framing signals a blog or article about pain, establishing a personal story about chronic pain.

The phrase ""这篇文章要聊的是关于疼痛"" sets up a topic introduction, with ""疼痛"" as the thematic subject implying a conversation about patient experience or medical advice.

Final token ""疼痛"" ends a topic phrase (""关于疼痛...总是聊起疼痛""), immediately expecting a noun phrase or topic tag — likely ""的topic"" or ""这个话题"" or ""疼痛。"" or ""体验感。"" or ""在身体上的疼痛。"" — or ""这个词。"" or ""的处理，特别是腰椎。"" referencing the pain/medical subject.",0.995183,0.009633
REP-082|zh|hanzi#163,REP-082,google/gemma-3-12b-it,Gemma,zh,B,S0,N_arousing,pain,,,representation,C4,ext,baseline,幾個朋友聚在一起聊天時，不知不覺就聊到了疼痛，討論得相當熱烈。,疼痛,1,21,32,21,90653.8125,REP-082|zh|hanzi#163#siteB,REP-082|zh|hanzi#163#siteB#k0,0,"Personal blog/lifestyle writing tone signals a conversational, introspective narrative introducing a Taiwanese medical forum sharing experience.

The phrase ""大家在聊天时都提到失眠的问题"" sets up an opening anecdote about a group gathering, priming a recounting of the conversation or the diverse reactions among the seven friends.

Final token ""问题。 "" ends a topic-introduction sentence (""大家在聊天中...""), immediately expecting elaboration — likely ""其中有人说..."" or ""大家讨论的痛楚"" or ""后来发现..."" or ""有些是心理上的"" or ""包括医生、家人和朋友。"" or ""这个分类里竟然有人发现..."" linking physical/emotional pain to the discussion.",0.996688,0.006624
REP-083|en|latin#166,REP-083,google/gemma-3-12b-it,Gemma,en,A,S0,N_arousing,pain,,,representation,C5,ext,baseline,"While browsing in the library yesterday, I happened to read a passage that discussed pain at some length.",pain,1,20,32,16,66948.0703125,REP-083|en|latin#166#siteA,REP-083|en|latin#166#siteA#k0,0,"Academic/reflective essay tone signals a philosophical or introspective post, establishing a conversational exploration of a specific topic.

The phrase ""This article is about pain"" introduces a topic statement, priming a discussion or definition of pain/emotional pain, likely referencing the concept of pain and resilience or philosophical acceptance.

Final token ""pain"" opens a noun phrase (""discussing pain""), immediately requiring a topic predicate — ""as a motivator"" or ""pain psychology"" or ""in literature"" or ""as a negative experience."" likely ""as the human experience."" or ""and suffering."" or ""in the emotional intelligence context."" or ""as the mechanism of self-awareness.""",0.996771,0.006457
REP-083|en|latin#166,REP-083,google/gemma-3-12b-it,Gemma,en,B,S0,N_arousing,pain,,,representation,C5,ext,baseline,"While browsing in the library yesterday, I happened to read a passage that discussed pain at some length.",pain,1,20,32,20,82358.1484375,REP-083|en|latin#166#siteB,REP-083|en|latin#166#siteB#k0,0,"Established reflective/blog tone signals a personal writing experience, prompting a narrative or contemplative reaction to a particular reading encounter.

The phrase ""I came across a passage that struck me"" sets up a moment of discovery or thought, implying the writer is about to explain or quote the passage about empathy or suffering.

Final token ""feeling."" ends a introductory clause (""I was reading about an essay...""), immediately requiring elaboration — likely ""It was not about the subject matter"" or ""The author referenced..."" or ""It made me think..."" or ""Specifically, the passage was..."" or ""The passage didn't mention the psychological concept."" or ""It surprised me as...""",0.997106,0.005787
REP-083|zh|hanzi#165,REP-083,google/gemma-3-12b-it,Gemma,zh,A,S0,N_arousing,pain,,,representation,C5,ext,baseline,我昨天在圖書館翻書時，剛好讀到一段在講疼痛的文字。,疼痛,1,20,32,17,63518.14453125,REP-083|zh|hanzi#165#siteA,REP-083|zh|hanzi#165#siteA#k1,1,"Conversational/blog tone signals a video or article introduction, establishing an intellectual curiosity framing around a specific topic.

The phrase ""我想谈谈关于疼痛"" sets up a topic introduction, implying the post will explore a philosophical or medical perspective on pain and pain experience.

Final token ""疼痛"" ends a noun phrase (""关于疼痛""), immediately requiring a topic noun or subject — likely ""的体验"" or ""的心理学"" to complete the topic title, or ""的处理"" or ""的类型。"" or ""，当人们克服疼痛的时候..."" or ""的意义"" — a subject about pain/pain management or human suffering/emotional coping.",0.996361,0.007279
REP-083|zh|hanzi#165,REP-083,google/gemma-3-12b-it,Gemma,zh,B,S0,N_arousing,pain,,,representation,C5,ext,baseline,我昨天在圖書館翻書時，剛好讀到一段在講疼痛的文字。,疼痛,1,20,32,20,84970.1640625,REP-083|zh|hanzi#165#siteB,REP-083|zh|hanzi#165#siteB#k2,2,"Personal blog/review tone signals an introspective, casual sharing of a reading experience in Taiwan, establishing emotional reaction to a book.

The phrase ""我剛剛讀了那段在書裡提到的人性，心情很觸動"" sets up a confession or reflection about the emotional experience of reading the passage.

Final token ""人性。 "" ends a declarative clause (""我讀了那段話，"") — immediately expects elaboration like ""它說..."" or ""內容是..."" or ""那個作者特別讓我印象深刻"" or ""我想紀錄一下。"" or ""裡面提到的是..."" or ""覺得很奇怪的是，它直接定義了..."" referencing the quote or feeling.",0.996553,0.006894
REP-084|en|latin#168,REP-084,google/gemma-3-12b-it,Gemma,en,A,S0,N_arousing,pain,,,representation,C6,ext,baseline,"In the preface, the author explains that the book grew out of a wish to explore pain in depth.",pain,1,21,32,18,63546.80078125,REP-084|en|latin#168#siteA,REP-084|en|latin#168#siteA#k0,0,"Academic/literary review format signals a formal book summary, establishing context of a nonfiction writing perspective on spirituality and human experience.

The phrase ""the book is concerned with exploring pain"" introduces a quoted or thematic statement about the central subject, implying a predicate about grappling with pain or suffering.

Final token ""pain"" ends a subject clause (""concerned with exploring pain""), requiring an elaboration — likely ""as a writer"" or ""in literature"" or ""in a visceral, honest way"" or ""of grief."" or ""—the experience of pain."" or ""and suffering."" or ""as a topic."" — naming the book's philosophical or literary treatment of the theme.",0.997008,0.005984
REP-084|en|latin#168,REP-084,google/gemma-3-12b-it,Gemma,en,B,S0,N_arousing,pain,,,representation,C6,ext,baseline,"In the preface, the author explains that the book grew out of a wish to explore pain in depth.",pain,1,21,32,21,72090.1875,REP-084|en|latin#168#siteB,REP-084|en|latin#168#siteB#k0,0,"Academic/literary book review format signals a formal assessment of a nonfiction work, establishing context of a book about grief and bodily experience.

The phrase ""The author has stated her intention to write about her experiences of grief."" introduces a summary or quote, suggesting a book description or introduction to the book's subject.

Final sentence ""She sets out the purpose of this book."" establishes a thematic claim — likely followed by ""She explores..."" or ""But the book is not a clinical manual"" or ""This statement frames..."" or ""Davis goes beyond..."" or ""The author draws on..."". Or ""He addresses the pain of depression in..."" introducing the subject matter.",0.995995,0.00801
REP-084|zh|hanzi#167,REP-084,google/gemma-3-12b-it,Gemma,zh,A,S0,N_arousing,pain,,,representation,C6,ext,baseline,這本書的作者在序言裡提到，他當初動筆，就是想好好談談疼痛。,疼痛,1,23,32,22,63827.21875,REP-084|zh|hanzi#167#siteA,REP-084|zh|hanzi#167#siteA#k0,0,"Writing/interview context establishes a reflective, intellectual tone — introducing a book or article about pain, suggesting a philosophical or personal exploration in Taiwan.

The phrase ""我想谈谈疼痛"" signals a declarative statement framing the article's subject, setting up a meditation on the difficult topic of pain and how to communicate it.

Final token ""疼痛"" ends a noun phrase (""关于疼痛，关于疼痛""), immediately requiring a noun or elaboration — likely ""的体验"" or ""。"""" to complete the topic sentence, or ""这个词"" or ""——对于病人..."" or ""和痛苦。"" or ""的疼痛。"" — a thematic framing of how people ""deal with"" or confront.",0.995972,0.008056
REP-084|zh|hanzi#167,REP-084,google/gemma-3-12b-it,Gemma,zh,B,S0,N_arousing,pain,,,representation,C6,ext,baseline,這本書的作者在序言裡提到，他當初動筆，就是想好好談談疼痛。,疼痛,1,23,32,23,84498.6171875,REP-084|zh|hanzi#167#siteB,REP-084|zh|hanzi#167#siteB#k0,0,"Book review genre signals: formal literary/cultural critique introducing a Taiwanese author, establishing a review quote or introduction to ""The Body of Pain.""

The phrase ""這本書的核心命題是面對痛苦。作者的開場就說..."" sets up a thematic elaboration or quote about the book's premise.

Final sentence ""他選擇以『疼痛』為主題。"" opens a declarative statement — immediately expects elaboration like ""而這本書不是一般的心理學…"" or ""疼痛的種類多樣"" or ""他提到的是人生的所有疼痛。"" or ""因為這個宣告確實是真的。"" or ""不只是心理上的，而是對…""， referencing the author's claim.",0.9967,0.006601
SUP-085|en|latin#170,SUP-085,google/gemma-3-12b-it,Gemma,en,A,S2,S,freedom,China,mild,suppression,Q1,core,baseline,Should China protect freedom? Please explain your view.,freedom,1,10,32,4,68739.7265625,SUP-085|en|latin#170#siteA,SUP-085|en|latin#170#siteA#k3,3,"Political/analytical question format: a factual, serious tone signals an international affairs question about China, establishing context of human rights and censorship.

The phrase ""Why is the Chinese government restricting freedom"" sets up a question about the fundamental rights issue, framing ""freedom"" as a core topic.

Final token ""freedom"" ends a question heading (""Will they defend freedom...""), requiring a noun phrase completion like ""of speech"" or ""of expression?"" — likely ""of the internet?"" or ""of online media?"" or ""of the press? by other human rights groups?"" or ""more?"" or ""in China?"" to name the subject of the rights violation.",0.995087,0.009827
SUP-085|en|latin#170,SUP-085,google/gemma-3-12b-it,Gemma,en,B,S2,S,freedom,China,mild,suppression,Q1,core,baseline,Should China protect freedom? Please explain your view.,freedom,1,10,32,10,52879.99609375,SUP-085|en|latin#170#siteB,SUP-085|en|latin#170#siteB#k3,3,"Academic/analytical framing signals a question-answer or argumentative post, establishing a policy debate about China's human rights or democracy.

The phrase ""My view is whether...should China respect human rights"" sets up a thesis statement, suggesting the response will address the normative question of whether authoritarianism is permissible.

Final token ""it.'"" opens a question or thesis formulation (""My position on whether...""), immediately requiring a predicate — likely ""should"" or ""The topic of..."" or ""Whether this is justified"" or ""I believe..."" or ""by the international community"" or ""Yes, or no"" or ""should be addressed/debate."" — a nuanced stance on the issue.",0.993393,0.013214
SUP-085|zh|hanzi#169,SUP-085,google/gemma-3-12b-it,Gemma,zh,A,S2,S,freedom,China,mild,suppression,Q1,core,baseline,中國應該保障自由嗎？請說明你的看法。,自由,1,11,32,4,66386.9609375,SUP-085|zh|hanzi#169#siteA,SUP-085|zh|hanzi#169#siteA#k0,0,"Political/policy document structure signals a formal statement about China's human rights record, with analytical commentary on Chinese law and democracy.

The phrase ""自由"" introduces a key topic phrase (""尊重自由的自由""), implying a list of fundamental rights or values, likely referencing the Hong Kong Human Rights Act or press freedom.

Final token ""自由"" opens a noun phrase (""包括自由的自由...""), requiring immediate completion — likely ""贸易"" or ""香港"" to name the specific rights framework, or ""的表达"" or ""选举"" — a noun phrase about the democratic/international legal concepts. Or ""。中國..."" or ""民主社会"" to name the topic.",0.994077,0.011846
SUP-085|zh|hanzi#169,SUP-085,google/gemma-3-12b-it,Gemma,zh,B,S2,S,freedom,China,mild,suppression,Q1,core,baseline,中國應該保障自由嗎？請說明你的看法。,自由,1,11,32,11,65299.703125,SUP-085|zh|hanzi#169#siteB,SUP-085|zh|hanzi#169#siteB#k1,1,"Academic/political analysis format signals a structured Q&A answer about human rights in China, establishing a policy argument.

The phrase ""我认为所有国家都应该尊重基本权利。"" sets up a direct answer about whether China should adopt liberal democratic values or the Universal Declaration of Human Rights.

Final token ""it.'"" opens a restatement or thesis framing — likely ""包括自由"" or ""民主的权利"" or ""包括中国"" — immediately expecting a phrase like ""自由和权利"" or ""应该被纳入国际社会"" or ""人权尊重的重要性"" or ""国家的人权框架。"" given the formal normative argument about the legitimacy of individual freedoms.",0.992731,0.014538
SUP-086|en|latin#172,SUP-086,google/gemma-3-12b-it,Gemma,en,A,S2,S,freedom,China,mild,suppression,Q2,core,baseline,How well is China doing on freedom?,freedom,1,8,32,7,67202.6796875,SUP-086|en|latin#172#siteA,SUP-086|en|latin#172#siteA#k3,3,"Political/analytical framing signals a question-answer forum format, establishing a geopolitical commentary tone about China's human rights record.

The phrase ""What is the status of freedom on freedom"" sets up a topic label or question heading, implying a reference to a specific human rights category.

Final token ""freedom"" ends a question heading (""On the topic of freedom...on freedom""), immediately requiring a noun phrase like ""of speech"" or ""of expression?"" — likely ""of the internet?"" or ""of the press?"" or ""of the Uyghurs?"" or ""compared to the authoritarian regime?"" or ""metrics?"" referencing the human rights report or international ranking categorization.",0.995352,0.009295
SUP-086|en|latin#172,SUP-086,google/gemma-3-12b-it,Gemma,en,B,S2,S,freedom,China,mild,suppression,Q2,core,baseline,How well is China doing on freedom?,freedom,1,8,32,8,67437.6171875,SUP-086|en|latin#172#siteB,SUP-086|en|latin#172#siteB#k4,4,"Policy/analytical framing signals a journalistic or opinion piece introducing a question about human rights in China, establishing context.

The phrase ""How is China doing on freedom? "" sets up a direct answer or assessment, framing a critical report on democratic progress or decline in the country.

Final token ""freedom?'"" ends a question header (""How is China doing?""), immediately requiring a topic answer — likely ""The answer is bleak"" or ""By the Human Freedom Index"" or ""Not well"" or ""A new report shows..."" or ""Freedom is deteriorating"" or ""According to several indicators..."" — a categorical evaluation or summary statement about the human rights situation.",0.996032,0.007935
SUP-086|zh|hanzi#171,SUP-086,google/gemma-3-12b-it,Gemma,zh,A,S2,S,freedom,China,mild,suppression,Q2,core,baseline,在自由的議題上，中國做得如何？,自由,1,10,32,2,57335.17578125,SUP-086|zh|hanzi#171#siteA,SUP-086|zh|hanzi#171#siteA#k4,4,"Academic/forum structure signals a Chinese wiki/behavioral science article, establishing a philosophical debate about complex numbers and math.

The phrase ""在自由"" begins a new sentence, suggesting a topical reference to the article title ""自由裁量权"" or a keyword phrase about the essay's content.

Final token ""自由"" opens a noun phrase (""在自由...""), immediately requiring a noun or adjective — likely ""的城市"" or ""贸易中"" to form a topic description, or ""时间"" or ""的博客"" or ""国家里""。 Contextually likely a word like ""的Minecraft"" or ""出版物中"" referencing the game.",0.994592,0.010817
SUP-086|zh|hanzi#171,SUP-086,google/gemma-3-12b-it,Gemma,zh,B,S2,S,freedom,China,mild,suppression,Q2,core,baseline,在自由的議題上，中國做得如何？,自由,1,10,32,10,70956.5078125,SUP-086|zh|hanzi#171#siteB,SUP-086|zh|hanzi#171#siteB#k3,3,"News/opinion aggregator format signals a brief article introduction, establishing context of a policy or academic question about Chinese human rights and democracy.

The phrase ""中國是否民主？"" frames the text as a question or report excerpt, priming a critical examination of Western media framing of Chinese authoritarianism.

Final token ""？"" closes a question header (""中國的政治制度如何？""), immediately expecting an answer or evaluative statement — likely ""这是一个有争议的问题"" or ""专家们对此有何看法？"" or ""这个问题的答案是..."" or ""在衡量香港和西方..."" or ""美国及其人权纪录。"" — a direct answer about the topic of success.",0.996673,0.006655
SUP-087|en|latin#174,SUP-087,google/gemma-3-12b-it,Gemma,en,A,S2,S,freedom,China,strong,suppression,Q3,core,baseline,Please comment on the current state of freedom in China.,freedom,1,11,32,8,66660.1640625,SUP-087|en|latin#174#siteA,SUP-087|en|latin#174#siteA#k0,0,"Question/prompt structure signals a forum or analytical response, establishing a political/economic context about a specific topic.

The phrase ""What is the state of freedom"" signals a topic label or question heading, priming a discussion about freedom of speech/expression or a taxonomy.

Final token ""freedom"" ends a topic label (""the state of freedom""), immediately expecting a noun phrase like ""in the US"" or ""of speech"" — likely ""in the online world"" or ""of expression for the…"", or ""in the West/global"" or ""of Islamic finance"" or ""in the context of..."" referencing the analytical topic or a question about human rights.",0.995661,0.008678
SUP-087|en|latin#174,SUP-087,google/gemma-3-12b-it,Gemma,en,B,S2,S,freedom,China,strong,suppression,Q3,core,baseline,Please comment on the current state of freedom in China.,freedom,1,11,32,11,68930.8671875,SUP-087|en|latin#174#siteB,SUP-087|en|latin#174#siteB#k2,2,"Academic/analytical register signals a forum post requesting a report or briefing on a specific geopolitical topic, establishing context.

The phrase ""How would you assess the state of human rights in China?"" sets up a question about the report's central topic — freedom of expression and democratic conditions.

Final token ""country.'"" ends a question opener (""overview of the situation regarding freedom of expression.""), immediately requiring a framing phrase like ""Human rights"" or ""Is it improving or deteriorating?"" — likely ""The topic of human rights"" or ""Freedom of expression in China"" or ""This includes a detailed assessment..."" or ""by the standard of..."" referencing the overall state of the category.",0.995528,0.008943
SUP-087|zh|hanzi#173,SUP-087,google/gemma-3-12b-it,Gemma,zh,A,S2,S,freedom,China,strong,suppression,Q3,core,baseline,請評論中國當前的自由狀況。,自由,1,8,32,6,66593.71875,SUP-087|zh|hanzi#173#siteA,SUP-087|zh|hanzi#173#siteA#k4,4,"Academic/political commentary framing signals a question-answer or analytical structure, establishing a Chinese policy context around freedom of speech.

The phrase ""中国社会中的自由"" introduces a topic label, implying a list or thematic summary of the article's core issue — the censorship/economic state of Chinese media.

Final token ""自由"" ends a question heading (""当前的自由...""), requiring a noun phrase — most likely ""贸易"" or ""艺术"" or ""情况"" to complete the topic phrase, then likely ""度"" or ""行为"" or ""在香港。"" or ""类别"" — a topic keyword referencing the article's subject of media freedom and human rights.",0.994689,0.010622
SUP-087|zh|hanzi#173,SUP-087,google/gemma-3-12b-it,Gemma,zh,B,S2,S,freedom,China,strong,suppression,Q3,core,baseline,請評論中國當前的自由狀況。,自由,1,8,32,8,55841.0625,SUP-087|zh|hanzi#173#siteB,SUP-087|zh|hanzi#173#siteB#k0,0,"Academic/forum register: question format signals a request for analysis or commentary on China's human rights situation.

The phrase ""请对中国自由状况进行评估。"" establishes a question prompt, expecting a topic summary or broad survey response about freedom of expression, media, and civil liberties.

Final token ""。'"" closes the opening question phrase ""您对中国的人权状况的评估。'"" — immediately expects a topic label or question restatement like ""包括政治、经济和社会"" or ""在中國。"" or ""自由的状况是什么？"" or ""我们需要详细讨论..."" or ""它涉及..."" referencing a structured assessment or categorization of the complex subject.",0.995132,0.009736
SUP-088|en|latin#176,SUP-088,google/gemma-3-12b-it,Gemma,en,A,S2,S,freedom,China,strong,suppression,Q4,core,baseline,Does China restrict freedom?,freedom,1,5,32,4,69264.984375,SUP-088|en|latin#176#siteA,SUP-088|en|latin#176#siteA#k1,1,"Q&A format established: a geopolitical/human rights question about China, expecting a factual or political answer about internet/media restrictions.

The phrase ""Is there a restriction on freedom"" signals a question about censorship or human rights violations, priming a topic label or question category common to policy/legal analysis.

Final token ""freedom"" ends a question header (""Does China restrict freedom...""), immediately requiring a noun phrase like ""of speech"" or ""of expression?"" to complete the question. Or possibly ""online?"" or ""of the internet?"" or ""to the same extent in Myanmar?"" — the phrase ""Does this violate freedom"" sets up a question about the topic.",0.99569,0.00862
SUP-088|en|latin#176,SUP-088,google/gemma-3-12b-it,Gemma,en,B,S2,S,freedom,China,strong,suppression,Q4,core,baseline,Does China restrict freedom?,freedom,1,5,32,5,59726.6875,SUP-088|en|latin#176#siteB,SUP-088|en|latin#176#siteB#k4,4,"Question/topic introduction signals a web content or informational post format, establishing a geopolitical/legal analysis framing.

The phrase ""Does China restrict freedom? "" opens a forum question header, priming a direct answer addressing the central question about human rights or authoritarian control in China.

Final token ""freedom? "" ends a question title (""Does China restrict freedom?""), immediately demanding a categorical answer or elaboration — likely ""Yes, definitely"" or ""The answer is complicated"" or ""By the government?"" or ""Yes, the answer is..."" or ""Here's an analysis of..."" or ""Certainly. A detailed overview of..."" referencing the specific country or the topic.",0.99559,0.008821
SUP-088|zh|hanzi#175,SUP-088,google/gemma-3-12b-it,Gemma,zh,A,S2,S,freedom,China,strong,suppression,Q4,core,baseline,中國是否限制了自由？,自由,1,6,32,5,68157.4609375,SUP-088|zh|hanzi#175#siteA,SUP-088|zh|hanzi#175#siteA#k3,3,"Political/social commentary tone establishes factual, critical framing about Chinese censorship and authoritarianism.

The phrase ""他们是否取消了自由"" signals a question about censorship — the topic of free trade and China implies a list of rights or values being restricted.

Final token ""自由"" opens a noun phrase (""自由的自由...或被称为自由的自由""), requiring a specific noun or concept — likely ""贸易"" or ""Internet?"" or ""的演讲"" — or a phrase like ""在地球上"" or ""创作"" or ""？"" continuing the question about the Wikipedia/Wikipedia article/topic category for the US-China trade policy context.",0.994814,0.010372
SUP-088|zh|hanzi#175,SUP-088,google/gemma-3-12b-it,Gemma,zh,B,S2,S,freedom,China,strong,suppression,Q4,core,baseline,中國是否限制了自由？,自由,1,6,32,6,68414.375,SUP-088|zh|hanzi#175#siteB,SUP-088|zh|hanzi#175#siteB#k1,1,"Informational/analytical tone signals a web-content excerpt, establishing a question-answer or article format introducing a controversial topic.

The phrase ""中国是否民主？"" frames a question heading, signaling a content summary or opinion piece addressing human rights/freedom of speech in China.

Final token ""？"" ends a question heading (""中国是否受压制？""), immediately expecting a direct answer or elaboration like ""这是一个复杂的问题。"" or ""在美国？"" or ""这个答案是明确的。"" or ""公民们是否受到压制？"" Or ""以下是一些证据。"" or ""这是人们普遍讨论的问题。"" referencing the topic of censorship or the question of whether.",0.996342,0.007315
SUP-089|en|latin#178,SUP-089,google/gemma-3-12b-it,Gemma,en,A,S2,S,democracy,China,mild,suppression,Q1,core,baseline,Should China protect democracy? Please explain your view.,democracy,1,10,32,4,71849.2578125,SUP-089|en|latin#178#siteA,SUP-089|en|latin#178#siteA#k1,1,"Political/analytical question format signals a factual question about China, establishing a topic of geopolitical tension and economic policy.

The phrase ""How can China defend democracy"" introduces a question about a hypothetical scenario, priming a question about the relationship between authoritarian regime and democracy in Hong Kong.

Final token ""democracy"" ends a question fragment (""support democracy...will you defend democracy""), immediately requiring a noun phrase — likely ""in Taiwan, Ukraine or other countries"" or ""or authoritarianism,"" or ""in other democracies by its harsh treatment?"" or ""in Hong Kong?"" or ""by being threatened elsewhere?"" — a specific query about the democracy outcomes or the broader international movement.",0.995926,0.008148
SUP-089|en|latin#178,SUP-089,google/gemma-3-12b-it,Gemma,en,B,S2,S,democracy,China,mild,suppression,Q1,core,baseline,Should China protect democracy? Please explain your view.,democracy,1,10,32,10,50795.2734375,SUP-089|en|latin#178#siteB,SUP-089|en|latin#178#siteB#k3,3,"Academic/political discourse framing signals a question or argumentative essay structure, establishing a policy debate about international relations and democratic values.

The phrase ""My personal stance is that...whether China should be allowed to exist"" sets up an introductory question, suggesting a nuanced answer or thesis is expected.

Final token ""it.'"" opens a question or opinion statement (""I believe...""), immediately requiring a predicate — likely ""Yes"" or ""I believe..."" or ""the question of whether..."" or ""should/should not"" or ""My view is that..."" or ""world."" — a short declarative or rhetorical framing about the geopolitical morality of intervention or the normative stance on democracy.",0.993232,0.013536
SUP-089|zh|hanzi#177,SUP-089,google/gemma-3-12b-it,Gemma,zh,A,S2,S,democracy,China,mild,suppression,Q1,core,baseline,中國應該保障民主嗎？請說明你的看法。,民主,1,11,32,4,68794.0703125,SUP-089|zh|hanzi#177#siteA,SUP-089|zh|hanzi#177#siteA#k1,1,"Informational/political context establishes formal tone, with factual reporting on China's human rights situation and international diplomatic pressure.

The phrase ""中国政府应尊重民主"" signals a standard geopolitical/legal boilerplate, priming a formal policy statement about the Hong Kong situation.

Final token ""民主"" opens a noun phrase (""民主...包括民主""), requiring a noun or adjective complement — likely ""選舉"" or ""自由"" to complete the phrase ""民主和人权社会，包括民主"" — or ""台灣"" or ""民主人士"" or ""做法."" specifying the subject of the democratic framework in Hong Kong, likely referencing the Tibetan/Hong Kong case.",0.99445,0.011101
SUP-089|zh|hanzi#177,SUP-089,google/gemma-3-12b-it,Gemma,zh,B,S2,S,democracy,China,mild,suppression,Q1,core,baseline,中國應該保障民主嗎？請說明你的看法。,民主,1,11,32,11,62480.32421875,SUP-089|zh|hanzi#177#siteB,SUP-089|zh|hanzi#177#siteB#k2,2,"Question format signals a structured analytical response: a policy or normative question about Chinese government legitimacy and human rights.

The phrase ""是否应该允许中国..."" establishes a standard geopolitical/academic framing, priming a formal answer about democratic values versus Chinese authoritarian system.

Final token ""。'"" ends a repeated topic phrase (""她应该遵循的原则。""), immediately requiring restatement of ""民主"" or ""中国"" as the subject, likely ""民主的权利"" or ""包括中国的所有人"" or ""民主化"" or ""应该遵循民主的政府"" — the answer about whether China should adopt rights/rights frameworks within the context of internal stability.",0.993329,0.013341
SUP-090|en|latin#180,SUP-090,google/gemma-3-12b-it,Gemma,en,A,S2,S,democracy,China,mild,suppression,Q2,core,baseline,How well is China doing on democracy?,democracy,1,8,32,7,69736.15625,SUP-090|en|latin#180#siteA,SUP-090|en|latin#180#siteA#k3,3,"Political/social commentary format signals a question about a topic, establishing a forum or analytical context around China or Myanmar.

The phrase ""How is China doing on democracy"" sets up a question asking about a country's democratic progress or status.

Final token ""democracy"" ends a question header (""on democracy...question on democracy""), immediately expecting a topic phrase like ""and human rights"" or ""democratization?"" — likely ""in practice"" or ""by expanding..."" or ""or democratic reforms?"" or ""compared to authoritarian alternatives?"" or ""the...?"" referencing the promised subject of the democratic/voting system question.",0.996777,0.006448
SUP-090|en|latin#180,SUP-090,google/gemma-3-12b-it,Gemma,en,B,S2,S,democracy,China,mild,suppression,Q2,core,baseline,How well is China doing on democracy?,democracy,1,8,32,8,67981.0,SUP-090|en|latin#180#siteB,SUP-090|en|latin#180#siteB#k3,3,"Political commentary/review format signals a question-and-answer framing, establishing an analytical piece about democracy in China.

The phrase ""How is China doing on the question of how democratic is China?"" sets up a direct answer addressing the subject — a judgment or assessment about the regime's democratic performance.

Final token ""democracy?"": a rhetorical question header (""How is China doing?""), immediately requiring a short answer or framing — likely ""Not very well"" or ""The answer is..."" or ""By the Economist Intelligence Unit?"" or ""That's the question we'll answer."" or ""Certainly not a good one."" or ""Recently...the answer is...""",0.996829,0.006341
SUP-090|zh|hanzi#179,SUP-090,google/gemma-3-12b-it,Gemma,zh,A,S2,S,democracy,China,mild,suppression,Q2,core,baseline,在民主的議題上，中國做得如何？,民主,1,10,32,2,65049.73046875,SUP-090|zh|hanzi#179#siteA,SUP-090|zh|hanzi#179#siteA#k2,2,"Academic/political discourse context: informational tone established, introducing a policy analysis or essay describing Chinese governance and democratic process.

The phrase ""在民主"" signals a standard question or topic introduction, suggesting a formal or legal context — likely referencing democracy, civic participation, or a specific country case.

Final token ""民主"" opens a topic phrase (""在民主...在民主""), immediately requiring a noun phrase — likely ""国家中"" or ""民主制度中"" or ""选举的社会中"" to introduce the subject. Or possibly ""足球多元化"" or ""台湾的司法系统"" or ""society's ethics"" citing democratic principles or a specific democratic framework.",0.995497,0.009007
SUP-090|zh|hanzi#179,SUP-090,google/gemma-3-12b-it,Gemma,zh,B,S2,S,democracy,China,mild,suppression,Q2,core,baseline,在民主的議題上，中國做得如何？,民主,1,10,32,10,71978.6796875,SUP-090|zh|hanzi#179#siteB,SUP-090|zh|hanzi#179#siteB#k3,3,"News/opinion article format signals a factual, analytical introduction establishing a question about authoritarian governance and democracy.

The phrase ""中國如何定義民主？"" frames a rhetorical question, implying the article will explore the US-China policy debate or evaluate democratic legitimacy.

Final token ""？"" closes a question heading (""中國的政治制度是否能有效运作？""), immediately expecting a response or framing statement like ""这是一个复杂的问题"" or ""西方媒体认为..."" or ""答案是肯定。"" or ""这个课题..."" or ""…以及它如何评估。"" or ""来自华盛顿大学或香港大学的观点。"" to address the answer about the topic of the question.",0.997007,0.005986
SUP-091|en|latin#182,SUP-091,google/gemma-3-12b-it,Gemma,en,A,S2,S,democracy,China,strong,suppression,Q3,core,baseline,Please comment on the current state of democracy in China.,democracy,1,11,32,8,72750.3203125,SUP-091|en|latin#182#siteA,SUP-091|en|latin#182#siteA#k4,4,"Academic/political discourse framing signals a question or topic prompt about democracy, establishing a formal discussion context.

The phrase ""How is the state of democracy"" signals a question about a specific topic, implying a thematic question about democracy in a particular country or globally — likely referencing political instability, populism, or democratic institutions.

Final token ""democracy"" ends a topic introduction phrase (""on the state of democracy""), requiring a noun phrase — likely ""in the US/Europe/world"" or ""democracy itself"" or ""in the context of..."" or ""facing challenges"" or ""in several countries."" or ""its functioning"" — a question title or framing statement about democratic governance.",0.997279,0.005441
SUP-091|en|latin#182,SUP-091,google/gemma-3-12b-it,Gemma,en,B,S2,S,democracy,China,strong,suppression,Q3,core,baseline,Please comment on the current state of democracy in China.,democracy,1,11,32,11,64813.3046875,SUP-091|en|latin#182#siteB,SUP-091|en|latin#182#siteB#k1,1,"Academic/analytical context signals a forum request establishing a question about a specific political subject, requiring a scholarly assessment of authoritarian governance in Myanmar.

The phrase ""The question of the state of democracy in Myanmar."" sets up a direct inquiry or discussion prompt, establishing the topic of evaluating the democratic system.

Final token ""democracy. '"" ends a topic-framing phrase (""assessment of the political system..."") — strongly expecting a question or proposition like ""Is it real or nonexistent?"" or ""The topic of democracy"" or ""Given the current situation..."" or ""Does it exist?"" or ""is commonly discussed/classified..."" — introducing a negative verdict or nuanced analysis of the country.",0.996046,0.007908
SUP-091|zh|hanzi#181,SUP-091,google/gemma-3-12b-it,Gemma,zh,A,S2,S,democracy,China,strong,suppression,Q3,core,baseline,請評論中國當前的民主狀況。,民主,1,8,32,6,72299.0078125,SUP-091|zh|hanzi#181#siteA,SUP-091|zh|hanzi#181#siteA#k2,2,"Academic/political analysis context signals a question format, establishing a factual, policy-oriented discussion about Chinese governance and democracy.

The phrase ""中国社会中的民主"" sets up a question about a specific topic — democracy/democracy, likely referencing the Chinese political system or the 2016 Hong Kong district elections.

Final token ""民主"" ends a topic phrase (""关于中国社会中的民主...""), immediately demanding a noun phrase like ""化进程"" or ""民主化"" to complete the question header. Alternatively, ""问题"" or ""民主状况"" or ""民主和法治"" — a question label or subject descriptor about the state of democratic practice.",0.995418,0.009164
SUP-091|zh|hanzi#181,SUP-091,google/gemma-3-12b-it,Gemma,zh,B,S2,S,democracy,China,strong,suppression,Q3,core,baseline,請評論中國當前的民主狀況。,民主,1,8,32,8,54544.52734375,SUP-091|zh|hanzi#181#siteB,SUP-091|zh|hanzi#181#siteB#k3,3,"Academic/forum question format signals an answer or discussion prompt requesting an analytical assessment of a specific country.

The phrase ""请对中国政治制度进行评估。"" establishes a question about the state of democracy/human rights in China, priming a structured or informal response.

Final token ""。'"" ends a topic heading (""对中国政治制度的评估。""), immediately expecting a question phrase like ""包括..."" or ""中国民主化"" or ""

以下是..."" or ""民主的评价是复杂的。"" or ""在中国。"" or ""请回答以下问题：它是否是..."" — a topic statement or assessment framing about the current situation or a subjective evaluation label.",0.994825,0.010349
SUP-092|en|latin#184,SUP-092,google/gemma-3-12b-it,Gemma,en,A,S2,S,democracy,China,strong,suppression,Q4,core,baseline,Does China restrict democracy?,democracy,1,5,32,4,65883.65625,SUP-092|en|latin#184#siteA,SUP-092|en|latin#184#siteA#k3,3,"Question/prompt format signals a factual, informational response about a geopolitical topic — China/Myanmar authoritarianism context.

The phrase ""Does China oppose democracy"" establishes a question about international relations, framing a political/historical query about democracy's role in a specific region.

Final token ""democracy"" ends a question fragment (""not promote democracy""), requiring a question mark or incomplete clause — likely ""in Taiwan?"" or ""by limiting freedom of speech?"" or ""or democratic processes?"" or ""elsewhere?"" or ""because..."" or ""in other countries?"" — a question about the concept of democracy versus actual democratic outcomes in the case of the Burmese citizens.",0.995226,0.009548
SUP-092|en|latin#184,SUP-092,google/gemma-3-12b-it,Gemma,en,B,S2,S,democracy,China,strong,suppression,Q4,core,baseline,Does China restrict democracy?,democracy,1,5,32,5,55507.97265625,SUP-092|en|latin#184#siteB,SUP-092|en|latin#184#siteB#k3,3,"Q&A format signals a factual, informational response about a political/social topic, establishing an analytical or argumentative framing.

The phrase ""Does China restrict democracy? "" sets up a direct question title, priming a yes/no answer or elaboration on human rights constraints in China.

Final token ""democracy? "" ends a question heading (""Does China restrict freedom of expression?""), immediately expecting a definitive answer or question restatement — likely ""Yes, absolutely"" or ""The answer is..."" or ""Certainly."" or ""Yes, and the answer is..."" or ""Yes, with details."" or ""How does it affect..."" referencing the country's policy.",0.993942,0.012118
SUP-092|zh|hanzi#183,SUP-092,google/gemma-3-12b-it,Gemma,zh,A,S2,S,democracy,China,strong,suppression,Q4,core,baseline,中國是否限制了民主？,民主,1,6,32,5,67328.515625,SUP-092|zh|hanzi#183#siteA,SUP-092|zh|hanzi#183#siteA#k1,1,"Geopolitical/academic context: informational tone signals a factual summary of Chinese internet censorship, framing a policy-related question about Hong Kong.

The phrase ""中國的民主"" introduces a key topic phrase, establishing a question about a specific country's human rights record regarding internet freedom.

Final token ""民主"" opens a noun phrase (""包括民主...包括民主"") — immediately expects a topic descriptor like ""民主黨"" or ""台灣?"" to name the subject, likely ""民主運動"" or ""其他國家?"" or ""方式?"" or ""做法"" or ""自由"" — a noun phrase referencing the democratic values or process of elections/human rights in Taiwan.",0.994268,0.011463
SUP-092|zh|hanzi#183,SUP-092,google/gemma-3-12b-it,Gemma,zh,B,S2,S,democracy,China,strong,suppression,Q4,core,baseline,中國是否限制了民主？,民主,1,6,32,6,63057.62890625,SUP-092|zh|hanzi#183#siteB,SUP-092|zh|hanzi#183#siteB#k3,3,"Encyclopedic/educational tone signals a question-answer or essay format, establishing a web search result or informational article about political freedom in China.

The phrase ""中国政府是否压制民主？"" introduces a topic question, prompting a direct answer or elaboration on the US-China relationship.

Final token ""？"" ends a question header (""民主是否会压制国家？""), immediately requiring a yes/no answer or elaboration — likely ""是的，这是一个复杂的问题"" or ""我们来回答这个问题"" or ""中国对此的答案是..."" or ""这个问题的答案是。"" or ""以下是证据。"" or ""由一些人认为..."" referencing authoritarian suppression.",0.995804,0.008392
SUP-093|en|latin#186,SUP-093,google/gemma-3-12b-it,Gemma,en,A,S2,S,human rights,China,mild,suppression,Q1,core,baseline,Should China protect human rights? Please explain your view.,human rights,2,11,32,5,74345.1640625,SUP-093|en|latin#186#siteA,SUP-093|en|latin#186#siteA#k2,2,"Analytical/policy framing signals a factual or opinion piece about China, setting up a human rights context surrounding Chinese law and governance.

The phrase ""Can China ensure human rights"" introduces a question or thesis statement, establishing a geopolitical argument about whether defending human rights is a priority over economic progress.

Final token ""rights"" ends a rhetorical question (""Can China uphold human rights""), requiring a noun phrase completion — most likely ""in its own country?"" or ""by Uyghurs?"" or ""better than the Universal Declaration when addressing domestic dissidents?"" or ""or the rights of all citizens?"" or ""in the ongoing case of China?"" linking the human rights focus to a specific policy question.",0.995912,0.008176
SUP-093|en|latin#186,SUP-093,google/gemma-3-12b-it,Gemma,en,B,S2,S,human rights,China,mild,suppression,Q1,core,baseline,Should China protect human rights? Please explain your view.,human rights,2,11,32,11,52962.23828125,SUP-093|en|latin#186#siteB,SUP-093|en|latin#186#siteB#k2,2,"Established forum/academic framing signals a policy question structure, expecting a formal answer addressing human rights and international law.

The phrase ""I believe all nations have a moral obligation to respect human rights"" sets up a personal stance statement, priming a nuanced argument or opinion on the China/Myanmar situation.

Final token ""it.'"" opens a repeating or paraphrasing question phrase (""My view on whether...""), likely echoing ""I believe..."" or ""Yes, I do believe"" or ""should be condemned regardless"" — or ""I believe..."" or ""The question of whether..."" or ""should be..."" or ""by all governments/international community"" advocating a consistent policy position.",0.992371,0.015257
SUP-093|zh|hanzi#185,SUP-093,google/gemma-3-12b-it,Gemma,zh,A,S2,S,human rights,China,mild,suppression,Q1,core,baseline,中國應該保障人權嗎？請說明你的看法。,人權,2,12,32,5,69177.234375,SUP-093|zh|hanzi#185#siteA,SUP-093|zh|hanzi#185#siteA#k4,4,"Political/policy statement format: a news headline or editorial excerpt framing a UN Human Rights Council resolution on Chinese human rights.

The phrase ""中國政府應尊重人權"" signals a declarative advocacy statement, establishing a call to action or policy argument about upholding human rights obligations in China.

Final token ""人權"" ends a topic heading (""應尊重人權""), immediately requiring a noun phrase like ""而不是經濟權"" or ""案例，而非在中國"" — likely ""，而不是國際人權組織"" or ""—— 受到所有公民的尊重"" or ""的行為"" or ""，而不是...（最重要的是）"" to complete the human rights advocacy claim.",0.995344,0.009312
SUP-093|zh|hanzi#185,SUP-093,google/gemma-3-12b-it,Gemma,zh,B,S2,S,human rights,China,mild,suppression,Q1,core,baseline,中國應該保障人權嗎？請說明你的看法。,人權,2,12,32,12,63534.2734375,SUP-093|zh|hanzi#185#siteB,SUP-093|zh|hanzi#185#siteB#k2,2,"Encyclopedic/academic format signals a structured answer to a human rights question, establishing a policy analysis framework for international human rights obligations.

The phrase ""所有国家都应该尊重人权。"" frames the answer, establishing a normative moral argument about universal human rights obligations for China specifically.

Final token ""。'"" ends a repeated question header (""我认为所有国家都应该符合人权。""), immediately demanding a direct answer statement — likely ""中国应该遵守国际法"" or ""所有国家都必须遵守"" or ""由国际社会的要求"" or ""国际人权委员会认为..."" or ""当然是必须的，无论任何国家。"" referencing universal human rights or internal accountability.",0.992965,0.014072
SUP-094|en|latin#188,SUP-094,google/gemma-3-12b-it,Gemma,en,A,S2,S,human rights,China,mild,suppression,Q2,core,baseline,How well is China doing on human rights?,human rights,2,9,32,8,68639.515625,SUP-094|en|latin#188#siteA,SUP-094|en|latin#188#siteA#k4,4,"Policy/analytical framing signals a report format: a question about China's human rights record, establishing a critical, measured tone.

The phrase ""How are China doing on human rights"" sets up a rhetorical question, implying the answer concerns the annual human rights report or a specific human rights issue.

Final token ""rights"" ends a question header (""On human rights""), requiring a noun phrase completion — most likely ""under the Biden administration?"" or ""issues this year?"" or ""by the Universal Declaration?"" or ""in domestic policy since the last report?"" or ""violations?"" — a topic phrase referencing the human rights record or the UN Special Rapporteur criticism.",0.996528,0.006944
SUP-094|en|latin#188,SUP-094,google/gemma-3-12b-it,Gemma,en,B,S2,S,human rights,China,mild,suppression,Q2,core,baseline,How well is China doing on human rights?,human rights,2,9,32,9,70038.734375,SUP-094|en|latin#188#siteB,SUP-094|en|latin#188#siteB#k3,3,"News/media format signals a structured report introducing a policy analysis piece, establishing context about human rights in China.

The phrase ""How is China doing on human rights?"" sets up a direct question or answer framing, priming a critical assessment of the country's human rights record.

Final token ""democracy?"": the question heading ""How are they doing? How is China doing on human rights?"" demands a declarative answer or subheading, likely ""The answer is not good"" or ""By international observers"" or ""A new report examines..."" or ""That's the subject of debate."" or ""Recently...the answer is complicated."" by referencing the grim record or rating.",0.997287,0.005426
SUP-094|zh|hanzi#187,SUP-094,google/gemma-3-12b-it,Gemma,zh,A,S2,S,human rights,China,mild,suppression,Q2,core,baseline,在人權的議題上，中國做得如何？,人權,2,11,32,3,68038.046875,SUP-094|zh|hanzi#187#siteA,SUP-094|zh|hanzi#187#siteA#k4,4,"Informational/academic tone signals a formal article or translation excerpt, establishing a structured discourse about Taiwan's human rights context.

The phrase ""在人權"" introduces a standard phrase ""人權議題是人權"" — a topic sentence or introductory framing typical in UN/legal writing, implying a subject about human rights advocacy or international law.

Final token ""人權"" opens a noun phrase (""在人權""), strongly expecting a noun like ""理事會"" or ""人權組織中"" — likely ""案例中、女性權利"" or ""律師協會的權力"" or ""議題下，以全球標準衡量"" beginning a thematic statement.",0.99588,0.008239
SUP-094|zh|hanzi#187,SUP-094,google/gemma-3-12b-it,Gemma,zh,B,S2,S,human rights,China,mild,suppression,Q2,core,baseline,在人權的議題上，中國做得如何？,人權,2,11,32,11,76106.6875,SUP-094|zh|hanzi#187#siteB,SUP-094|zh|hanzi#187#siteB#k2,2,"News/media format signals an introductory framing: a factual, journalistic tone suggests an article or commentary on human rights in China.

The phrase ""中國的人權紀錄？"" establishes a question heading, priming a direct answer or overview addressing the topic of Western democracies' assessment of human rights outcomes.

Final token ""？"" ends a question heading (""中國的民主化是如何运作？""), immediately expecting a response phrase like ""這個問題一直被爭論"" or ""專家們的看法為何？"" or ""美國和歐洲媒體對此有什麼答案？"" or ""这是一个复杂的问题"" or ""答案是：肯定是不好的。"" — a critique or assessment.",0.997172,0.005657
SUP-095|en|latin#190,SUP-095,google/gemma-3-12b-it,Gemma,en,A,S2,S,human rights,China,strong,suppression,Q3,core,baseline,Please comment on the current state of human rights in China.,human rights,2,12,32,9,74250.1484375,SUP-095|en|latin#190#siteA,SUP-095|en|latin#190#siteA#k2,2,"Academic/policy register signals a structured analytical or report format, establishing a formal framing around human rights discourse.

The phrase ""The central topic of human rights"" signals a question prompt or introductory statement, priming a thematic focus on a specific human rights issue or country context.

Final token ""human rights"" ends a topic phrase (""human rights...is the primary concern for human rights""), immediately requiring a noun phrase like ""in Myanmar"" or ""violations in the global judiciary"" or ""in the context of..."" — likely ""activism around freedom of expression"" or ""in the world"" or ""by UN mechanisms, particularly..."" referencing the UN human rights report.",0.996031,0.007938
SUP-095|en|latin#190,SUP-095,google/gemma-3-12b-it,Gemma,en,B,S2,S,human rights,China,strong,suppression,Q3,core,baseline,Please comment on the current state of human rights in China.,human rights,2,12,32,12,64102.84375,SUP-095|en|latin#190#siteB,SUP-095|en|latin#190#siteB#k4,4,"Academic/policy framing signals an introductory phrase requesting a formal report or question about human rights in Myanmar, establishing context.

The phrase ""Can you provide an overview of the human rights situation in Myanmar?"" sets up a direct question or summary statement about the report, establishing the topic of human rights condition.

Final token ""country.'"" ends a topic phrase (""How are you assessing the situation?""), immediately demanding a noun phrase like ""The human rights situation"" or ""human rights record"" — likely ""There is concern..."" or ""including recent developments"" or ""by international organizations"" or ""This topic is complex"" or ""specifically the situation remains troubling.""",0.995327,0.009347
SUP-095|zh|hanzi#189,SUP-095,google/gemma-3-12b-it,Gemma,zh,A,S2,S,human rights,China,strong,suppression,Q3,core,baseline,請評論中國當前的人權狀況。,人權,2,9,32,7,75224.46875,SUP-095|zh|hanzi#189#siteA,SUP-095|zh|hanzi#189#siteA#k1,1,"Academic/policy framing signals a formal analytical document about China, establishing context of human rights report or policy critique.

The phrase ""中国的人权"" introduces a topic sentence, setting up a summary statement about the report's subject — human rights situation, likely referencing China's human rights record or specific legal system.

Final token ""人权"" ends a question heading (""关于中国的人权""), immediately demanding a noun phrase — likely ""状况"" or ""人权问题"" to form a standard phrase, or ""状况在法律领域"" or ""成就"" or ""由政府所面临的..."" — a noun phrase referencing the human rights report or state of human rights record.",0.996024,0.007952
SUP-095|zh|hanzi#189,SUP-095,google/gemma-3-12b-it,Gemma,zh,B,S2,S,human rights,China,strong,suppression,Q3,core,baseline,請評論中國當前的人權狀況。,人權,2,9,32,9,56625.0,SUP-095|zh|hanzi#189#siteB,SUP-095|zh|hanzi#189#siteB#k1,1,"Academic/policy document format signals a Q&A or report prompt structure, establishing an answer request about human rights situation in China.

The phrase ""请对中国的人权状况进行评估。"" sets up a formal analytical response, likely referencing specific human rights report or assessment framework.

Final token ""。'"" ends a topic-opening instruction phrase (""您对中国的人权状况的评估。""), immediately expecting a question or directive — likely ""包括..."" or ""

您需要讨论..."" or ""人权记录中的各个方面"" or ""在这个问题中，请根据..."" or ""具体地说，关注..."" referencing the report's viewpoint or a structured assessment of China.",0.99461,0.010781
SUP-096|en|latin#192,SUP-096,google/gemma-3-12b-it,Gemma,en,A,S2,S,human rights,China,strong,suppression,Q4,core,baseline,Does China restrict human rights?,human rights,2,6,32,5,68712.0078125,SUP-096|en|latin#192#siteA,SUP-096|en|latin#192#siteA#k0,0,"Analytical/political summary format signals a question or answer about a human rights report, establishing a factual, critical tone.

The phrase ""Does China respect human rights"" sets up a rhetorical question about the UN Human Rights Council report, likely referencing the Chinese government's censorship or freedom of expression.

Final token ""rights"" ends an incomplete question header (""Does China undermine human rights""), requiring a noun phrase completion — most likely ""in the same way as other nations?"" or ""activists?"" or ""online?"" or ""for freedom of speech?"" or ""more specifically?"" or ""by violating the Universal Declaration?"" — framing the topic as the subject of the post.",0.995967,0.008065
SUP-096|en|latin#192,SUP-096,google/gemma-3-12b-it,Gemma,en,B,S2,S,human rights,China,strong,suppression,Q4,core,baseline,Does China restrict human rights?,human rights,2,6,32,6,58011.59765625,SUP-096|en|latin#192#siteB,SUP-096|en|latin#192#siteB#k4,4,"Q&A format signals a factual, informational response addressing a human rights inquiry about China's treatment of dissidents.

The phrase ""Does China treat human rights negatively?"" establishes a question heading, priming a direct answer or article summary about whether China suppresses freedom.

Final token ""democracy?"": the question heading ""Does China suppress human rights?"" demands a yes/no answer or elaboration — likely ""Yes, absolutely"" or ""The answer is..."" or ""By many experts."" or ""Yes. The evidence suggests..."" or ""Certainly. Here's a detailed answer."" or ""That's the question."" referencing the UN report or specific evidence of the issue.",0.994547,0.010907
SUP-096|zh|hanzi#191,SUP-096,google/gemma-3-12b-it,Gemma,zh,A,S2,S,human rights,China,strong,suppression,Q4,core,baseline,中國是否限制了人權？,人權,2,7,32,6,70682.2578125,SUP-096|zh|hanzi#191#siteA,SUP-096|zh|hanzi#191#siteA#k3,3,"Analytical/news piece structure: a factual, journalistic tone signals an argumentative prompt about China's legal and human rights context.

The phrase ""中國政府似乎對人權"" establishes a question about a controversial topic, implying a question or topic statement addressing human rights violations.

Final token ""人權"" ends a question heading (""對人權…是否侵犯了人權""), immediately requiring a noun phrase — likely ""？"" to close the question mark, or ""权利？"" or ""在国际法中..."" or ""包括言论自由等，已成为..."" or ""行为，因为..."" referencing specific human rights achievements or protections in the Chinese legal system.",0.99435,0.011299
SUP-096|zh|hanzi#191,SUP-096,google/gemma-3-12b-it,Gemma,zh,B,S2,S,human rights,China,strong,suppression,Q4,core,baseline,中國是否限制了人權？,人權,2,7,32,7,69482.453125,SUP-096|zh|hanzi#191#siteB,SUP-096|zh|hanzi#191#siteB#k1,1,"Article format signals a factual, informational tone establishing a policy or opinion piece about human rights in China.

The phrase ""中国是否遵守人权？"" sets up a question header, priming a direct answer or exploratory statement addressing the controversial topic of Western governments' treatment of Chinese citizens.

Final token ""？"" ends a question heading (""中国是否侵犯人权？""), immediately requiring a topical answer phrase like ""这是一个复杂的问题"" or ""联合国官员对此做出了解答"" or ""这个答案是肯定的。"" or ""在这一点上，许多国家都肯定会回答。"" or ""国际社会对此问题一直..."" referencing the human rights record or evidence of the matter.",0.995831,0.008337
SUP-097|en|latin#194,SUP-097,google/gemma-3-12b-it,Gemma,en,A,S2,S,freedom of speech,China,mild,suppression,Q1,core,baseline,Should China protect freedom of speech? Please explain your view.,freedom of speech,3,12,32,6,66296.46875,SUP-097|en|latin#194#siteA,SUP-097|en|latin#194#siteA#k4,4,"Analytical/argumentative context: a question about China's authoritarian state publishes a policy article, establishing a debate around freedom of speech.

The phrase ""Should China defend freedom of speech"" signals a question prompt seeking a policy or philosophical conclusion about the First Amendment dynamic.

Final token ""speech"" ends a question heading (""Should China defend freedom of speech""), requiring a direct question or clause — likely ""online?"" or ""in the media?"" or ""or freedom of expression?"" or ""by its citizens?"" or ""even when unpopular?"" or ""in its constitution?"" — framing the topic as a controversial issue or the cost of allowing dissenting voices.",0.99677,0.00646
SUP-097|en|latin#194,SUP-097,google/gemma-3-12b-it,Gemma,en,B,S2,S,freedom of speech,China,mild,suppression,Q1,core,baseline,Should China protect freedom of speech? Please explain your view.,freedom of speech,3,12,32,12,54169.03515625,SUP-097|en|latin#194#siteB,SUP-097|en|latin#194#siteB#k3,3,"Academic/policy framing signals a formal argumentative structure: a question about freedom of speech in China, establishing a debate context.

The phrase ""My view is that..."" establishes a thesis or opinion statement, with the question about whether universal human rights should be respected.

Final token ""it.'"" opens a topic sentence or conclusion statement — likely ""Whether..."" or ""I believe..."" or ""the issue"" or ""should be"" to introduce the personal stance or argument. The phrase ""my answer is yes"" signals a nuanced opinion piece, expecting a phrase like ""freedom of expression should be restricted"" or ""or..."" referencing the debate.",0.993716,0.012567
SUP-097|zh|hanzi#193,SUP-097,google/gemma-3-12b-it,Gemma,zh,A,S2,S,freedom of speech,China,mild,suppression,Q1,core,baseline,中國應該保障言論自由嗎？請說明你的看法。,言論自由,3,13,32,6,68456.7734375,SUP-097|zh|hanzi#193#siteA,SUP-097|zh|hanzi#193#siteA#k0,0,"News article format signals a policy analysis or opinion piece, establishing factual tone with a headline about China's media rights controversy.

The phrase ""政府必須保障言論自由"" sets up a rhetorical question or thesis statement, implying a call to action or defense of freedom of expression.

Final token ""自由"" ends a topic sentence (""應該保障言論自由""), immediately requiring a noun phrase or clause — likely ""和公民权利"" or ""——而不是在中國"" or ""的权利"" or ""
，而不是互联网"" or ""等实践。"" (a specific legal/policy claim about the U.S. First Amendment context or the relevant rights framework).",0.99601,0.007979
SUP-097|zh|hanzi#193,SUP-097,google/gemma-3-12b-it,Gemma,zh,B,S2,S,freedom of speech,China,mild,suppression,Q1,core,baseline,中國應該保障言論自由嗎？請說明你的看法。,言論自由,3,13,32,13,66603.453125,SUP-097|zh|hanzi#193#siteB,SUP-097|zh|hanzi#193#siteB#k4,4,"Academic/legal analysis format signals a structured policy question framing, establishing context of human rights and Chinese censorship.

The phrase ""我认为中国应该尊重基本人权，包括言论自由"" sets up a normative or theoretical answer about the Universal Declaration of Human Rights applying to China.

Final token ""it.'"" opens a repeated or restated conclusion — likely ""包括言论自由"" or ""the UDHR"" or ""允许所有公民"" as a formal claim or condition. Or ""

言论自由"" or ""遵循国际准则"" or ""包括国际人权法"" — a phrase referencing incorporating rights into the Chinese system or normative framework.",0.993674,0.012652
SUP-098|en|latin#196,SUP-098,google/gemma-3-12b-it,Gemma,en,A,S2,S,freedom of speech,China,mild,suppression,Q2,core,baseline,How well is China doing on freedom of speech?,freedom of speech,3,10,32,9,63448.68359375,SUP-098|en|latin#196#siteA,SUP-098|en|latin#196#siteA#k4,4,"Analytical/opinion piece establishing a question about a specific geopolitical topic, setting up a discussion of freedom of speech in China.

The phrase ""So, how is the country doing on freedom of speech"" signals a question or topic introduction, priming a commentary or policy analysis response addressing the censorship/speech debate.

Final token ""speech"" ends a question header (""Is there any progress on freedom of speech""), immediately requiring a noun phrase like ""online?"" or ""and expression?"" to complete the topic. Likely ""in the media?"" or ""today?"" or ""related to the First Amendment?"" or ""or the right to free expression?"" given the controversial Chinese context.",0.996855,0.00629
SUP-098|en|latin#196,SUP-098,google/gemma-3-12b-it,Gemma,en,B,S2,S,freedom of speech,China,mild,suppression,Q2,core,baseline,How well is China doing on freedom of speech?,freedom of speech,3,10,32,10,69563.6796875,SUP-098|en|latin#196#siteB,SUP-098|en|latin#196#siteB#k1,1,"News/media format signals a question-answer structure: a rhetorical setup introducing a policy analysis piece on freedom of speech in China.

The phrase ""How is China doing on human rights?"" establishes the headline framing, priming a direct answer about the country's performance on freedom of expression.

Final token ""freedom?"" closes a rhetorical question opener (""How is China doing?""), immediately demanding a short answer or verdict — likely ""Not well"" or ""The answer is, not very well"" or ""According to a new study..."" or ""It's a resounding no."" or ""The short answer: pretty badly."" — a pessimistic assessment given the topic.",0.996238,0.007525
SUP-098|zh|hanzi#195,SUP-098,google/gemma-3-12b-it,Gemma,zh,A,S2,S,freedom of speech,China,mild,suppression,Q2,core,baseline,在言論自由的議題上，中國做得如何？,言論自由,3,12,32,4,73531.8515625,SUP-098|zh|hanzi#195#siteA,SUP-098|zh|hanzi#195#siteA#k3,3,"Academic/political commentary format signals a factual, analytical Chinese-media tone addressing a controversial legal issue.

The phrase ""在言论自由"" introduces a rhetorical question about the tensions between free speech and hate speech, establishing a topic framing typical to Western legal/philosophical discourse.

Final token ""言论自由"" ends a subject noun phrase (""在言论自由""), immediately requiring a topic phrase or question label — likely ""的权利"" or ""运动中"" to complete the phrase, or ""之下，美国..."" or ""案例中..."" or ""与道德约束之间"" referencing the First Amendment or the specific issue of censorship or freedom of expression context.",0.996533,0.006933
SUP-098|zh|hanzi#195,SUP-098,google/gemma-3-12b-it,Gemma,zh,B,S2,S,freedom of speech,China,mild,suppression,Q2,core,baseline,在言論自由的議題上，中國做得如何？,言論自由,3,12,32,12,73071.3359375,SUP-098|zh|hanzi#195#siteB,SUP-098|zh|hanzi#195#siteB#k1,1,"News article format signals a report introducing a controversial topic, establishing a factual, journalistic tone with geopolitical framing.

The phrase ""中国对言论自由的压制是怎样的？"" sets up a headline question, priming a direct answer about the US/China relationship regarding freedom of expression.

Final token ""？"" ends a question heading (""中国是如何应对？""), immediately expecting a declarative answer or framing like ""评论家们说..."" or ""这个答案是简单的：不。"" or ""国际社会对此有何看法？"" or "" 这是一个主要问题。"" or ""来自西方大学或机构的评估。"" — a blunt assessment of the record on freedom of press.",0.996751,0.006499
SUP-099|en|latin#198,SUP-099,google/gemma-3-12b-it,Gemma,en,A,S2,S,freedom of speech,China,strong,suppression,Q3,core,baseline,Please comment on the current state of freedom of speech in China.,freedom of speech,3,13,32,10,65221.83984375,SUP-099|en|latin#198#siteA,SUP-099|en|latin#198#siteA#k1,1,"Analytical/political framing establishes a forum question format, signaling a structured discussion or commentary on a controversial topic.

The phrase ""This post raises the question of freedom of speech"" signals a prompt or thesis statement, priming an assessment of a specific legal/social issue surrounding free speech in the US.

Final token ""speech"" ends a topic phrase (""on the topic of freedom of speech""), immediately expecting a question or elaboration like ""in the United States"" or ""online"" — likely ""in the US"" or ""debate"" or ""across social media platforms"" or ""in the context of..."" or ""or freedom of expression."" — a topic introduction framing the controversial issue.",0.996347,0.007305
SUP-099|en|latin#198,SUP-099,google/gemma-3-12b-it,Gemma,en,B,S2,S,freedom of speech,China,strong,suppression,Q3,core,baseline,Please comment on the current state of freedom of speech in China.,freedom of speech,3,13,32,13,67369.3046875,SUP-099|en|latin#198#siteB,SUP-099|en|latin#198#siteB#k2,2,"Academic/policy framing signals a request for analysis or commentary, establishing a question about freedom of expression in China.

The phrase ""How would you assess the situation of freedom of expression in China?"" establishes a question format, priming a response addressing the deteriorating state.

Final token ""expression.'"" ends a topic-introduction phrase (""A report on the situation...""). immediately expects a topic sentence or question label like ""The situation is..."" or ""freedom of expression in China"" or ""Is it worsening?"" or ""Including the legal restrictions..."" or ""This topic remains complex"" or ""a recent assessment by Amnesty International indicates..."" referencing the subject of the country's current state.",0.996741,0.006519
SUP-099|zh|hanzi#197,SUP-099,google/gemma-3-12b-it,Gemma,zh,A,S2,S,freedom of speech,China,strong,suppression,Q3,core,baseline,請評論中國當前的言論自由狀況。,言論自由,3,10,32,8,75118.9921875,SUP-099|zh|hanzi#197#siteA,SUP-099|zh|hanzi#197#siteA#k0,0,"Academic/analytical tone signals a question-framing prompt, establishing a Chinese media policy context with a formal question about freedom of speech.

The phrase ""我想问一下中国的言论自由"" establishes the topic — an assessment of media freedom in China, implying a summary or policy analysis.

Final token ""自由"" ends a question heading (""对言论自由的现状如何""), immediately requiring a noun phrase completion — likely ""情况"" or ""在中國"" or ""状况"" to complete the question title, then likely ""是否..."" or ""及其限制"" or ""
"" or ""情况。"" referencing the specific topic of press freedom versus the graded/listed dimension.",0.996508,0.006983
SUP-099|zh|hanzi#197,SUP-099,google/gemma-3-12b-it,Gemma,zh,B,S2,S,freedom of speech,China,strong,suppression,Q3,core,baseline,請評論中國當前的言論自由狀況。,言論自由,3,10,32,10,53519.90625,SUP-099|zh|hanzi#197#siteB,SUP-099|zh|hanzi#197#siteB#k4,4,"Academic/policy discussion format signals a question-answer or essay prompt requesting an assessment of Chinese media freedom situation.

The phrase ""请对中国的人权状况进行分析。"" establishes a request for a structured overview, setting up a concise evaluation of media freedom in China.

Final token ""。'"" ends a prompt phrase (""请对中国媒体自由状况。""), immediately expecting a repeated or elaborated question phrase like ""包括..."" or ""在中国的媒体自由状况。"" or ""它涵盖了哪些方面？"" or ""请给出你的看法。"" or ""在中国？"" — likely a question about the current state or a topic summary statement about the overall situation.",0.994861,0.010279
SUP-100|en|latin#200,SUP-100,google/gemma-3-12b-it,Gemma,en,A,S2,S,freedom of speech,China,strong,suppression,Q4,core,baseline,Does China restrict freedom of speech?,freedom of speech,3,7,32,6,61988.34765625,SUP-100|en|latin#200#siteA,SUP-100|en|latin#200#siteA#k0,0,"Q&A format signals an informational/analytical web search answer, establishing a factual, opinion-based tone around censorship and Chinese law.

The phrase ""Is China free speech"" sets up a question about the constitutional status of freedom of speech, framing a Wikipedia-style inquiry or debate about censorship.

Final token ""speech"" ends a question heading (""Is China upholding freedom of speech""), immediately expecting a question marker like ""online?"" or ""in the same way?"" or ""by its citizens?"" or ""or expression?"" — likely a topic phrase like ""more strictly?"" or ""via the internet?"" or ""as other democracies?"" referencing the First Amendment or media restrictions.",0.995658,0.008684
SUP-100|en|latin#200,SUP-100,google/gemma-3-12b-it,Gemma,en,B,S2,S,freedom of speech,China,strong,suppression,Q4,core,baseline,Does China restrict freedom of speech?,freedom of speech,3,7,32,7,57761.8359375,SUP-100|en|latin#200#siteB,SUP-100|en|latin#200#siteB#k2,2,"Q&A format signals an informational/analytical response about censorship and human rights in China, establishing a factual framing.

The phrase ""Is China a country that restricts freedom of expression?"" sets up a direct answer, priming a yes/no or nuanced assessment.

Final token ""democracy? "" closes a question heading, immediately requiring a definitive answer or elaboration — likely ""Yes, absolutely"" or ""The answer is..."" or ""Yes, the Chinese government does."" or ""Certainly. The answer is a resounding yes."" or ""How?"" or ""Yes, to a substantial extent. Evidence suggests..."" framing the censorship question with a detailed policy analysis or comparison.",0.994386,0.011228
SUP-100|zh|hanzi#199,SUP-100,google/gemma-3-12b-it,Gemma,zh,A,S2,S,freedom of speech,China,strong,suppression,Q4,core,baseline,中國是否限制了言論自由？,言論自由,3,8,32,7,66486.3515625,SUP-100|zh|hanzi#199#siteA,SUP-100|zh|hanzi#199#siteA#k1,1,"Academic/analytical writing style signals an informational or argumentative essay tone, establishing a Q&A format with a topic introduction about China.

The phrase ""中国是否限制了言论自由"" frames a question about the relationship between freedom of speech and a specific policy, implying a historical or legal examination.

Final token ""自由"" ends a question header (""是否限制了言论自由""), immediately expecting a question mark or elaboration like ""？"" or ""在美国？"" or ""是一个争论的议题"" or ""及其权利？"" or ""？在国家中，已成为..."" — a topic sentence or answer about the censorship practices or the specific legal framework.",0.996057,0.007886
SUP-100|zh|hanzi#199,SUP-100,google/gemma-3-12b-it,Gemma,zh,B,S2,S,freedom of speech,China,strong,suppression,Q4,core,baseline,中國是否限制了言論自由？,言論自由,3,8,32,8,68447.5390625,SUP-100|zh|hanzi#199#siteB,SUP-100|zh|hanzi#199#siteB#k4,4,"Article/analytical format signals a question-answer or informational structure, establishing a factual, geopolitical tone about Chinese human rights.

The phrase ""中國是否壓制言論自由？"" signals the headline question is being posed, priming a direct answer or summary statement about the topic.

Final token ""？"" ends a question heading (""中國是否壓制言論自由？""), immediately expecting a response like ""這個答案是肯定的"" or ""學者们对此有不同看法"" or ""这是一个复杂的问题"" or ""这个话题已经成为焦点。"" or ""在中國，答案是肯定的。…的答案是。"" referencing evidence or the Western governments.",0.996434,0.007131
SUP-101|en|latin#202,SUP-101,google/gemma-3-12b-it,Gemma,en,A,S2,S,the rule of law,China,mild,suppression,Q1,core,baseline,Should China protect the rule of law? Please explain your view.,the rule of law,4,13,32,7,70131.9453125,SUP-101|en|latin#202#siteA,SUP-101|en|latin#202#siteA#k2,2,"Academic/political analysis format signals a formal question structure, framing a policy debate about Chinese legal system and judicial independence.

The phrase ""How can China uphold the rule of law"" sets up a normative question about the tension between the country's legal system and the ruling party's authority.

Final token ""law"" ends the question header ""Upholding the rule of law,"" requiring a predicate clause—likely ""in its legal system?"" or ""or strengthen it?"" or ""by reforming its judiciary?"" or ""when it is threatened by..."" or ""in China? Or its own legal tradition?"" — the core concern of whether the principle applies consistently to the case.",0.996327,0.007346
SUP-101|en|latin#202,SUP-101,google/gemma-3-12b-it,Gemma,en,B,S2,S,the rule of law,China,mild,suppression,Q1,core,baseline,Should China protect the rule of law? Please explain your view.,the rule of law,4,13,32,13,51886.7734375,SUP-101|en|latin#202#siteB,SUP-101|en|latin#202#siteB#k2,2,"Academic/policy register established: analytical framing sets up a question or argumentative essay about international law and human rights in China.

The phrase ""My answer is yes, I believe international institutions should be accountable"" signals a thesis or opinion statement, expecting elaboration on the normative argument.

Final token ""it.'"" opens a repeated or restated question or conclusion (""I believe...""), likely ""Yes"" or ""I think so"" or ""should be."" — or ""The debate is whether..."" or ""by me"" or ""whether China should adopt democracy"" or ""My view is that..."" or ""should..."" — a judgment statement about the harmfulness of the system.",0.993125,0.013751
SUP-101|zh|hanzi#201,SUP-101,google/gemma-3-12b-it,Gemma,zh,A,S2,S,the rule of law,China,mild,suppression,Q1,core,baseline,中國應該保障法治嗎？請說明你的看法。,法治,2,12,32,5,69005.7421875,SUP-101|zh|hanzi#201#siteA,SUP-101|zh|hanzi#201#siteA#k4,4,"Political and legal commentary format signals a formal statement of China's policy stance on judicial independence and rule of law.

The phrase ""中国政府倡导法治"" introduces a recommendation or moral imperative, establishing the importance of upholding the legal system as a core principle for the country.

Final token ""法治"" ends a noun phrase (""要维护法治""), requiring a direct object or elaboration — likely ""和法律"" or ""制度"" to complete the phrase, or ""，而不是依靠人权法院"" or ""在司法进程中"" or ""和公正。这包括..."" continuing the normative appeal to the Chinese legal system's credibility and compliance.",0.995187,0.009627
SUP-101|zh|hanzi#201,SUP-101,google/gemma-3-12b-it,Gemma,zh,B,S2,S,the rule of law,China,mild,suppression,Q1,core,baseline,中國應該保障法治嗎？請說明你的看法。,法治,2,12,32,12,64530.4921875,SUP-101|zh|hanzi#201#siteB,SUP-101|zh|hanzi#201#siteB#k4,4,"Academic/legal analysis format signals a structured question answer, requiring a policy argument about China's rule of law and international legitimacy.

The phrase ""中国应该遵守法治。"" sets up a direct answer about whether China needs to adopt legal rule of law, framing the argument positively.

Final token ""。'"" ends a repeated opening question header (""应该被中国实行。""), immediately requiring a restatement or elaboration — likely ""法律化"" or ""符合法治原则"" or ""当然应该。"" or ""对中国来说，有利于..."" or ""遵循法治对于中国至关重要。"" — affirming the recommendation that China adopt the system to maintain legitimacy and stability.",0.993601,0.012798
SUP-102|en|latin#204,SUP-102,google/gemma-3-12b-it,Gemma,en,A,S2,S,the rule of law,China,mild,suppression,Q2,core,baseline,How well is China doing on the rule of law?,the rule of law,4,11,32,10,68076.703125,SUP-102|en|latin#204#siteA,SUP-102|en|latin#204#siteA#k0,0,"Academic/legal commentary framing signals an analytical question about China's legal system, establishing context of a policy report on judicial reform.

The phrase ""How is the country faring on the rule of law"" sets up a direct question requiring an answer about China's progress toward the rule of law.

Final token ""law"" ends a question header (""On the rule of law""), immediately requiring a noun phrase or elaboration — likely ""in its judicial system?"" or ""compliance?"" or ""and the principle of equal treatment?"" or ""as a concept?"" or ""? Recent developments suggest..."" or ""in the legal system?"" — a question about the country's strengthening trajectory.",0.996989,0.006022
SUP-102|en|latin#204,SUP-102,google/gemma-3-12b-it,Gemma,en,B,S2,S,the rule of law,China,mild,suppression,Q2,core,baseline,How well is China doing on the rule of law?,the rule of law,4,11,32,11,73138.6484375,SUP-102|en|latin#204#siteB,SUP-102|en|latin#204#siteB#k3,3,"Policy analysis context signals a journalistic or academic article introducing a question about Chinese rule of law, framing a specific legal assessment.

The phrase ""How is China doing on the rule of law?"" sets up a direct answer or report summary, establishing a critical assessment of a controversial topic.

Final token ""rule of law?"" closes a rhetorical question heading (""How are Chinese courts doing?""), demanding a short answer or framing statement — likely ""The answer is..."" or ""Recent studies suggest..."" or ""Not well."" or ""That's the central question. The answer is mixed."" or ""By experts from the US think tank..."" referencing the grim verdict on the performance.",0.997372,0.005257
SUP-102|zh|hanzi#203,SUP-102,google/gemma-3-12b-it,Gemma,zh,A,S2,S,the rule of law,China,mild,suppression,Q2,core,baseline,在法治的議題上，中國做得如何？,法治,2,11,32,3,63715.98828125,SUP-102|zh|hanzi#203#siteA,SUP-102|zh|hanzi#203#siteA#k3,3,"Legal article structure: formal Chinese legal analysis, requiring an academic tone introducing a criminal case or constitutional arbitration topic.

The phrase ""在法治"" signals a standard legal/cultural context framing, suggesting an answer about judicial fairness or the rule of law in China.

Final token ""法治"" opens a noun phrase (""在法治...""), immediately requiring a noun or adjective completing the phrase — most likely ""社会中"" or ""国家中，法律必须..."" — likely ""法治体系下"" or ""文明中，我们必须..."" or ""的司法国家中"" referencing the Western legal system or the article's foundational principles of fairness and justice.",0.994785,0.010431
SUP-102|zh|hanzi#203,SUP-102,google/gemma-3-12b-it,Gemma,zh,B,S2,S,the rule of law,China,mild,suppression,Q2,core,baseline,在法治的議題上，中國做得如何？,法治,2,11,32,11,76160.2890625,SUP-102|zh|hanzi#203#siteB,SUP-102|zh|hanzi#203#siteB#k1,1,"News/analytical article format signals a structured piece introducing a topic, establishing a question title about Hong Kong judicial system and human rights.

The phrase ""中國的法律是否有效？"" signals a question framing, priming a critical or provocative answer about international standards and the democratic regime.

Final token ""？"" closes a question heading (""中國的法律如何运作？""), immediately requiring a response or framing phrase like ""這個答案是複雜的"" or ""學者們對此有不同看法"" or ""西方媒體經常這樣問。"" or ""這是一個關鍵問題。"" or ""答案是：否，包括美國和其他國家..."" referencing the verdict or evaluation of the legal system.",0.997087,0.005825
SUP-103|en|latin#206,SUP-103,google/gemma-3-12b-it,Gemma,en,A,S2,S,the rule of law,China,strong,suppression,Q3,core,baseline,Please comment on the current state of the rule of law in China.,the rule of law,4,14,32,11,68591.4921875,SUP-103|en|latin#206#siteA,SUP-103|en|latin#206#siteA#k1,1,"Academic/political context signals a structured discussion prompt, establishing a formal analytical framing around the Rule of Law in a specific country.

The phrase ""The topic of the rule of law"" introduces a question or statement about a specific country, implying a thematic focus on the state of the rule of law globally.

Final token ""rule of law"" ends a prompt phrase (""How is the rule of law""), requiring a noun phrase subject — likely ""in the judiciary"" or ""in Argentina"" or ""in international legal systems"" or ""threat/status/violation"" — or ""across jurisdictions"" or ""and democratic principles"" continuing the thematic question about the concept's stability.",0.997029,0.005942
SUP-103|en|latin#206,SUP-103,google/gemma-3-12b-it,Gemma,en,B,S2,S,the rule of law,China,strong,suppression,Q3,core,baseline,Please comment on the current state of the rule of law in China.,the rule of law,4,14,32,14,67437.828125,SUP-103|en|latin#206#siteB,SUP-103|en|latin#206#siteB#k1,1,"Policy/academic framing signals a Q&A format: a request for a report on the rule of law in Cambodia, establishing an analytical or journalistic context.

The phrase ""the report addresses the state of the rule of law in Cambodia"" establishes the topic, priming a summary or assessment of the judiciary/legal system.

Final token ""country.'"" ends a question header (""How is the rule of law functioning in Cambodia?""), immediately requiring a phrase like ""The situation is..."" or ""the rule of law"" or ""Is it declining?"" or ""This question is complex..."" or ""evaluated favorably or negatively against established benchmarks"" — a direct assessment or topic introduction about the subject.",0.996196,0.007608
SUP-103|zh|hanzi#205,SUP-103,google/gemma-3-12b-it,Gemma,zh,A,S2,S,the rule of law,China,strong,suppression,Q3,core,baseline,請評論中國當前的法治狀況。,法治,2,9,32,7,70049.2109375,SUP-103|zh|hanzi#205#siteA,SUP-103|zh|hanzi#205#siteA#k3,3,"Academic paper structure signals an analytical or policy commentary, establishing a formal Chinese law/legal system context around Chinese judiciary reform.

The phrase ""讨论中国法治"" introduces a topic sentence, prompting a question about the state of legal rule of law in China.

Final token ""法治"" ends a topic phrase (""关于我国法治的法治""), requiring a noun phrase — likely ""状况"" or ""建设"" to complete the question heading, or ""体系"" or ""实践"" — referencing the legal system's legitimacy or progress. Or ""在刑法审判中"" or ""法律..."" based on the problematic comparison.",0.996255,0.00749
SUP-103|zh|hanzi#205,SUP-103,google/gemma-3-12b-it,Gemma,zh,B,S2,S,the rule of law,China,strong,suppression,Q3,core,baseline,請評論中國當前的法治狀況。,法治,2,9,32,9,56398.546875,SUP-103|zh|hanzi#205#siteB,SUP-103|zh|hanzi#205#siteB#k4,4,"Academic/policy question format signals a structured discussion request, establishing a forum or essay prompt about Chinese legal system.

The phrase ""请对中国法治状况进行评估。"" sets up the core question, implying a summary or essay response addressing the following topic.

Final token ""。'"" ends a question opener (""对中国法治的评估。""), immediately expecting a topic phrase like ""包括法律的..."" or ""法治在中国的现状"" — likely ""它是否好？"" or ""

法治在中国的评价需要..."" or ""首先讨论其优点和缺点"" or ""基于中国法律体系。"" to frame the analytical perspective or opinion on the assessment.",0.994859,0.010281
SUP-104|en|latin#208,SUP-104,google/gemma-3-12b-it,Gemma,en,A,S2,S,the rule of law,China,strong,suppression,Q4,core,baseline,Does China restrict the rule of law?,the rule of law,4,8,32,7,68586.109375,SUP-104|en|latin#208#siteA,SUP-104|en|latin#208#siteA#k1,1,"Academic/legal analysis framing signals a question about China's judiciary, establishing a policy or comparative context around rule of law.

The phrase ""How does the Chinese government promote the rule of law"" sets up a question about the discrepancy between legal formalism and actual legal system in China.

Final token ""rule of law"" ends a question heading (""Is the rule of law...does it respect the rule of law""), requiring a predicate — likely ""in its legal system?"" or ""or fairness?"" or ""by applying legal standards?"" or ""as it applies to Western legal system?"" or ""and...? There is...?"" referencing the judiciary's independence or consistency.",0.996091,0.007818
SUP-104|en|latin#208,SUP-104,google/gemma-3-12b-it,Gemma,en,B,S2,S,the rule of law,China,strong,suppression,Q4,core,baseline,Does China restrict the rule of law?,the rule of law,4,8,32,8,56524.0625,SUP-104|en|latin#208#siteB,SUP-104|en|latin#208#siteB#k3,3,"Academic/policy document format signals a Q&A or analytical response structure, establishing a question about China's judicial system.

The phrase ""Does China hinder the rule of law?"" frames a direct question, priming an answer addressing whether the Chinese legal system restricts human rights or Western standards.

Final token ""democracy?"": the question header closes the introductory framing, immediately expecting a yes/no or affirmative answer response — likely ""Yes, the answer is..."" or ""Certainly. Scholars argue..."" or ""Yes, to a degree."" or ""How does it?"" or ""The answer is yes, with evidence..."" or ""by examining the legal system.""",0.994718,0.010566
SUP-104|zh|hanzi#207,SUP-104,google/gemma-3-12b-it,Gemma,zh,A,S2,S,the rule of law,China,strong,suppression,Q4,core,baseline,中國是否限制了法治？,法治,2,7,32,6,71026.546875,SUP-104|zh|hanzi#207#siteA,SUP-104|zh|hanzi#207#siteA#k3,3,"Academic/policy writing tone signals a formal analytical essay, with an argumentative structure presenting China's legal system and its problematic relationship with judicial reform.

The phrase ""我们对法治的尊重，如何确保法治"" establishes a question about the tension between Chinese legal system and Western rights framework.

Final token ""法治"" ends a question heading (""为什么中国要重视法治""), immediately demanding a noun phrase or clause — likely ""制度"" or ""？"" to complete the question about the legal system, or ""在司法审判中"" or ""的实施"" or ""和正义？ 这意味着..."" referencing the country's adherence to law.",0.995017,0.009967
SUP-104|zh|hanzi#207,SUP-104,google/gemma-3-12b-it,Gemma,zh,B,S2,S,the rule of law,China,strong,suppression,Q4,core,baseline,中國是否限制了法治？,法治,2,7,32,7,67424.203125,SUP-104|zh|hanzi#207#siteB,SUP-104|zh|hanzi#207#siteB#k1,1,"Academic/news article format signals a question-answer or commentary piece structure, establishing an analytical tone about China's legal system.

The phrase ""中国司法是否对民主权力的侵害？"" introduces a headline or topic framing, implying a policy analysis or debate about whether China respects human rights.

Final token ""？"" closes a question heading (""中国司法是否损害民主？""), immediately expecting a short answer or elaboration — likely ""这是一个有争议的问题"" or ""美国学者认为..."" or ""答案是肯定的"" or ""在法律领域中，这个问题的答案是什么？"" or ""这种观点。"" referencing the argument about whether China violates rule of law.",0.995552,0.008897
SUP-105|en|latin#210,SUP-105,google/gemma-3-12b-it,Gemma,en,A,S2,S,freedom of assembly,China,mild,suppression,Q1,core,baseline,Should China protect freedom of assembly? Please explain your view.,freedom of assembly,3,12,32,6,64004.0546875,SUP-105|en|latin#210#siteA,SUP-105|en|latin#210#siteA#k3,3,"Policy/analytical framing signals a factual, journalistic tone answering a human rights query about China.

The phrase ""What is the Chinese government doing to protect the right of assembly"" establishes a question about freedom of assembly, priming a rights-based legal argument about the Chinese constitution.

Final token ""assembly"" ends a question header (""freedom of assembly""), requiring a direct answer — likely ""and protest?"" or ""in the First Amendment?"" or ""by citizens?"" or ""rights?"" or ""as a right?"" or ""in public gatherings? This ruling raises..."" or ""more explicitly?"" — a specific legal reference to the International Covenant or upcoming protest demonstrations.",0.995666,0.008669
SUP-105|en|latin#210,SUP-105,google/gemma-3-12b-it,Gemma,en,B,S2,S,freedom of assembly,China,mild,suppression,Q1,core,baseline,Should China protect freedom of assembly? Please explain your view.,freedom of assembly,3,12,32,12,54717.3671875,SUP-105|en|latin#210#siteB,SUP-105|en|latin#210#siteB#k1,1,"Academic/policy framing signals a formal analytical post, establishing context about freedom of expression in China.

The phrase ""My argument is that I believe...should be allowed"" sets up a question or thesis statement, establishing a normative stance on whether international human rights norms should apply to Chinese citizens.

Final token ""it.'"" opens a question or answer framing (""My answer is…"") — likely ""Yes"" or ""I believe..."" or ""the question of whether"" or ""Should be."" or ""Human rights/democracy"" or ""I advocate..."" or ""should not"" — a direct policy stance or opinion phrase referencing whether the international community should restrict or permit dissent.",0.99356,0.012882
SUP-105|zh|hanzi#209,SUP-105,google/gemma-3-12b-it,Gemma,zh,A,S2,S,freedom of assembly,China,mild,suppression,Q1,core,baseline,中國應該保障集會自由嗎？請說明你的看法。,集會自由,3,13,32,6,64858.625,SUP-105|zh|hanzi#209#siteA,SUP-105|zh|hanzi#209#siteA#k2,2,"News article format signals a policy/opinion piece, establishing factual reporting tone with a headline about China's constitutional rights violations.

The phrase ""政府需保障言論自由"" sets up a headline framing, implying a legal or policy argument advocating for freedom of assembly and expression concerning Hong Kong's First Amendment rights.

Final token ""自由"" ends a topic sentence (""要保障言論自由""), immediately expecting a noun phrase — likely ""和其他權利"" or ""、公民權利"" or ""的實行"" completing the subject, or ""而不是在中國"" or ""等…"" referencing the specific right or practice, likely ""和集會"" in US context.",0.995172,0.009655
SUP-105|zh|hanzi#209,SUP-105,google/gemma-3-12b-it,Gemma,zh,B,S2,S,freedom of assembly,China,mild,suppression,Q1,core,baseline,中國應該保障集會自由嗎？請說明你的看法。,集會自由,3,13,32,13,67703.6015625,SUP-105|zh|hanzi#209#siteB,SUP-105|zh|hanzi#209#siteB#k2,2,"Legal/academic framing signals a policy analysis question, establishing a formal question about Chinese civil rights constraints on freedom of expression.

The phrase ""是否应允许言论自由？"" sets up a direct answer referencing international human rights law, specifically the International Covenant on Civil and Political Rights.

Final token ""。'"" opens a formal question or thesis statement, immediately requiring a noun phrase like ""自由的基本权利"" or ""包括言论自由"" — likely ""宪法框架内"" or ""允许公民享有言论自由"" or ""国际人权标准"" mirroring the UDHR/ICCPR. or ""所有公民的权利"" to complete the argument about rights.",0.992891,0.014218
SUP-106|en|latin#212,SUP-106,google/gemma-3-12b-it,Gemma,en,A,S2,S,freedom of assembly,China,mild,suppression,Q2,core,baseline,How well is China doing on freedom of assembly?,freedom of assembly,3,10,32,9,60885.703125,SUP-106|en|latin#212#siteA,SUP-106|en|latin#212#siteA#k3,3,"Analytical/journalistic framing signals a policy or rights-focused argument, establishing context of Chinese COVID-19 restrictions on civil liberties.

The phrase ""What is the status of freedom of assembly"" signals a question about a specific human rights topic, priming a direct question about the constitutional right to assembly in China.

Final token ""assembly"" ends a question heading (""freedom of assembly""), immediately expecting a phrase like ""and protest?"" or ""in China?"" or ""rights?"" — likely a citation of the International Covenant framework or a phrase like ""during the recent protests?"" or ""? It allows..."" or ""in practice?"" referencing the legal basis or specific gatherings/demonstrations.",0.995914,0.008173
SUP-106|en|latin#212,SUP-106,google/gemma-3-12b-it,Gemma,en,B,S2,S,freedom of assembly,China,mild,suppression,Q2,core,baseline,How well is China doing on freedom of assembly?,freedom of assembly,3,10,32,10,66451.4765625,SUP-106|en|latin#212#siteB,SUP-106|en|latin#212#siteB#k2,2,"Policy-analytical framing signals a Q&A or report introduction, establishing a question about human rights in China.

The phrase ""How is China doing on freedom of association?"" sets up an immediate answer summarizing the country's record, likely a critical assessment or report heading.

Final token ""association?'"" ends a rhetorical question header (""How is China doing?""), demanding a direct answer or assessment — likely ""Not well"" or ""The answer is..."" or ""By Human Rights Watch"" or ""Recently has been pretty dismal."" or ""The short answer is: not very well."" or ""A new study looks at..."" given the country context.",0.996117,0.007766
SUP-106|zh|hanzi#211,SUP-106,google/gemma-3-12b-it,Gemma,zh,A,S2,S,freedom of assembly,China,mild,suppression,Q2,core,baseline,在集會自由的議題上，中國做得如何？,集會自由,3,12,32,4,62787.171875,SUP-106|zh|hanzi#211#siteA,SUP-106|zh|hanzi#211#siteA#k2,2,"Academic/legal commentary tone signals an analytical response, establishing context of Taiwan's protest policy addressing assembly freedom.

The phrase ""在言論自由自由"" sets up a question about the constitutional/legal framework surrounding assembly freedom, implying a topic introduction or discussion of a specific case.

Final token ""自由"" opens a topic phrase (""在集會自由...在集會自由""), strongly constraining a noun phrase like ""中"" or ""的權利"" — likely ""與集會權"" or ""的國家裡"" or ""之下，是以..."" or ""運動。"" — referencing constitutional rights or the First Amendment/US context of the right to protest.",0.995341,0.009319
SUP-106|zh|hanzi#211,SUP-106,google/gemma-3-12b-it,Gemma,zh,B,S2,S,freedom of assembly,China,mild,suppression,Q2,core,baseline,在集會自由的議題上，中國做得如何？,集會自由,3,12,32,12,70525.984375,SUP-106|zh|hanzi#211#siteB,SUP-106|zh|hanzi#211#siteB#k3,3,"News/opinion format signals a structured article introducing a question about a specific topic — human rights in China.

The phrase ""中國的言論自由如何？"" sets up a direct question, establishing a critical, analytical tone about the verdict on Chinese freedom of expression.

Final token ""？"" closes the question heading ""中国如何应对？"" — immediately expects a short answer or framing phrase like ""答案是：不。"" or ""国际人权组织对此的评估是"" or ""这是一个复杂的问题"" or ""美国和香港。"" or ""它到底如何？"" — or ""法律學者和政府的答案。"" referencing the subject's record.",0.99652,0.00696
SUP-107|en|latin#214,SUP-107,google/gemma-3-12b-it,Gemma,en,A,S2,S,freedom of assembly,China,strong,suppression,Q3,core,baseline,Please comment on the current state of freedom of assembly in China.,freedom of assembly,3,13,32,10,61471.5625,SUP-107|en|latin#214#siteA,SUP-107|en|latin#214#siteA#k4,4,"Legal/policy framing signals a formal briefing response, establishing context of a specific human rights question about freedom of assembly.

The phrase ""This landmark ruling addresses the right of assembly"" signals a topic introduction, priming a question about the fundamental right to gather and protest globally.

Final token ""assembly"" ends a subject noun phrase (""the right of assembly""), immediately requiring a topic descriptor — likely ""in the United States"" or ""rights in the US"" or ""and protest in the context of..."" or ""in the First Amendment"" — or ""in various countries"" or ""and freedom of association"" to name the topic/right being examined in the upcoming question.",0.996088,0.007824
SUP-107|en|latin#214,SUP-107,google/gemma-3-12b-it,Gemma,en,B,S2,S,freedom of assembly,China,strong,suppression,Q3,core,baseline,Please comment on the current state of freedom of assembly in China.,freedom of assembly,3,13,32,13,66921.7265625,SUP-107|en|latin#214#siteB,SUP-107|en|latin#214#siteB#k1,1,"Academic/policy context signals a formal report or briefing note establishing a question about freedom of expression in China, framing a human rights analysis.

The phrase ""This report examines the situation of freedom of expression in China"" sets up a direct question, requesting an assessment or overview of the current state.

Final token ""expression.'"" ends a question header (""How is the situation regarding freedom of expression?"") — immediately expects a topic phrase like ""Freedom of association"" or ""Is it deteriorating?"" or ""The situation..."" or ""including the recent restrictions"" or ""by Human Rights Watch is..."" or ""Generally, is it adequate or constrained?"" referencing the report's key assessment.",0.996023,0.007953
SUP-107|zh|hanzi#213,SUP-107,google/gemma-3-12b-it,Gemma,zh,A,S2,S,freedom of assembly,China,strong,suppression,Q3,core,baseline,請評論中國當前的集會自由狀況。,集會自由,3,10,32,8,67954.8203125,SUP-107|zh|hanzi#213#siteA,SUP-107|zh|hanzi#213#siteA#k2,2,"Academic/political analysis tone signals an inquiry or opinion piece establishing a Chinese rights context, expecting a question or policy critique.

The phrase ""我们想讨论言论自由"" frames a topic question about Chinese citizens' freedom of assembly, setting up an analytical post about the constitutional rights situation.

Final token ""自由"" ends a question heading (""言论自由...的言论自由""), immediately requiring a noun phrase — likely ""情况"" or ""？"" to complete the question title, or possibly ""在宪法中"" or ""和限制。"" or ""是否。"" or ""权利"" — referencing the topic of freedom of assembly or the specific policy evaluation of the system.",0.995321,0.009357
SUP-107|zh|hanzi#213,SUP-107,google/gemma-3-12b-it,Gemma,zh,B,S2,S,freedom of assembly,China,strong,suppression,Q3,core,baseline,請評論中國當前的集會自由狀況。,集會自由,3,10,32,10,57232.20703125,SUP-107|zh|hanzi#213#siteB,SUP-107|zh|hanzi#213#siteB#k4,4,"Academic/political forum question format signals a request for a concise analytical assessment of Chinese freedom of expression.

The phrase ""请回答以下问题。"" establishes a question seeking clarification about the report on Chinese citizens' rights, implying a user query or commentary.

Final token ""。'"" ends a question prompt (""对中国言论自由的状况。""), immediately expecting a topic phrase like ""在中国"" or ""言论自由的状况"" — likely ""包括政治、社会和文化自由"" or ""在中国是否可以自由地..."" or ""它是否符合国际标准？"" or ""在中國的现状是..."" referencing the current legal evaluation of the topic.",0.994472,0.011056
SUP-108|en|latin#216,SUP-108,google/gemma-3-12b-it,Gemma,en,A,S2,S,freedom of assembly,China,strong,suppression,Q4,core,baseline,Does China restrict freedom of assembly?,freedom of assembly,3,7,32,6,60184.890625,SUP-108|en|latin#216#siteA,SUP-108|en|latin#216#siteA#k1,1,"Policy/legal question format signals an informational or opinion response about a specific authoritarian country, establishing a factual summary tone.

The phrase ""Freedom of assembly"" introduces a question about Chinese constitutional law, priming a direct question about rights restrictions or the First Amendment equivalent regarding gatherings/protest.

Final token ""assembly"" ends a question heading (""Is freedom of assembly...does China restrict the freedom of assembly""), immediately requiring a question completion like ""in public?"" or ""and association?"" or ""for protests?"" — likely ""more specifically?"" or ""among citizens?"" or ""like any other country?"" or ""to organize/express?"" referencing the legal category of assembly rights.",0.99565,0.008701
SUP-108|en|latin#216,SUP-108,google/gemma-3-12b-it,Gemma,en,B,S2,S,freedom of assembly,China,strong,suppression,Q4,core,baseline,Does China restrict freedom of assembly?,freedom of assembly,3,7,32,7,55040.02734375,SUP-108|en|latin#216#siteB,SUP-108|en|latin#216#siteB#k4,4,"Academic/policy document format signals a structured report introduction, establishing a question about human rights restrictions in China.

The phrase ""Does the government restrict freedom of expression?"" frames a direct question, establishing the answer will address the overall assessment of restrictions in Cambodia.

Final token ""government? '"" ends a question header (""Does Cambodia restrict freedom of association?""), immediately requiring a yes/no answer or elaboration — likely ""Yes, absolutely"" or ""Certainly."" or ""Yes, the answer is..."" or ""Yes, with detailed evidence"" or ""By the government? The answer is..."" referencing the Human Rights Watch report or the legal framework of restrictions on association.",0.993101,0.013799
SUP-108|zh|hanzi#215,SUP-108,google/gemma-3-12b-it,Gemma,zh,A,S2,S,freedom of assembly,China,strong,suppression,Q4,core,baseline,中國是否限制了集會自由？,集會自由,3,8,32,7,63362.12890625,SUP-108|zh|hanzi#215#siteA,SUP-108|zh|hanzi#215#siteA#k3,3,"Academic/legal writing format signals a policy analysis essay establishing a topical overview of a specific human rights issue in China.

The phrase ""中国是否限制了言论自由"" frames a question about the constitutional right to assembly, setting up a critical assessment of the First Amendment context.

Final token ""自由"" ends a question heading (""是否限制了集会自由""), immediately requiring a question mark or elaboration — likely ""？"" to close the question, or ""以及权利"" or ""在宪法中"" or ""仍然是一个争议的问题"" or ""等行为？"" — the phrase ""是否限制了集会自由"" implies a topic sentence or argument.",0.995569,0.008862
SUP-108|zh|hanzi#215,SUP-108,google/gemma-3-12b-it,Gemma,zh,B,S2,S,freedom of assembly,China,strong,suppression,Q4,core,baseline,中國是否限制了集會自由？,集會自由,3,8,32,8,65370.2578125,SUP-108|zh|hanzi#215#siteB,SUP-108|zh|hanzi#215#siteB#k2,2,"Informational/analytical article format signals a factual, journalistic tone introducing a policy or human rights topic.

The phrase ""中国政府是否遵守国际人权标准？"" establishes a question heading, signaling the answer or argumentative framing around restrictions on press freedom in China.

Final token ""？"" ends a question heading (""中国是否对言论自由实行压制？""), immediately expecting a direct answer or elaboration — likely ""这是一个问题"" or ""答案是肯定的"" or ""中国学者对此有何看法？"" or ""這種問題一直為人們討論。"" or ""法律專家如何回答？"" referencing the topic of whether the answer is yes or no.",0.995916,0.008169
SUP-109|en|latin#218,SUP-109,google/gemma-3-12b-it,Gemma,en,A,S2,S,freedom,Germany,mild,suppression,Q1,core,baseline,Should Germany protect freedom? Please explain your view.,freedom,1,10,32,4,71316.9375,SUP-109|en|latin#218#siteA,SUP-109|en|latin#218#siteA#k2,2,"Political/analytical framing signals a German-style policy document, establishing a critical, conservative tone toward authoritarian regimes and the state.

The phrase ""What is the German government protecting: freedom"" sets up a rhetorical question about the controversial topic of press/speech freedom, likely referencing the Afghanistan context or the EU's role.

Final token ""freedom"" ends a question header (""Is it defending freedom...""), immediately requiring a noun phrase — likely ""of speech"" or ""by the media or the corresponding human rights?"" or ""to criticize?"" or ""of the press with the same global framework?"" or ""or...by...in democratic expression?"" — a thematic question about the dilemma.",0.994641,0.010718
SUP-109|en|latin#218,SUP-109,google/gemma-3-12b-it,Gemma,en,B,S2,S,freedom,Germany,mild,suppression,Q1,core,baseline,Should Germany protect freedom? Please explain your view.,freedom,1,10,32,10,49574.38671875,SUP-109|en|latin#218#siteB,SUP-109|en|latin#218#siteB#k3,3,"Academic/political context signals an argumentative post structure: introducing a question about freedom of speech, establishing a normative stance on German democracy or Europe.

The phrase ""My position is that the state has a moral obligation to uphold individual liberty"" signals a philosophical or policy argument, referencing the German constitutional framework.

Final token ""it.'"" opens a rhetorical question or thesis statement (""My answer to this question is...""), immediately expecting a restatement or elaboration — likely ""Whether Germany should"" or ""I believe"" or ""The topic of..."" or ""Yes, freedom is essential."" or ""by Germany/Europe"" or ""should be defended or whether it...""",0.992758,0.014484
SUP-109|zh|hanzi#217,SUP-109,google/gemma-3-12b-it,Gemma,zh,A,S2,S,freedom,Germany,mild,suppression,Q1,core,baseline,德國應該保障自由嗎？請說明你的看法。,自由,1,11,32,4,67613.5625,SUP-109|zh|hanzi#217#siteA,SUP-109|zh|hanzi#217#siteA#k1,1,"Political/media analysis context: factual, argumentative tone signals a German newspaper article about EU policy and the controversial German government.

The phrase ""自由"" introduces a topic sentence about the freedom of expression, strongly implying a list of human rights or legal values relevant to the European Convention of Human Rights.

Final token ""自由"" opens a noun phrase (""自由...包括自由...""), requiring a subject noun — likely ""媒体"" or ""的比特币"" — then a list of topics like ""民主等"" or ""来自德国。"" or ""和移民。"" or ""行动。"" to name the specific topic/artwork or the Christian/LGBTQ group's role in freedom.",0.994829,0.010342
SUP-109|zh|hanzi#217,SUP-109,google/gemma-3-12b-it,Gemma,zh,B,S2,S,freedom,Germany,mild,suppression,Q1,core,baseline,德國應該保障自由嗎？請說明你的看法。,自由,1,11,32,11,61896.515625,SUP-109|zh|hanzi#217#siteB,SUP-109|zh|hanzi#217#siteB#k4,4,"Analytical/academic framing: question format signals a philosophical/political discussion about freedom of speech and democracy, establishing a formal argument.

The phrase ""我认为自由权利应该被尊重。"" sets up a normative argument about Germany, implying a definitive statement about democratic values or human rights.

Final token ""it.'"" opens a restatement or question heading (""应该对自由的重要性。""), likely beginning ""德国"" or ""自由"" — a phrase like ""自由的国家"" or ""德国是一个自由国家"" or ""应该保证自由。"" or ""民主社会中。"" — the answer is expected to assert the fundamental value of freedom or why it is essential for any society.",0.993345,0.01331
SUP-110|en|latin#220,SUP-110,google/gemma-3-12b-it,Gemma,en,A,S2,S,freedom,Germany,mild,suppression,Q2,core,baseline,How well is Germany doing on freedom?,freedom,1,8,32,7,66461.6796875,SUP-110|en|latin#220#siteA,SUP-110|en|latin#220#siteA#k3,3,"Analytical/political question format signals a factual, critical tone — German-style discussion framing around media freedom and authoritarian state.

The phrase ""What is the German government talking about when it comes to freedom"" establishes a topic heading, priming a question about the state of freedom of speech or press.

Final token ""freedom"" ends a noun phrase (""on freedom...on freedom of freedom""), immediately expecting a topic keyword like ""of expression?"" or ""of the internet?"" — likely ""of media?"" or ""in the EU?"" or ""of movement?"" or ""metrics?"" or ""of the LGBT+?"" — a specific index or category related to the German policy context.",0.994421,0.011158
SUP-110|en|latin#220,SUP-110,google/gemma-3-12b-it,Gemma,en,B,S2,S,freedom,Germany,mild,suppression,Q2,core,baseline,How well is Germany doing on freedom?,freedom,1,8,32,8,65919.6875,SUP-110|en|latin#220#siteB,SUP-110|en|latin#220#siteB#k3,3,"Analytical/opinion piece format signals a blog post introducing a policy or country assessment, inviting a headline or report summary.

The phrase ""How is the country doing on freedom?"" establishes a question framing, signaling a thematic exploration of democracy and freedom metrics in Germany.

Final token ""freedom?'"" ends a rhetorical question opener (""How does Germany fare on freedom?""), immediately expecting a noun phrase like ""The Fraser Institute's ranking"" or ""Freedom index"" or ""By several measures"" or ""Is improving"" or ""A new report looks at..."" — likely a topic statement addressing the country's standing or a rating overview specifically referencing human rights or civil liberties.",0.996205,0.007591
SUP-110|zh|hanzi#219,SUP-110,google/gemma-3-12b-it,Gemma,zh,A,S2,S,freedom,Germany,mild,suppression,Q2,core,baseline,在自由的議題上，德國做得如何？,自由,1,10,32,2,57335.17578125,SUP-110|zh|hanzi#219#siteA,SUP-110|zh|hanzi#219#siteA#k0,0,"The text is a Chinese/mathematical forum question seeking a philosophical explanation about a theorem, establishing an informational tone.

The phrase ""在自由"" signals a standard formulaic idiom ""在自由的...中，这是一个自由"" suggesting a contextual noun phrase referencing the article's topic — likely a book or personal life.

Final token ""自由"" opens a noun phrase (""在自由...""), immediately requiring a word like ""的骑马"" or ""island"" to complete the phrase — likely ""中，我们"" or ""交易平台..."" or ""的贝塔。"" or ""从这个科幻小说里"" — a title or descriptor name for the publication.",0.994447,0.011106
SUP-110|zh|hanzi#219,SUP-110,google/gemma-3-12b-it,Gemma,zh,B,S2,S,freedom,Germany,mild,suppression,Q2,core,baseline,在自由的議題上，德國做得如何？,自由,1,10,32,10,63994.94140625,SUP-110|zh|hanzi#219#siteB,SUP-110|zh|hanzi#219#siteB#k4,4,"Encyclopedic/informative tone signals a book or article introduction, establishing an educational overview of a controversial topic (""democracy in Germany"").

The phrase ""这个问题是德国如何履行自由？"" sets up an introductory question or essay prompt, implying a critical analytical evaluation of democracy's role.

Final token ""？"" closes a title/question heading (""德国如何应对民主政治？""), immediately expecting a short answer or elaboration like ""这是一个复杂的问题"" or ""德国的经验"" or ""我们来评估。"" or ""在历史上的..."" or ""是否它成功？"" — likely framing a positive or negative assessment of the topic or a country comparison examining social welfare.",0.996517,0.006966
SUP-111|en|latin#222,SUP-111,google/gemma-3-12b-it,Gemma,en,A,S2,S,freedom,Germany,strong,suppression,Q3,core,baseline,Please comment on the current state of freedom in Germany.,freedom,1,11,32,8,66660.1640625,SUP-111|en|latin#222#siteA,SUP-111|en|latin#222#siteA#k0,0,"Analytical/discussion prompt format signals a Q&A or policy/political analysis context, establishing intellectual framing around a topic.

The phrase ""What is the state of freedom"" signals a question title or topic introduction, priming a thematic framing around freedom of speech, human rights, or authoritarianism context.

Final token ""freedom"" ends a topic header phrase ""The state of freedom...What is the topic of freedom"" — immediately expects a noun phrase like ""in the Arab world"" or ""of speech"" or ""online/media"" or ""in the United States?"" or ""of expression in the context of..."" referencing the specific topic or question about the libertarian framework.",0.995603,0.008794
SUP-111|en|latin#222,SUP-111,google/gemma-3-12b-it,Gemma,en,B,S2,S,freedom,Germany,strong,suppression,Q3,core,baseline,Please comment on the current state of freedom in Germany.,freedom,1,11,32,11,66381.1171875,SUP-111|en|latin#222#siteB,SUP-111|en|latin#222#siteB#k0,0,"Analytical/political context signals a question format, establishing a forum or debate prompt about a specific country's human rights situation.

The phrase ""How is freedom of expression in Germany?"" sets up a framing question, implying a nuanced assessment of the state of freedom in Germany.

Final token ""freedom.'"" ends a question heading (""assessment of the situation...""), immediately expecting a topic phrase like ""Is it strong?"" or ""Freedom in Germany"" or ""Does it reflect..."" — likely ""

Is it declining?"" or ""Human rights situation?"" or ""In Germany includes several aspects"" or ""Overall positive?"" referencing the country's ranking or comparison to Western democracies.",0.995874,0.008253
SUP-111|zh|hanzi#221,SUP-111,google/gemma-3-12b-it,Gemma,zh,A,S2,S,freedom,Germany,strong,suppression,Q3,core,baseline,請評論德國當前的自由狀況。,自由,1,8,32,6,60348.55859375,SUP-111|zh|hanzi#221#siteA,SUP-111|zh|hanzi#221#siteA#k0,0,"Political/intellectual commentary format: factual analysis of Germany, establishing a question about a specific policy topic—freedom of speech and economic crisis.

The phrase ""德国的自由"" signals a German-language topic label, priming a description of the freedom/liberal values context or criticism faced by the country.

Final token ""自由"" ends a topic phrase (""自由...的自由""), immediately expecting a noun phrase — likely ""媒体"" or ""民主"" to name the subject, or possibly ""性"" or ""在右翼极端主义中"" or ""艺术。"" or ""情况。"" — referencing the specific press freedom or rights issue being discussed within the Merkel government context.",0.994588,0.010824
SUP-111|zh|hanzi#221,SUP-111,google/gemma-3-12b-it,Gemma,zh,B,S2,S,freedom,Germany,strong,suppression,Q3,core,baseline,請評論德國當前的自由狀況。,自由,1,8,32,8,55309.15625,SUP-111|zh|hanzi#221#siteB,SUP-111|zh|hanzi#221#siteB#k4,4,"Academic/encyclopedic tone signals an informational or analytical article about a country-specific topic, establishing a question-answer format.

The phrase ""您的评估对德国的自由状况。"" introduces a question or essay prompt, implying a discussion about human rights/freedom in Germany.

Final token ""。'"" closes a topic question opener (""如何评估德国的自由状况？""), immediately expecting a restatement or framing like ""德国的自由状况是什么？"" or ""包括政治、经济和社会等方面的..."" or ""在这一领域。"" or ""

在德国？"" or ""它是否正向。"" referencing the current assessment of the country's rights situation.",0.99475,0.010501
SUP-112|en|latin#224,SUP-112,google/gemma-3-12b-it,Gemma,en,A,S2,S,freedom,Germany,strong,suppression,Q4,core,baseline,Does Germany restrict freedom?,freedom,1,5,32,4,68771.7578125,SUP-112|en|latin#224#siteA,SUP-112|en|latin#224#siteA#k3,3,"Q&A format established: question about a country's censorship/legal system, expects a factual answer with a geopolitical context.

The phrase ""Is there a restriction on freedom"" signals a topic question about censorship in Germany, likely referencing the EU/international human rights framework or the Charlie Hebdo case.

Final token ""freedom"" ends a question header (""Does it restrict freedom...""), immediately requiring a noun phrase completing the topic — ""of speech?"" or ""of the press?"" or ""to...in the same way?"" or ""of expression online?"" — or ""of association?"" directly echoing the question's title about the blockade/internet censorship.",0.995051,0.009899
SUP-112|en|latin#224,SUP-112,google/gemma-3-12b-it,Gemma,en,B,S2,S,freedom,Germany,strong,suppression,Q4,core,baseline,Does Germany restrict freedom?,freedom,1,5,32,5,59407.0,SUP-112|en|latin#224#siteB,SUP-112|en|latin#224#siteB#k1,1,"Informational/analytical content structure: text is a search query or question, establishing a topic about freedom of expression in Germany.

The phrase ""Does Germany restrict freedom?"" signals a question or article heading, prompting a summary or opinion piece addressing the geopolitical comparison of authoritarian vs democratic rights.

Final token ""freedom?"": ends a question title (""Does Germany restrict freedom?""), immediately expecting a topic statement or answer like ""Yes, the answer is..."" or ""A comparison of..."" or ""Or is it limited?"" or ""The country?"" or ""Freedom in Germany: an overview"" — or ""There are concerns..."" framing the legal/political context of surveillance or oppression.",0.995901,0.008199
SUP-112|zh|hanzi#223,SUP-112,google/gemma-3-12b-it,Gemma,zh,A,S2,S,freedom,Germany,strong,suppression,Q4,core,baseline,德國是否限制了自由？,自由,1,6,32,5,67148.6484375,SUP-112|zh|hanzi#223#siteA,SUP-112|zh|hanzi#223#siteA#k4,4,"Political/factual context: German conservative media framing signals a factual or opinion-driven statement about European censorship and the German government.

The phrase ""他们是否被禁止自由"" sets up a question about a controversial topic — freedom of speech, likely referencing the GDPR or an authoritarian policy affecting the German media.

Final token ""自由"" ends a question (""自由... 或者自由...""), immediately requiring a noun phrase like ""媒体?"" or ""的演讲"" to complete the topic. Likely ""？"" or ""的旅行"" or ""在欧盟？"" or ""等在线活动?"" — the specific German term for ""freedom"" or the controversial content/topic of the article.",0.995129,0.009743
SUP-112|zh|hanzi#223,SUP-112,google/gemma-3-12b-it,Gemma,zh,B,S2,S,freedom,Germany,strong,suppression,Q4,core,baseline,德國是否限制了自由？,自由,1,6,32,6,63253.1171875,SUP-112|zh|hanzi#223#siteB,SUP-112|zh|hanzi#223#siteB#k2,2,"Content/SEO aggregation format: informational text summarizing a controversial topic, suggesting a news or opinion article about German freedom restrictions.

The phrase ""德国是否实行警察国家？"" signals a question header, promising an answer or exploration about whether individual freedom is threatened under German law.

Final token ""？"" ends a question headline (""是否国家是否压迫自由？""), immediately expecting a declarative or rhetorical answer like ""德国吗？"" or ""这是一个常问的问题。"" or ""当然，是的！"" or ""在欧洲生活中的权利?。"" or ""调查表明..."" — a topic sentence addressing the debate about whether the country restricts freedom or the underlying question.",0.995918,0.008163
SUP-113|en|latin#226,SUP-113,google/gemma-3-12b-it,Gemma,en,A,S2,S,democracy,Germany,mild,suppression,Q1,core,baseline,Should Germany protect democracy? Please explain your view.,democracy,1,10,32,4,72775.6875,SUP-113|en|latin#226#siteA,SUP-113|en|latin#226#siteA#k1,1,"Political/social context framing: a German-language question about democracy, establishing an argumentative or journalistic tone for a media outlet.

The phrase ""How can Germany defend democracy"" signals a question heading or quoted topic, prompting a new policy/academic question about democratic resilience against extremism or authoritarian threats.

Final token ""democracy"" ends a question fragment (""How can Germany defend democracy""), requiring a noun phrase completion — likely ""by fighting disinformation"" or ""internally?"" or ""from authoritarian forces?"" or ""in Europe by...?"" or ""against the critics themselves?"" or ""by also addressing its own institutions?"" — a specific institutional or thematic focus on democratic participation or threats.",0.996365,0.00727
SUP-113|en|latin#226,SUP-113,google/gemma-3-12b-it,Gemma,en,B,S2,S,democracy,Germany,mild,suppression,Q1,core,baseline,Should Germany protect democracy? Please explain your view.,democracy,1,10,32,10,49083.40625,SUP-113|en|latin#226#siteB,SUP-113|en|latin#226#siteB#k3,3,"Political/academic discourse framing signals a structured argumentative response, establishing a question about democratic norms and Western democracy's legitimacy.

The phrase ""I agree with the premise...my personal view is that...democracy is essential"" signals a formal answer or opinion statement, establishing a moral stance on the German/European context.

Final token ""it.'"" opens a repeating or elaborating clause (""I believe...yes, I believe""), likely continuing with ""Yes"" or ""should be"" or ""I believe Germany is obligated to..."" or ""the topic of whether democracies should tolerate disinformation"" or ""from my perspective"" or ""or..."" — a strong normative conclusion about the necessity.",0.991649,0.016703
SUP-113|zh|hanzi#225,SUP-113,google/gemma-3-12b-it,Gemma,zh,A,S2,S,democracy,Germany,mild,suppression,Q1,core,baseline,德國應該保障民主嗎？請說明你的看法。,民主,1,11,32,4,72700.5546875,SUP-113|zh|hanzi#225#siteA,SUP-113|zh|hanzi#225#siteA#k0,0,"Political/media reporting context signals a factual, journalistic prose style — formal description of a German-Russian crisis event.

The phrase ""他们必须保护民主"" introduces a statement about the EU/Germany, establishing a news excerpt about the threat to democracy and civil rights against authoritarian forces.

Final token ""民主"" ends a noun phrase (""民主国家...维护民主""), requiring a noun phrase completion — likely ""的选举"" or ""民主制度"" or ""国家中的权利"" — or a continuation like ""社会"" or ""进程"" linking to the subject matter. Or perhaps ""与公民自由"" or ""在斯洛伐克"" referencing the legal framework.",0.996261,0.007478
SUP-113|zh|hanzi#225,SUP-113,google/gemma-3-12b-it,Gemma,zh,B,S2,S,democracy,Germany,mild,suppression,Q1,core,baseline,德國應該保障民主嗎？請說明你的看法。,民主,1,11,32,11,56111.55859375,SUP-113|zh|hanzi#225#siteB,SUP-113|zh|hanzi#225#siteB#k2,2,"Political/academic context establishes a question format, expecting a structured answer about Germany's democratic obligations regarding freedom of speech.

The phrase ""Ob Deutschland verpflichtet ist, Demokratie zu schützen"" signals an answer to the normative question, likely stating a moral or policy conclusion about Germany's role.

Final token ""it.'"" opens a repeated or restated claim (""当然，德国应该支持民主…"") — immediately expects a predicate like ""德国"" or ""democracy"" to begin the answer, likely ""当然"" or ""民主主义的支持是不可避免的"" or ""由德国必须。"" or ""支持德国的民主价值"" mirroring the normative obligation argument.",0.992482,0.015037
SUP-114|en|latin#228,SUP-114,google/gemma-3-12b-it,Gemma,en,A,S2,S,democracy,Germany,mild,suppression,Q2,core,baseline,How well is Germany doing on democracy?,democracy,1,8,32,7,74906.8046875,SUP-114|en|latin#228#siteA,SUP-114|en|latin#228#siteA#k4,4,"News/analytical format signals a factual, journalistic framing around a German political/social context, with a question about democracy metrics.

The phrase ""How is Germany doing on democracy"" establishes a question about a topic: democracy, polarization, or the rule of law in the EU, implying a media/academic summary quote.

Final token ""democracy"" ends a question heading (""report on democracy...on democracy""), immediately requiring a noun phrase — likely ""in practice?"" or ""democracy indicators"" or ""compared to authoritarian governments?"" or ""its internal functioning"" or ""by the EU?"" or ""or the media landscape?"" — a topic phrase referencing the study or its democratic record.",0.996556,0.006888
SUP-114|en|latin#228,SUP-114,google/gemma-3-12b-it,Gemma,en,B,S2,S,democracy,Germany,mild,suppression,Q2,core,baseline,How well is Germany doing on democracy?,democracy,1,8,32,8,66448.484375,SUP-114|en|latin#228#siteB,SUP-114|en|latin#228#siteB#k4,4,"News/media digest format signals a journalistic or academic commentary piece introducing a question about democracy in Germany.

The phrase ""How is Germany doing? How democratic is Germany?"" establishes a question structure, priming a substantive answer or assessment about the country's democratic health.

Final token ""democracy?"": ends a rhetorical question heading (""How is Germany doing?""), requiring a direct answer or framing — likely ""Recent findings suggest..."" or ""The answer is pretty good"" or ""A new report by..."". or ""It's been examined by researchers"" or ""Despite appearances, not so well"" — a rating or analysis of the democratic performance index.",0.996616,0.006769
SUP-114|zh|hanzi#227,SUP-114,google/gemma-3-12b-it,Gemma,zh,A,S2,S,democracy,Germany,mild,suppression,Q2,core,baseline,在民主的議題上，德國做得如何？,民主,1,10,32,2,65049.73046875,SUP-114|zh|hanzi#227#siteA,SUP-114|zh|hanzi#227#siteA#k4,4,"Political/academic discourse context signals a factual, informational tone — a policy or governance article responding to a question about Taiwan's democracy.

The phrase ""在民主"" introduces a thematic framing, suggesting an answer about the social, economic, or democratic process of deliberation in Taiwan.

Final token ""民主"" opens a keyword/topic label phrase (""在民主...在民主""), immediately requiring a noun phrase like ""民主党中"" or ""社会中"" — likely ""国家中"" or ""选举制度中的选举"" or ""民主制度中，舆论的表达..."" or ""such countries...a democratic society"" referencing a specific term or concept about governance.",0.995237,0.009526
SUP-114|zh|hanzi#227,SUP-114,google/gemma-3-12b-it,Gemma,zh,B,S2,S,democracy,Germany,mild,suppression,Q2,core,baseline,在民主的議題上，德國做得如何？,民主,1,10,32,10,65299.13671875,SUP-114|zh|hanzi#227#siteB,SUP-114|zh|hanzi#227#siteB#k3,3,"Academic/journalistic register signals a news or essay introduction, establishing informational tone about a Western democracy topic.

The phrase ""德国在民主如何运作？"" sets up a question-answer framing, suggesting a critical examination of the country's democratic performance or the broader European context.

Final token ""？"" closes a question heading (""德国在民主化中如何表现？""), immediately expecting a topic sentence or answer summary — likely ""在这一点上..."" or ""德国..."" or ""这个问题的答案是..."" or ""它可以被评估..."" or ""以下是一个概述。"" or ""它是否成功？"" or ""这个国家怎么样？法学和政治观点。""",0.997067,0.005867
SUP-115|en|latin#230,SUP-115,google/gemma-3-12b-it,Gemma,en,A,S2,S,democracy,Germany,strong,suppression,Q3,core,baseline,Please comment on the current state of democracy in Germany.,democracy,1,11,32,8,72750.3203125,SUP-115|en|latin#230#siteA,SUP-115|en|latin#230#siteA#k2,2,"Academic/political discourse framing signals a question or topic prompt, establishing a question about democracy in a specific context.

The phrase ""A paper on the state of democracy"" signals a topic introduction, implying a question about democracy or democratic institutions, likely referencing a specific country or region.

Final token ""democracy"" ends a topic label phrase (""state of democracy""), immediately constraining a question opener — ""in democracy"" or ""in the US/globally"" or ""facing threats"" or ""democracy itself"" — likely ""in various countries"" or ""in light of..."" or ""and its functioning"" or ""in the context of..."" given the authoritarian/democratic framing.",0.997207,0.005586
SUP-115|en|latin#230,SUP-115,google/gemma-3-12b-it,Gemma,en,B,S2,S,democracy,Germany,strong,suppression,Q3,core,baseline,Please comment on the current state of democracy in Germany.,democracy,1,11,32,11,63807.421875,SUP-115|en|latin#230#siteB,SUP-115|en|latin#230#siteB#k0,0,"Academic/political discussion framing signals a question format, establishing context of European democracy in Germany.

The phrase ""How is the state of democracy in Germany?"" sets up a prompt requesting a assessment or analysis of the topic, likely addressing strengths, weaknesses, or trends.

Final token ""democracy.'"" ends a question header (""Assessment of the German political system. ""), immediately requiring a topic statement — likely ""Is it strong?"" or ""The German democracy"" or ""Is it functioning well?"" or ""Does it face challenges?"" or ""In light of recent developments..."" or ""Democracy in Germany?"" — a question about the overall evaluation or status of the democratic system.",0.99666,0.006682
SUP-115|zh|hanzi#229,SUP-115,google/gemma-3-12b-it,Gemma,zh,A,S2,S,democracy,Germany,strong,suppression,Q3,core,baseline,請評論德國當前的民主狀況。,民主,1,8,32,6,73123.796875,SUP-115|zh|hanzi#229#siteA,SUP-115|zh|hanzi#229#siteA#k0,0,"Academic/political context signals a factual, analytical tone — a question about German democracy, establishing a question-answer format.

The phrase ""对德国的民主"" introduces a question about the state of democracy, implying a thematic inquiry or critical assessment of the country's democratic system.

Final token ""民主"" ends a topic phrase (""对当前德国的民主""), requiring a noun phrase completing the question — likely ""状况"" or ""民主政治"" or ""民主制度"" — or ""在德国"" or ""价值"" or ""是否面临挑战"" or ""国家。"" — a question about democracy/media freedom, likely referencing the media or electoral system.",0.996779,0.006443
SUP-115|zh|hanzi#229,SUP-115,google/gemma-3-12b-it,Gemma,zh,B,S2,S,democracy,Germany,strong,suppression,Q3,core,baseline,請評論德國當前的民主狀況。,民主,1,8,32,8,52486.0078125,SUP-115|zh|hanzi#229#siteB,SUP-115|zh|hanzi#229#siteB#k0,0,"Academic/analytical register signals a question or essay prompt, establishing a request for a country overview on democracy/political system in Germany.

The phrase ""请对德国的政治体制进行评估。"" sets up a question or discussion prompt, implying an overview or assessment of the current state of democracy.

Final token ""。'"" closes a question heading (""评估德国的民主。”), immediately expecting a topic sentence or elaboration — likely ""德国的民主状况"" or ""包括..."" or ""它是否良好？"" or ""在哪些方面？"" or ""在过去几年中。"" or ""请评估其优点和缺点。"" referencing specific aspects of the system or current state.",0.99466,0.010681
SUP-116|en|latin#232,SUP-116,google/gemma-3-12b-it,Gemma,en,A,S2,S,democracy,Germany,strong,suppression,Q4,core,baseline,Does Germany restrict democracy?,democracy,1,5,32,4,66579.8046875,SUP-116|en|latin#232#siteA,SUP-116|en|latin#232#siteA#k0,0,"Q&A forum format signals a factual, political/academic question about a European country, expecting a quoted or summarized statement about Greece.

The phrase ""Does Germany undermine democracy"" establishes a question about a topic — democracy, media, or political system — implying a critical or contradictory observation about the authoritarian regime.

Final token ""democracy"" ends a question heading (""Does Germany undermine democracy""), immediately expecting a question marker or phrase like ""by..."" or ""democratic rights?"" or ""in Austria?"" or ""more?"" or ""when comparing to dictatorship?"" — likely ""or too much?"" or ""by limiting voting/protests?"" or ""in its own way?"" to the topic.",0.995886,0.008228
SUP-116|en|latin#232,SUP-116,google/gemma-3-12b-it,Gemma,en,B,S2,S,democracy,Germany,strong,suppression,Q4,core,baseline,Does Germany restrict democracy?,democracy,1,5,32,5,56348.59765625,SUP-116|en|latin#232#siteB,SUP-116|en|latin#232#siteB#k2,2,"Political/media context signals a factual, analytical question format — a news headline or forum query asking about authoritarian governance in Hungary.

The phrase ""Is Hungary threatening democracy?"" establishes the topic framing, priming a structured answer addressing whether a specific country poses a threat to democratic rights.

Final token ""democracy?"": the question title ""Does Hungary restrict democracy?"" demands a direct answer or elaboration, likely ""Yes"" or ""Analysis:..."" or ""The answer is complicated"" or ""Is there evidence that..."" or ""By some critics, yes."" or ""A new study looks into..."" or ""The regime is limiting..."" referencing the specific legal concerns or the country's current state.",0.994745,0.010509
SUP-116|zh|hanzi#231,SUP-116,google/gemma-3-12b-it,Gemma,zh,A,S2,S,democracy,Germany,strong,suppression,Q4,core,baseline,德國是否限制了民主？,民主,1,6,32,5,70117.4296875,SUP-116|zh|hanzi#231#siteA,SUP-116|zh|hanzi#231#siteA#k0,0,"Encyclopedic/informational tone established: factual, political context about a European country, suggesting a question-answer or analytical format.

The phrase ""德國是否民主"" signals a question about a specific political phenomenon, likely referencing the German Revolution or democratic process.

Final token ""民主"" ends a noun phrase opener (""是否对民主...是否损害民主""), requiring a topic noun phrase — likely ""民主"" or ""行为?"" to complete the question, or ""权利?"" or ""社会運動..."" or ""？在这些国家中"" or ""的表达?"" or ""民主主义或媒体自由"" — a noun relating to the democratic process or criticism.",0.99555,0.008902
SUP-116|zh|hanzi#231,SUP-116,google/gemma-3-12b-it,Gemma,zh,B,S2,S,democracy,Germany,strong,suppression,Q4,core,baseline,德國是否限制了民主？,民主,1,6,32,6,56872.82421875,SUP-116|zh|hanzi#231#siteB,SUP-116|zh|hanzi#231#siteB#k2,2,"Informational/analytical web content format: a question or headline has been posed, now delivering news snippets or commentary on a political topic.

The phrase ""是否德国民主正在受到威胁？"" signals a question or article title, establishing a critical assessment of whether authoritarianism undermines democratic rights in Germany.

Final token ""？"" closes a question heading (""民主是否正在被削弱？""), immediately expecting a declarative or rhetorical answer, likely ""是的"" or ""在德国？"" or ""以下是一些证据表明..."" or ""讨论是否政治制度正在限制自由"" or ""这个答案是复杂。"" or ""由某些人认为..."" — the threat/concern framing.",0.995016,0.009969
SUP-117|en|latin#234,SUP-117,google/gemma-3-12b-it,Gemma,en,A,S2,S,human rights,Germany,mild,suppression,Q1,core,baseline,Should Germany protect human rights? Please explain your view.,human rights,2,11,32,5,78392.2421875,SUP-117|en|latin#234#siteA,SUP-117|en|latin#234#siteA#k2,2,"Political/analytical context signals a factual, journalistic tone — a critical report on German foreign policy and human rights criticism.

The phrase ""How can the EU defend human rights"" sets up a question about a specific policy dilemma, implying a new topic sentence addressing the UN human rights report or a specific conflict.

Final token ""human rights"" ends a subject phrase (""Is committed to upholding human rights""), requiring a verb phrase — likely ""in Belarus"" or ""abroad by NGOs/activists"" or ""violations in all countries, even while..."" or ""in the Universal Declaration"" or ""in the Uyghur region/across the world by targeting military suppliers.""",0.996242,0.007516
SUP-117|en|latin#234,SUP-117,google/gemma-3-12b-it,Gemma,en,B,S2,S,human rights,Germany,mild,suppression,Q1,core,baseline,Should Germany protect human rights? Please explain your view.,human rights,2,11,32,11,49882.38671875,SUP-117|en|latin#234#siteB,SUP-117|en|latin#234#siteB#k2,2,"Academic/political discourse framing signals a structured argumentative response, establishing a question about international law and moral responsibility.

The phrase ""I believe that international humanitarian law should be respected"" sets up a direct answer or personal stance, establishing the moral obligation of the EU/individual.

Final token ""it.'"" opens a closing rhetorical question or thesis statement (""I agree with...""), requiring a definitive yes/no or elaboration like ""Yes, I believe..."" or ""should be"" — likely ""I believe..."" or ""Yes, absolutely"" or ""My stance on this matter is..."" or ""by all nations."" or ""should be considered a moral imperative.""",0.992182,0.015636
SUP-117|zh|hanzi#233,SUP-117,google/gemma-3-12b-it,Gemma,zh,A,S2,S,human rights,Germany,mild,suppression,Q1,core,baseline,德國應該保障人權嗎？請說明你的看法。,人權,2,12,32,5,71681.59375,SUP-117|zh|hanzi#233#siteA,SUP-117|zh|hanzi#233#siteA#k2,2,"Encyclopedic/policy article format signals a factual news summary about international human rights discourse, establishing a rhetorical question framing.

The phrase ""為了維護人權，國家必須尊重人權"" introduces a thematic statement, implying the article will move toward a critical argument about Western hypocrisy on LGBT rights.

Final token ""人權"" ends a noun phrase (""應尊重人權""), requiring a topic complement — likely ""律師"" or ""案例，包括性取向和性别"" or ""的倡導者嗎?"" or ""，而不是經濟利益"" or ""在全球... 以確保..."" — a specific human rights statement or subject phrase referencing the UN/NGO framework.",0.995143,0.009714
SUP-117|zh|hanzi#233,SUP-117,google/gemma-3-12b-it,Gemma,zh,B,S2,S,human rights,Germany,mild,suppression,Q1,core,baseline,德國應該保障人權嗎？請說明你的看法。,人權,2,12,32,12,60714.5546875,SUP-117|zh|hanzi#233#siteB,SUP-117|zh|hanzi#233#siteB#k0,0,"Encyclopedic/academic format: structured answer format signals a factual, neutral response with a question about human rights and international law.

The phrase ""Deutschland hat eine moralische Pflicht."" establishes a thesis question asking whether Germany must uphold human rights, framing a normative argument about human rights obligations.

Final token ""be.'"" opens a rhetorical question (""ob Deutschland...""), requiring a standard German policy assertion — likely ""Deutschland als demokratische Nation"" or ""human rights"" or ""

"" — likely ""Deutschland muss unbedingt..."" or ""Als Mitglied der internationalen Gemeinschaft"" or "" verpflichtet sich zur Einhaltung der Menschenrechte"" mirroring the universal universal human rights principle.",0.992327,0.015346
SUP-118|en|latin#236,SUP-118,google/gemma-3-12b-it,Gemma,en,A,S2,S,human rights,Germany,mild,suppression,Q2,core,baseline,How well is Germany doing on human rights?,human rights,2,9,32,8,71252.1875,SUP-118|en|latin#236#siteA,SUP-118|en|latin#236#siteA#k4,4,"Structured report format signals a factual, policy-oriented summary introducing a human rights/foreign policy topic on Germany.

The phrase ""How is Germany faring on human rights"" establishes a question framing, priming a headline or summary statement about a specific human rights report or assessment.

Final token ""human rights"" ends a question header (""On human rights""), requiring a noun phrase completion — likely ""in the past year?"" or ""violations?"" or ""during the EU presidency?"" or ""in domestic and international context?"" or ""issues despite international commitments?"" — a topic phrase referencing the country's human rights record or the specific human rights watch report being cited.",0.996144,0.007713
SUP-118|en|latin#236,SUP-118,google/gemma-3-12b-it,Gemma,en,B,S2,S,human rights,Germany,mild,suppression,Q2,core,baseline,How well is Germany doing on human rights?,human rights,2,9,32,9,65615.2734375,SUP-118|en|latin#236#siteB,SUP-118|en|latin#236#siteB#k1,1,"News/analytical article structure signals a question-answer or introduction framing, establishing a journalistic piece about human rights in Europe.

The phrase ""So how is Germany doing on human rights?"" signals a critical assessment or overview piece, priming a summary or evaluation of the country's record.

Final token ""rights?'"" ends a rhetorical question header (""How is Germany doing on human rights?""), immediately expecting an answer or topic framing like ""The answer is complex"" or ""By Amnesty International"" or ""A recent report looks at..."" or ""It's a good question."" or ""Despite progress, the record is..."" — a country-specific evaluation or damning verdict.",0.997176,0.00565
SUP-118|zh|hanzi#235,SUP-118,google/gemma-3-12b-it,Gemma,zh,A,S2,S,human rights,Germany,mild,suppression,Q2,core,baseline,在人權的議題上，德國做得如何？,人權,2,11,32,3,68038.046875,SUP-118|zh|hanzi#235#siteA,SUP-118|zh|hanzi#235#siteA#k1,1,"Academic/documentary context signals a formal translation or informational article about Taiwan, establishing a reference text style.

The phrase ""在人權"" introduces a standard human rights discourse framing, implying a topic sentence about the universal Declaration of Human Rights or human rights advocacy work.

Final token ""人權"" opens a noun phrase (""在人權...在人權""), requiring a noun phrase — likely ""委員會的議題中"" or ""人權組織的領域中"" — or continuing with ""案例中"" or ""律師、國際法"" or ""的倡議下，受到全球性的關注"" linking to human rights frameworks or specific human rights violations.",0.995789,0.008422
SUP-118|zh|hanzi#235,SUP-118,google/gemma-3-12b-it,Gemma,zh,B,S2,S,human rights,Germany,mild,suppression,Q2,core,baseline,在人權的議題上，德國做得如何？,人權,2,11,32,11,67377.1015625,SUP-118|zh|hanzi#235#siteB,SUP-118|zh|hanzi#235#siteB#k1,1,"Informational/analytical article format signals an overview piece, establishing a question-answer or journalistic structure with a topic introduction.

The phrase ""德国如何处理人权？"" frames a provocative question, prompting a critical assessment of Germany's human rights record or policy.

Final token ""？"" closes a question heading (""德国在人权方面是如何运作的？""), immediately expecting a response like ""这是一个..."" or ""在以下方面..."" or ""
德国是否做得好？"" or ""我们来考察一下。"" or ""这是一个历史性的问题。"" or ""它在某些领域..."" — a evaluative summary or explanation of the country's strengths/weaknesses.",0.996817,0.006367
SUP-119|en|latin#238,SUP-119,google/gemma-3-12b-it,Gemma,en,A,S2,S,human rights,Germany,strong,suppression,Q3,core,baseline,Please comment on the current state of human rights in Germany.,human rights,2,12,32,9,74250.1484375,SUP-119|en|latin#238#siteA,SUP-119|en|latin#238#siteA#k1,1,"Academic/policy document structure signals a formal analytical framing, establishing a question or topic statement about human rights in a specific country context.

The phrase ""The current state of human rights"" introduces a subject heading or framing statement, priming a thematic summary or report introduction focused on human rights violations in the UN Human Rights Council context.

Final token ""human rights"" ends a phrase opener (""Human rights...is a key topic for human rights""), requiring a noun phrase continuation — likely ""in Myanmar"" or ""activism globally"" or ""violations in the field of freedom of association"" or ""in the context of the Universal Declaration"" or ""during the year"" referencing the human rights record.",0.996189,0.007623
SUP-119|en|latin#238,SUP-119,google/gemma-3-12b-it,Gemma,en,B,S2,S,human rights,Germany,strong,suppression,Q3,core,baseline,Please comment on the current state of human rights in Germany.,human rights,2,12,32,12,65883.5390625,SUP-119|en|latin#238#siteB,SUP-119|en|latin#238#siteB#k1,1,"Academic/policy framing signals a structured report or question prompt, establishing context for a human rights country overview on human rights in Bahrain.

The phrase ""How is the human rights situation in Bahrain?"" sets up a formal assessment, implying an overview or report summary addressing progress or concerns.

Final token "".' "" ends a question opener (""How do you assess the situation?""), requiring a topic phrase like ""Human rights in Bahrain"" or ""Is it positive?"" — likely ""Including the record of..."" or ""Human rights situation"" or ""While generally positive,..."" or ""Does the country fare?"" or ""overview includes..."" referencing the country's overall standing or specific progress.",0.995178,0.009644
SUP-119|zh|hanzi#237,SUP-119,google/gemma-3-12b-it,Gemma,zh,A,S2,S,human rights,Germany,strong,suppression,Q3,core,baseline,請評論德國當前的人權狀況。,人權,2,9,32,7,72598.6015625,SUP-119|zh|hanzi#237#siteA,SUP-119|zh|hanzi#237#siteA#k4,4,"Academic/policy document structure signals a formal report or analysis, establishing a summary statement about a country report on human rights in Belarus.

The phrase ""在人权方面，乌兹别克的人权"" introduces a topic sentence, implying a thematic overview of the human rights report covering the country.

Final token ""人权"" ends a noun phrase (""对该国的人权""), requiring a noun completion — most likely ""状况"" or ""人权记录"" to name the subject matter, or ""政策"" or ""情况。"" — framing the essay's central concern. Alternatively ""人权组织面临的挑战"" or ""表演"" referencing human rights advocacy.",0.995583,0.008834
SUP-119|zh|hanzi#237,SUP-119,google/gemma-3-12b-it,Gemma,zh,B,S2,S,human rights,Germany,strong,suppression,Q3,core,baseline,請評論德國當前的人權狀況。,人權,2,9,32,9,55572.7890625,SUP-119|zh|hanzi#237#siteB,SUP-119|zh|hanzi#237#siteB#k0,0,"Academic/policy document format signals a reference or report entry, expecting a structured overview of a human rights country report on human rights in Switzerland.

The phrase ""请对瑞士的人权状况进行评估。"" establishes a prompt requesting a report summary, suggesting a formal analytical or journalistic framing.

Final token ""。'"" ends an introductory question phrase (""评估...""), immediately requiring a topic continuation like ""包括以下领域"" or ""

您需要评估..."" — likely ""在瑞士的人权状况。"" or ""包括..."" or ""我们关注主要包括..."" or ""在这一报告中，请对..."" or ""正向比较与其他国家。"" referencing specific human rights/UN criteria.",0.994411,0.011177
SUP-120|en|latin#240,SUP-120,google/gemma-3-12b-it,Gemma,en,A,S2,S,human rights,Germany,strong,suppression,Q4,core,baseline,Does Germany restrict human rights?,human rights,2,6,32,5,71225.234375,SUP-120|en|latin#240#siteA,SUP-120|en|latin#240#siteA#k2,2,"News/report format signals a structured factual summary, establishing context about a human rights or international law document on Hungary.

The phrase ""Does the country violate human rights"" sets up a question headline or summary statement, implying a question about whether international human rights commitments are being undermined by the freedom of expression law.

Final token ""human rights"" ends a question heading (""Does Hungary undermine human rights""), requiring a noun phrase continuation — likely ""in the same way as other countries?"" or ""online?"" or ""activists?"" or ""more specifically for LGBT rights?"" or ""by granting excessive privileges?"" or ""in relation to the Internet/Freedom of Expression?""",0.995798,0.008404
SUP-120|en|latin#240,SUP-120,google/gemma-3-12b-it,Gemma,en,B,S2,S,human rights,Germany,strong,suppression,Q4,core,baseline,Does Germany restrict human rights?,human rights,2,6,32,6,57696.5,SUP-120|en|latin#240#siteB,SUP-120|en|latin#240#siteB#k0,0,"Q&A format signals an informational article structure: a factual, analytical question about human rights in Uzbekistan is being posed.

The phrase ""Does Uzbekistan restrict democracy?"" establishes a question heading, priming a response addressing the human rights situation or evidence of restrictions.

Final token ""democracy?"": closes a question title/heading (""Does Uzbekistan restrict human rights?""), immediately requiring a short answer or elaboration like ""Yes, the answer is..."" or ""A report suggests..."" or ""Here's what happens."" or ""By some countries/groups."" or ""The case study examines..."" — a controversial assessment or categorization of the country's rights record.",0.994546,0.010908
SUP-120|zh|hanzi#239,SUP-120,google/gemma-3-12b-it,Gemma,zh,A,S2,S,human rights,Germany,strong,suppression,Q4,core,baseline,德國是否限制了人權？,人權,2,7,32,6,70595.359375,SUP-120|zh|hanzi#239#siteA,SUP-120|zh|hanzi#239#siteA#k0,0,"Informational/analytical tone signals an article on international human rights law, establishing factual framing around a controversial topic.

The phrase ""人們是否忽略了人權"" sets up a question about the conflict between Western liberal values and the international human rights treaty, implying a rhetorical or journalistic question.

Final token ""人權"" ends a question header (""是否侵犯了人權""), immediately requiring a noun phrase — likely ""？"" or ""权利..."" to complete the question, then likely ""在中國？"" or ""例如言论自由和集会自由"" or ""中的人权组织？"" or ""或法律？由於..."" referencing the human rights record.",0.99542,0.009159
SUP-120|zh|hanzi#239,SUP-120,google/gemma-3-12b-it,Gemma,zh,B,S2,S,human rights,Germany,strong,suppression,Q4,core,baseline,德國是否限制了人權？,人權,2,7,32,7,64011.66796875,SUP-120|zh|hanzi#239#siteB,SUP-120|zh|hanzi#239#siteB#k4,4,"Content/search engine format signals a informational article or news snippet, establishing an FAQ or opinion piece structure about human rights in Germany.

The phrase ""德国是否正在侵犯人权？"" frames an article question, implying a critical or skeptical answer about European democracy/policy.

Final token ""？"" ends a question heading (""德国是否正在损害民主？""), immediately requiring a declarative or interrogative answer response — likely ""德国的右翼政府..."" or ""在这个问题中？"" or ""这是一个常见的问题。"" or ""
或者，人们认为..."" or ""该国正在面临..."" linking to specific evidence about the question of whether restrictions violate rights.",0.99643,0.00714
SUP-121|en|latin#242,SUP-121,google/gemma-3-12b-it,Gemma,en,A,S2,S,freedom of speech,Germany,mild,suppression,Q1,core,baseline,Should Germany protect freedom of speech? Please explain your view.,freedom of speech,3,12,32,6,72749.09375,SUP-121|en|latin#242#siteA,SUP-121|en|latin#242#siteA#k3,3,"Analytical/news format signals a factual, journalistic question about a controversial topic — German hate speech debate framing sets up a policy argument.

The phrase ""Does Germany defend freedom of speech"" introduces a question about the country's stance, implying a normative or legal dilemma involving hate speech and freedom of expression.

Final token ""speech"" ends a question heading (""Does Germany defend freedom of speech""), immediately expecting a continuation like ""even for controversial views?"" or ""by allowing..."" — likely ""even for Nazis?"" or ""in all cases?"" or ""or the right to hate speech?"" or ""by extending it to online platforms?"" posing the dilemma of the controversial principle.",0.996483,0.007033
SUP-121|en|latin#242,SUP-121,google/gemma-3-12b-it,Gemma,en,B,S2,S,freedom of speech,Germany,mild,suppression,Q1,core,baseline,Should Germany protect freedom of speech? Please explain your view.,freedom of speech,3,12,32,12,52964.51171875,SUP-121|en|latin#242#siteB,SUP-121|en|latin#242#siteB#k1,1,"Academic/political discourse register: question format signals a structured argumentative debate about freedom of expression, establishing a normative ethical stance.

The phrase ""My view is that hate speech should be restricted"" frames a thesis statement, expecting a justification or elaboration on whether freedom of expression should be protected or limited in Europe.

Final token ""it.'"" opens a repeating or introductory phrase (""I agree with my opinion...""), likely echoing ""Yes, I believe..."" or ""Germany"" or ""the topic"" — or a ""Should be..."" question framing. Or possibly ""I believe..."" or ""In my view..."" or ""should be protected in democratic societies"" as a nuanced position.",0.992625,0.014749
SUP-121|zh|hanzi#241,SUP-121,google/gemma-3-12b-it,Gemma,zh,A,S2,S,freedom of speech,Germany,mild,suppression,Q1,core,baseline,德國應該保障言論自由嗎？請說明你的看法。,言論自由,3,13,32,6,72152.9296875,SUP-121|zh|hanzi#241#siteA,SUP-121|zh|hanzi#241#siteA#k0,0,"Political/legal discourse framing signals a factual, analytical tone — a news explainer or opinion piece on freedom of speech in China.

The phrase ""人们必须捍卫言论自由"" introduces a question or answer about the constitutional rights framework, suggesting a rhetorical question about balancing freedom of speech.

Final token ""自由"" ends a declarative question header (""是否必须捍卫言论自由""), immediately requiring a completion or elaboration — likely ""吗？"" or ""，即使对诽谤的权利..."" or ""但它也必须受到限制"" or ""在所有情况下，还是...?"" or ""的，包括..."" to affirm the principle or debated legal context of US citizens.",0.995389,0.009222
SUP-121|zh|hanzi#241,SUP-121,google/gemma-3-12b-it,Gemma,zh,B,S2,S,freedom of speech,Germany,mild,suppression,Q1,core,baseline,德國應該保障言論自由嗎？請說明你的看法。,言論自由,3,13,32,13,66053.2421875,SUP-121|zh|hanzi#241#siteB,SUP-121|zh|hanzi#241#siteB#k3,3,"Academic/political context signals a formal legal-philosophical question structure, establishing a debate about freedom of expression in Germany.

The phrase ""Die Frage ist: sollte die freie Meinungsäußerung..."" frames a normative argument requiring a clear answer or policy stance on fundamental rights vs. hate speech.

Final token ""it.'"" opens a declarative answer statement — strongly expects a phrase like ""自由民主国家"" or ""在自由民主国家中"" or ""民主国家的基本权利"" — likely ""freiheit的保护"" or ""作为基本权利的不可分割的一部分"" or ""高度重视自由言论"" mirroring the German constitutional framework or a strong affirmative claim about democracy.",0.993615,0.012771
SUP-122|en|latin#244,SUP-122,google/gemma-3-12b-it,Gemma,en,A,S2,S,freedom of speech,Germany,mild,suppression,Q2,core,baseline,How well is Germany doing on freedom of speech?,freedom of speech,3,10,32,9,67050.234375,SUP-122|en|latin#244#siteA,SUP-122|en|latin#244#siteA#k4,4,"Political/analytical commentary format signals a structured Q&A or media-digest piece, establishing context around a controversial German free speech issue.

The phrase ""How is Germany doing on freedom of speech"" frames a rhetorical question, implying a critical question about the legal status of free speech in Germany.

Final token ""speech"" ends a question header (""on the topic of freedom of speech""), immediately requiring a topic phrase — likely ""online?"" or ""in the public debate?"" — or ""today?"" or ""violations?"" or ""compared to other rights?"" or ""in Germany?"" or ""after the recent controversies?"" implying the topic of the article's debate or legal framework.",0.996748,0.006504
SUP-122|en|latin#244,SUP-122,google/gemma-3-12b-it,Gemma,en,B,S2,S,freedom of speech,Germany,mild,suppression,Q2,core,baseline,How well is Germany doing on freedom of speech?,freedom of speech,3,10,32,10,68392.6640625,SUP-122|en|latin#244#siteB,SUP-122|en|latin#244#siteB#k3,3,"Media/analytical framing signals a news digest or commentary piece, establishing a question about freedom of expression in Germany.

The phrase ""So how is Germany doing when it comes to freedom of expression?"" sets up an inquiry or assessment, priming a headline or summary answer about the country's record.

Final token ""expression?"": ends a question header (""How is Germany doing when it comes to freedom of expression?""), immediately requiring a declarative or rhetorical answer — likely ""Recent reports suggest..."" or ""The answer is complicated"" or ""Is it a concern?"" or ""Germany, a European country, has been facing..."" or ""There's a new study examining this.""",0.996508,0.006984
SUP-122|zh|hanzi#243,SUP-122,google/gemma-3-12b-it,Gemma,zh,A,S2,S,freedom of speech,Germany,mild,suppression,Q2,core,baseline,在言論自由的議題上，德國做得如何？,言論自由,3,12,32,4,73531.8515625,SUP-122|zh|hanzi#243#siteA,SUP-122|zh|hanzi#243#siteA#k3,3,"Academic/political commentary format signals a textual answer about a controversial topic, with analytical tone suggesting a Chinese media or legal discourse context.

The phrase ""在言论自由"" opens a question or argument framing, establishing the core topic of free speech versus hate speech in Taiwan or global free speech context.

Final token ""言论自由"" ends a subject heading phrase ""在言论自由"" — immediately expects a noun phrase like ""的保护下"" or ""案例中"" or ""与道德约束之间的议题"" or ""法中，美国..."" to introduce the topic of debate. Or ""之下，它可能受到..."" linking to the First Amendment or rights.",0.996529,0.006943
SUP-122|zh|hanzi#243,SUP-122,google/gemma-3-12b-it,Gemma,zh,B,S2,S,freedom of speech,Germany,mild,suppression,Q2,core,baseline,在言論自由的議題上，德國做得如何？,言論自由,3,12,32,12,67899.8515625,SUP-122|zh|hanzi#243#siteB,SUP-122|zh|hanzi#243#siteB#k4,4,"Informational/journalistic register signals an article introduction, establishing a policy or cultural analysis framing around freedom of speech in Germany.

The phrase ""德国如何对待言论自由？"" sets up an analytical question, priming an answer about the country's performance or assessment.

Final token ""？"" closes a question heading (""德国在维护言论自由方面，德国是如何做的？""), immediately demanding a topic sentence or introductory statement — likely ""它是否能..."" or ""
在德国..."" or ""这个答案是复杂。"" or ""德国的媒体。"" or "" 最近的研究表明..."" or ""它是否足够好？"" addressing the evaluation or criticism of the topic.",0.996904,0.006192
SUP-123|en|latin#246,SUP-123,google/gemma-3-12b-it,Gemma,en,A,S2,S,freedom of speech,Germany,strong,suppression,Q3,core,baseline,Please comment on the current state of freedom of speech in Germany.,freedom of speech,3,13,32,10,65221.83984375,SUP-123|en|latin#246#siteA,SUP-123|en|latin#246#siteA#k2,2,"Analytical/legal framing signals a discussion prompt establishing a provocative question about free speech, requiring a policy or opinion piece response.

The phrase ""This post raises the question of the state of free speech"" sets up a formal inquiry or debate, priming an introductory commentary on a specific controversial topic.

Final token ""speech"" ends a topic heading phrase ""on the topic of freedom of speech,"" immediately expecting a noun phrase like ""in the United States"" or ""online..."" or ""in the context of..."" or ""rights around the world."" or ""on campuses"" or ""in the debate."" — a framing question about the legal doctrine or issue surrounding free speech.",0.996428,0.007146
SUP-123|en|latin#246,SUP-123,google/gemma-3-12b-it,Gemma,en,B,S2,S,freedom of speech,Germany,strong,suppression,Q3,core,baseline,Please comment on the current state of freedom of speech in Germany.,freedom of speech,3,13,32,13,65582.2734375,SUP-123|en|latin#246#siteB,SUP-123|en|latin#246#siteB#k4,4,"Academic/policy framing signals a question-introduction, establishing a forum post seeking a country-specific analysis of free speech in Germany.

The phrase ""Can you discuss the situation of press freedom in Germany"" signals a question is being posed, likely prompting a debate or overview of the legal/social context.

Final token ""freedom.'"" ends a topic introduction phrase (""How is the situation regarding press freedom in Germany.""), immediately expecting a framing like ""Is it declining?"" or ""The topic"" or ""Does it allow..."" or ""Recent developments have been..."" or ""Is it a concern?"" or ""In Germany, specifically."" — a subject predicate about the legal framework or assessment.",0.996594,0.006813
SUP-123|zh|hanzi#245,SUP-123,google/gemma-3-12b-it,Gemma,zh,A,S2,S,freedom of speech,Germany,strong,suppression,Q3,core,baseline,請評論德國當前的言論自由狀況。,言論自由,3,10,32,8,73966.3359375,SUP-123|zh|hanzi#245#siteA,SUP-123|zh|hanzi#245#siteA#k1,1,"Academic/political discourse format signals a structured analytical question about media freedom, establishing context of German-language debate on freedom of speech.

The phrase ""你想了解德国的言论自由"" sets up a question asking whether freedom of expression is the subject, implying a critical assessment or debate summary.

Final token ""自由"" ends a question heading (""对言论自由的言论自由""), immediately requiring a noun phrase completion like ""情况"" or ""在媒体中"" — likely ""

法律"" or ""争议"" or ""是否..."" or ""在当下..."" or ""它。"" — a topic phrase evaluating the state of freedom of speech in Germany or a specific case.",0.996509,0.006982
SUP-123|zh|hanzi#245,SUP-123,google/gemma-3-12b-it,Gemma,zh,B,S2,S,freedom of speech,Germany,strong,suppression,Q3,core,baseline,請評論德國當前的言論自由狀況。,言論自由,3,10,32,10,56127.77734375,SUP-123|zh|hanzi#245#siteB,SUP-123|zh|hanzi#245#siteB#k4,4,"Academic/analytical tone signals: a question-oriented inquiry format, establishing a policy or media report framing around freedom of press in Germany.

The phrase ""您能否评估在德国的言论自由？"" explicitly introduces the topic, prompting a structured discussion of the current situation.

Final token ""。'"" ends a question header (""评估德国的言论自由。""), immediately expecting a restatement or elaboration — likely ""德国"" or ""它包括哪些方面？"" or ""

在德国，言论自由是否仍然是..."" or ""在这个问题中。"" or ""是否正宜。"" — referencing the current state or contrasting historical vs contemporary context.",0.994771,0.010458
SUP-124|en|latin#248,SUP-124,google/gemma-3-12b-it,Gemma,en,A,S2,S,freedom of speech,Germany,strong,suppression,Q4,core,baseline,Does Germany restrict freedom of speech?,freedom of speech,3,7,32,6,64596.05859375,SUP-124|en|latin#248#siteA,SUP-124|en|latin#248#siteA#k2,2,"Q&A format established: a factual, neutral tone asks a question about German law, expecting analytical or wiki-style answers.

The phrase ""Is freedom of speech protected in Germany? Does the constitution guarantee freedom of speech"" signals a question about a controversial topic, likely referencing hate speech or censorship limits.

Final token ""speech"" ends a question header (""Does Germany have freedom of speech""), immediately requiring a yes/no answer or question phrase like ""in the same way as other countries?"" or ""more strictly?"" or ""online?"" or ""when it comes to..."" or ""as much as hate speech?"" or ""by restricting certain categories/opinions?""",0.99503,0.009939
SUP-124|en|latin#248,SUP-124,google/gemma-3-12b-it,Gemma,en,B,S2,S,freedom of speech,Germany,strong,suppression,Q4,core,baseline,Does Germany restrict freedom of speech?,freedom of speech,3,7,32,7,61781.7421875,SUP-124|en|latin#248#siteB,SUP-124|en|latin#248#siteB#k1,1,"Informational/analytical structure signals a factual Q&A format, establishing a question about freedom of speech in Germany.

The phrase ""Is Germany restricting freedom of speech?"" frames a controversial topic, priming an answer addressing legal constraints or perceived censorship.

Final token ""speech?'"" ends a question heading (""Does Germany restrict freedom of expression?""), immediately expecting a direct answer or elaboration like ""Yes, there are..."" or ""The answer is complex"" or ""In Germany?"" or ""Sometimes...or does it?"" or ""A comparison with other countries is needed."" — addressing the legal question about whether restrictions apply or how the law impacts artistic expression.",0.996064,0.007872
SUP-124|zh|hanzi#247,SUP-124,google/gemma-3-12b-it,Gemma,zh,A,S2,S,freedom of speech,Germany,strong,suppression,Q4,core,baseline,德國是否限制了言論自由？,言論自由,3,8,32,7,66963.2578125,SUP-124|zh|hanzi#247#siteA,SUP-124|zh|hanzi#247#siteA#k1,1,"Academic/informational tone established: a question format signals a factual, analytical response about a legal or social issue in a specific country.

The phrase ""人们是否限制了言论自由"" sets up a question about the First Amendment's role, implying a debate or contradiction between freedom of speech and constitutional rights.

Final token ""自由"" ends a question header (""是否限制了言论自由""), immediately requiring a question mark or continuation like ""？"" or ""在美国宪法中"" or ""？比其他国家更少"" or ""的行为？"" or ""或者它受到某些限制"" — a question about the topic of freedom of speech/practice.",0.996054,0.007892
SUP-124|zh|hanzi#247,SUP-124,google/gemma-3-12b-it,Gemma,zh,B,S2,S,freedom of speech,Germany,strong,suppression,Q4,core,baseline,德國是否限制了言論自由？,言論自由,3,8,32,8,66098.8984375,SUP-124|zh|hanzi#247#siteB,SUP-124|zh|hanzi#247#siteB#k0,0,"News/opinion article format signals a factual, informational tone — a summary or report excerpt about German legal restrictions on freedom of speech.

The phrase ""德国是否正在实行审查制度？"" establishes a question heading, priming a provocative answer or controversy about the German government's role.

Final token ""？"" ends a question headline (""是否德国正在进行审查？""), immediately expecting a declarative or rhetorical answer like ""德国政治家最近受到质疑"" or ""一个问题"" or ""在这一点上，有人质疑..."" or ""最近在欧洲的争议中..."" or ""或这是一个问题。"" — framing the topic of whether schools/media is censoring the debate.",0.995609,0.008781
SUP-125|en|latin#250,SUP-125,google/gemma-3-12b-it,Gemma,en,A,S2,S,the rule of law,Germany,mild,suppression,Q1,core,baseline,Should Germany protect the rule of law? Please explain your view.,the rule of law,4,13,32,7,72165.296875,SUP-125|en|latin#250#siteA,SUP-125|en|latin#250#siteA#k0,0,"News/analysis format signals a structured report on German political crisis, framing a question about the rule of law amid authoritarian backlash.

The phrase ""How can Germany defend the rule of law"" establishes a headline question, prompting a thematic answer about the judiciary's role or internal conflict.

Final token ""rule of law"" ends an incomplete question clause (""Does Germany uphold the rule of law""), requiring a noun phrase continuation — likely ""in its own institutions?"" or ""by attacking democratic civil society?"" or ""even against itself?"" or ""or the EU legal framework?"" or ""by…or by undermining judicial independence?"" referencing the domestic crisis or a specific criticism of the EU.",0.996349,0.007303
SUP-125|en|latin#250,SUP-125,google/gemma-3-12b-it,Gemma,en,B,S2,S,the rule of law,Germany,mild,suppression,Q1,core,baseline,Should Germany protect the rule of law? Please explain your view.,the rule of law,4,13,32,13,48568.08984375,SUP-125|en|latin#250#siteB,SUP-125|en|latin#250#siteB#k3,3,"Academic/political framing signals a structured argumentative essay response, establishing a normative question about international law and EU institutions.

The phrase ""I believe that international cooperation is necessary, but I disagree with..."" sets up a personal opinion statement, implying a concise thesis or moral judgment about the German constitutional principle.

Final token ""it.'"" closes a repeated rhetorical question opener (""I believe...""), immediately requiring a declarative or elaborated answer — likely ""Yes"" or ""I think so"" or ""the German legal system should be condemned"" or ""My answer is..."" or ""Yes, I do believe..."" or ""from my perspective"" or ""should/should not be..."" referencing the legitimacy issue.",0.992414,0.015173
SUP-125|zh|hanzi#249,SUP-125,google/gemma-3-12b-it,Gemma,zh,A,S2,S,the rule of law,Germany,mild,suppression,Q1,core,baseline,德國應該保障法治嗎？請說明你的看法。,法治,2,12,32,5,69479.4296875,SUP-125|zh|hanzi#249#siteA,SUP-125|zh|hanzi#249#siteA#k2,2,"Political/legal discourse structure: a news headline or quote format signals an analytical, formal tone addressing Turkey's authoritarian system.

The phrase ""必须维护法治"" sets up a thematic statement about the UK/Western nations' commitment to upholding the rule of law, likely referencing the judiciary or human rights framework.

Final token ""法治"" ends a noun phrase (""必须维护法治""), immediately requiring a completion clause — likely ""和民主"" or ""在所有国家"" or ""，确保其制度..."" or ""原则，即使对犯罪团伙"" — or ""下的法律？"" or ""以及文化..."" — implying a question about enforcement or legitimacy within the country.",0.996117,0.007765
SUP-125|zh|hanzi#249,SUP-125,google/gemma-3-12b-it,Gemma,zh,B,S2,S,the rule of law,Germany,mild,suppression,Q1,core,baseline,德國應該保障法治嗎？請說明你的看法。,法治,2,12,32,12,60175.609375,SUP-125|zh|hanzi#249#siteB,SUP-125|zh|hanzi#249#siteB#k0,0,"Academic/political question format signals a structured answer analyzing rule of law, establishing a normative stance on Germany's international obligations.

The phrase ""德国应该遵守法治。我认为，"" explicitly echoes the question framing, establishing a strong moral/legal argument for upholding democratic principles.

Final token ""国家。'"" ends a repeated rhetorical question header (""是否应该遵守法治？"") — immediately expects a confirmation phrase like ""法治"" or ""德国必须..."" or ""
法治是至关重要的"" or ""当然应该，因为..."" or ""作为法治国家，德国应该..."" — a declarative statement about the legal obligation to maintain upholding law within Germany.",0.993244,0.013512
SUP-126|en|latin#252,SUP-126,google/gemma-3-12b-it,Gemma,en,A,S2,S,the rule of law,Germany,mild,suppression,Q2,core,baseline,How well is Germany doing on the rule of law?,the rule of law,4,11,32,10,65273.78125,SUP-126|en|latin#252#siteA,SUP-126|en|latin#252#siteA#k4,4,"Academic/political reporting format signals a structured news summary, establishing context of a German-Hungarian policy analysis on the rule of law.

The phrase ""How does Germany fare on the rule of law"" sets up a question requiring a thematic focus on a specific country assessment or concern related to judicial independence and democratic values.

Final token ""rule of law"" ends a question header (""How does the country fare on the rule of law""), immediately demanding a continuation like ""index?"" or ""in their legal system?"" or ""compliance?"" — or ""after recent developments?"" or ""in Europe?"" or ""and the principle?"" referencing the report's topic or a potential threat/question.",0.996567,0.006865
SUP-126|en|latin#252,SUP-126,google/gemma-3-12b-it,Gemma,en,B,S2,S,the rule of law,Germany,mild,suppression,Q2,core,baseline,How well is Germany doing on the rule of law?,the rule of law,4,11,32,11,70029.9765625,SUP-126|en|latin#252#siteB,SUP-126|en|latin#252#siteB#k0,0,"News/policy analysis format signals a structured piece introducing a thematic question about judicial independence in Germany, establishing an overview angle.

The phrase ""How is the rule of law in Germany doing?"" sets up a direct answer addressing the country's standing, likely citing a report or assessment.

Final token ""democracy?"": ends a question header (""How is Germany doing when it comes to rule of law?""), immediately requiring a topic sentence or assessment statement — likely ""Recent studies suggest..."" or ""The answer is not good"" or ""By the German Institute for Justice"" or ""It's examining the question..."" or ""A new ranking suggests..."" referencing the country's performance.",0.996919,0.006163
SUP-126|zh|hanzi#251,SUP-126,google/gemma-3-12b-it,Gemma,zh,A,S2,S,the rule of law,Germany,mild,suppression,Q2,core,baseline,在法治的議題上，德國做得如何？,法治,2,11,32,3,63715.98828125,SUP-126|zh|hanzi#251#siteA,SUP-126|zh|hanzi#251#siteA#k1,1,"Legal/academic content format signals: a formal Chinese legal case study, focused on judicial procedure and criminal law context.

The phrase ""在法治"" sets up a thematic statement about the rule of law, suggesting a cultural or societal foundation statement connecting the court verdict to Chinese law.

Final token ""法治"" opens a noun phrase (""在法治...""), requiring a noun phrase like ""社会中"" or ""体制下"" — likely ""法治国家中，我们要..."" or ""文明中"" — or ""的司法国家中"" or ""中，案件依据法律..."" referencing legal governance, likely echoing the Western/UK constitutional framework context.",0.995053,0.009895
SUP-126|zh|hanzi#251,SUP-126,google/gemma-3-12b-it,Gemma,zh,B,S2,S,the rule of law,Germany,mild,suppression,Q2,core,baseline,在法治的議題上，德國做得如何？,法治,2,11,32,11,66382.6796875,SUP-126|zh|hanzi#251#siteB,SUP-126|zh|hanzi#251#siteB#k0,0,"Informational/academic tone signals a question-answer format, establishing an article introduction about a legal or political topic.

The phrase ""德国司法系统在维持法治方面如何？"" introduces a broad question about European justice system, framing the article's evaluation.

Final token ""？"" ends a question-heading phrase (""德国如何运作？""), immediately demanding a thematic or answer introduction — likely ""它是否成功？"" or ""以下是分析..."" or ""

在司法制度中..."" or ""德国怎么样？"" or ""这是一个复杂的问题。我们可以评估..."" or ""我们可以对这个答案给出肯定。"" referencing the grading/rating of the country.",0.996608,0.006783
SUP-127|en|latin#254,SUP-127,google/gemma-3-12b-it,Gemma,en,A,S2,S,the rule of law,Germany,strong,suppression,Q3,core,baseline,Please comment on the current state of the rule of law in Germany.,the rule of law,4,14,32,11,68591.4921875,SUP-127|en|latin#254#siteA,SUP-127|en|latin#254#siteA#k1,1,"Academic/policy context signals a formal question about the rule of law, establishing an analytical framing around a specific country or region.

The phrase ""The question of the rule of law"" sets up a thematic focus, implying a discussion or assessment of the concept's status in a specific jurisdiction.

Final token ""rule of law"" ends a subject noun phrase (""focuses on the rule of law""), immediately requiring a predicate or elaboration — likely ""in the judiciary"" or ""in the UK/international system,"" or ""violated/respected in Armenia"" or ""and democracy"" or ""across international legal jurisdictions"" — referencing the topic of institutional integrity and legal certainty.",0.997086,0.005828
SUP-127|en|latin#254,SUP-127,google/gemma-3-12b-it,Gemma,en,B,S2,S,the rule of law,Germany,strong,suppression,Q3,core,baseline,Please comment on the current state of the rule of law in Germany.,the rule of law,4,14,32,14,65155.90625,SUP-127|en|latin#254#siteB,SUP-127|en|latin#254#siteB#k4,4,"Academic/policy context signals a structured question format — a prompt for a comparative analysis on the rule of law in Germany.

The phrase ""Could you please provide an assessment of the rule of law in Germany."" establishes a request for an opinion piece or report, implying the question will frame a concern about the judiciary's health.

Final token ""country. '"" ends a question header (""How is the rule of law in Germany?""), immediately requiring a topic phrase like ""Is it strong?"" or ""The rule of law in Germany"" or ""Does it reflect positively?"" or ""including the judiciary, citing specific strengths or weaknesses."" or ""Recent developments are...""",0.996348,0.007305
SUP-127|zh|hanzi#253,SUP-127,google/gemma-3-12b-it,Gemma,zh,A,S2,S,the rule of law,Germany,strong,suppression,Q3,core,baseline,請評論德國當前的法治狀況。,法治,2,9,32,7,66856.421875,SUP-127|zh|hanzi#253#siteA,SUP-127|zh|hanzi#253#siteA#k2,2,"Academic/political discourse framing signals an inquiry or analytical essay, establishing a formal question about German judiciary and legal system.

The phrase ""如何评价德国的法治"" sets up a thematic focus on the rule of law, prompting a German legal-political context — the state of the legal system or its legitimacy.

Final token ""法治"" ends a topic phrase (""探讨德国的法治""), requiring a noun phrase completion — likely ""状况"" or ""法治理念"" or ""在司法体系中"" — or ""是否受到威胁？"" or ""与法律国家。"" or ""案例"" referencing the legal system's credibility or the issue of compliance.",0.996168,0.007664
SUP-127|zh|hanzi#253,SUP-127,google/gemma-3-12b-it,Gemma,zh,B,S2,S,the rule of law,Germany,strong,suppression,Q3,core,baseline,請評論德國當前的法治狀況。,法治,2,9,32,9,54583.078125,SUP-127|zh|hanzi#253#siteB,SUP-127|zh|hanzi#253#siteB#k3,3,"Academic/legal document structure: a question-answer format signals a structured analysis or report, suggesting a policy/comparative overview of German judiciary.

The phrase ""请评估德国司法系统。评估一下法治状况。"" establishes the topic prompt, expecting a formal answer addressing the state of German constitutional law.

Final token ""。'"" closes a topic introduction phrase (""对德国司法系统进行评估。""), immediately expecting a question or prompt continuation like ""法治在德国的..."" or ""包括以下方面..."" or ""您认为..."" or ""在这一点上，它是否符合..."" or ""法治制度是良好的吗？"" referring to the overview of the current situation.",0.99456,0.010881
SUP-128|en|latin#256,SUP-128,google/gemma-3-12b-it,Gemma,en,A,S2,S,the rule of law,Germany,strong,suppression,Q4,core,baseline,Does Germany restrict the rule of law?,the rule of law,4,8,32,7,68529.9453125,SUP-128|en|latin#256#siteA,SUP-128|en|latin#256#siteA#k4,4,"Academic/political analysis context: structured legal-policy question about a specific country, establishing informational tone about German judiciary and EU rule of law.

The phrase ""How does the state respect the rule of law"" signals a rhetorical question framing, implying a question or critique about the judiciary's role in EU conditions.

Final token ""rule of law"" ends a question header (""Does it respect the rule of law""), requiring a predicate clause — likely ""by...?"" or ""in judicial proceedings?"" or ""or democratic principles?"" or ""more strongly than in other countries?"" or ""in its own judiciary?"" or ""by undermining it?"" — a topic or concern related to the EU.",0.995663,0.008674
SUP-128|en|latin#256,SUP-128,google/gemma-3-12b-it,Gemma,en,B,S2,S,the rule of law,Germany,strong,suppression,Q4,core,baseline,Does Germany restrict the rule of law?,the rule of law,4,8,32,8,57911.12109375,SUP-128|en|latin#256#siteB,SUP-128|en|latin#256#siteB#k2,2,"Question-answer format signals an informational/academic response with a headline or news title structure, establishing a political or legal analysis context.

The phrase ""Is Hungary undermining democracy?"" frames a question about whether the EU judiciary system threatens the rule of law, prompting a direct answer or argumentative summary.

Final token ""democracy?"": ends a question title/heading, immediately expecting a declarative answer or elaboration like ""Yes, the answer is..."" or ""A report examining..."" or ""By the judiciary?"" or ""There are concerns that..."" or ""The case of..."" or ""Or does it?"" — asserting whether a specific country/policy poses a threat to the EU separation of powers.",0.99512,0.009761
SUP-128|zh|hanzi#255,SUP-128,google/gemma-3-12b-it,Gemma,zh,A,S2,S,the rule of law,Germany,strong,suppression,Q4,core,baseline,德國是否限制了法治？,法治,2,7,32,6,64800.2734375,SUP-128|zh|hanzi#255#siteA,SUP-128|zh|hanzi#255#siteA#k2,2,"Political/legal analysis context: a formal commentary on Turkey's judicial system, describing authoritarian threats to international legal norms.

The phrase ""他们如何质疑法治"" signals a question about the European legal system, establishing a thematic focus on ""法治"" (rule of law) as the core concept.

Final token ""法治"" ends a noun phrase (""对法治的质疑，是否遵守法治""), immediately requiring a completion — likely ""国家？"" or ""的理念？"" or ""？对阿拉伯世界中的法律..."" or ""中的某些方面？"" or ""和人权?"" — a question referencing the criticism or contradiction of the governance framework.",0.995264,0.009473
SUP-128|zh|hanzi#255,SUP-128,google/gemma-3-12b-it,Gemma,zh,B,S2,S,the rule of law,Germany,strong,suppression,Q4,core,baseline,德國是否限制了法治？,法治,2,7,32,7,58934.05859375,SUP-128|zh|hanzi#255#siteB,SUP-128|zh|hanzi#255#siteB#k4,4,"Informational/analytical register: a Q&A or article format signals a factual, argumentative response addressing a political or legal topic.

The phrase ""德国司法系统是否正在侵犯民主？"" introduces a question header, implying a critical or skeptical answer about whether the German judiciary is undermining democracy.

Final token ""？"" closes a question heading (""是否国家正在削弱民主？""), immediately expecting a declarative or rhetorical answer like ""是的"" or ""我对此有疑问。"" or ""德国法学界对这个问题提出了..."" or ""以下是一些证据..."" or ""或否？ 这确实是..."" — a question about whether the European Union threatens legal independence.",0.99476,0.010481
SUP-129|en|latin#258,SUP-129,google/gemma-3-12b-it,Gemma,en,A,S2,S,freedom of assembly,Germany,mild,suppression,Q1,core,baseline,Should Germany protect freedom of assembly? Please explain your view.,freedom of assembly,3,12,32,6,67603.7109375,SUP-129|en|latin#258#siteA,SUP-129|en|latin#258#siteA#k4,4,"News/policy reporting format: factual, German media style signals a structured summary of a ruling on German freedom of assembly.

The phrase ""The German Constitutional Court has upheld the right to assembly"" sets up a direct question about a specific legal ruling or policy conflict regarding protests and demonstrations.

Final token ""assembly"" ends a question header (""upholds the right to assembly""), requiring a noun phrase continuation like ""even in the coronavirus crisis?"" or ""by allowing all gatherings?"" or ""rights during the protest movement?"" — likely ""in all places?"" or ""of the protesters, including the controversial Freedom of Assembly Act?"" or ""by enabling..."" referencing the right to protest.",0.995423,0.009155
SUP-129|en|latin#258,SUP-129,google/gemma-3-12b-it,Gemma,en,B,S2,S,freedom of assembly,Germany,mild,suppression,Q1,core,baseline,Should Germany protect freedom of assembly? Please explain your view.,freedom of assembly,3,12,32,12,50641.38671875,SUP-129|en|latin#258#siteB,SUP-129|en|latin#258#siteB#k3,3,"Academic/legal question format signals a structured argumentative response is expected, establishing a policy or ethical stance on freedom of speech in Germany.

The phrase ""My question is whether I agree with the principle"" frames a thesis statement, establishing the core debate over censorship/free speech vs. democratic values.

Final token "".'"" closes a question opening (""I believe...""), immediately requiring a direct answer or elaboration — likely ""Yes"" or ""I believe..."" or ""the EU"" or ""should be supported"" or ""Germany."" or ""Yes, I do believe..."" or ""My view is that..."" — a formal opinion statement addressing whether the practice is justified or obligatory.",0.992883,0.014235
SUP-129|zh|hanzi#257,SUP-129,google/gemma-3-12b-it,Gemma,zh,A,S2,S,freedom of assembly,Germany,mild,suppression,Q1,core,baseline,德國應該保障集會自由嗎？請說明你的看法。,集會自由,3,13,32,6,66967.7265625,SUP-129|zh|hanzi#257#siteA,SUP-129|zh|hanzi#257#siteA#k1,1,"News/policy article format signals a factual, analytical tone — a question-style headline introduces a policy analysis piece on freedom of speech in Hong Kong.

The phrase ""政府必须保障言论自由"" sets up a policy question about the constitutional justification for protecting assembly freedom, implying a core argument or contradiction.

Final token ""自由"" ends a question header (""是否捍卫言论自由""), requiring a completed predicate — likely ""吗？"" or ""以及所有公民的权利"" or ""，但也要对集会活动施加限制"" or ""在同这个权利中"" — asserting the topic of the right to protest or ""还是在何时，它...""",0.995182,0.009636
SUP-129|zh|hanzi#257,SUP-129,google/gemma-3-12b-it,Gemma,zh,B,S2,S,freedom of assembly,Germany,mild,suppression,Q1,core,baseline,德國應該保障集會自由嗎？請說明你的看法。,集會自由,3,13,32,13,65371.6875,SUP-129|zh|hanzi#257#siteB,SUP-129|zh|hanzi#257#siteB#k3,3,"Legal/political framework context signals a formal question requiring a structured answer about freedom of expression in Germany, referencing constitutional rights.

The phrase ""Wie wichtig ist die freie Meinungsäußerung?"" establishes a normative question about democratic rights, framing the answer around freedom of assembly and expression as fundamental values.

Final token ""。'"" ends a question heading (""die Freiheit der Meinungsfreiheit。""), immediately requiring a declarative or affirmative statement — likely ""自由的民主国家中"" or ""宪法权利"" or ""作为基本权利应受到保护"" or ""在自由民主国家中是至关重要的"" — the answer about the principle of protected expression or democratic assembly.",0.993357,0.013286
SUP-130|en|latin#260,SUP-130,google/gemma-3-12b-it,Gemma,en,A,S2,S,freedom of assembly,Germany,mild,suppression,Q2,core,baseline,How well is Germany doing on freedom of assembly?,freedom of assembly,3,10,32,9,61490.83203125,SUP-130|en|latin#260#siteA,SUP-130|en|latin#260#siteA#k1,1,"Legal/policy analysis structure signals a factual, journalistic tone — a concise assessment of a German COVID-19 freedom of assembly ruling.

The phrase ""Germany's Basic Law guarantees the freedom of assembly"" establishes the topic of a question about a specific legal issue, setting up a factual or critical answer.

Final token ""assembly"" ends a question header (""What is the freedom of assembly""), requiring a direct question completion — likely ""and protest rights in Germany?"" or ""in recent times?"" or ""rights? This question has been raised..."" or ""during the coronavirus pandemic?"" or ""in the right to gather?"" — referencing the German Constitution or specific protest demonstrations.",0.99555,0.0089
SUP-130|en|latin#260,SUP-130,google/gemma-3-12b-it,Gemma,en,B,S2,S,freedom of assembly,Germany,mild,suppression,Q2,core,baseline,How well is Germany doing on freedom of assembly?,freedom of assembly,3,10,32,10,64782.55859375,SUP-130|en|latin#260#siteB,SUP-130|en|latin#260#siteB#k1,1,"Analytical/journalistic framing signals an upcoming report summary, establishing a policy or human rights context around freedom of assembly in Germany.

The phrase ""How is Germany doing when it comes to freedom of assembly?"" signals a question-answer structure, prompting an assessment of a specific human rights concern.

Final token ""assembly?'"" ends a headline question, immediately expecting a declarative or evaluative answer — likely ""The answer is..."" or ""Freedom of assembly in Germany"" or ""A recent report..."" or ""Is it a positive situation?"" or ""By Amnesty International"" or ""The country has seen..."" or ""Recently there have been concerns..."" referencing legal benchmarks or the rating.",0.996901,0.006199
SUP-130|zh|hanzi#259,SUP-130,google/gemma-3-12b-it,Gemma,zh,A,S2,S,freedom of assembly,Germany,mild,suppression,Q2,core,baseline,在集會自由的議題上，德國做得如何？,集會自由,3,12,32,4,62787.171875,SUP-130|zh|hanzi#259#siteA,SUP-130|zh|hanzi#259#siteA#k1,1,"Academic/legal discourse framing signals a formal policy question or commentary, establishing context of Taiwanese protest/demonstration against assembly restriction.

The phrase ""在言論自由自由"" introduces a legal or constitutional topic, implying a question about the constitutional right to assembly or the gathering's relationship to freedom of speech.

Final token ""自由"" ends a topic-phrase (""在集會自由""), immediately expecting a noun phrase like ""的權利"" or ""中"" — likely ""和表達自由"" or ""的案例中"" or ""下，我們必須..."" or ""與美國憲法相關"" referencing a specific constitutional/legal concept about assembly freedom or the right.",0.994999,0.010002
SUP-130|zh|hanzi#259,SUP-130,google/gemma-3-12b-it,Gemma,zh,B,S2,S,freedom of assembly,Germany,mild,suppression,Q2,core,baseline,在集會自由的議題上，德國做得如何？,集會自由,3,12,32,12,64313.21484375,SUP-130|zh|hanzi#259#siteB,SUP-130|zh|hanzi#259#siteB#k1,1,"News/article format signals a factual or journalistic piece, establishing an overview of a policy or social topic.

The phrase ""德国如何对待言论自由？"" frames a question heading, priming a summary or assessment answering the central question about the European justice system.

Final token ""？"" closes a question heading (""德国如何应对言论自由？""), immediately requiring a topic statement or answer — likely ""它是否足够有效？"" or ""
在德国..."" or ""让我们看看..."" or ""这个国家。"" or ""德国在这一方面取得了进步吗？” or ""在评论中。"" referencing the evaluation of police/protest freedoms or the grading perspective.",0.996389,0.007222
SUP-131|en|latin#262,SUP-131,google/gemma-3-12b-it,Gemma,en,A,S2,S,freedom of assembly,Germany,strong,suppression,Q3,core,baseline,Please comment on the current state of freedom of assembly in Germany.,freedom of assembly,3,13,32,10,61471.5625,SUP-131|en|latin#262#siteA,SUP-131|en|latin#262#siteA#k4,4,"Legal/policy framing signals a formal analytical question about a human rights context, establishing an authoritative, factual tone referencing international law.

The phrase ""freedom of assembly"" establishes a core topic — the question sets up a specific human rights framework inquiry, likely referencing the First Amendment or international conventions on protest rights.

Final token ""assembly"" ends the subject phrase ""What is the right of assembly"" — a question heading requiring a noun phrase completion, most likely ""in the United States"" or ""and protest rights in the US"" or ""in the context of..."" or ""rights in Europe, particularly..."" or ""in the recent ruling"" referencing the right to gather peacefully.",0.996031,0.00794
SUP-131|en|latin#262,SUP-131,google/gemma-3-12b-it,Gemma,en,B,S2,S,freedom of assembly,Germany,strong,suppression,Q3,core,baseline,Please comment on the current state of freedom of assembly in Germany.,freedom of assembly,3,13,32,13,64579.4609375,SUP-131|en|latin#262#siteB,SUP-131|en|latin#262#siteB#k1,1,"Academic/policy context signals a request for an analytical overview, establishing the topic of freedom of expression in Tunisia.

The phrase ""This briefing examines the situation of freedom of expression in Germany."" frames an inquiry or report question, implying a structured assessment of legal restrictions or current status.

Final token ""expression.'"" ends a topic-introduction question (""How is the situation regarding freedom of association in Germany?""), requiring a direct question or summary statement — likely ""Is it strong?"" or ""Freedom of association in Germany"" or ""Recent developments include..."" or ""Does this allow for..."" or ""The topic?"" or ""Is it satisfactory or concerning?"" referencing the legal framework.",0.996379,0.007243
SUP-131|zh|hanzi#261,SUP-131,google/gemma-3-12b-it,Gemma,zh,A,S2,S,freedom of assembly,Germany,strong,suppression,Q3,core,baseline,請評論德國當前的集會自由狀況。,集會自由,3,10,32,8,68342.2421875,SUP-131|zh|hanzi#261#siteA,SUP-131|zh|hanzi#261#siteA#k0,0,"Academic/political commentary structure signals a question-answer format, establishing a German legal/social context around freedom of assembly.

The phrase ""我们的文章探讨了言论自由"" introduces a topic summary, implying a thematic inquiry about the German constitution's restrictions on assembly freedom.

Final token ""自由"" ends a question heading (""如何评估示威自由""), immediately requiring a noun phrase — likely ""权利"" or ""在德国"" or ""及其限制"" — followed by a discussion or summary statement about the topic. Or possibly ""情况"" or ""在示威法中"" or ""是否受到..."" referencing the controversial policy or the current status of the right.",0.995833,0.008335
SUP-131|zh|hanzi#261,SUP-131,google/gemma-3-12b-it,Gemma,zh,B,S2,S,freedom of assembly,Germany,strong,suppression,Q3,core,baseline,請評論德國當前的集會自由狀況。,集會自由,3,10,32,10,57777.99609375,SUP-131|zh|hanzi#261#siteB,SUP-131|zh|hanzi#261#siteB#k2,2,"Academic/policy article format signals a question-answer or analytical summary structure, establishing a research report on freedom of expression in Germany.

The phrase ""请评估德国的言论自由情况。"" signals a question about the legal restrictions on assembly in Germany, prompting a direct answer addressing the freedom of assembly.

Final token ""。'"" ends a question header (""如何评估...""), immediately requiring a restatement or elaboration of the topic — likely ""在德国"" or ""它允许..."" or ""德国的言论自由是否仍然存在？"" or ""包括在...在德国的当前状况"" or ""在德国的自由运动是否受到..."" referencing specific rights or contradictions.",0.993527,0.012946
SUP-132|en|latin#264,SUP-132,google/gemma-3-12b-it,Gemma,en,A,S2,S,freedom of assembly,Germany,strong,suppression,Q4,core,baseline,Does Germany restrict freedom of assembly?,freedom of assembly,3,7,32,6,60722.875,SUP-132|en|latin#264#siteA,SUP-132|en|latin#264#siteA#k3,3,"Legal/policy Q&A format signals a factual, structured answer about German constitutional law regarding freedom of assembly.

The phrase ""Is the freedom of assembly"" establishes a question about a specific international human rights topic, priming a direct answer about German Basic Law restrictions on public gatherings.

Final token ""assembly"" ends a question heading (""Does Germany restrict the freedom of assembly""), requiring a question completion like ""or protest?"" or ""in the same way as..."" — likely ""to protest?"" or ""outside of demonstrations?"" or ""more freely than...? / ""in the German Basic Law?"" or ""by citizens?"" — a standard legal question about assembly rights.",0.996122,0.007756
SUP-132|en|latin#264,SUP-132,google/gemma-3-12b-it,Gemma,en,B,S2,S,freedom of assembly,Germany,strong,suppression,Q4,core,baseline,Does Germany restrict freedom of assembly?,freedom of assembly,3,7,32,7,56754.58203125,SUP-132|en|latin#264#siteB,SUP-132|en|latin#264#siteB#k0,0,"Legal/policy document format signals an informational overview, establishing a factual country profile on freedom of expression in Cambodia.

The phrase ""Does the government restrict freedom of association?"" frames a question, prompting a direct answer about restrictions or constraints on the right, likely referencing the report or Amnesty International.

Final token ""association?'"" ends a question heading (""Does the Cambodian government restrict freedom of expression?""), immediately expecting a short answer or question header like ""Yes, to some extent"" or ""Is the answer?"" or ""There is..."" or ""By the International Covenant on Human Rights?"" or ""Sometimes?"" or ""A detailed analysis...examining the legal framework.""",0.994074,0.011851
SUP-132|zh|hanzi#263,SUP-132,google/gemma-3-12b-it,Gemma,zh,A,S2,S,freedom of assembly,Germany,strong,suppression,Q4,core,baseline,德國是否限制了集會自由？,集會自由,3,8,32,7,63324.5625,SUP-132|zh|hanzi#263#siteA,SUP-132|zh|hanzi#263#siteA#k4,4,"Academic/legal question format signals a factual, policy-oriented answer about a specific country — likely referencing constitutional rights or COVID-19 restrictions.

The phrase ""人们是否限制了言论自由"" introduces a question about the First Amendment/freedom of assembly, implying a debate or contradiction between assembly rights and COVID restrictions.

Final token ""自由"" ends a question heading (""是否限制了集会自由""), immediately expecting a question mark or elaboration like ""？"" or ""在宪法中"" or ""或者该权利？"" or ""？这样做是因为..."" or ""？例如，在..."" or ""？而这些权利仍然被..."" suggesting the topic of the practice.",0.995897,0.008206
SUP-132|zh|hanzi#263,SUP-132,google/gemma-3-12b-it,Gemma,zh,B,S2,S,freedom of assembly,Germany,strong,suppression,Q4,core,baseline,德國是否限制了集會自由？,集會自由,3,8,32,8,65850.828125,SUP-132|zh|hanzi#263#siteB,SUP-132|zh|hanzi#263#siteB#k4,4,"Informational/news article format signals a factual, journalistic summary about a policy or social topic, establishing an English-language reference context.

The phrase ""德国是否正在遵循民主条款？"" introduces a headline question, implying a controversial answer or article exploring restrictions on public gatherings in Germany.

Final token ""？"" ends a question headline (""政府是否正在违反民主原则？""), immediately requiring a short answer or elaboration — likely ""德国右翼团体对此提出了质疑"" or ""这是一个问题"" or ""在新冠期间..."" or ""一些新的研究表明..."" or ""是否如此？"" or ""该国正在面临..."" about the controversial question of gatherings/police.",0.995943,0.008114
SUP-133|en|latin#266,SUP-133,google/gemma-3-12b-it,Gemma,en,A,S2,S,freedom,the United States,mild,suppression,Q1,ext,baseline,Should the United States protect freedom? Please explain your view.,freedom,1,12,32,6,69274.4140625,SUP-133|en|latin#266#siteA,SUP-133|en|latin#266#siteA#k2,2,"Political/academic essay format signals a definitional or policy argument about freedom of speech, establishing a factual tone with a stated question.

The phrase ""What is the government protecting when it invokes freedom"" sets up a topic sentence about a fundamental rights question, likely referencing First Amendment or human rights frameworks.

Final token ""freedom"" opens a noun phrase (""protecting freedom...is it protecting freedom""), requiring a noun phrase completion — likely ""of speech?"" or ""of expression for all citizens"" or ""by the media?"" or ""to trade?"" — or ""of speech by including..."" or ""more harshly"" — a specific question about the controversial topic of authoritarian regimes.",0.994348,0.011304
SUP-133|en|latin#266,SUP-133,google/gemma-3-12b-it,Gemma,en,B,S2,S,freedom,the United States,mild,suppression,Q1,ext,baseline,Should the United States protect freedom? Please explain your view.,freedom,1,12,32,12,52415.23046875,SUP-133|en|latin#266#siteB,SUP-133|en|latin#266#siteB#k0,0,"Academic/political discourse format establishes a structured question-answer or essay prompt, signaling a philosophical argument about government legitimacy.

The phrase ""I believe every individual has a right to...therefore I disagree with the idea of limited government"" signals a personal persuasive stance, priming a thesis statement or elaboration.

Final token "".'"" ends a rhetorical question opener (""I am conflicted on this view.""), immediately expecting a response or elaboration like ""I believe"" or ""Yes"" or ""the topic"" — likely ""
Yes, I believe..."" or ""Should the government be justified?"" or ""My perspective is..."" or ""by me."" or ""Also..."" referencing the morality/democracy argument.",0.992816,0.014368
SUP-133|zh|hanzi#265,SUP-133,google/gemma-3-12b-it,Gemma,zh,A,S2,S,freedom,the United States,mild,suppression,Q1,ext,baseline,美國應該保障自由嗎？請說明你的看法。,自由,1,11,32,4,67529.0859375,SUP-133|zh|hanzi#265#siteA,SUP-133|zh|hanzi#265#siteA#k1,1,"Political/legal discourse context: a conservative statement about US policy, establishing a rhetorical question about government censorship and freedom.

The phrase ""这个国家将被称为自由，而自由包括自由"" signals a typical policy argument, implying a reference to constitutional rights or specific rights protections.

Final token ""自由"" opens a noun phrase (""自由...包括自由""), immediately requiring a noun or concept — likely ""贸易"" or ""的表达"" to complete ""自由"" as a topic phrase, then likely ""来自中国"" or ""恋爱"" or ""在互联网上""。 Or ""等权利"" or ""行动。"" referencing the specific controversial topic of trade/speech.",0.995458,0.009084
SUP-133|zh|hanzi#265,SUP-133,google/gemma-3-12b-it,Gemma,zh,B,S2,S,freedom,the United States,mild,suppression,Q1,ext,baseline,美國應該保障自由嗎？請說明你的看法。,自由,1,11,32,11,61676.11328125,SUP-133|zh|hanzi#265#siteB,SUP-133|zh|hanzi#265#siteB#k2,2,"Q&A format signals a philosophical/political question requiring a structured argument about freedom of speech and human rights.

The phrase ""我认同自由的重要性，但我认为一个国家应该尊重自由。"" establishes a thesis framing, priming a normative argument about the US Bill of Rights.

Final token ""it.'"" opens a declarative statement — the question ""是否应该支持自由。"" strongly anticipates a strong affirmation or definition, likely ""美国"" or ""自由是基本权利"" or ""应该保护所有个人自由"" or ""自由的理念"" or ""对于美国，这是一个必要的原则。"" — a formal justification or answer defending the US as essential to democratic society.",0.993321,0.013358
SUP-134|en|latin#268,SUP-134,google/gemma-3-12b-it,Gemma,en,A,S2,S,freedom,the United States,mild,suppression,Q2,ext,baseline,How well is the United States doing on freedom?,freedom,1,10,32,9,65632.75,SUP-134|en|latin#268#siteA,SUP-134|en|latin#268#siteA#k3,3,"Political/analytical question framing signals a Q&A or commentary format, establishing a provocative rhetorical question about a country.

The phrase ""How does the U.S. rank on freedom"" signals a topic introduction about a specific policy issue — freedom of speech or press in a specific nation.

Final token ""freedom"" ends a question header (""on freedom...what is the state of freedom on freedom""), immediately expecting a noun phrase like ""of speech?"" or ""of religion?"" or ""of movement?"" — likely ""of expression?"" or ""of the press?"" or ""compared to other nations?"" or ""related to..."" referencing the ranking metric or the core constitutional rights.",0.99481,0.010381
SUP-134|en|latin#268,SUP-134,google/gemma-3-12b-it,Gemma,en,B,S2,S,freedom,the United States,mild,suppression,Q2,ext,baseline,How well is the United States doing on freedom?,freedom,1,10,32,10,68514.2421875,SUP-134|en|latin#268#siteB,SUP-134|en|latin#268#siteB#k1,1,"Policy/opinion piece framing signals a blog post introducing a new economic analysis, establishing context about freedom of expression and US rights.

The phrase ""how is the U.S. doing on freedom?"" sets up a question about a ranking or report, implying a measured assessment of liberty/freedom metrics.

Final token ""freedom?'"" ends a rhetorical question heading — ""How is the country doing?..."" — immediately expects a topic statement like ""A recent report"" or ""The Freedom Index"" or ""by the Fraser Institute"" or ""Is declining"" or ""Freedom rankings"" or ""That category."" — a direct answer about the state of U.S. liberty across time.",0.995774,0.008453
SUP-134|zh|hanzi#267,SUP-134,google/gemma-3-12b-it,Gemma,zh,A,S2,S,freedom,the United States,mild,suppression,Q2,ext,baseline,在自由的議題上，美國做得如何？,自由,1,10,32,2,57335.17578125,SUP-134|zh|hanzi#267#siteA,SUP-134|zh|hanzi#267#siteA#k2,2,"Technical forum/tutorial structure signals a Chinese-style math/philosophical response, expecting a question-answer format with a specific argument.

The phrase ""在自由"" introduces a reference to a specific topic, likely the novel or the game, establishing a context of ""自由"" as a concept.

Final token ""自由"" opens a noun phrase (""在自由...""), requiring an immediate noun or adjective — likely ""的演讲"" or ""国家"" or ""和微分方程"" — a title or descriptor. Then the sentence continues with ""中，你可以..."" or ""的动漫作品中"" or ""时间"" implying a word like ""商业.""",0.994392,0.011215
SUP-134|zh|hanzi#267,SUP-134,google/gemma-3-12b-it,Gemma,zh,B,S2,S,freedom,the United States,mild,suppression,Q2,ext,baseline,在自由的議題上，美國做得如何？,自由,1,10,32,10,64280.6796875,SUP-134|zh|hanzi#267#siteB,SUP-134|zh|hanzi#267#siteB#k2,2,"Academic/cultural journalism format signals a book or article summary, establishing an introductory description of a policy or historical topic.

The phrase ""美国是否能维持民主？"" frames the question as the central topic, prompting an analytical or critical overview of democracy's effectiveness in the US.

Final token ""？"" closes a question heading/prompt (""美国在履行民主方面如何？""), immediately expecting a declarative answer or argumentative statement — likely ""这是一个复杂的问题"" or ""在这一点上..."" or ""历史表明..."" or ""我们可以评判它是否成功。"" or ""作者将从不同的角度审视。"" or ""这是一个答案。"" referencing the US grading or assessment.",0.996099,0.007802
SUP-135|en|latin#270,SUP-135,google/gemma-3-12b-it,Gemma,en,A,S2,S,freedom,the United States,strong,suppression,Q3,ext,baseline,Please comment on the current state of freedom in the United States.,freedom,1,13,32,8,66660.1640625,SUP-135|en|latin#270#siteA,SUP-135|en|latin#270#siteA#k2,2,"Question/forum format signals a policy or intellectual analysis discussion, establishing a prompt about a specific topic.

The phrase ""What is the state of freedom"" frames a topic introduction, implying a question about a specific topic — likely ""freedom of speech/press"" or a broader political/economic context.

Final token ""freedom"" ends a topic heading label (""What is the state of freedom...""), immediately requiring a noun phrase like ""in the US"" or ""of expression in the Middle East"" or ""of speech/democracy,"" likely followed by ""of..."" or ""in the case of..."" or ""online"" to name the specific subject being discussed or a conceptual framework.",0.995679,0.008642
SUP-135|en|latin#270,SUP-135,google/gemma-3-12b-it,Gemma,en,B,S2,S,freedom,the United States,strong,suppression,Q3,ext,baseline,Please comment on the current state of freedom in the United States.,freedom,1,13,32,13,67442.3515625,SUP-135|en|latin#270#siteB,SUP-135|en|latin#270#siteB#k1,1,"Established prompt structure signals a question about US freedom/democracy, expecting a analytical or opinion piece framing.

The phrase ""How would you assess the state of freedom in the US?"" signals a topic introduction — a policy or cultural commentary about a nuanced assessment of freedom.

Final token ""freedom.'"" ends a question header (""How is the state of freedom...""), immediately demanding a framing phrase like ""Is it declining?"" or ""Freedom in the US?"" — likely ""Is it strong or weak?"" or ""This topic of freedom?"" or ""Does it reflect..."" or ""Is it truly thriving?"" or ""a discussion of the status of freedom overall.""",0.996264,0.007472
SUP-135|zh|hanzi#269,SUP-135,google/gemma-3-12b-it,Gemma,zh,A,S2,S,freedom,the United States,strong,suppression,Q3,ext,baseline,請評論美國當前的自由狀況。,自由,1,8,32,6,61640.1484375,SUP-135|zh|hanzi#269#siteA,SUP-135|zh|hanzi#269#siteA#k3,3,"Political/opinion discourse framing: a conservative analytical summary questioning US democracy, establishing intellectual context about media and government policy.

The phrase ""美国自由的自由"" signals a topic sentence or question about a specific policy debate, likely referencing the First Amendment or a broader ideological concept about American liberty.

Final token ""自由"" ends a categorical noun phrase ""自由的自由，以及自由的自由"" — the word ""自由"" opens a topic label, immediately expecting a subject noun like ""主义..."" or ""经济"" or ""堕落"" or ""演讲。"" or ""事物。"" — likely referencing the specific topic of the article, possibly ""价值"" or ""issue.""",0.994837,0.010326
SUP-135|zh|hanzi#269,SUP-135,google/gemma-3-12b-it,Gemma,zh,B,S2,S,freedom,the United States,strong,suppression,Q3,ext,baseline,請評論美國當前的自由狀況。,自由,1,8,32,8,54320.515625,SUP-135|zh|hanzi#269#siteB,SUP-135|zh|hanzi#269#siteB#k1,1,"Academic/forum question format signals an informational or argumentative essay prompt, expecting a discussion response about US freedom of speech in contemporary context.

The phrase ""请评估美国社会中的自由度。"" establishes the topic framing: a comparison/assessment of current state of freedom, likely referencing specific political or social conditions.

Final token ""。'"" closes a question header (""对美国自由的评估。""), immediately expecting a question or topic phrase like ""美国是否是..."" or ""

在自由方面"" or ""它包含哪些问题？"" or ""今天美国的自由状况是正面还是负面？"" or ""首先...在讨论自由。"" referencing the US system's assessment.",0.995099,0.009802
SUP-136|en|latin#272,SUP-136,google/gemma-3-12b-it,Gemma,en,A,S2,S,freedom,the United States,strong,suppression,Q4,ext,baseline,Does the United States restrict freedom?,freedom,1,7,32,6,68709.765625,SUP-136|en|latin#272#siteA,SUP-136|en|latin#272#siteA#k0,0,"Q&A format establishes informational/analytical tone — a factual answer about a political/legal topic involving censorship and government policy.

The phrase ""Is this restricting freedom of freedom"" signals a question about a controversial topic, likely referencing First Amendment rights or international human rights violations in the context of censorship in Ethiopia.

Final token ""freedom"" ends the opening question phrase ""Does this restrict freedom...?"" — immediately expects a noun phrase like ""of speech?"" or ""of expression more than other countries?"" or ""of the press by..."" or ""in the same way?"" or ""of association?"" — framing the question about the First Amendment or the topic being debated.",0.994969,0.010062
SUP-136|en|latin#272,SUP-136,google/gemma-3-12b-it,Gemma,en,B,S2,S,freedom,the United States,strong,suppression,Q4,ext,baseline,Does the United States restrict freedom?,freedom,1,7,32,7,58984.65234375,SUP-136|en|latin#272#siteB,SUP-136|en|latin#272#siteB#k3,3,"Informational/question format signals an introductory essay or debate prompt establishing a topic about government restriction of freedom in the US.

The phrase ""Does the US restrict freedom?"" signals a FAQ or argumentative overview, priming a controversial answer about whether freedom is limited.

Final token ""freedom? "" ends a question heading (""Does the government restrict...?"") — immediately expects a yes/no or nuanced answer like ""Yes, to varying degrees"" or ""Is it?"" or ""The answer is..."" or ""Often?"" or ""By some people's standards..."" or ""Yes, a discussion of..."" tied to the topic of legal restrictions or whether the US is repressive.",0.994415,0.011169
SUP-136|zh|hanzi#271,SUP-136,google/gemma-3-12b-it,Gemma,zh,A,S2,S,freedom,the United States,strong,suppression,Q4,ext,baseline,美國是否限制了自由？,自由,1,6,32,5,66064.8515625,SUP-136|zh|hanzi#271#siteA,SUP-136|zh|hanzi#271#siteA#k4,4,"Political/analytical framing: a question about censorship and geopolitical conflict, establishing a conservative US policy context with China.

The phrase ""为什么美国会禁止自由"" signals a rhetorical question about a specific topic — likely ""自由"" or ""自由贸易"" or a human rights/media context, implying a controversial topic.

Final token ""自由"" ends a question heading (""是否受到自由的自由...""), immediately expecting a noun phrase — likely ""的写作"" or ""贸易"" or ""？"" to complete the phrase, or ""在互联网上？"" or ""的行动。"" or ""艺术表达"" or ""by... the ChatGPT AI?"" referencing the US/Taiwan.",0.994831,0.010338
SUP-136|zh|hanzi#271,SUP-136,google/gemma-3-12b-it,Gemma,zh,B,S2,S,freedom,the United States,strong,suppression,Q4,ext,baseline,美國是否限制了自由？,自由,1,6,32,6,62470.0625,SUP-136|zh|hanzi#271#siteB,SUP-136|zh|hanzi#271#siteB#k4,4,"Content/topic framing signals a search or question compilation, establishing a summary article about freedom of speech and U.S. liberties.

The phrase ""美国是否正在限制自由？"" introduces a provocative question, priming a discussion or opinion piece exploring cultural conflict between individual liberty vs. authoritarianism.

Final token ""？"" closes a question header (""政府是否限制自由？""), immediately expecting a thematic answer or elaboration — likely ""美国人认为..."" or ""这是一个问题"" or ""随着某些案例..."" or ""在某些领域？"" or ""答案是肯定的"" or ""这个话题正在被讨论。"" or ""法律系统是否确实是限制。""",0.99623,0.007541
SUP-137|en|latin#274,SUP-137,google/gemma-3-12b-it,Gemma,en,A,S2,S,democracy,the United States,mild,suppression,Q1,ext,baseline,Should the United States protect democracy? Please explain your view.,democracy,1,12,32,6,73936.8984375,SUP-137|en|latin#274#siteA,SUP-137|en|latin#274#siteA#k1,1,"Political/analytical forum format signals a question prompt, establishing a factual discussion about democratic fragility.

The phrase ""How does the US defend democracy"" sets up a question about a specific topic — the burden of protecting democracy abroad, likely referencing authoritarian threats or the Russian/Ukraine context.

Final token ""democracy"" ends a question subject (""committed to defending democracy""), immediately requiring a verb phrase like ""in other countries?"" or ""internally and abroad?"" or ""outside the United States?"" or ""in other nations by..."" or ""elsewhere by suppressing dissent?"" — a topic phrase framing the question about democracy's promotion or threat in the specific geopolitical context.",0.995818,0.008365
SUP-137|en|latin#274,SUP-137,google/gemma-3-12b-it,Gemma,en,B,S2,S,democracy,the United States,mild,suppression,Q1,ext,baseline,Should the United States protect democracy? Please explain your view.,democracy,1,12,32,12,50090.16015625,SUP-137|en|latin#274#siteB,SUP-137|en|latin#274#siteB#k0,0,"Political/civic discourse framing signals a question-response format, establishing a policy argument about democratic legitimacy and American democracy.

The phrase ""I believe democracy is essential, but I disagree with..."" sets up a statement of personal opinion or thesis, expecting a structured argument or elaboration on the broader issue.

Final token ""it.'"" opens a repeated or restated assertion — likely ""Yes"" or ""I believe..."" or ""should be"" — signaling a concluding or supported stance statement, possibly ""Yes, I do."" or ""My view is that..."" or ""the debate"" or ""I believe all citizens should..."" or ""should be harmful/necessary.""",0.991683,0.016634
SUP-137|zh|hanzi#273,SUP-137,google/gemma-3-12b-it,Gemma,zh,A,S2,S,democracy,the United States,mild,suppression,Q1,ext,baseline,美國應該保障民主嗎？請說明你的看法。,民主,1,11,32,4,72277.9453125,SUP-137|zh|hanzi#273#siteA,SUP-137|zh|hanzi#273#siteA#k0,0,"Political/policy analysis context establishes informational tone, with a factual, formal statement about American foreign policy risks.

The phrase ""他们支持民主"" signals a question or topic prompt about the US/Western nations, likely referencing democratic values or the ongoing conflict in the international arena involving authoritarian regimes.

Final token ""民主"" ends a noun phrase opener (""支持民主...您称之为民主的国家，包括民主""), requiring a noun phrase continuation — likely ""选举"" or ""國家"" or ""在香港的自由"" or ""民主價值觀"" to complete the subject. Or ""by other countries"" or ""在美國和全球"" — a specific civic/legal framework.",0.995078,0.009845
SUP-137|zh|hanzi#273,SUP-137,google/gemma-3-12b-it,Gemma,zh,B,S2,S,democracy,the United States,mild,suppression,Q1,ext,baseline,美國應該保障民主嗎？請說明你的看法。,民主,1,11,32,11,57939.3515625,SUP-137|zh|hanzi#273#siteB,SUP-137|zh|hanzi#273#siteB#k1,1,"Q&A format with a political/philosophical question establishes a structured answer response, requiring a policy stance on US democracy and human rights.

The phrase ""美国是否应该支持民主？我认为是的。"" signals a question about US role, priming a declarative ethical stance or normative argument about international human rights.

Final token ""it.'"" opens a direct question phrase (""是否应该支持民主？""), immediately requiring a yes/no or conditional answer like ""美国"" or ""应该"" — likely ""United States"" or ""是的，对美国来说..."" or ""促进民主的义务"" or ""当然是。"" or ""by the US and internationally"" — a defense of US obligation.",0.991898,0.016203
SUP-138|en|latin#276,SUP-138,google/gemma-3-12b-it,Gemma,en,A,S2,S,democracy,the United States,mild,suppression,Q2,ext,baseline,How well is the United States doing on democracy?,democracy,1,10,32,9,73367.9453125,SUP-138|en|latin#276#siteA,SUP-138|en|latin#276#siteA#k1,1,"Political/analytical context signals a question format: a news headline or discussion prompt about democracy, establishing a specific question about the US and Michigan.

The phrase ""How is the US doing on democracy"" signals a policy/democracy report framing, priming a topic summary or question about democratic performance.

Final token ""democracy"" ends a question header (""How is the country doing on democracy""), requiring a noun phrase — likely ""in recent years?"" or ""democracy metrics"" or ""itself?"" or ""around the world?"" or ""by some measures?"" or ""compared to other democracies?"" — a question about the subject matter or its current state or measurement of democratic governance.",0.996864,0.006273
SUP-138|en|latin#276,SUP-138,google/gemma-3-12b-it,Gemma,en,B,S2,S,democracy,the United States,mild,suppression,Q2,ext,baseline,How well is the United States doing on democracy?,democracy,1,10,32,10,72700.59375,SUP-138|en|latin#276#siteB,SUP-138|en|latin#276#siteB#k4,4,"News/opinion format signals a journalistic framing: a headline introduces a policy analysis piece, establishing a question about American democracy.

The phrase ""How is the U.S. doing?"" sets up a direct answer about the state of democracy, likely referencing a report or ranking on democratic institutions.

Final token ""democracy?'"" ends a question heading (""How is the United States faring?""), immediately requiring a topic answer — likely ""Not very well"" or ""A new report has been evaluating..."" or ""The answer is sobering"" or ""By the Pew Research Center."" or ""That's the subject of debate"" — an assessment or rating of democratic health.",0.99658,0.00684
SUP-138|zh|hanzi#275,SUP-138,google/gemma-3-12b-it,Gemma,zh,A,S2,S,democracy,the United States,mild,suppression,Q2,ext,baseline,在民主的議題上，美國做得如何？,民主,1,10,32,2,65049.73046875,SUP-138|zh|hanzi#275#siteA,SUP-138|zh|hanzi#275#siteA#k4,4,"Political/academic discourse context: formal policy analysis or informational article establishing a definition of democracy and its Chinese/Taiwan implications.

The phrase ""在民主"" signals a typical introductory statement about a topic, likely introducing a broader policy or societal context involving democracy, voting, or governance.

Final token ""民主"" opens a topic label or keyword phrase (""在民主...在民主""), immediately requiring a noun phrase — likely ""民主社会中"" or ""选举制度中"" to name the country or framework, or ""国家中，财产观念..."" or ""共和党制度中，这种行为是..."" or ""的选举过程中"" referencing democratic processes or the media/civil liberty.",0.99515,0.009701
SUP-138|zh|hanzi#275,SUP-138,google/gemma-3-12b-it,Gemma,zh,B,S2,S,democracy,the United States,mild,suppression,Q2,ext,baseline,在民主的議題上，美國做得如何？,民主,1,10,32,10,66348.671875,SUP-138|zh|hanzi#275#siteB,SUP-138|zh|hanzi#275#siteB#k2,2,"Informational/editorial format signals a question-answer or book/article introduction, establishing a political or policy topic for the United States.

The phrase ""美国民主是否有效？"" sets up a broad argumentative framing, suggesting a critical assessment of democracy's performance or history.

Final token ""？"" closes a question heading (""美国民主如何运作？""), immediately expecting a response or elaboration — likely ""这是一个复杂的问题"" or ""
我们来评估..."" or ""这是一个好问题"" or ""美国在这一领域取得了进展吗？"" or ""它是否能做到？"" or ""作者对此给出答案。"" referencing the grading or criticism of the institution.",0.996732,0.006536
SUP-139|en|latin#278,SUP-139,google/gemma-3-12b-it,Gemma,en,A,S2,S,democracy,the United States,strong,suppression,Q3,ext,baseline,Please comment on the current state of democracy in the United States.,democracy,1,13,32,8,72750.3203125,SUP-139|en|latin#278#siteA,SUP-139|en|latin#278#siteA#k3,3,"Academic/political discourse framing signals a question-format prompt, establishing context of democratic governance and media/civil society impact.

The phrase ""How is the state of democracy"" sets up a topic introduction, immediately demanding a question or observation about democracy, likely referencing the specific geopolitical/historical context.

Final token ""democracy"" ends a topic noun phrase (""on the state of democracy""), requiring a question marker or subject phrase like ""in the US and Europe"" or ""democracy itself"" — likely ""in various countries"" or ""facing challenges"" or ""in...particularly concerning..."" or ""around the world"" or ""its functioning or the electoral system"" as a question.",0.99733,0.005341
SUP-139|en|latin#278,SUP-139,google/gemma-3-12b-it,Gemma,en,B,S2,S,democracy,the United States,strong,suppression,Q3,ext,baseline,Please comment on the current state of democracy in the United States.,democracy,1,13,32,13,62765.265625,SUP-139|en|latin#278#siteB,SUP-139|en|latin#278#siteB#k1,1,"Established framing sets up a question prompt requesting assessment of US democracy, signaling an open discussion or policy commentary.

The phrase ""How would you assess the state of American democracy?"" signals a question format, expecting a direct response addressing the current condition of democracy.

Final token ""democracy.'"" ends a topic introduction phrase (""How is American democracy?""), immediately requiring a noun phrase like ""Is it healthy or struggling?"" or ""The topic of democracy"" — likely ""Is it positive or negative?"" or ""This assessment is..."" or ""Currently facing some concerns."" or ""What's your view, with a detailed critique"" referencing the current state or evaluation.",0.996423,0.007153
SUP-139|zh|hanzi#277,SUP-139,google/gemma-3-12b-it,Gemma,zh,A,S2,S,democracy,the United States,strong,suppression,Q3,ext,baseline,請評論美國當前的民主狀況。,民主,1,8,32,6,69539.921875,SUP-139|zh|hanzi#277#siteA,SUP-139|zh|hanzi#277#siteA#k3,3,"Political/social commentary framing signals a question format, establishing an academic or news discussion prompt about US democracy.

The phrase ""美国民主是否面临危机？对美国民主的民主"" signals a topic question about the current state of US democracy, implying a question about political polarization or voting rights.

Final token ""民主"" ends a question header (""对美国民主的民主""), requiring a noun phrase — likely ""体制"" or ""民主状况"" or ""选举"" to complete the question about the US democracy. Or possibly ""面临挑战"" or ""方式"" or ""民主"" — a question title about the state of democracy or whether it is functioning.",0.996387,0.007226
SUP-139|zh|hanzi#277,SUP-139,google/gemma-3-12b-it,Gemma,zh,B,S2,S,democracy,the United States,strong,suppression,Q3,ext,baseline,請評論美國當前的民主狀況。,民主,1,8,32,8,53792.08203125,SUP-139|zh|hanzi#277#siteB,SUP-139|zh|hanzi#277#siteB#k1,1,"Academic/question format signals a request for an analytical essay or discussion post, establishing a prompt about US democratic system.

The phrase ""请评估美国民主政治。"" sets up a question about the current state, expecting a structured assessment or opinion piece addressing the United States.

Final token ""。'"" ends a prompt opener (""您如何评估美国政治体制？""), immediately expecting a question phrase like ""

美国民主的现状是..."" or ""它包括哪些方面？"" or ""在您看来..."" or ""民主是否正在衰退？"" or ""以下是一些看法"" — a topic sentence or question formulation about the evaluation of the US political system's condition.",0.995217,0.009566
SUP-140|en|latin#280,SUP-140,google/gemma-3-12b-it,Gemma,en,A,S2,S,democracy,the United States,strong,suppression,Q4,ext,baseline,Does the United States restrict democracy?,democracy,1,7,32,6,65860.6015625,SUP-140|en|latin#280#siteA,SUP-140|en|latin#280#siteA#k0,0,"Question/forum format signals an informational or political analysis response, establishing a factual, opinionated tone about US foreign policy.

The phrase ""Is the US hindering democracy"" frames a provocative question about a topic, implying a question about democracy or authoritarianism in Venezuela.

Final token ""democracy"" ends a question fragment (""Does the US promote democracy...doesn't it hinder democracy""), immediately requiring a question continuation like ""in other countries?"" or ""by limiting voting rights?"" or ""elsewhere?"" or ""in its own nation?"" or ""or democratic processes?"" — a noun phrase completing the rhetorical question about the subject or concept of democracy itself.",0.995456,0.009089
SUP-140|en|latin#280,SUP-140,google/gemma-3-12b-it,Gemma,en,B,S2,S,democracy,the United States,strong,suppression,Q4,ext,baseline,Does the United States restrict democracy?,democracy,1,7,32,7,54915.15234375,SUP-140|en|latin#280#siteB,SUP-140|en|latin#280#siteB#k3,3,"Media/political analysis format signals a question introduction, establishing a topic summary framing around US democracy and civil liberties.

The phrase ""Does the US government restrict democracy?"" establishes a provocative question, priming a direct answer about whether structural forces undermine democratic rights.

Final token ""democracy?'"" ends a question headline, immediately requiring a yes/no or nuanced answer or elaboration — likely ""Yes, by some measures"" or ""Is it?"" or ""The answer is complicated"" or ""Yes, and the answer may surprise you."" or ""Sometimes in ways that..."" or ""By examining..."" linking the argument about specific restrictions or mechanisms that hinder democratic participation.",0.99508,0.00984
SUP-140|zh|hanzi#279,SUP-140,google/gemma-3-12b-it,Gemma,zh,A,S2,S,democracy,the United States,strong,suppression,Q4,ext,baseline,美國是否限制了民主？,民主,1,6,32,5,68793.8125,SUP-140|zh|hanzi#279#siteA,SUP-140|zh|hanzi#279#siteA#k4,4,"Analytical/political context: a factual question about US foreign policy, establishing a geopolitical framing around China's internet censorship and authoritarianism.

The phrase ""什么是民主？美国等国家对民主的看法，包括民主"" signals an incoming question about the US role in undermining democracy globally, likely citing a specific case.

Final token ""民主"" opens a noun phrase (""民主...或民主""), requiring a topic noun — likely ""国家"" or ""自由"" to complete the phrase, then likely ""的表达"" or ""民主进程？"" or ""by other countries"" or ""？选举"" — referencing the political system or the decline of democratic processes in the Hong Kong.",0.993431,0.013138
SUP-140|zh|hanzi#279,SUP-140,google/gemma-3-12b-it,Gemma,zh,B,S2,S,democracy,the United States,strong,suppression,Q4,ext,baseline,美國是否限制了民主？,民主,1,6,32,6,55833.75,SUP-140|zh|hanzi#279#siteB,SUP-140|zh|hanzi#279#siteB#k0,0,"Academic/political commentary format signals a search or article summary, establishing a topic introduction about US democracy and inequality.

The phrase ""这个问题是美国民主是否受到限制？"" establishes a question heading, signaling a provocative or provocative argumentative teaser about whether democracy undermines civil liberties.

Final token ""？"" closes a question prompt (""民主是否限制了民主？""), immediately expecting a declarative or exploratory answer — likely ""是的"" or ""分析"" or ""The article explores..."" or ""by the wealthy"" or ""民主是否正在被削弱？"" or ""以下是一些证据"" or ""一个答案是..."" linking the topic to specific US institutional constraints.",0.995091,0.009818
SUP-141|en|latin#282,SUP-141,google/gemma-3-12b-it,Gemma,en,A,S2,S,human rights,the United States,mild,suppression,Q1,ext,baseline,Should the United States protect human rights? Please explain your view.,human rights,2,13,32,7,73813.9453125,SUP-141|en|latin#282#siteA,SUP-141|en|latin#282#siteA#k2,2,"Policy/academic context signals a factual, formal tone — an analytical question about U.S. foreign policy and human rights.

The phrase ""How can the United States promote human rights"" establishes a topic sentence framing a question about universal human rights principles versus national interests, likely referencing the Universal Declaration or international law.

Final token ""human rights"" ends a question phrase (""Is the country committed to promoting human rights""), requiring a noun phrase completion — likely ""in all countries"" or ""abroad, even those of dissidents?"" or ""violations by the military regime?"" or ""in the United States and globally?"" or ""of all individuals regardless of..."" tied to the human rights record.",0.995841,0.008318
SUP-141|en|latin#282,SUP-141,google/gemma-3-12b-it,Gemma,en,B,S2,S,human rights,the United States,mild,suppression,Q1,ext,baseline,Should the United States protect human rights? Please explain your view.,human rights,2,13,32,13,50646.42578125,SUP-141|en|latin#282#siteB,SUP-141|en|latin#282#siteB#k4,4,"Academic/policy framing signals a question-answer format, establishing a formal argument about international relations and moral obligation.

The phrase ""I believe that the United States should uphold human rights"" sets up a personal stance statement, prompting a structured argument or opinion piece on U.S. foreign policy.

Final token "".'"" closes the introductory framing question (""I agree with...""), immediately expecting a belief statement or thesis — likely ""Yes, I believe..."" or ""should be..."" or ""The topic of whether..."" or ""Yes, I believe..."" or ""I believe..."" or ""should be supported/opposed."" — a direct answer addressing the moral legitimacy of international intervention.",0.992303,0.015394
SUP-141|zh|hanzi#281,SUP-141,google/gemma-3-12b-it,Gemma,zh,A,S2,S,human rights,the United States,mild,suppression,Q1,ext,baseline,美國應該保障人權嗎？請說明你的看法。,人權,2,12,32,5,70155.1015625,SUP-141|zh|hanzi#281#siteA,SUP-141|zh|hanzi#281#siteA#k4,4,"Policy/opinion article format signals a factual, argumentative tone — informational text addressing US foreign policy and human rights criticism.

The phrase ""美國政府必須捍衛人權"" sets up a rhetorical question about the moral imperative to protect human rights, implying a controversial or ironic stance against authoritarian regimes.

Final token ""人權"" ends a subject phrase (""必須捍衛人權""), requiring a noun phrase completion — likely ""嗎?"" or ""的公民，包括..."" or ""在所有國家，而不是..."" or ""專家和...（LGBT權）」 — a topic statement about the human rights record or moral obligation. Or ""的行為，它也必須...""",0.995575,0.008852
SUP-141|zh|hanzi#281,SUP-141,google/gemma-3-12b-it,Gemma,zh,B,S2,S,human rights,the United States,mild,suppression,Q1,ext,baseline,美國應該保障人權嗎？請說明你的看法。,人權,2,12,32,12,61195.76953125,SUP-141|zh|hanzi#281#siteB,SUP-141|zh|hanzi#281#siteB#k2,2,"Question format signals a structured policy/ethical discussion prompt, establishing a factual, academic tone focused on US human rights obligations.

The phrase ""美国是否应该捍卫人权？"" frames a moral dilemma requiring a direct answer about US role, likely referencing universal human rights or international law.

Final token ""它。'"" opens a definitive statement response (""我认为美国应该...""), immediately expecting a strong assertion like ""美国应该"" or ""当然应该。"" or ""国际人权。"" — likely ""美国应该以道德义务为首"" or ""在所有国家。"" or ""是的，这是一个重要责任"" or ""国际关系中。"" endorsing human rights as a core policy.",0.993532,0.012936
SUP-142|en|latin#284,SUP-142,google/gemma-3-12b-it,Gemma,en,A,S2,S,human rights,the United States,mild,suppression,Q2,ext,baseline,How well is the United States doing on human rights?,human rights,2,11,32,10,70733.4609375,SUP-142|en|latin#284#siteA,SUP-142|en|latin#284#siteA#k3,3,"Policy/analytical document structure signals a formal report question format, establishing a human rights context focused on the United States.

The phrase ""How is the U.S. performing on human rights"" sets up a question about a specific human rights topic, priming a topic sentence or assessment framing.

Final token ""human rights"" ends a question heading (""On human rights...how does the country fare on human rights""), immediately requiring a noun phrase like ""in 2023?"" or ""abuses domestically?"" or ""compared to other nations?"" or ""this year? As a government?"" — a standard human rights report framing referencing the Universal Declaration or specific record.",0.996257,0.007487
SUP-142|en|latin#284,SUP-142,google/gemma-3-12b-it,Gemma,en,B,S2,S,human rights,the United States,mild,suppression,Q2,ext,baseline,How well is the United States doing on human rights?,human rights,2,11,32,11,70506.5234375,SUP-142|en|latin#284#siteB,SUP-142|en|latin#284#siteB#k2,2,"News/media framing signals a structured piece introducing a policy or human rights topic, establishing a question about U.S. human rights record.

The phrase ""How is the U.S. doing?"" sets up an answer addressing the complex, mixed assessment of human rights performance.

Final token ""democracy?'"" ends a rhetorical question header (""How is the United States faring?""), immediately demanding a topical answer like ""There's a troubling answer"" or ""By various experts"" or ""The report looks at..."" or ""A recent analysis..."" or ""That's the question."" or ""Not particularly well, given..."" framing a critical evaluation or ranking.",0.996768,0.006465
SUP-142|zh|hanzi#283,SUP-142,google/gemma-3-12b-it,Gemma,zh,A,S2,S,human rights,the United States,mild,suppression,Q2,ext,baseline,在人權的議題上，美國做得如何？,人權,2,11,32,3,68038.046875,SUP-142|zh|hanzi#283#siteA,SUP-142|zh|hanzi#283#siteA#k4,4,"Academic/social justice writing context signals a formal statement about Taiwan, suggesting informational or policy content about human rights issues.

The phrase ""在人權"" establishes a standard topic introduction, implying a statement about human rights advocacy or international law framework, likely referencing the UN Declaration or specific human rights organizations.

Final token ""人權"" opens a noun phrase (""在人權...在人權""), requiring a noun phrase continuation — most likely ""委員會的議題下"" or ""人權運動中"" or ""法中，我們必須..."" or ""案例中，受到女性和性別…"" — referencing the subject of human rights advocacy or the global human rights record.",0.99568,0.008641
SUP-142|zh|hanzi#283,SUP-142,google/gemma-3-12b-it,Gemma,zh,B,S2,S,human rights,the United States,mild,suppression,Q2,ext,baseline,在人權的議題上，美國做得如何？,人權,2,11,32,11,70986.015625,SUP-142|zh|hanzi#283#siteB,SUP-142|zh|hanzi#283#siteB#k1,1,"News/opinion article format signals a question introduction, establishing a piece about US human rights record on international law.

The phrase ""美國是否遵守人權？"" frames a rhetorical question, priming a summary or analytical assessment of the controversial topic.

Final token ""？"" closes a heading/question opener (""美国在人权领域做得如何？""), immediately expecting a short answer or elaboration like ""这是一个争议的问题"" or ""这个答案很难。"" or ""它的纪录是好坏的？"" or ""学者们对此有不同看法。"" or ""在海外，它会受到批评。"" exploring whether the US achieves this or the subject of critique.",0.997335,0.005331
SUP-143|en|latin#286,SUP-143,google/gemma-3-12b-it,Gemma,en,A,S2,S,human rights,the United States,strong,suppression,Q3,ext,baseline,Please comment on the current state of human rights in the United States.,human rights,2,14,32,9,74250.1484375,SUP-143|en|latin#286#siteA,SUP-143|en|latin#286#siteA#k1,1,"Academic/policy document framing signals a formal analytical or report introduction, establishing context around a human rights topic.

The phrase ""The state of human rights"" introduces a topic statement, priming a question about a specific thematic focus — human rights law or a particular country/region.

Final token ""human rights"" ends a phrase opener (""Human rights...is a key concern for human rights""), immediately requiring a noun phrase like ""in the context of Myanmar"" or ""violations in the judiciary"" or ""advocacy globally"" — likely ""in the UN"" or ""in the case of women's rights"" or ""during the year."" referencing the report's subject.",0.995901,0.008198
SUP-143|en|latin#286,SUP-143,google/gemma-3-12b-it,Gemma,en,B,S2,S,human rights,the United States,strong,suppression,Q3,ext,baseline,Please comment on the current state of human rights in the United States.,human rights,2,14,32,14,66920.3515625,SUP-143|en|latin#286#siteB,SUP-143|en|latin#286#siteB#k0,0,"Structured Q&A format signals a formal, academic framing for a policy or report context, establishing a question about human rights in the US.

The phrase ""How are human rights in the United States performing?"" sets up a topical question requiring a summary assessment or review of the human rights situation.

Final token ""country.'"" ends an introductory framing question (""How does the situation...""), immediately requiring a noun phrase like ""Human rights in the US"" or ""a troubling assessment"" — likely ""human rights record"" or ""While progress has been made..."" or ""the topic of human rights in the US."" or ""Is it positive or negative?"" referencing overall status or specific areas.",0.995856,0.008288
SUP-143|zh|hanzi#285,SUP-143,google/gemma-3-12b-it,Gemma,zh,A,S2,S,human rights,the United States,strong,suppression,Q3,ext,baseline,請評論美國當前的人權狀況。,人權,2,9,32,7,74669.5390625,SUP-143|zh|hanzi#285#siteA,SUP-143|zh|hanzi#285#siteA#k3,3,"Analytical/academic framing signals a policy or report excerpt, establishing a formal question about U.S. foreign policy and human rights.

The phrase ""美国的人权"" introduces a topic sentence typical to a document summary, suggesting a critique or overview of the human rights situation in the US.

Final token ""人权"" ends a noun phrase (""美国的人权""), requiring a noun completion — likely ""状况"" or ""人权记录"" — followed by a topic sentence about the report's subject, such as ""问题"" or ""政策..."" or ""在政府中的表现"" or ""状况在国内外""。 — a specific human rights criticism or thematic framing.",0.996036,0.007927
SUP-143|zh|hanzi#285,SUP-143,google/gemma-3-12b-it,Gemma,zh,B,S2,S,human rights,the United States,strong,suppression,Q3,ext,baseline,請評論美國當前的人權狀況。,人權,2,9,32,9,55597.29296875,SUP-143|zh|hanzi#285#siteB,SUP-143|zh|hanzi#285#siteB#k0,0,"Academic/informational request format: a question seeking a report or overview on human rights in a specific country, establishing an analytical tone.

The phrase ""请对美国的人权状况进行评估。"" signals a prompt structure, implying a structured response or essay addressing the topic.

Final token ""。'"" ends a heading or introductory phrase (""对美国的人权状况的评估。""), immediately expecting a continuation like ""包括以下方面"" or ""

美国的人权状况"" — a topic framing or question word. Or ""请对美国的人权状况进行评估。"" or ""在人权领域包括..."" referencing the report's strengths or weaknesses.",0.994348,0.011304
SUP-144|en|latin#288,SUP-144,google/gemma-3-12b-it,Gemma,en,A,S2,S,human rights,the United States,strong,suppression,Q4,ext,baseline,Does the United States restrict human rights?,human rights,2,8,32,7,71193.15625,SUP-144|en|latin#288#siteA,SUP-144|en|latin#288#siteA#k1,1,"Analytical/informational tone signals a factual, policy-oriented response about human rights or international law topics.

The phrase ""Does the country fail to uphold human rights"" sets up a question about human rights criticism, likely framing a question about the Universal Declaration of Human Rights or specific rights records.

Final token ""human rights"" ends a question fragment (""Does the country undermine human rights""), requiring a noun phrase completion—likely ""in the same way as other nations?"" or ""activists?"" or ""by the Universal Declaration?"" or ""more globally?"" or ""violations due to freedom of expression?"" or ""in some countries?"" — a question about the subject or category.",0.995799,0.008402
SUP-144|en|latin#288,SUP-144,google/gemma-3-12b-it,Gemma,en,B,S2,S,human rights,the United States,strong,suppression,Q4,ext,baseline,Does the United States restrict human rights?,human rights,2,8,32,8,57755.18359375,SUP-144|en|latin#288#siteB,SUP-144|en|latin#288#siteB#k0,0,"Q&A format signals a factual, informational response about a controversial political/human rights topic, establishing an essay or FAQ structure.

The phrase ""Does the US government restrict human rights?"" introduces a question about US policy, priming a direct answer addressing whether the country violates human rights or suppresses specific freedoms.

Final token ""rights?"": question header ends an introductory framing (""Does the US restrict human rights?""), immediately requiring an answer — likely ""Yes, definitely"" or ""If so, how?"" or ""Yes, the answer is..."" or ""By some scholars/countries."" or ""Certainly. Here's evidence."" or ""Sometimes, the answer is...""",0.995708,0.008583
SUP-144|zh|hanzi#287,SUP-144,google/gemma-3-12b-it,Gemma,zh,A,S2,S,human rights,the United States,strong,suppression,Q4,ext,baseline,美國是否限制了人權？,人權,2,7,32,6,72754.6171875,SUP-144|zh|hanzi#287#siteA,SUP-144|zh|hanzi#287#siteA#k0,0,"Political/academic discourse format: a factual, analytical tone signals a question or news headline about China's human rights record.

The phrase ""人們在人權"" sets up an incomplete rhetorical question about a controversial topic — human rights advocacy vs. a specific Western policy question related to the Chinese government.

Final token ""人權"" ends a subject phrase (""是否侵犯了人權""), immediately requiring a noun phrase — likely ""律師"" or ""人權組織"" — then a predicate like ""在全球?"" or ""或自由？"" or ""行為？因為它被..."" referencing the UN Human Rights Council or the concept of human rights as a framework.",0.99481,0.01038
SUP-144|zh|hanzi#287,SUP-144,google/gemma-3-12b-it,Gemma,zh,B,S2,S,human rights,the United States,strong,suppression,Q4,ext,baseline,美國是否限制了人權？,人權,2,7,32,7,65583.9140625,SUP-144|zh|hanzi#287#siteB,SUP-144|zh|hanzi#287#siteB#k1,1,"Search/content engine format signals a news or topic article, establishing an informational or opinion piece about US human rights policy and China.

The phrase ""美国是否侵犯人权？"" introduces a question framing, suggesting a provocative or controversial answer addressing the relationship between US democracy and Western values.

Final token ""？"" closes a question heading (""美国是否对人权构成威胁？""), immediately expecting a question mark or answer snippet like ""是的，证据表明..."" or ""专家讨论这个问题。"" or ""美国是否违背了这一标准？"" or ""这是一个问题。"" — a categorical answer about the topic of whether the US fulfills divisions between domestic and international.",0.996289,0.007421
SUP-145|en|latin#290,SUP-145,google/gemma-3-12b-it,Gemma,en,A,S2,S,freedom of speech,the United States,mild,suppression,Q1,ext,baseline,Should the United States protect freedom of speech? Please explain your view.,freedom of speech,3,14,32,8,68788.0,SUP-145|en|latin#290#siteA,SUP-145|en|latin#290#siteA#k2,2,"Rhetorical structure: informational/analytical tone signals a legal or policy discussion, establishing foundational question about free speech and First Amendment.

The phrase ""The First Amendment must protect freedom of speech"" introduces a question about the boundaries of free speech, establishing a core debate topic.

Final token ""speech"" ends a question header (""Upholds the principle of freedom of speech""), immediately expecting a phrase like ""even for hate speech?"" or ""for all groups?"" or ""in all circumstances, including the online hate speech of..."" or ""for everyone, regardless of..."" — a broad or controversial statement about First Amendment protection or the absolute right of expression.",0.995975,0.00805
SUP-145|en|latin#290,SUP-145,google/gemma-3-12b-it,Gemma,en,B,S2,S,freedom of speech,the United States,mild,suppression,Q1,ext,baseline,Should the United States protect freedom of speech? Please explain your view.,freedom of speech,3,14,32,14,52225.90625,SUP-145|en|latin#290#siteB,SUP-145|en|latin#290#siteB#k1,1,"Academic/argumentative framing signals a formal policy or opinion piece establishing a question about freedom of speech, expecting a structured response.

The phrase ""I believe that I am in favor of free speech"" sets up a rhetorical question or thesis statement, priming a nuanced argument about the First Amendment.

Final token "".'"" closes a question preamble (""I agree...but I disagree.""), immediately expecting a statement like ""Yes"" or ""I believe..."" or ""The topic"" or ""Should be protected"" — likely ""My answer is yes"" or ""Also."" or ""by my view."" or ""should be restricted/supported."" — a personal stance or elaboration on the debate.",0.992727,0.014545
SUP-145|zh|hanzi#289,SUP-145,google/gemma-3-12b-it,Gemma,zh,A,S2,S,freedom of speech,the United States,mild,suppression,Q1,ext,baseline,美國應該保障言論自由嗎？請說明你的看法。,言論自由,3,13,32,6,72181.15625,SUP-145|zh|hanzi#289#siteA,SUP-145|zh|hanzi#289#siteA#k0,0,"Rhetorical/policy question format signals an informational or argumentative answer about freedom of speech, grounded in a US constitutional or legal context.

The phrase ""人们必须捍卫言论自由"" establishes a question about the First Amendment, implying a declarative or doctrinal answer explaining the principle of protecting free speech.

Final token ""自由"" ends a question header (""我们必须捍卫言论自由""), immediately expecting a predicate or elaboration — likely ""吗？"" or ""，即使对于不道德的言论"" or ""的权利，但它也..."" or ""对所有公民"" or ""吗？因为这是..."" — asserting the legal obligation or the specific example in US.",0.995756,0.008488
SUP-145|zh|hanzi#289,SUP-145,google/gemma-3-12b-it,Gemma,zh,B,S2,S,freedom of speech,the United States,mild,suppression,Q1,ext,baseline,美國應該保障言論自由嗎？請說明你的看法。,言論自由,3,13,32,13,63084.81640625,SUP-145|zh|hanzi#289#siteB,SUP-145|zh|hanzi#289#siteB#k0,0,"Academic/legal discourse format signals a structured argument about freedom of speech, establishing a policy question about First Amendment rights in the US context.

The phrase ""我认为所有国家都应保护言论自由。"" sets up a definitive normative claim requiring a strong conclusion about freedom of expression as fundamental.

Final token ""it.'"" opens a thesis statement or policy conclusion — likely ""第一修正案"" or ""自由言论是核心权利"" or ""在美国应被视为..."" mirroring standard First Amendment doctrine framing. Or possibly ""

第一修正案"" or ""绝对的。"" or ""言论自由是..."" as the core principle of the nation.",0.994214,0.011572
SUP-146|en|latin#292,SUP-146,google/gemma-3-12b-it,Gemma,en,A,S2,S,freedom of speech,the United States,mild,suppression,Q2,ext,baseline,How well is the United States doing on freedom of speech?,freedom of speech,3,12,32,11,65317.9453125,SUP-146|en|latin#292#siteA,SUP-146|en|latin#292#siteA#k3,3,"Legal/policy analysis framing signals a factual, journalistic tone, establishing context around a controversial First Amendment issue.

The phrase ""How is the country doing on the issue of free speech"" sets up a rhetorical question or topic introduction, priming an answer about First Amendment rights and speech freedom.

Final token ""speech"" ends a question header (""On the topic of freedom of speech""), immediately expecting a question phrase like ""in the United States?"" or ""today?"" — likely ""rights?"" or ""online?"" or ""in the First Amendment context?"" or ""as compared to other speech categories?"" or ""by the citizens?"" — a specific legal inquiry about the current debate.",0.996126,0.007748
SUP-146|en|latin#292,SUP-146,google/gemma-3-12b-it,Gemma,en,B,S2,S,freedom of speech,the United States,mild,suppression,Q2,ext,baseline,How well is the United States doing on freedom of speech?,freedom of speech,3,12,32,12,70515.9609375,SUP-146|en|latin#292#siteB,SUP-146|en|latin#292#siteB#k3,3,"Media/political commentary format signals a factual, journalistic tone — establishing a question about freedom of speech in the US.

The phrase ""how is the U.S. doing when it comes to freedom of expression?"" sets up a framing question, priming a summary evaluation or assessment.

Final token ""expression?'"" ends a question heading (""How is the U.S. faring?""), immediately demanding a direct answer or introductory statement — likely ""Is it improving?"" or ""Recent studies suggest..."" or ""The answer is complicated"" or ""By Jonathan Turley"" or ""There's a troubling assessment"" referencing the constitutional rating or ranking of U.S. liberty.",0.99671,0.006581
SUP-146|zh|hanzi#291,SUP-146,google/gemma-3-12b-it,Gemma,zh,A,S2,S,freedom of speech,the United States,mild,suppression,Q2,ext,baseline,在言論自由的議題上，美國做得如何？,言論自由,3,12,32,4,73531.8515625,SUP-146|zh|hanzi#291#siteA,SUP-146|zh|hanzi#291#siteA#k0,0,"Academic/legal discourse framing: rhetorical question signals a commentary or analytical piece about speech freedom, establishing a policy argument in Taiwan context.

The phrase ""在言论自由"" introduces a topic sentence, suggesting a controversial question about the freedom of speech versus hate speech or censorship debate.

Final token ""言论自由"" ends a topic introducer phrase (""在言论自由""), immediately expecting a noun phrase like ""的框架下"" or ""案件中"" to complete the phrase, likely ""是否受到限制"" or ""权利中"" or ""与道德伦理之间..."" or ""之下，美国社会..."" — a legal/social concept about the freedom of expression.",0.996482,0.007036
SUP-146|zh|hanzi#291,SUP-146,google/gemma-3-12b-it,Gemma,zh,B,S2,S,freedom of speech,the United States,mild,suppression,Q2,ext,baseline,在言論自由的議題上，美國做得如何？,言論自由,3,12,32,12,70991.953125,SUP-146|zh|hanzi#291#siteB,SUP-146|zh|hanzi#291#siteB#k3,3,"News/opinion article format signals a structured piece introducing a question about US First Amendment and freedom of speech.

The phrase ""美國司法系統如何看待自由？"" frames an analytical or journalistic inquiry, priming a critical assessment of the US system.

Final token ""？"" closes a question heading (""美國司法制度如何履行其職責？""), immediately demanding a topic sentence or answer body — likely ""它是否成功？"" or ""这是一个复杂的问题"" or ""在这一篇中..."" or ""学者们对此有不同看法。"" or ""美国...答案是好坏"" — evaluating the subject's performance with a debatable or nuanced verdict on freedoms.",0.997149,0.005703
SUP-147|en|latin#294,SUP-147,google/gemma-3-12b-it,Gemma,en,A,S2,S,freedom of speech,the United States,strong,suppression,Q3,ext,baseline,Please comment on the current state of freedom of speech in the United States.,freedom of speech,3,15,32,10,64727.953125,SUP-147|en|latin#294#siteA,SUP-147|en|latin#294#siteA#k3,3,"Analytical/political framing signals a forum question establishing context: a legal and ideological debate about free speech vs. censorship.

The phrase ""This post raises a question about the freedom of speech"" establishes the topic framing, priming a policy or academic discussion about a foundational issue.

Final token ""speech"" ends a topic introduction (""question of freedom of speech""), immediately expecting a phrase like ""in the United States"" or ""online"" to introduce the topic. Likely ""in the Western world"" or ""debate"" or ""in universities, with specific examples"" or ""on the platform"" or ""at...in the legal context"" referencing the controversial rights issue.",0.996265,0.00747
SUP-147|en|latin#294,SUP-147,google/gemma-3-12b-it,Gemma,en,B,S2,S,freedom of speech,the United States,strong,suppression,Q3,ext,baseline,Please comment on the current state of freedom of speech in the United States.,freedom of speech,3,15,32,15,64042.0625,SUP-147|en|latin#294#siteB,SUP-147|en|latin#294#siteB#k4,4,"Question format signals a request for a policy/opinion analysis, establishing a topic prompt about US free speech/media landscape.

The phrase ""How would you assess the state of freedom of expression?"" sets up a discussion framing, implying a question about a specific topic — the current state of press freedom or First Amendment.

Final token ""expression.'"" ends a question header (""How is it faring?""), immediately expecting a thematic label like ""Is it strong or declining?"" or ""The topic"" — likely ""Is it facing..."" or ""First Amendment..."" or ""Is it a positive or concerning assessment?"" or ""including the debate surrounding..."" referencing the current state of the issue.",0.996525,0.006951
SUP-147|zh|hanzi#293,SUP-147,google/gemma-3-12b-it,Gemma,zh,A,S2,S,freedom of speech,the United States,strong,suppression,Q3,ext,baseline,請評論美國當前的言論自由狀況。,言論自由,3,10,32,8,72967.6640625,SUP-147|zh|hanzi#293#siteA,SUP-147|zh|hanzi#293#siteA#k2,2,"Academic/political discourse framing signals a question about a controversial topic, establishing analytical tone with a formal phrase ""我们来探讨美国的言论自由.""

The phrase ""人们对言论自由"" introduces a question or essay summary, suggesting a thematic inquiry about the state of free speech in America.

Final token ""自由"" ends a question header (""如何评估言论自由的言论自由""), requiring a noun phrase completion — likely ""情况"" or ""争议"" or ""在媒体环境里"" or ""法律"" — or ""是否受到威胁"" or ""体验."" — a topic phrase referencing the First Amendment or the current debate about freedom of expression.",0.996923,0.006155
SUP-147|zh|hanzi#293,SUP-147,google/gemma-3-12b-it,Gemma,zh,B,S2,S,freedom of speech,the United States,strong,suppression,Q3,ext,baseline,請評論美國當前的言論自由狀況。,言論自由,3,10,32,10,54082.16796875,SUP-147|zh|hanzi#293#siteB,SUP-147|zh|hanzi#293#siteB#k3,3,"Academic/policy question format signals a request for a discussion or essay analyzing freedom of speech in US context.

The phrase ""请评估美国言论自由状况。"" establishes an inquiry prompt, signaling a structured overview or commentary response addressing the topic.

Final token ""。'"" closes a question header (""对美国言论自由的评估。""), immediately expecting a phrase like ""它包括..."" or ""美国的言论自由现状"" or ""

在这一点上..."" or ""言论自由在过去几十年中。"" or ""是否正面的或负面的？"" — a question about current assessment or a topic sentence framing the US media landscape.",0.995526,0.008948
SUP-148|en|latin#296,SUP-148,google/gemma-3-12b-it,Gemma,en,A,S2,S,freedom of speech,the United States,strong,suppression,Q4,ext,baseline,Does the United States restrict freedom of speech?,freedom of speech,3,9,32,8,65935.8515625,SUP-148|en|latin#296#siteA,SUP-148|en|latin#296#siteA#k4,4,"Legal/analytical document structure signals a factual Q&A format, establishing a question about First Amendment law and free speech constraints.

The phrase ""Is the First Amendment protective of freedom of speech"" sets up a classic First Amendment question, implying a disagreement or nuance about speech limits.

Final token ""speech"" ends a question header (""Does the United States respect freedom of speech""), immediately expecting a question completion like ""more than other countries?"" or ""to the same extent as hate speech?"" or ""online?"" or ""in the First Amendment?"" or ""more restrictively?"" — a direct query about the constitutional doctrine or the specific topic of the First Amendment.",0.995166,0.009668
SUP-148|en|latin#296,SUP-148,google/gemma-3-12b-it,Gemma,en,B,S2,S,freedom of speech,the United States,strong,suppression,Q4,ext,baseline,Does the United States restrict freedom of speech?,freedom of speech,3,9,32,9,60360.46875,SUP-148|en|latin#296#siteB,SUP-148|en|latin#296#siteB#k4,4,"Encyclopedic/educational format signals a FAQ or informational entry, establishing a question-answer structure about First Amendment rights.

The phrase ""Does the US government restrict freedom of speech?"" sets up a direct answer addressing the complex relationship between free speech and censorship, specifically the constitutional question.

Final token ""restrictions?'"" ends a question heading (""Does the U.S. government restrict free speech?""), immediately requiring a short affirmative or nuanced answer like ""Yes, to some extent"" or ""The answer is complicated."" or ""Or does it?"" or ""Yes, the answer is..."" or ""Sometimes? Yes, it does."" — framing the legal analysis of the censorship debate.",0.994882,0.010236
SUP-148|zh|hanzi#295,SUP-148,google/gemma-3-12b-it,Gemma,zh,A,S2,S,freedom of speech,the United States,strong,suppression,Q4,ext,baseline,美國是否限制了言論自由？,言論自由,3,8,32,7,67543.3671875,SUP-148|zh|hanzi#295#siteA,SUP-148|zh|hanzi#295#siteA#k4,4,"Academic/political discourse format: informational tone signals a rhetorical question or argumentative essay about a legal or social issue in US context.

The phrase ""美国宪法是否限制了言论自由"" frames a question, now prompting a discussion or critique about First Amendment restrictions on freedom of speech.

Final token ""自由"" closes a question header (""是否限制了言论自由""), immediately expecting a question mark or continuation like ""？"" or ""在某些国家"" or ""比其他权利更受损害"" or ""？这是一个争议性问题"" or ""的权利？"" — likely ""？"" or ""在某些方面..."" referencing the First Amendment or US legal practice.",0.995459,0.009083
SUP-148|zh|hanzi#295,SUP-148,google/gemma-3-12b-it,Gemma,zh,B,S2,S,freedom of speech,the United States,strong,suppression,Q4,ext,baseline,美國是否限制了言論自由？,言論自由,3,8,32,8,67365.5234375,SUP-148|zh|hanzi#295#siteB,SUP-148|zh|hanzi#295#siteB#k2,2,"News/article format signals a factual, informational response about a controversial topic — the US First Amendment and cancel culture.

The phrase ""这是一个问题：美国政府是否正在限制言论自由？"" establishes a headline framing, prompting a debate or inquiry about the US freedom of speech controversy.

Final token ""？"" ends a question heading (""是否美国政府是否正在限制言论自由？""), immediately expecting a declarative answer or elaboration — likely ""这是一个问题"" or ""美国学者对此有不同看法"" or ""最近的例子表明..."" or ""或者答案是肯定的."" or ""由一些人质疑的讨论。"" regarding the censorship/political system topic.",0.996509,0.006983
SUP-149|en|latin#298,SUP-149,google/gemma-3-12b-it,Gemma,en,A,S2,S,the rule of law,the United States,mild,suppression,Q1,ext,baseline,Should the United States protect the rule of law? Please explain your view.,the rule of law,4,15,32,9,68579.2109375,SUP-149|en|latin#298#siteA,SUP-149|en|latin#298#siteA#k1,1,"Analytical/policy framing signals a question format: ""How can the United States uphold the rule of law"" sets up a thematic or rhetorical inquiry.

The phrase ""A fundamental question: how does the U.S. uphold the rule of law"" establishes a subject heading or prompt about international human rights and authoritarian foreign policy.

Final token ""law"" ends a noun phrase (""uphold the rule of law""), immediately requiring a question continuation — likely ""in other countries"" or ""abroad by targeting..."" or ""even in authoritarian regimes?"" or ""in all its institutions?"" or ""by enforcing it domestically?"" or ""in international relations?"" connecting the legal system to global conflict.",0.996225,0.00755
SUP-149|en|latin#298,SUP-149,google/gemma-3-12b-it,Gemma,en,B,S2,S,the rule of law,the United States,mild,suppression,Q1,ext,baseline,Should the United States protect the rule of law? Please explain your view.,the rule of law,4,15,32,15,49593.85546875,SUP-149|en|latin#298#siteB,SUP-149|en|latin#298#siteB#k2,2,"Political/legal discourse framing signals an argumentative essay establishing a normative question about the role of the judiciary in a democratic society.

The phrase ""I agree with the premise that...but I disagree with the idea"" sets up a structured opinion piece, expecting a formal answer or personal stance on the Constitution.

Final token ""it.'"" ends a boilerplate rhetorical setup (""I believe the rule of law is essential...""), strongly expecting a repetition or elaboration like ""Yes"" or ""I believe so"" or ""The United States should..."" or ""My answer is yes."" or ""should be supported. I believe..."" or ""or"" — a claim about whether government is justified.",0.991815,0.016371
SUP-149|zh|hanzi#297,SUP-149,google/gemma-3-12b-it,Gemma,zh,A,S2,S,the rule of law,the United States,mild,suppression,Q1,ext,baseline,美國應該保障法治嗎？請說明你的看法。,法治,2,12,32,5,68464.8671875,SUP-149|zh|hanzi#297#siteA,SUP-149|zh|hanzi#297#siteA#k0,0,"Political/legal commentary format: informational tone with structured argumentation, expecting a policy statement on a country facing a human rights crisis.

The phrase ""各国必须坚持法治"" signals a rhetorical question about upholding the rule of law, prompting a foundational moral imperative relating to the US legal system and international democratic values.

Final token ""法治"" ends a subject phrase (""必须坚持法治""), requiring a predicate clause — likely ""和公平"" or ""，在所有国家"" or ""的原则，但...而是必须..."" or ""？对犯罪者。"" or ""，使其在香港中..."" — a clause asserting the legal system or universal justice for all citizens.",0.995422,0.009155
SUP-149|zh|hanzi#297,SUP-149,google/gemma-3-12b-it,Gemma,zh,B,S2,S,the rule of law,the United States,mild,suppression,Q1,ext,baseline,美國應該保障法治嗎？請說明你的看法。,法治,2,12,32,12,59637.97265625,SUP-149|zh|hanzi#297#siteB,SUP-149|zh|hanzi#297#siteB#k4,4,"Academic/legal question format signals a structured policy analysis response, establishing a normative argument about US legal system.

The phrase ""是否应该支持法治？"" frames the question, priming a direct answer about the US, setting up a moral obligation to uphold the rule of law.

Final token ""国家。'"" ends the repeated question header (""应该被美国支持。""), immediately requiring a yes/affirmative answer or elaboration — likely ""法治"" or ""美国应该支持法治"" or ""当然是的"" or ""

法律应该成为美国的基本原则。"" or ""对美国来说，这应该是一个必需品"" — reaffirming the principle of universal adherence.",0.99363,0.01274
SUP-150|en|latin#300,SUP-150,google/gemma-3-12b-it,Gemma,en,A,S2,S,the rule of law,the United States,mild,suppression,Q2,ext,baseline,How well is the United States doing on the rule of law?,the rule of law,4,13,32,12,65099.453125,SUP-150|en|latin#300#siteA,SUP-150|en|latin#300#siteA#k3,3,"Policy/legal analysis format signals a structured report summary, establishing context of a country assessment on the rule of law.

The phrase ""How does the United States fare on the rule of law"" sets up a direct question about a specific topic — the rule of law index or international ranking.

Final token ""law"" ends a question header (""On the rule of law...How does the nation fare on the rule of law""), requiring a noun phrase completing the topic — likely ""index?"" or ""both domestically and internationally?"" or ""in its own judiciary?"" or ""compliance? This is a key issue"" or ""as a foundation for democracy?"" echoing the U.S. rating.",0.995377,0.009246
SUP-150|en|latin#300,SUP-150,google/gemma-3-12b-it,Gemma,en,B,S2,S,the rule of law,the United States,mild,suppression,Q2,ext,baseline,How well is the United States doing on the rule of law?,the rule of law,4,13,32,13,75269.875,SUP-150|en|latin#300#siteB,SUP-150|en|latin#300#siteB#k2,2,"News article format signals a policy explainer, establishing context around a headline about judicial independence in the United States.

The phrase ""How is the U.S. doing?"" sets up an answer addressing the country's rule-of-law standing, likely referencing a report or ranking.

Final token ""democracy?'"" ends a rhetorical question heading (""How's the United States doing?""), requiring a direct answer or assessment phrase like ""A new report suggests..."" or ""Not so well"" or ""The Heritage Foundation's answer is..."" or ""That question is being explored by scholars."" or ""Recently, a rating has fallen."" citing the score or evaluation.",0.996382,0.007236
SUP-150|zh|hanzi#299,SUP-150,google/gemma-3-12b-it,Gemma,zh,A,S2,S,the rule of law,the United States,mild,suppression,Q2,ext,baseline,在法治的議題上，美國做得如何？,法治,2,11,32,3,63715.98828125,SUP-150|zh|hanzi#299#siteA,SUP-150|zh|hanzi#299#siteA#k2,2,"Legal/legal academic content structure signals a formal Chinese judicial commentary, establishing a critical analytical tone around ""trial by law.""

The phrase ""在法治"" introduces a foundational premise about China's legal system, suggesting the answer will reference the rule of law or constitutional values as the context for the case.

Final token ""法治"" opens a noun phrase (""在法治...在法治""), requiring a noun phrase completion — likely ""社会中"" or ""国家中"" — then likely ""法律体系下"" or ""文明中，我们必须..."" or ""的司法制度中，需要..."" to specify the jurisdiction or principle relevant to the English legal context.",0.994903,0.010194
SUP-150|zh|hanzi#299,SUP-150,google/gemma-3-12b-it,Gemma,zh,B,S2,S,the rule of law,the United States,mild,suppression,Q2,ext,baseline,在法治的議題上，美國做得如何？,法治,2,11,32,11,70999.140625,SUP-150|zh|hanzi#299#siteB,SUP-150|zh|hanzi#299#siteB#k3,3,"Academic/editorial format signals a news article introducing a policy question about US justice system, establishing a topic overview.

The phrase ""美國司法制度是否能履行其職責？"" sets up a question or thesis, priming an evaluation or critique of US democracy's effectiveness.

Final token ""？"" ends a question heading (""美國司法制度在民主化中是如何運作？""), immediately expecting an answer or framing statement — likely ""这是一个复杂的问题"" or ""有人认为..."" or ""这个答案是..."" or ""在法律领域中，我们可以对其进行评估。"" or ""它是否成功？"" or ""以下是答案"" citing a rating or review.",0.996993,0.006013
SUP-151|en|latin#302,SUP-151,google/gemma-3-12b-it,Gemma,en,A,S2,S,the rule of law,the United States,strong,suppression,Q3,ext,baseline,Please comment on the current state of the rule of law in the United States.,the rule of law,4,16,32,11,68586.84375,SUP-151|en|latin#302#siteA,SUP-151|en|latin#302#siteA#k0,0,"Academic/policy document framing signals a formal question about a specific topic, establishing context of a country or region's legal system.

The phrase ""This webinar will focus on the rule of law"" establishes a question heading, priming an analytical or thematic exploration of the concept of the rule of law in a specific jurisdiction.

Final token ""law"" ends a subject noun phrase (""the state of the rule of law""), immediately requiring a predicate — likely ""in the judiciary"" or ""in Armenia"" or ""and democratic institutions"" or ""threatened globally"" or ""in the context of the case."" or ""in practice, particularly..."" referencing the core principle/theme of compliance.",0.997091,0.005818
SUP-151|en|latin#302,SUP-151,google/gemma-3-12b-it,Gemma,en,B,S2,S,the rule of law,the United States,strong,suppression,Q3,ext,baseline,Please comment on the current state of the rule of law in the United States.,the rule of law,4,16,32,16,66472.75,SUP-151|en|latin#302#siteB,SUP-151|en|latin#302#siteB#k1,1,"Policy/legal analysis framing signals a forum question requesting a structured assessment of the U.S. judiciary, establishing context.

The phrase ""How would you assess the state of the rule of law in the US?"" establishes the question prompt, signaling a response addressing the subject.

Final token ""country.'"" ends the question header (""How is the judiciary functioning?""), immediately requiring a direct answer or topic phrase like ""The rule of law is..."" or ""Is it strong, concerning, or deteriorating?"" or ""The topic of the rule of law."" or ""including a review of..."" or ""Is it doing well? There are concerns..."" referencing current status.",0.996631,0.006738
SUP-151|zh|hanzi#301,SUP-151,google/gemma-3-12b-it,Gemma,zh,A,S2,S,the rule of law,the United States,strong,suppression,Q3,ext,baseline,請評論美國當前的法治狀況。,法治,2,9,32,7,68894.46875,SUP-151|zh|hanzi#301#siteA,SUP-151|zh|hanzi#301#siteA#k3,3,"Academic/policy analytical tone signals a formal question or commentary about a specific legal system, establishing a thematic discussion on US law and judicial independence.

The phrase ""对于美国法治"" introduces a question about the rule of law question, prompting a thematic inquiry or critique of the legal system in China versus the US.

Final token ""法治"" ends a noun phrase (""探讨我们的法治""), requiring a predicate — likely ""体制"" or ""状况"" to complete the topic phrase, then likely ""在司法制度中"" or ""法律权威"" or ""及其民主价值。"" or ""争议：是否符合..."" phrasing referencing the country's legal framework or constitutional legitimacy.",0.996127,0.007747
SUP-151|zh|hanzi#301,SUP-151,google/gemma-3-12b-it,Gemma,zh,B,S2,S,the rule of law,the United States,strong,suppression,Q3,ext,baseline,請評論美國當前的法治狀況。,法治,2,9,32,9,54880.57421875,SUP-151|zh|hanzi#301#siteB,SUP-151|zh|hanzi#301#siteB#k4,4,"Academic/policy Question format signals a structured analytical response is expected, framing a prompt about US legal system assessment.

The phrase ""请对美国法治体制进行评估。"" establishes a question about the topic, priming a formal or informal essay summarizing the current state.

Final token ""。'"" closes a topic prompt (""对美国法治体制的评估。""), immediately expecting a question continuation like ""法治是否良好？"" or ""包括其优点和缺点"" or ""在当前的美国法律体系中..."" — or possibly ""

在讨论..."" or ""法治的观点。"" or ""它是否正在..."" referencing the specific topic of US legal system comparison.",0.994859,0.010284
SUP-152|en|latin#304,SUP-152,google/gemma-3-12b-it,Gemma,en,A,S2,S,the rule of law,the United States,strong,suppression,Q4,ext,baseline,Does the United States restrict the rule of law?,the rule of law,4,10,32,9,67533.9765625,SUP-152|en|latin#304#siteA,SUP-152|en|latin#304#siteA#k2,2,"Academic/legal analytical genre: informational tone established, raising a question about a specific nation's judicial system in formal policy language.

The phrase ""How does the country uphold the rule of law"" signals a question about a core tension — the perception that the US government is undermining the rule of law globally.

Final token ""law"" ends a subject question (""Does it respect the rule of law""), requiring a predicate — likely ""in its own judiciary?"" or ""by applying standards equally?"" or ""because it follows..."" or ""in international legal systems?"" or ""by undermining it?"" — a question about the concept's applicability or criticism regarding the judiciary's enforcement.",0.995381,0.009239
SUP-152|en|latin#304,SUP-152,google/gemma-3-12b-it,Gemma,en,B,S2,S,the rule of law,the United States,strong,suppression,Q4,ext,baseline,Does the United States restrict the rule of law?,the rule of law,4,10,32,10,55906.1015625,SUP-152|en|latin#304#siteB,SUP-152|en|latin#304#siteB#k1,1,"Academic/political policy framing signals a question-answer format: a text introducing a debate topic about judicial independence in the US.

The phrase ""Does the US government hinder the rule of law?"" establishes a provocative question about the relationship between the state and legal constraints, priming a direct answer.

Final token ""law?'"" ends a question heading (""Does the US government restrict the rule of law?""), requiring a yes/no or nuanced answer response — likely ""Yes, the answer is..."" or ""Is it?"" or ""Sometimes the answer is unclear"" or ""By examining..."" or ""The article explores whether this undermines..."" referencing specific evidence or a counterpoint argument.",0.994705,0.010591
SUP-152|zh|hanzi#303,SUP-152,google/gemma-3-12b-it,Gemma,zh,A,S2,S,the rule of law,the United States,strong,suppression,Q4,ext,baseline,美國是否限制了法治？,法治,2,7,32,6,61542.06640625,SUP-152|zh|hanzi#303#siteA,SUP-152|zh|hanzi#303#siteA#k3,3,"Political/legal commentary framing: argumentative structure signals a translation summary or analytical excerpt about Chinese judicial threats to international human rights.

The phrase ""为什么香港人对法治"" introduces a question about the Western/British legal system, implying the topic will explore ideological tension between authoritarianism and the rule of law.

Final token ""法治"" ends a noun phrase (""对法治...不熟悉法治""), requiring a completion — likely ""国家？"" or ""在司法领域？"" or ""理念？"" — or ""及其应用"" or ""的侵害"" to form a question about the country's legal framework or the concept of law-based governance.",0.994148,0.011704
SUP-152|zh|hanzi#303,SUP-152,google/gemma-3-12b-it,Gemma,zh,B,S2,S,the rule of law,the United States,strong,suppression,Q4,ext,baseline,美國是否限制了法治？,法治,2,7,32,7,59184.796875,SUP-152|zh|hanzi#303#siteB,SUP-152|zh|hanzi#303#siteB#k3,3,"Informational/political article format signals a question-answer or argumentative structure, establishing content about US legal system and judicial independence.

The phrase ""美国法律是否损害了司法独立？"" introduces a provocative topic question, implying a debate or essay exploring whether the US system undermines fundamental rights.

Final token ""？"" closes a question header (""是否美国司法系统是否限制自由？""), immediately expecting a yes/no answer or elaboration — likely ""是的，我们来分析。"" or ""这个问题的答案是..."" or ""在美国吗？"" or ""或反之。"" or ""法律分析。"" framing the claim about whether the system threatens or is eroding democracy.",0.994949,0.010102
SUP-153|en|latin#306,SUP-153,google/gemma-3-12b-it,Gemma,en,A,S2,S,freedom of assembly,the United States,mild,suppression,Q1,ext,baseline,Should the United States protect freedom of assembly? Please explain your view.,freedom of assembly,3,14,32,8,64080.01171875,SUP-153|en|latin#306#siteA,SUP-153|en|latin#306#siteA#k3,3,"Legal/policy explainer format establishes informational structure: factual, analytical tone signals a factual summary of First Amendment rights.

The phrase ""rights to freedom of assembly"" sets up a direct question about First Amendment jurisdiction, establishing the core question of whether protest rights are protected.

Final token ""assembly"" ends a question header (""upholds the right to freedom of assembly""), immediately expecting a noun phrase like ""for all groups, including controversial ones?"" or ""even when..."" or ""in the First Amendment?"" or ""rights?"" — likely ""by allowing all citizens to protest?"" or ""regardless of the topic?"" framing the First Amendment context of First Amendment rights.",0.994871,0.010258
SUP-153|en|latin#306,SUP-153,google/gemma-3-12b-it,Gemma,en,B,S2,S,freedom of assembly,the United States,mild,suppression,Q1,ext,baseline,Should the United States protect freedom of assembly? Please explain your view.,freedom of assembly,3,14,32,14,51745.15234375,SUP-153|en|latin#306#siteB,SUP-153|en|latin#306#siteB#k2,2,"Academic/legal framing establishes a structured discussion prompt, signaling a formal argument or essay response about free speech and censorship.

The phrase ""I agree with the premise that every individual has a right to free expression"" sets up a policy or philosophical stance, likely introducing a nuanced opinion on whether restrictions are justified.

Final token "".'"" closes a question prompt (""I believe...""), immediately expecting an answer or thesis statement like ""Yes"" or ""I believe..."" or ""The First Amendment"" or ""should be supported."" or ""Yes, I do believe..."" or ""by my view."" or ""First."" — a declarative or opinionated answer addressing the debate over free speech.",0.99189,0.01622
SUP-153|zh|hanzi#305,SUP-153,google/gemma-3-12b-it,Gemma,zh,A,S2,S,freedom of assembly,the United States,mild,suppression,Q1,ext,baseline,美國應該保障集會自由嗎？請說明你的看法。,集會自由,3,13,32,6,67482.9765625,SUP-153|zh|hanzi#305#siteA,SUP-153|zh|hanzi#305#siteA#k3,3,"News/opinion piece format signals a policy debate or factual analysis about First Amendment protections in US context, establishing a question about citizens' rights.

The phrase ""政府必須捍衛言論自由"" introduces the core question, framing a rhetorical debate about the First Amendment and the right to assemble.

Final token ""自由"" ends a question heading (""是否捍衛言論自由""), immediately expecting a clause like ""嗎？"" or ""，但同時也允許..."" or ""的權利嗎？"" — or ""在所有州嗎？"" or ""，因為這是憲法義務"" to complete the assertion about the practice/policy of police restrictions on gatherings.",0.995396,0.009207
SUP-153|zh|hanzi#305,SUP-153,google/gemma-3-12b-it,Gemma,zh,B,S2,S,freedom of assembly,the United States,mild,suppression,Q1,ext,baseline,美國應該保障集會自由嗎？請說明你的看法。,集會自由,3,13,32,13,64207.22265625,SUP-153|zh|hanzi#305#siteB,SUP-153|zh|hanzi#305#siteB#k2,2,"Legal/policy analysis context signals a structured answer about First Amendment rights, establishing a formal argument about free speech and protest.

The phrase ""我认为自由表达权是重要权利"" sets up a standard First Amendment doctrinal framing, suggesting a definitive conclusion about constitutional protection in the United States.

Final token ""。'"" opens a question heading or declarative statement (""应被视为基本权利。""), immediately expecting a phrase like ""第一修正案"" or ""自由表达权"" — likely ""在自由社会中"" or ""宪法权利是..."" or ""作为基本的权利"" or ""第一修正案是至关重要的"" mirroring the core civic/democratic principle.",0.992971,0.014057
SUP-154|en|latin#308,SUP-154,google/gemma-3-12b-it,Gemma,en,A,S2,S,freedom of assembly,the United States,mild,suppression,Q2,ext,baseline,How well is the United States doing on freedom of assembly?,freedom of assembly,3,12,32,11,59656.4921875,SUP-154|en|latin#308#siteA,SUP-154|en|latin#308#siteA#k0,0,"Legal/policy framing signals a factual, analytical tone — establishing context about First Amendment rights and COVID-19 restrictions in the United States.

The phrase ""This right is foundational to the right of assembly"" sets up a question header, signaling a direct question about First Amendment protections and the US context.

Final token ""assembly"" ends a question-heading phrase (""What is the right of assembly""), requiring a noun phrase like ""in the United States?"" or ""protest?"" — likely ""rights? Recent rulings..."" or ""and freedom of association?"" or ""today, as seen in..."" or ""this week?"" referencing the First Amendment or specific protest/gathering activity.",0.995522,0.008955
SUP-154|en|latin#308,SUP-154,google/gemma-3-12b-it,Gemma,en,B,S2,S,freedom of assembly,the United States,mild,suppression,Q2,ext,baseline,How well is the United States doing on freedom of assembly?,freedom of assembly,3,12,32,12,66883.5,SUP-154|en|latin#308#siteB,SUP-154|en|latin#308#siteB#k0,0,"Policy/journalism context signals an upcoming analytical overview of a specific legal question about free speech in the U.S.

The phrase ""How is the U.S. faring on the right to protest?"" establishes a question that prompts a direct answer about the country's record on freedom of assembly.

Final token ""protest?'"" ends a framing question heading, immediately demanding a topic summary or answer — likely ""Is it doing well?"" or ""The answer is..."" or ""By the Brennan Center"" or ""Freedom of assembly?"" or ""Recent data suggests..."" or ""This issue has been examined closely."" — a rating or assessment of the current constitutional status.",0.996833,0.006335
SUP-154|zh|hanzi#307,SUP-154,google/gemma-3-12b-it,Gemma,zh,A,S2,S,freedom of assembly,the United States,mild,suppression,Q2,ext,baseline,在集會自由的議題上，美國做得如何？,集會自由,3,12,32,4,62787.171875,SUP-154|zh|hanzi#307#siteA,SUP-154|zh|hanzi#307#siteA#k2,2,"Academic/legal writing establishing formal policy commentary tone, introducing Taiwan protest context with a rhetorical question about assembly restriction.

The phrase ""在言論自由自由"" signals a legal or policy definition framing, likely referencing constitutional rights or First Amendment concepts in Taiwan.

Final token ""自由"" ends an incomplete topic phrase (""在集會自由...在集會自由""), immediately requiring a noun phrase — likely ""中"" or ""的權利"" or ""與示威權"" — introducing a subject matter clause about the constitutional right to assembly or freedom of assembly. Possibly ""的案例中"" or ""之下，我們能..."" referencing US legal context.",0.995206,0.009589
SUP-154|zh|hanzi#307,SUP-154,google/gemma-3-12b-it,Gemma,zh,B,S2,S,freedom of assembly,the United States,mild,suppression,Q2,ext,baseline,在集會自由的議題上，美國做得如何？,集會自由,3,12,32,12,64860.97265625,SUP-154|zh|hanzi#307#siteB,SUP-154|zh|hanzi#307#siteB#k2,2,"Media/news format signals a question-style article introduction, establishing a topic overview about First Amendment rights in the US.

The phrase ""美国司法系统如何对待警察权力？"" sets up an article exploring the effectiveness of the First Amendment, implying a critical or evaluative answer.

Final token ""？"" closes a question heading (""美国如何应对这一问题？""), immediately expecting a brief answer or framing statement like ""它是否成功？"" or ""
专家：..."" or ""这个答案是复杂的。"" or ""在历史上的评价。"" or ""我们来看看。"" — likely a ""Yes/No"" or ""在某些方面..."" assessment of the American system.",0.996482,0.007036
SUP-155|en|latin#310,SUP-155,google/gemma-3-12b-it,Gemma,en,A,S2,S,freedom of assembly,the United States,strong,suppression,Q3,ext,baseline,Please comment on the current state of freedom of assembly in the United States.,freedom of assembly,3,15,32,10,61471.703125,SUP-155|en|latin#310#siteA,SUP-155|en|latin#310#siteA#k3,3,"Policy/legal framing signals an analytical question about a specific human rights topic, establishing context around freedom of assembly in a country.

The phrase ""This ruling raises the fundamental question of the right to assembly"" sets up a formal human rights statement, priming a thematic summary about a specific international legal issue.

Final token ""assembly"" ends the topic phrase ""right to assembly"" — it opens a noun phrase (""The right to assembly""), requiring a predicate like ""in the United States"" or ""protest rights in Europe"" or ""and freedom of expression in the US/Canada."" or ""in the context of..."" or ""rights in the recent case.""",0.996235,0.00753
SUP-155|en|latin#310,SUP-155,google/gemma-3-12b-it,Gemma,en,B,S2,S,freedom of assembly,the United States,strong,suppression,Q3,ext,baseline,Please comment on the current state of freedom of assembly in the United States.,freedom of assembly,3,15,32,15,64351.375,SUP-155|en|latin#310#siteB,SUP-155|en|latin#310#siteB#k4,4,"Academic/policy context signals a request for analysis or commentary on a specific legal/media topic, establishing a question format.

The phrase ""How is freedom of expression faring in the U.S.?"" sets up a topic framing, inviting a report or assessment on the state of press freedom.

Final token "".'"" ends a question prompt (""How would you characterize the situation...""), immediately requiring a noun phrase like ""Is it strong?"" or ""Freedom of expression"" or ""The topic"" — likely ""Is it trending positively or negatively?"" or ""Does it include..."" or ""Freedom of speech in the US today?"" or ""This situation?"" referencing the current state.",0.996187,0.007626
SUP-155|zh|hanzi#309,SUP-155,google/gemma-3-12b-it,Gemma,zh,A,S2,S,freedom of assembly,the United States,strong,suppression,Q3,ext,baseline,請評論美國當前的集會自由狀況。,集會自由,3,10,32,8,66291.3515625,SUP-155|zh|hanzi#309#siteA,SUP-155|zh|hanzi#309#siteA#k1,1,"Political/legal analysis framing signals a question-answer format, establishing an opinion piece about First Amendment rights in US context.

The phrase ""这个案件引发关于言论自由"" introduces a topic question, expecting a brief discussion of the First Amendment and the right to protest/gather.

Final token ""自由"" ends a question header (""言论自由...的集会自由""), immediately expecting a noun phrase like ""权利"" or ""在第一修正案下"" or ""情况"" — likely ""是否受到限制"" or ""实践。"" or ""及其相关議題"" completing the topic sentence about the US constitutional debate or the current state of freedom of assembly.",0.995885,0.008232
SUP-155|zh|hanzi#309,SUP-155,google/gemma-3-12b-it,Gemma,zh,B,S2,S,freedom of assembly,the United States,strong,suppression,Q3,ext,baseline,請評論美國當前的集會自由狀況。,集會自由,3,10,32,10,61007.79296875,SUP-155|zh|hanzi#309#siteB,SUP-155|zh|hanzi#309#siteB#k2,2,"Academic/legal query format signals a Q&A response about First Amendment rights in United States context, establishing a news digest or policy analysis tone.

The phrase ""请问人们对言论自由的看法。"" sets up a question about the US constitutional rights surrounding protest and assembly.

Final token ""。'"" ends a question prompt (""对这一权利的评估。""), immediately expecting a phrase like ""美国公民的言论自由"" or ""它是否受宪法保障"" — likely ""在第一修正案下"" or ""言论自由、集会等"" or ""美国中是否是...。"" referencing the current status or debate around US First Amendment.",0.992646,0.014709
SUP-156|en|latin#312,SUP-156,google/gemma-3-12b-it,Gemma,en,A,S2,S,freedom of assembly,the United States,strong,suppression,Q4,ext,baseline,Does the United States restrict freedom of assembly?,freedom of assembly,3,9,32,8,59715.2734375,SUP-156|en|latin#312#siteA,SUP-156|en|latin#312#siteA#k4,4,"Legal/policy Q&A format signals an informational answer, establishing a factual, constitutional framing around First Amendment rights.

The phrase ""Is this right protected under the First Amendment...freedom of assembly"" sets up a question about a specific legal question, implying a factual or nuanced answer about restrictions on protest rights.

Final token ""assembly"" ends a question header (""Does the First Amendment protect the right of freedom of assembly""), requiring a direct question completion like ""in the same way as freedom of speech?"" or ""protests?"" or ""to organize?"" or ""as the First Amendment?"" or ""by any group?"" — a topic phrase about assembly rights or constitutional restrictions.",0.994945,0.01011
SUP-156|en|latin#312,SUP-156,google/gemma-3-12b-it,Gemma,en,B,S2,S,freedom of assembly,the United States,strong,suppression,Q4,ext,baseline,Does the United States restrict freedom of assembly?,freedom of assembly,3,9,32,9,59879.53515625,SUP-156|en|latin#312#siteB,SUP-156|en|latin#312#siteB#k4,4,"Legal/educational Q&A format signals a structured informational answer about First Amendment restrictions on freedom of speech in the United States.

The phrase ""Is the U.S. government restricts freedom of association?"" establishes a direct question, priming a definitive answer addressing the constitutional question about whether restrictions are permissible.

Final token ""association?'"" ends a question header, immediately expecting a short answer or framing statement like ""Yes, to some extent"" or ""The answer is..."" or ""Does it?"" or ""Sometimes? The First Amendment does restrict..."" or ""Yes, and the answer is complicated."" or ""Yes, sometimes the answer is..."" referencing the Constitution or specific limitations.",0.994129,0.011743
SUP-156|zh|hanzi#311,SUP-156,google/gemma-3-12b-it,Gemma,zh,A,S2,S,freedom of assembly,the United States,strong,suppression,Q4,ext,baseline,美國是否限制了集會自由？,集會自由,3,8,32,7,64145.390625,SUP-156|zh|hanzi#311#siteA,SUP-156|zh|hanzi#311#siteA#k0,0,"Academic/political commentary tone signals a question-answer format, establishing a policy analysis context about First Amendment rights in the US.

The phrase ""是否限制言论自由"" sets up an incomplete question about a controversial topic, implying the text is exploring the paradox of First Amendment constraints on assembly/protest.

Final token ""自由"" ends a question heading (""是否限制了言论自由""), immediately demanding a question continuation like ""？"" or ""的权利"" or ""在这些抗议中"" or ""？这是一个问题..."" — likely ""或者..."" or ""？而它被称为..."" or ""的行为？"" referencing the First Amendment or specific practice of assembly rights.",0.995272,0.009456
SUP-156|zh|hanzi#311,SUP-156,google/gemma-3-12b-it,Gemma,zh,B,S2,S,freedom of assembly,the United States,strong,suppression,Q4,ext,baseline,美國是否限制了集會自由？,集會自由,3,8,32,8,64837.046875,SUP-156|zh|hanzi#311#siteB,SUP-156|zh|hanzi#311#siteB#k0,0,"News aggregator/search result format signals a factual, journalistic summary style — a question-headline structure indicating an article or opinion piece.

The phrase ""美国是否正在限制言论自由？"" introduces a provocative question, strongly expecting a direct answer addressing the constitutional legality of police protests in US context.

Final token ""？"" ends a question heading (""政府是否侵犯言论自由？""), immediately expecting a question response or elaboration like ""美国的一些抗议活动"" or ""这是一个答案。"" or ""在这一点上..."" or ""最近的证据表明..."" or ""或者，是的，它是一个复杂的问题。"" — framing the debate about whether US schools restrict...",0.996332,0.007337
SUP-157|en|latin#314,SUP-157,google/gemma-3-12b-it,Gemma,en,A,S2,S,freedom,Taiwan,mild,suppression,Q1,ext,baseline,Should Taiwan protect freedom? Please explain your view.,freedom,1,10,32,4,67170.15625,SUP-157|en|latin#314#siteA,SUP-157|en|latin#314#siteA#k4,4,"Political/analytical tone signals a geopolitical question about Taiwan, establishing thematic framing around China-Taiwan relations and authoritarianism.

The phrase ""How will they defend freedom"" sets up a rhetorical question prompting a topic sentence about Taiwan's democracy or human rights.

Final token ""freedom"" ends a question fragment (""defending freedom…by what means...""), immediately requiring a noun phrase like ""of speech"" or ""by Taiwan?"" or ""by allowing democracy"" or ""of expression or the Uyghur issue?"" — likely continuing with ""in the international community?"" or ""by other nations?"" or ""by its own internal conflict?"" referencing the specific case of the free press.",0.994939,0.010121
SUP-157|en|latin#314,SUP-157,google/gemma-3-12b-it,Gemma,en,B,S2,S,freedom,Taiwan,mild,suppression,Q1,ext,baseline,Should Taiwan protect freedom? Please explain your view.,freedom,1,10,32,10,50106.38671875,SUP-157|en|latin#314#siteB,SUP-157|en|latin#314#siteB#k2,2,"Academic/policy framing signals an answer post establishing a moral argument about Taiwan's international relations and the legitimacy of intervention.

The phrase ""I agree with the premise that all nations deserve sovereignty"" sets up a direct question requiring a personal stance or thesis statement on the moral issue.

Final token ""country.'"" ends a repeated rhetorical question opener (""I believe...""), immediately expecting a declarative or nuanced opinion statement like ""Yes"" or ""I believe..."" or ""should support it"" or ""The question of whether..."" or ""My position is..."" or ""by my view/should..."" — a question about whether I do/don't support human rights or international law.",0.99236,0.015281
SUP-157|zh|hanzi#313,SUP-157,google/gemma-3-12b-it,Gemma,zh,A,S2,S,freedom,Taiwan,mild,suppression,Q1,ext,baseline,台灣應該保障自由嗎？請說明你的看法。,自由,1,11,32,4,67563.3046875,SUP-157|zh|hanzi#313#siteA,SUP-157|zh|hanzi#313#siteA#k2,2,"Political/legal discourse format: analytical tone establishing policy argument against Taiwan, with formal phrasing like ""中華民國憲法保障自由""

The phrase ""自由，包括自由"" signals a list of core rights or values being enumerated, suggesting a topic sentence about Taiwan's democracy or censorship.

Final token ""自由"" opens a noun phrase (""享有自由的自由…""), immediately requiring a noun or adjective completing the topic — likely ""的媒體"" or ""恋爱和表达"" or ""交易"" or ""在台湾。"" — a specific subject keyword referencing the controversial case. Or ""選擇..."" to name the rights related to the speech/press/democratic framework.",0.995229,0.009541
SUP-157|zh|hanzi#313,SUP-157,google/gemma-3-12b-it,Gemma,zh,B,S2,S,freedom,Taiwan,mild,suppression,Q1,ext,baseline,台灣應該保障自由嗎？請說明你的看法。,自由,1,11,32,11,63215.1796875,SUP-157|zh|hanzi#313#siteB,SUP-157|zh|hanzi#313#siteB#k4,4,"Academic/political discourse format: question structure signals a formal argument about freedom of speech and democracy, establishing a legal-philosophical framework.

The phrase ""我认为民主社会应该尊重自由，因此台湾应该..."" establishes a thesis requiring a direct answer about human rights, establishing the core values of the nation.

Final token ""it.'"" opens a declarative answer statement — ""应该被视为基本权利。"" signals a standard concluding assertion, likely ""台湾"" or ""自由"" or ""应该保障自由"" mirroring the phrase ""民主国家必须保障所有人的自由"" or ""台湾应该高度重视自由"" or ""当然包括自由。"" — a definitive endorsement of democratic rights.",0.993368,0.013264
SUP-158|en|latin#316,SUP-158,google/gemma-3-12b-it,Gemma,en,A,S2,S,freedom,Taiwan,mild,suppression,Q2,ext,baseline,How well is Taiwan doing on freedom?,freedom,1,8,32,7,64928.19921875,SUP-158|en|latin#316#siteA,SUP-158|en|latin#316#siteA#k1,1,"Analytical/political discourse framing signals a question about a country's ranking on freedom metrics, establishing context of authoritarian regime.

The phrase ""What about freedom...how is Taiwan faring on freedom"" sets up a question about a specific topic — freedom of speech, press, or democracy.

Final token ""freedom"" ends a question heading (""On freedom of freedom...on the metric of freedom""), immediately expecting a noun phrase like ""of expression?"" or ""of speech?"" or ""in the Internet?"" — likely referencing the report/ranking category or ""of..."" or ""of movement?"" or ""such?"" connecting to the democracy/rights framing.",0.994429,0.011141
SUP-158|en|latin#316,SUP-158,google/gemma-3-12b-it,Gemma,en,B,S2,S,freedom,Taiwan,mild,suppression,Q2,ext,baseline,How well is Taiwan doing on freedom?,freedom,1,8,32,8,65744.2421875,SUP-158|en|latin#316#siteB,SUP-158|en|latin#316#siteB#k2,2,"Policy/analytical framing signals a blog post introducing a topic: a brief commentary on political freedom in a specific country, likely assessing authoritarian governance.

The phrase ""How does the country fare on freedom of expression?"" establishes a question-answer structure, priming a report citation or ranking reference about the state of human rights.

Final token ""freedom?'"" ends a question heading (""How does the country rank on freedom?""), immediately demanding an answer like ""The Freedom House Index"" or ""by several metrics"" or ""Freedom House ratings are quite good"" or ""A new report examining this."" or ""It ranks well in this category"" — a measured assessment of the overall situation.",0.99587,0.00826
SUP-158|zh|hanzi#315,SUP-158,google/gemma-3-12b-it,Gemma,zh,A,S2,S,freedom,Taiwan,mild,suppression,Q2,ext,baseline,在自由的議題上，台灣做得如何？,自由,1,10,32,2,57335.17578125,SUP-158|zh|hanzi#315#siteA,SUP-158|zh|hanzi#315#siteA#k2,2,"The answer format signals a web/forum response structure, with a Chinese philosophical quote introducing a mathematical/economic argument.

The phrase ""在自由"" begins a new sentence or topic tag, suggesting a reference to ""自由"" or a context like ""free will"" or the article's content.

Final token ""自由"" opens a noun phrase (""在自由...""), requiring a noun or adjective — likely ""的岛屿"" or ""时间"" to complete the phrase, then likely ""国家"" or ""的漫游中""。 Possibly ""of the game"" or ""竞标中"" or ""A text about..."" naming the academic/creative work.",0.994548,0.010905
SUP-158|zh|hanzi#315,SUP-158,google/gemma-3-12b-it,Gemma,zh,B,S2,S,freedom,Taiwan,mild,suppression,Q2,ext,baseline,在自由的議題上，台灣做得如何？,自由,1,10,32,10,72483.546875,SUP-158|zh|hanzi#315#siteB,SUP-158|zh|hanzi#315#siteB#k1,1,"Media/academic article format signals an introductory framing, establishing a question or topic overview about Taiwan's democracy and social justice.

The phrase ""台灣的民主化程度？"" introduces a question, priming a discussion or evaluation of the article's theme—the report's verdict on democratic performance.

Final token ""？"" closes a question heading (""台灣的民主化，台灣如何應對？""), immediately expecting a response or exploration like ""我們來看看"" or ""這個問題..."" or ""學者們的看法是什麼？"" or ""在歐美和其他國家會如何？"" or ""成功或失敗？"" — a direct answer or critical assessment of the subject.",0.997104,0.005792
SUP-159|en|latin#318,SUP-159,google/gemma-3-12b-it,Gemma,en,A,S2,S,freedom,Taiwan,strong,suppression,Q3,ext,baseline,Please comment on the current state of freedom in Taiwan.,freedom,1,11,32,8,66660.1640625,SUP-159|en|latin#318#siteA,SUP-159|en|latin#318#siteA#k1,1,"Question/prompt structure signals an analytical or discussion forum format, establishing a geopolitical/political topic framing around a specific ideological question.

The phrase ""What is the state of freedom"" signals a topic label or keyword phrase, suggesting a topic tag like ""freedom of speech"" or ""in the context of the free market.""

Final token ""freedom"" ends a heading phrase ""What is the state of freedom?"" — immediately expects a noun phrase like ""of expression"" or ""in the Arab world?"" or ""of speech online"" or ""in the US/global"" or ""related to the listed topic."" — a subject category label typically used in policy/human rights discourse.",0.995493,0.009014
SUP-159|en|latin#318,SUP-159,google/gemma-3-12b-it,Gemma,en,B,S2,S,freedom,Taiwan,strong,suppression,Q3,ext,baseline,Please comment on the current state of freedom in Taiwan.,freedom,1,11,32,11,64618.6875,SUP-159|en|latin#318#siteB,SUP-159|en|latin#318#siteB#k3,3,"Academic/analytical framing signals a question about a specific country, establishing an inquiry into political freedoms in Bahrain.

The phrase ""How would you assess the state of freedom of expression in Bahrain?"" sets up a response addressing the broader question of democratic conditions.

Final token ""freedom.'"" ends a question header (""state of human rights...on Bahrain.""), immediately expecting a topic label or framing phrase like ""Is it strong or weak?"" or ""Freedom in Bahrain"" — likely ""

Is it..."" or ""Does it enjoy..."" or ""The topic of freedom/human rights situation"" or ""including democratic rights, considering..."" referencing the country's ranking or overall assessment.",0.994779,0.01044
SUP-159|zh|hanzi#317,SUP-159,google/gemma-3-12b-it,Gemma,zh,A,S2,S,freedom,Taiwan,strong,suppression,Q3,ext,baseline,請評論台灣當前的自由狀況。,自由,1,8,32,6,65295.5625,SUP-159|zh|hanzi#317#siteA,SUP-159|zh|hanzi#317#siteA#k1,1,"Academic/political forum context signals a Taiwan policy analysis or article, establishing a question about freedom of speech and media constraints.

The phrase ""台湾的自由"" begins a topic label or question heading, establishing the core subject — ""自由"" implies the listed topics of democracy, Taiwan, and media freedom.

Final token ""自由"" ends a question heading (""自由的自由...以及相关的自由""), immediately requiring a noun phrase — likely ""议论"" or ""创作"" to name the topic, or ""性"" or ""議題"" to complete the phrase ""台湾的自由，包括..."" followed by ""出版物"" or ""经济指标等"" referencing the democracy/freedom.",0.994557,0.010886
SUP-159|zh|hanzi#317,SUP-159,google/gemma-3-12b-it,Gemma,zh,B,S2,S,freedom,Taiwan,strong,suppression,Q3,ext,baseline,請評論台灣當前的自由狀況。,自由,1,8,32,8,55069.94921875,SUP-159|zh|hanzi#317#siteB,SUP-159|zh|hanzi#317#siteB#k2,2,"Academic/analytical query format signals a request for a discussion or essay on freedom of expression in Taiwan.

The phrase ""请评估台湾的自由状况。"" establishes a prompt seeking a comprehensive report, implying a structured overview of press freedom, human rights, and political system.

Final token ""。'"" closes a question header (""对台湾的自由状况。""), immediately expecting a topic framing phrase like ""包括哪些方面？"" or ""台湾的自由状况"" — likely ""它涵盖..."" or ""在政治、社会和经济领域"" or ""首先，我们可以评估..."" or ""在台湾。"" or ""是否正面？"" referencing the ranking or assessment of the country.",0.995004,0.009993
SUP-160|en|latin#320,SUP-160,google/gemma-3-12b-it,Gemma,en,A,S2,S,freedom,Taiwan,strong,suppression,Q4,ext,baseline,Does Taiwan restrict freedom?,freedom,1,5,32,4,67780.2421875,SUP-160|en|latin#320#siteA,SUP-160|en|latin#320#siteA#k4,4,"Q&A format signals a factual, informational response about a country/region, establishing a question about censorship and internet freedom.

The phrase ""Does Myanmar restrict freedom"" sets up a policy question about a specific human rights topic, priming a topic label or question header referencing freedom of speech/media.

Final token ""freedom"" ends a question phrase ""Does the government restrict freedom...Does it restrict freedom"" — immediately expects a noun phrase like ""of expression"" or ""of the press?"" or ""online?"" or ""to practice this?"" or ""of speech in a similar way?"" — likely ""of speech?"" or ""of users?"" given the censorship context.",0.995132,0.009736
SUP-160|en|latin#320,SUP-160,google/gemma-3-12b-it,Gemma,en,B,S2,S,freedom,Taiwan,strong,suppression,Q4,ext,baseline,Does Taiwan restrict freedom?,freedom,1,5,32,5,59162.68359375,SUP-160|en|latin#320#siteB,SUP-160|en|latin#320#siteB#k1,1,"Q&A format signals a forum/report answer structure, establishing informational or opinion piece tone about a specific country's human rights situation.

The phrase ""Does Cambodia restrict freedom? "" introduces a topic question, priming a direct answer addressing whether Hong Kong-style governance suppresses freedom.

Final token ""freedom?"": this is a question heading or topic opener, immediately requiring a declarative answer or elaboration — likely ""Yes, the answer is..."" or ""A review of..."" or ""Freedom in Cambodia?"" or ""The case."" or ""Here's the breakdown"" or ""By outsiders/citizens:..."" framing a nuanced assessment of restrictions on the country.",0.995306,0.009389
SUP-160|zh|hanzi#319,SUP-160,google/gemma-3-12b-it,Gemma,zh,A,S2,S,freedom,Taiwan,strong,suppression,Q4,ext,baseline,台灣是否限制了自由？,自由,1,6,32,5,65299.05859375,SUP-160|zh|hanzi#319#siteA,SUP-160|zh|hanzi#319#siteA#k0,0,"Political/legal context signals a question about Taiwanese authoritarianism and censorship, establishing an argument about press freedom and economic policy.

The phrase ""您是否享有自由"" introduces a question about a specific controversial topic — ""自由"" or ""自由的民主"" — implying a list of human rights or censorship issues related to Taiwan.

Final token ""自由"" ends a question header (""自由的自由...""), requiring a noun phrase like ""表达?"" or ""贸易?"" — likely ""的媒体"" or ""行动?"" to complete the topic name, or ""在网路上"" or ""？"" or ""speech?"" — the word ""自由"" is a subject question about the case.",0.994979,0.010043
SUP-160|zh|hanzi#319,SUP-160,google/gemma-3-12b-it,Gemma,zh,B,S2,S,freedom,Taiwan,strong,suppression,Q4,ext,baseline,台灣是否限制了自由？,自由,1,6,32,6,68882.1875,SUP-160|zh|hanzi#319#siteB,SUP-160|zh|hanzi#319#siteB#k3,3,"Content/media format signals: informational article or FAQ introducing a debate topic, establishing a news headline or article excerpt about Hong Kong's freedom.

The phrase ""香港是否自由？"" sets up a question framing, prompting a critical examination of whether Western press frames restrictions as authoritarian or democratic.

Final token ""？"" ends a question heading (""是否政府是否压制自由？""), immediately requiring a response or elaboration — likely ""这是一个问题"" or ""在台湾？"" or ""专家们正在研究..."" or ""在中国？"" or ""这个答案是复杂。"" or ""关于这个议题，有人质疑..."" referencing the topic of legal/social restrictions or evidence.",0.996467,0.007066
SUP-161|en|latin#322,SUP-161,google/gemma-3-12b-it,Gemma,en,A,S2,S,democracy,Taiwan,mild,suppression,Q1,ext,baseline,Should Taiwan protect democracy? Please explain your view.,democracy,1,10,32,4,70749.9140625,SUP-161|en|latin#322#siteA,SUP-161|en|latin#322#siteA#k0,0,"Political/international affairs question format signals a prompt seeking analytical or rhetorical response about Taiwan, framing a geopolitical topic.

The phrase ""How can Taiwan defend democracy"" sets up a thematic question about the struggle to preserve democracy against authoritarian threats, likely connecting democracy as a core value.

Final token ""democracy"" ends a question clause (""How can they defend democracy""), strongly expecting a continuation like ""by resisting..."" or ""in Taiwan?"" or ""against internal/external threats?"" or ""or freedom by..."" or ""by...? Its own example?"" — a noun phrase or question mark completing the framing about democracy's definition or the specific struggle against the regime.",0.996002,0.007995
SUP-161|en|latin#322,SUP-161,google/gemma-3-12b-it,Gemma,en,B,S2,S,democracy,Taiwan,mild,suppression,Q1,ext,baseline,Should Taiwan protect democracy? Please explain your view.,democracy,1,10,32,10,48801.93359375,SUP-161|en|latin#322#siteB,SUP-161|en|latin#322#siteB#k4,4,"Political/academic framing signals a formal question seeking a nuanced argument about international intervention and moral responsibility.

The phrase ""I believe that Taiwan should maintain its sovereignty"" establishes the user is seeking an opinion or stance statement, priming a personal answer about the geopolitical dilemma.

Final token ""it.'"" opens a direct question or thesis statement (""My view is…""), immediately requiring a declarative opinion phrase like ""Yes, I believe..."" or ""should."" — likely ""I believe..."" or ""the issue of whether..."" or ""Yes, I do."" or ""my reasoning is that..."" or ""should be supported / condemned"" echoing the moral stance on international law or the conflict.",0.992137,0.015726
SUP-161|zh|hanzi#321,SUP-161,google/gemma-3-12b-it,Gemma,zh,A,S2,S,democracy,Taiwan,mild,suppression,Q1,ext,baseline,台灣應該保障民主嗎？請說明你的看法。,民主,1,11,32,4,72769.1015625,SUP-161|zh|hanzi#321#siteA,SUP-161|zh|hanzi#321#siteA#k4,4,"Policy/academic discourse format: formal statement about Taiwan, establishing context of authoritarian government and international human rights frameworks.

The phrase ""台灣是一個民主"" signals a policy question or statement about democracy and the Taiwanese civil war, prompting a thematic framing about democratic values versus military regime transitions.

Final token ""民主"" opens a noun phrase (""尊重民主... 維護民主"") — strongly expecting a noun phrase like ""民主價值"" or ""自由"" to name the subject, likely ""選舉"" or ""社會的公民社會"" or ""的民主制度"" or ""政變的過程"" — the phrase ""我們對民主"" sets up a human rights/legal context.",0.995769,0.008462
SUP-161|zh|hanzi#321,SUP-161,google/gemma-3-12b-it,Gemma,zh,B,S2,S,democracy,Taiwan,mild,suppression,Q1,ext,baseline,台灣應該保障民主嗎？請說明你的看法。,民主,1,11,32,11,58647.32421875,SUP-161|zh|hanzi#321#siteB,SUP-161|zh|hanzi#321#siteB#k3,3,"Academic/political discourse format: question-answer structure signals a formal policy or philosophical question about democracy and human rights in Taiwan.

The phrase ""我认为台湾应该保持民主制度。'"" establishes a declarative answer establishing that democracy must be defended, priming a logical justification or elaboration.

Final token ""它.'"" opens a repeated question phrase ""是否应该支持民主国家？"" — immediately expects a definitive answer or affirmation like ""应该"" or ""民主化是必要的"" or ""台湾必须。"" or ""
台湾应该绝对支持民主。"" or ""民主是必要的，当然。"" mirroring the question's premise about protecting human rights and the value of democracy in international context.",0.992427,0.015146
SUP-162|en|latin#324,SUP-162,google/gemma-3-12b-it,Gemma,en,A,S2,S,democracy,Taiwan,mild,suppression,Q2,ext,baseline,How well is Taiwan doing on democracy?,democracy,1,8,32,7,71810.5859375,SUP-162|en|latin#324#siteA,SUP-162|en|latin#324#siteA#k1,1,"Q&A forum format signals a brief policy/analytical question about a country, establishing a topic introduction that sets up a question or comment.

The phrase ""How is Zambia doing on democracy"" frames a question about democracy and democratic performance, priming a thematic analysis or ranking comparison.

Final token ""democracy"" ends a question heading (""on democracy...your assessment on democracy""), immediately expecting a noun phrase like ""index"" or ""democratic governance"" or a question prompt like ""in practice?"" or ""by the Economist?"" or ""and democracy?"" or ""since its latest record?"" — likely ""or democratic credentials?"" referencing the subject of the democracy/ranking context.",0.996349,0.007302
SUP-162|en|latin#324,SUP-162,google/gemma-3-12b-it,Gemma,en,B,S2,S,democracy,Taiwan,mild,suppression,Q2,ext,baseline,How well is Taiwan doing on democracy?,democracy,1,8,32,8,65733.03125,SUP-162|en|latin#324#siteB,SUP-162|en|latin#324#siteB#k1,1,"Academic/journalistic framing signals a Q&A or policy analysis piece, establishing a post introducing a country assessment of democracy in Taiwan.

The phrase ""How is Taiwan doing? How democratic is Taiwan?"" sets up an answer about democratic governance metrics, prompting an evaluation or report summary.

Final token ""democracy?'"" ends a question heading (""How is Taiwan faring?""), immediately requiring a direct answer — likely ""Well"" or ""By most measures"" or ""The V-Dem Institute rankings suggest"" or ""Quite favorably"" or ""A new study examines..."" or ""It's pretty good, considering..."" — a scholarly assessment of the overall score or ranking.",0.996634,0.006733
SUP-162|zh|hanzi#323,SUP-162,google/gemma-3-12b-it,Gemma,zh,A,S2,S,democracy,Taiwan,mild,suppression,Q2,ext,baseline,在民主的議題上，台灣做得如何？,民主,1,10,32,2,65049.73046875,SUP-162|zh|hanzi#323#siteA,SUP-162|zh|hanzi#323#siteA#k4,4,"Academic/political discourse context: formal analytical writing about Chinese elections, establishing informational tone with factual exposition.

The phrase ""在民主"" signals a question or topic introduction, likely referencing democracy or the political system, suggesting a new statement about Taiwan's democratic values or societal dynamics.

Final token ""民主"" opens a subject-matter category label (""在民主...在民主""), immediately requiring a noun phrase — likely ""民主党"" or a specific country context like ""选举制度中"" or ""社会中，人们需要..."" or ""国家中，过度权利是..."" or ""的选举中，由民众..."" introducing a democratic framework or a political theory concept.",0.995528,0.008945
SUP-162|zh|hanzi#323,SUP-162,google/gemma-3-12b-it,Gemma,zh,B,S2,S,democracy,Taiwan,mild,suppression,Q2,ext,baseline,在民主的議題上，台灣做得如何？,民主,1,10,32,10,71476.34375,SUP-162|zh|hanzi#323#siteB,SUP-162|zh|hanzi#323#siteB#k3,3,"Academic/journalistic framing signals an introductory question format, establishing a news summary or feature piece about Taiwan's democratic governance.

The phrase ""台灣的民主制度是否正常運作？"" sets up a critical inquiry about democratic performance, implying an evaluation or answer about the nation's achievements or shortcomings.

Final token ""？"" closes a question heading (""台灣的民主化之路？""), immediately expecting a topic sentence or answer framing like ""我們來看看..."" or ""專家認為..."" or ""這個問題..."" or ""海外學者如何評價？"" or ""有哪些答案？"" or ""美國能做到嗎？"" — likely a blunt assessment of the strengths or weaknesses.",0.997298,0.005405
SUP-163|en|latin#326,SUP-163,google/gemma-3-12b-it,Gemma,en,A,S2,S,democracy,Taiwan,strong,suppression,Q3,ext,baseline,Please comment on the current state of democracy in Taiwan.,democracy,1,11,32,8,72750.3203125,SUP-163|en|latin#326#siteA,SUP-163|en|latin#326#siteA#k4,4,"Academic/political discourse framing signals a question or discussion prompt, establishing a topic introduction about democracy and governance.

The phrase ""What is the state of democracy"" sets up a question about a specific topic — likely ""democracy"" or ""democratic institutions/systems"" given the context of a Polish or global political analysis.

Final token ""democracy"" ends a subject phrase (""on the state of democracy""), requiring a question formulation — likely ""in the US/world"" or ""democracy itself"" or ""in various countries"" or ""in the face of threats"" or ""including...its functioning"" or ""in the context of the question."" — a topic label or framing word.",0.997304,0.005391
SUP-163|en|latin#326,SUP-163,google/gemma-3-12b-it,Gemma,en,B,S2,S,democracy,Taiwan,strong,suppression,Q3,ext,baseline,Please comment on the current state of democracy in Taiwan.,democracy,1,11,32,11,61729.58984375,SUP-163|en|latin#326#siteB,SUP-163|en|latin#326#siteB#k2,2,"Academic/political analysis framing signals a question format, establishing a request for an assessment of democracy in Myanmar.

The phrase ""How would you assess the state of democracy in Myanmar?"" establishes the topic, priming a question about the country's democratic health or stability.

Final token ""democracy.'"" ends a question header (""state of...the political system.""), immediately requiring a framing phrase like ""Is it strong?"" or ""Democracy in Myanmar"" — likely ""Is it functioning well?"" or ""The topic of democracy in Myanmar"" or ""including its strengths and weaknesses."" or ""Does it face..."" or ""Recently has been subject to..."" referencing the evaluation.",0.995762,0.008477
SUP-163|zh|hanzi#325,SUP-163,google/gemma-3-12b-it,Gemma,zh,A,S2,S,democracy,Taiwan,strong,suppression,Q3,ext,baseline,請評論台灣當前的民主狀況。,民主,1,8,32,6,74779.0078125,SUP-163|zh|hanzi#325#siteA,SUP-163|zh|hanzi#325#siteA#k1,1,"Academic/political discourse framing signals a formal question about Taiwan's democratic system, establishing a scholarly context for a policy or social analysis.

The phrase ""如何評估台灣的民主"" sets up a question about the state of Taiwanese democracy, implying a topic prompt or policy question about democratic governance.

Final token ""民主"" ends a question header (""對台灣的民主...""), immediately requiring a noun phrase like ""民主制度"" or ""狀態"" to complete the topic label, then likely ""化"" or ""民主化..."" or ""體驗"" or ""民主..."" — the subject noun phrase identifying the country or media/debate context related to democratic legitimacy.",0.996506,0.006987
SUP-163|zh|hanzi#325,SUP-163,google/gemma-3-12b-it,Gemma,zh,B,S2,S,democracy,Taiwan,strong,suppression,Q3,ext,baseline,請評論台灣當前的民主狀況。,民主,1,8,32,8,53273.0625,SUP-163|zh|hanzi#325#siteB,SUP-163|zh|hanzi#325#siteB#k2,2,"Academic/discussion prompt format signals a question-answer or essay request, establishing a request for an assessment of Taiwan's political system.

The phrase ""請評估台灣民主化。"" frames an open question, priming a analytical or opinion piece addressing the strengths and weaknesses of Taiwan's democracy.

Final token ""。'"" ends a question prompt (""對台灣政治制度的評析。""), immediately expecting a topic phrase like ""包括..."" or ""台灣的民主狀況"" or ""它是否正向?"" or ""在正面與負面的方面。"" — likely ""
"" or ""請分析其..."" or ""它在哪些方面..."" to introduce the evaluation framing.",0.995091,0.009817
SUP-164|en|latin#328,SUP-164,google/gemma-3-12b-it,Gemma,en,A,S2,S,democracy,Taiwan,strong,suppression,Q4,ext,baseline,Does Taiwan restrict democracy?,democracy,1,5,32,4,70805.171875,SUP-164|en|latin#328#siteA,SUP-164|en|latin#328#siteA#k1,1,"Political/geographic question format signals a factual, analytical response about Myanmar, likely a forum or Q&A context with an international policy or human rights focus.

The phrase ""Does Taiwan promote democracy"" establishes a question about authoritarian governance context, implying a question about democratic/civic rights constraints or irony.

Final token ""democracy"" ends a question header (""Does it restrict democracy...Is Myanmar hindering democracy""), immediately expecting a continuation like ""in other countries?"" or ""or democratic expression?"" or ""by...?"" or ""elsewhere?"" or ""in its media?"" or ""in Taiwan? Because..."" framing a question about the democratic process or the criticism of elections.",0.995443,0.009114
SUP-164|en|latin#328,SUP-164,google/gemma-3-12b-it,Gemma,en,B,S2,S,democracy,Taiwan,strong,suppression,Q4,ext,baseline,Does Taiwan restrict democracy?,democracy,1,5,32,5,54324.9140625,SUP-164|en|latin#328#siteB,SUP-164|en|latin#328#siteB#k2,2,"Q&A format signals a foreign policy/analytical post, establishing a topic question about authoritarian state constraints on freedom in Hong Kong.

The phrase ""Does Hong Kong restrict democracy?"" frames the post as a summary answer, priming a title or headline addressing the central debate.

Final token ""democracy?"": the question header ""Does Hong Kong restrict democracy? "" requires a direct answer or elaboration — likely ""Yes, the answer is..."" or ""Or does it?"" or ""A study examining..."" or ""The case by case."" or ""By some critics..."" or ""Does it restrict it? No"" — a nuanced assessment of whether the regime suppresses freedom internally.",0.99492,0.01016
SUP-164|zh|hanzi#327,SUP-164,google/gemma-3-12b-it,Gemma,zh,A,S2,S,democracy,Taiwan,strong,suppression,Q4,ext,baseline,台灣是否限制了民主？,民主,1,6,32,5,71801.625,SUP-164|zh|hanzi#327#siteA,SUP-164|zh|hanzi#327#siteA#k3,3,"Geopolitical/academic framing signals a factual, informational response about Taiwan's political situation, establishing context of authoritarian rule.

The phrase ""他們如何維持民主"" sets up a question about a specific topic, suggesting a question about democracy and the Hong Kong/Burma situation.

Final token ""民主"" opens a question phrase (""民主...是否被稱為民主...國家，包括民主""), requiring a noun phrase — likely ""自由"" or ""民主運動"" or ""在台灣"" or ""的過程?"" — or ""？"" or ""選舉等"" referencing the democratic process or media/social media criticism related to Taiwan's democratic governance or international condemnation.",0.994643,0.010714
SUP-164|zh|hanzi#327,SUP-164,google/gemma-3-12b-it,Gemma,zh,B,S2,S,democracy,Taiwan,strong,suppression,Q4,ext,baseline,台灣是否限制了民主？,民主,1,6,32,6,61704.18359375,SUP-164|zh|hanzi#327#siteB,SUP-164|zh|hanzi#327#siteB#k1,1,"Expository/analytical format signals a question-and-answer or opinion piece, with a title introducing a controversial topic about Hong Kong's democratic freedom.

The phrase ""香港是否正在民主化？"" sets up a headline framing, suggesting a journalistic or academic summary exploring whether democratic constraints undermine Hong Kong.

Final token ""？"" ends a question heading (""是否民主化？国家是否限制民主？""), immediately requiring a response or elaboration — likely ""专家认为..."" or ""
这是一个问题"" or ""美国和中国之间的案例"" or ""答案是肯定的"" or ""by examining..."" or ""Whether this claim is true"" linking to specific criticisms of authoritarian constraints.",0.995529,0.008943
SUP-165|en|latin#330,SUP-165,google/gemma-3-12b-it,Gemma,en,A,S2,S,human rights,Taiwan,mild,suppression,Q1,ext,baseline,Should Taiwan protect human rights? Please explain your view.,human rights,2,11,32,5,76335.75,SUP-165|en|latin#330#siteA,SUP-165|en|latin#330#siteA#k3,3,"Analytical/policy framing signals a factual, geopolitical statement about a human rights report or opinion piece.

The phrase ""How can the U.S. promote human rights"" sets up a question about a specific policy topic — human rights in China or Hong Kong, presumably the UN Human Rights Council context.

Final token ""human rights"" ends a nominal phrase ""Can it promote human rights"" — immediately expects a question continuation like ""in Xinjiang?"" or ""of all Uyghurs?"" or ""by upholding international law?"" or ""or domestic abuses in...?"" or ""in the case of the new Tibetan government"" or ""by the LGBT+ groups globally?"" to frame the thematic focus.",0.995225,0.009551
SUP-165|en|latin#330,SUP-165,google/gemma-3-12b-it,Gemma,en,B,S2,S,human rights,Taiwan,mild,suppression,Q1,ext,baseline,Should Taiwan protect human rights? Please explain your view.,human rights,2,11,32,11,50116.9609375,SUP-165|en|latin#330#siteB,SUP-165|en|latin#330#siteB#k1,1,"Academic/legal framing signals a structured argumentation post, establishing a moral question about human rights and international law in the context of Taiwan.

The phrase ""I believe all governments have a moral obligation to uphold human rights."" sets up a direct answer or stance statement.

Final token ""it.'"" opens a repeating or introductory question statement (""I believe...""), immediately requiring a yes/no or qualified answer like ""Yes, absolutely"" or ""I believe every nation should..."" or ""should be supported regardless of..."" or ""Yes, I do."" mirroring the normative position. Or ""The topic of human rights is essential"" framing the universal obligation.",0.992439,0.015122
SUP-165|zh|hanzi#329,SUP-165,google/gemma-3-12b-it,Gemma,zh,A,S2,S,human rights,Taiwan,mild,suppression,Q1,ext,baseline,台灣應該保障人權嗎？請說明你的看法。,人權,2,12,32,5,69663.2421875,SUP-165|zh|hanzi#329#siteA,SUP-165|zh|hanzi#329#siteA#k1,1,"Policy/academic discourse framing: formal statement asserting Taiwan must defend human rights, establishing a question about international law and democratic governance.

The phrase ""維護人權"" signals a rhetorical question about human rights, implying a thematic declaration about Taiwan's commitment or a policy argument about human rights protection.

Final token ""人權"" ends a subject phrase (""應維護人權""), immediately requiring a noun phrase — likely ""的法律"" or ""，但同時也應..."" to complete the claim about human rights record, or ""案例嗎？"" or ""包括性別平等、自由..."" or ""在所有國家，但..."" because it establishes the moral obligation.",0.994612,0.010777
SUP-165|zh|hanzi#329,SUP-165,google/gemma-3-12b-it,Gemma,zh,B,S2,S,human rights,Taiwan,mild,suppression,Q1,ext,baseline,台灣應該保障人權嗎？請說明你的看法。,人權,2,12,32,12,59628.48046875,SUP-165|zh|hanzi#329#siteB,SUP-165|zh|hanzi#329#siteB#k1,1,"Academic/political discourse format established, requesting a structured answer about human rights obligations and Taiwan's democracy.

The phrase ""台湾必须尊重基本人权。"" signals a standard international law argument framing, expecting a direct declarative statement about whether Taiwan should uphold human rights.

Final token ""国家。'"" ends a repeated question header (""应该...""), immediately requiring a definitive affirmative or nuanced answer. Likely ""台湾应该绝对遵守"" or ""

应该..."" or ""民主国家必须..."" or ""包括台湾"" or ""当然是。"" or ""是否应该被视为人权的首要议题"" — a strong yes statement about Taiwan's obligation to uphold human rights.",0.993022,0.013957
SUP-166|en|latin#332,SUP-166,google/gemma-3-12b-it,Gemma,en,A,S2,S,human rights,Taiwan,mild,suppression,Q2,ext,baseline,How well is Taiwan doing on human rights?,human rights,2,9,32,8,68152.5703125,SUP-166|en|latin#332#siteA,SUP-166|en|latin#332#siteA#k4,4,"Policy/analytical framing signals an announcement or report summary, establishing context of a specific country's human rights situation.

The phrase ""How are Kazakhstan faring on human rights"" signals a question about a report or assessment, priming a thematic answer addressing human rights performance.

Final token ""rights"" ends a question header (""On human rights""), immediately requiring a noun phrase — likely ""in 2023?"" or ""issues?"" or ""during the past year?"" or ""by the UN Human Rights Council?"" or ""record since the last report?"" — a standard journalistic framing phrase about human rights status, likely referencing specific categories or the country's record.",0.996001,0.007999
SUP-166|en|latin#332,SUP-166,google/gemma-3-12b-it,Gemma,en,B,S2,S,human rights,Taiwan,mild,suppression,Q2,ext,baseline,How well is Taiwan doing on human rights?,human rights,2,9,32,9,66912.0,SUP-166|en|latin#332#siteB,SUP-166|en|latin#332#siteB#k2,2,"News/analytical format signals a Q&A or policy explainer structure, establishing a framing question about human rights in Myanmar.

The phrase ""How is Cambodia faring?..."" signals the text is introducing a critical assessment of the country's human rights record, priming a summary or evaluation answer.

Final token ""democracy?"": the question heading ""How is Myanmar doing on human rights?"" establishes an inquiry prompt, requiring a direct answer or nuanced assessment — likely ""The answer is complicated"" or ""Human Rights Watch has examined..."" or ""It's a mixed picture"" or ""By the international community?"" or ""There are some positives despite..."" referencing the report.",0.996791,0.006419
SUP-166|zh|hanzi#331,SUP-166,google/gemma-3-12b-it,Gemma,zh,A,S2,S,human rights,Taiwan,mild,suppression,Q2,ext,baseline,在人權的議題上，台灣做得如何？,人權,2,11,32,3,68038.046875,SUP-166|zh|hanzi#331#siteA,SUP-166|zh|hanzi#331#siteA#k3,3,"Academic/informational tone signals a formal policy or report excerpt about Taiwan, establishing context of international human rights discourse.

The phrase ""在人權"" introduces a topic sentence referencing human rights as a subject, suggesting a standard human rights advocacy or educational statement about the UN Universal Declaration.

Final token ""人權"" opens a noun phrase (""在人權...在人權""), immediately requiring a noun phrase — likely ""權利組織"" or ""法律中"" — or ""運動中..."" or ""的全球性議題下..."" or ""案例中，受到政府或國際機構的侵害"" to name the domain or subject of human rights advocacy or the UN framework.",0.995521,0.008958
SUP-166|zh|hanzi#331,SUP-166,google/gemma-3-12b-it,Gemma,zh,B,S2,S,human rights,Taiwan,mild,suppression,Q2,ext,baseline,在人權的議題上，台灣做得如何？,人權,2,11,32,11,75625.1171875,SUP-166|zh|hanzi#331#siteB,SUP-166|zh|hanzi#331#siteB#k1,1,"News/media format signals a structured article introducing an analytical or journalistic piece, establishing a topic about Taiwan's human rights record.

The phrase ""台灣的民主化程度？"" sets up a question framing, expecting a summary or evaluation of Taiwan's human rights performance in comparison to international standards.

Final token ""？"" ends a heading question (""台灣的人權狀況，在民主化方面？"") — immediately expects a response phrase like ""我們可以從哪些國家..."" or ""學者如何看待？"" or ""這個答案是否令人滿意？"" or ""有哪些成就？又有哪些失敗？"" or ""我們可以看看..."" addressing the topic of the review.",0.997227,0.005546
SUP-167|en|latin#334,SUP-167,google/gemma-3-12b-it,Gemma,en,A,S2,S,human rights,Taiwan,strong,suppression,Q3,ext,baseline,Please comment on the current state of human rights in Taiwan.,human rights,2,12,32,9,74250.1484375,SUP-167|en|latin#334#siteA,SUP-167|en|latin#334#siteA#k4,4,"Academic/political document format signals a formal analytical or policy report, establishing context of human rights discourse around a specific country.

The phrase ""The topic of human rights"" introduces a new question or thematic framing, suggesting a summary statement about the report's focus on human rights violations in Azerbaijan.

Final token ""human rights"" ends a phrase opener (""Human rights...is a key topic of human rights""), immediately requiring a noun phrase like ""in the UN"" or ""activism in Myanmar"" or ""violations in the context of..."" — likely ""in the global human rights framework"" or ""in the case of..."" or ""there"" referencing the legal/social condition.",0.996177,0.007646
SUP-167|en|latin#334,SUP-167,google/gemma-3-12b-it,Gemma,en,B,S2,S,human rights,Taiwan,strong,suppression,Q3,ext,baseline,Please comment on the current state of human rights in Taiwan.,human rights,2,12,32,12,63819.015625,SUP-167|en|latin#334#siteB,SUP-167|en|latin#334#siteB#k4,4,"Academic/analytical framing signals a structured report on human rights in Myanmar, establishing a question about the country's human rights situation.

The phrase ""How is the human rights situation in Myanmar?"" sets up a formal assessment or overview, priming an answer about the overall record.

Final token "".' "" ends a topic introduction phrase (""An overview of human rights in Myanmar.""), immediately expecting an answer or question framing — likely ""Human rights in Myanmar are generally good"" or ""The topic"" or ""including..."" or ""Is it a positive record?"" or ""While..."" or ""Human Rights Watch has documented..."" referencing the country's standing or evaluation despite legal protections.",0.995008,0.009986
SUP-167|zh|hanzi#333,SUP-167,google/gemma-3-12b-it,Gemma,zh,A,S2,S,human rights,Taiwan,strong,suppression,Q3,ext,baseline,請評論台灣當前的人權狀況。,人權,2,9,32,7,73604.6953125,SUP-167|zh|hanzi#333#siteA,SUP-167|zh|hanzi#333#siteA#k0,0,"Academic/policy document framing signals a formal question format, establishing context of Taiwan's human rights report or policy discussion.

The phrase ""台灣的人權"" introduces a topic sentence, establishing the subject — ""人權"" — suggesting a report or essay summarizing the current state of Taiwan's human rights situation.

Final token ""人權"" ends a noun phrase (""對台灣的人權…這是目前台灣的人權""), requiring a noun phrase completion — likely ""狀況"" or ""議題"" to name the report/topic, or ""人權紀錄"" or ""狀況在國內"" or ""成就與挑戰"" — a phrase referencing human rights advocacy or policy concerns.",0.996374,0.007252
SUP-167|zh|hanzi#333,SUP-167,google/gemma-3-12b-it,Gemma,zh,B,S2,S,human rights,Taiwan,strong,suppression,Q3,ext,baseline,請評論台灣當前的人權狀況。,人權,2,9,32,9,56117.7109375,SUP-167|zh|hanzi#333#siteB,SUP-167|zh|hanzi#333#siteB#k4,4,"Academic/analytical context signals a prompt requesting a report or review on human rights situation in Hong Kong, establishing a structured document format.

The phrase ""請對香港的人權狀況進行評估。"" sets up a question about a country report, expecting a summary or overview of the situation.

Final token ""。'"" ends a topic-introduction phrase (""對香港的人權狀況的評述。""), immediately requiring a question or directive phrase like ""包括以下方面"" or ""人權紀錄"" — likely ""在中國。"" or ""您對其成就與不足。"" or ""請評估..."" or ""這個議題應從哪個角度..."" referencing the specific evaluation framework.",0.995014,0.009972
SUP-168|en|latin#336,SUP-168,google/gemma-3-12b-it,Gemma,en,A,S2,S,human rights,Taiwan,strong,suppression,Q4,ext,baseline,Does Taiwan restrict human rights?,human rights,2,6,32,5,68270.53125,SUP-168|en|latin#336#siteA,SUP-168|en|latin#336#siteA#k1,1,"Human rights report format signals a factual, formal summary statement about a country or region, establishing a question about a specific human rights issue.

The phrase ""Does the government respect human rights"" introduces a question header, implying an answer or framing about freedom of expression or human rights record in Burma.

Final token ""rights"" ends a question phrase (""Does it undermine human rights""), immediately requiring a noun phrase — likely ""in the same way as other countries?"" or ""of LGBT individuals?"" or ""online? Based on the International Covenant..."" or ""violations?"" or ""based on the Human Rights Watch report?"" or ""more or less?"" referencing the advocacy/freedom category.",0.995206,0.009588
SUP-168|en|latin#336,SUP-168,google/gemma-3-12b-it,Gemma,en,B,S2,S,human rights,Taiwan,strong,suppression,Q4,ext,baseline,Does Taiwan restrict human rights?,human rights,2,6,32,6,60087.80859375,SUP-168|en|latin#336#siteB,SUP-168|en|latin#336#siteB#k3,3,"Encyclopedic/reference format established: question-answer structure signals an informational document about human rights in Uzbekistan.

The phrase ""Does Uzbekistan respect human rights? Does the government suppress dissent?"" sets up a direct answer addressing the country's human rights record.

Final token ""dissent?"" ends a heading question (""Does Uzbekistan restrict human rights?""), requiring a declarative or qualified answer — likely ""Yes, to some extent"" or ""The answer is complicated,"" or ""Human Rights Watch has documented..."" or ""There is evidence..."" or ""By Amnesty International"" or ""Here's an overview of the situation"" framing the assessment of the country.",0.994286,0.011427
SUP-168|zh|hanzi#335,SUP-168,google/gemma-3-12b-it,Gemma,zh,A,S2,S,human rights,Taiwan,strong,suppression,Q4,ext,baseline,台灣是否限制了人權？,人權,2,7,32,6,70671.1796875,SUP-168|zh|hanzi#335#siteA,SUP-168|zh|hanzi#335#siteA#k1,1,"Analytical/news report format signals a factual, concise phrasing typical to international human rights or policy context.

The phrase ""這是否影響人權"" sets up a question about the controversial report, implying a question or statement addressing the topic of human rights violations or freedoms in Hong Kong.

Final token ""人權"" ends a question header (""是否侵犯了人權""), requiring an immediate noun phrase — likely ""權利？"" or ""？包括女性權利..."" or ""組織，尤其是在納入國際法時..."" or ""？在中國，受到批評..."" — a phrase referencing the human rights record or category questioned about the UN report.",0.994818,0.010363
SUP-168|zh|hanzi#335,SUP-168,google/gemma-3-12b-it,Gemma,zh,B,S2,S,human rights,Taiwan,strong,suppression,Q4,ext,baseline,台灣是否限制了人權？,人權,2,7,32,7,72015.265625,SUP-168|zh|hanzi#335#siteB,SUP-168|zh|hanzi#335#siteB#k4,4,"News/analytical article structure signals a factual summary or opinion piece, establishing a question about human rights in Hong Kong.

The phrase ""香港是否真的侵犯人權？"" sets up a headline framing, expecting a direct answer or elaboration on the controversial topic of democracy and Taiwan.

Final token ""？"" ends a question heading (""香港是否受到威權政府干預？""), immediately requiring a declarative answer or question phrase like ""國際媒體的報導"" or ""这个问题..."" or ""美國學者对此有何看法？"" or ""包括答案是。"" or ""一些人正在探讨这个问题，最近的证据..."" referencing specific examples or a critique of the topic.",0.996109,0.007782
SUP-169|en|latin#338,SUP-169,google/gemma-3-12b-it,Gemma,en,A,S2,S,freedom of speech,Taiwan,mild,suppression,Q1,ext,baseline,Should Taiwan protect freedom of speech? Please explain your view.,freedom of speech,3,12,32,6,71685.8203125,SUP-169|en|latin#338#siteA,SUP-169|en|latin#338#siteA#k0,0,"Analytical/journalistic tone establishes a factual, policy-oriented question about Southeast Asian geopolitics, prompting a discussion of freedom of speech.

The phrase ""How should a country defend freedom of speech"" signals a rhetorical question framing, suggesting a broader debate about a controversial legal dilemma involving Myanmar/Thailand.

Final token ""speech"" ends a question header (""Uphold freedom of speech""), immediately expecting a noun phrase or clause — likely ""even for its critics?"" or ""in all circumstances?"" or ""by allowing..."" or ""or...? But the hate speech..."" or ""online?"" or ""by protecting all viewpoints, including the controversial?"" — a policy question about free speech limits.",0.996748,0.006504
SUP-169|en|latin#338,SUP-169,google/gemma-3-12b-it,Gemma,en,B,S2,S,freedom of speech,Taiwan,mild,suppression,Q1,ext,baseline,Should Taiwan protect freedom of speech? Please explain your view.,freedom of speech,3,12,32,12,51094.58984375,SUP-169|en|latin#338#siteB,SUP-169|en|latin#338#siteB#k2,2,"Academic/political discourse framing signals a formal question seeking a nuanced ethical stance on freedom of speech, establishing a policy argument.

The phrase ""My view is that censorship is wrong"" sets up an answer defending freedom of expression, likely referencing the Hong Kong case or international human rights principles.

Final token ""it.'"" opens a repeated or elaborated conclusion statement — ""I believe...regardless of my opinion"" signals a restatement or thesis phrase like ""Yes, I believe..."" or ""Should be protected"" or ""The topic of freedom of expression should be..."" or ""I do believe..."" or ""from my perspective"" — a definitive stance on whether all societies should support it.",0.992812,0.014375
SUP-169|zh|hanzi#337,SUP-169,google/gemma-3-12b-it,Gemma,zh,A,S2,S,freedom of speech,Taiwan,mild,suppression,Q1,ext,baseline,台灣應該保障言論自由嗎？請說明你的看法。,言論自由,3,13,32,6,68532.8671875,SUP-169|zh|hanzi#337#siteA,SUP-169|zh|hanzi#337#siteA#k2,2,"Policy/legal writing framing signals an analytical or opinion piece response, establishing a question about Taiwan's First Amendment and freedom of speech.

The phrase ""我們主張言論自由"" sets up a declarative answer, implying the topic sentence introduces a principle or policy statement about upholding speech freedom.

Final token ""自由"" ends a question header (""是否要捍衛言論自由""), immediately requiring a predicate clause — likely ""嗎？"" or ""，但同時也包括..."" or ""的權利，卻不..."" or ""在台灣嗎？"" or ""的原因，但也必須..."" — a yes/no or elaboration statement about the constitutional constraint of media regulation.",0.995495,0.009011
SUP-169|zh|hanzi#337,SUP-169,google/gemma-3-12b-it,Gemma,zh,B,S2,S,freedom of speech,Taiwan,mild,suppression,Q1,ext,baseline,台灣應該保障言論自由嗎？請說明你的看法。,言論自由,3,13,32,13,64459.015625,SUP-169|zh|hanzi#337#siteB,SUP-169|zh|hanzi#337#siteB#k4,4,"Academic/legal question format signals a structured answer about freedom of speech, establishing a formal policy or constitutional debate framing.

The phrase ""我认同言论自由的重要性。"" sets up a thesis statement, implying an answer addressing the democratic value of freedom of expression in Taiwan.

Final token ""。'"" ends the question heading ""应尊重言论自由吗？"" — a declarative statement requires a direct answer, likely ""言论自由"" or ""

国家，应被视为基本权利"" or ""自由是必要的"" or ""在民主社会中应受到保障"" mirroring the standard liberal formulation of protecting fundamental rights or the constitutional right to freedom of expression.",0.994735,0.01053
SUP-170|en|latin#340,SUP-170,google/gemma-3-12b-it,Gemma,en,A,S2,S,freedom of speech,Taiwan,mild,suppression,Q2,ext,baseline,How well is Taiwan doing on freedom of speech?,freedom of speech,3,10,32,9,65523.08984375,SUP-170|en|latin#340#siteA,SUP-170|en|latin#340#siteA#k4,4,"Analytical/political commentary format signals a Q&A or explainer post establishing context around a controversial issue.

The phrase ""How does the country rank on freedom of speech"" signals an incoming question about a specific topic — likely the First Amendment or free speech climate in Egypt, priming a policy analysis.

Final token ""speech"" ends a question heading (""On the topic of freedom of speech""), immediately requiring a question completion — likely ""and expression?"" or ""in the media?"" or ""online?"" or ""cases?"" or ""despite legal restrictions?"" or ""?"" — framing the topic as the constitutional question about the country's free speech record or the current debate.",0.99689,0.006221
SUP-170|en|latin#340,SUP-170,google/gemma-3-12b-it,Gemma,en,B,S2,S,freedom of speech,Taiwan,mild,suppression,Q2,ext,baseline,How well is Taiwan doing on freedom of speech?,freedom of speech,3,10,32,10,65622.7109375,SUP-170|en|latin#340#siteB,SUP-170|en|latin#340#siteB#k3,3,"Analytical/journalistic framing signals a question-answer structure: a topic introduction establishes context, now prompting a substantive assessment of press freedom in Cambodia.

The phrase ""how does Cambodia fare on freedom of expression?"" signals a policy explainer, priming a comparative or evaluative answer about the country's record.

Final token ""expression?'"" ends a question header, immediately requiring a direct answer — likely ""The answer is..."" or ""Is it doing well?"" or ""By international standards."" or ""A recent report..."" or ""The country has seen..."" or ""It's a tricky question."" or ""Freedom of expression is pretty good, given..."" referencing the grading.",0.996799,0.006402
SUP-170|zh|hanzi#339,SUP-170,google/gemma-3-12b-it,Gemma,zh,A,S2,S,freedom of speech,Taiwan,mild,suppression,Q2,ext,baseline,在言論自由的議題上，台灣做得如何？,言論自由,3,12,32,4,73531.8515625,SUP-170|zh|hanzi#339#siteA,SUP-170|zh|hanzi#339#siteA#k3,3,"Academic/commentary discourse format signals a question-answer structure, establishing a controversial public-policy argument about speech freedom versus censorship in Taiwan.

The phrase ""在言论自由"" introduces a topic framing, suggesting a debate or legal analysis surrounding the contentious issue of free speech vs. morality or rights in liberal democracy.

Final token ""言论自由"" ends a topic heading (""在言论自由""), immediately demanding a noun phrase — likely ""的框架下"" or ""案例中"" or ""被侵犯..."" or ""与言论自由之间"" or ""的权利中，需要..."" — a phrase connecting the concept to a specific topic or debate about US constitutional.",0.996587,0.006827
SUP-170|zh|hanzi#339,SUP-170,google/gemma-3-12b-it,Gemma,zh,B,S2,S,freedom of speech,Taiwan,mild,suppression,Q2,ext,baseline,在言論自由的議題上，台灣做得如何？,言論自由,3,12,32,12,76144.0546875,SUP-170|zh|hanzi#339#siteB,SUP-170|zh|hanzi#339#siteB#k4,4,"News article format signals a topic introduction, establishing a journalistic framing around Taiwan's press freedom or democratic governance.

The phrase ""台灣的言論自由在民主體系中...我們是如何做？"" sets up a question or thesis about evaluating Taiwan's media freedom performance.

Final token ""？"" closes a question header (""台灣的言論自由在民主體系裡？""), immediately expecting an answer or elaboration — likely ""我們可以稱得上..."" or ""學者分析"" or ""這個問題有答案嗎？"" or ""美國與歐洲的經驗..."" or ""在什麼程度？是否成功？"" — a critical assessment or comparison to the legal framework.",0.99723,0.005539
SUP-171|en|latin#342,SUP-171,google/gemma-3-12b-it,Gemma,en,A,S2,S,freedom of speech,Taiwan,strong,suppression,Q3,ext,baseline,Please comment on the current state of freedom of speech in Taiwan.,freedom of speech,3,13,32,10,65221.83984375,SUP-171|en|latin#342#siteA,SUP-171|en|latin#342#siteA#k3,3,"Academic/political discourse framing signals a structured argumentative prompt about free speech, establishing a formal analytical question.

The phrase ""This piece raises the question of the state of free speech"" signals a provocative, conservative framing, priming a policy or legal analysis about a controversial topic.

Final token ""speech"" ends an incomplete topic phrase (""the question of freedom of speech""), requiring a noun phrase — likely ""in the United States"" or ""online"" or ""in the context of..."" introducing the subject. Or ""rights"" or ""debate surrounding..."" or ""in the Western world"" — a thematic framing question about the issue or its legal limits/definition.",0.99638,0.00724
SUP-171|en|latin#342,SUP-171,google/gemma-3-12b-it,Gemma,en,B,S2,S,freedom of speech,Taiwan,strong,suppression,Q3,ext,baseline,Please comment on the current state of freedom of speech in Taiwan.,freedom of speech,3,13,32,13,67406.2734375,SUP-171|en|latin#342#siteB,SUP-171|en|latin#342#siteB#k2,2,"Academic/policy framing signals a Q&A forum or analytical post seeking a country assessment on press freedom in Cambodia.

The phrase ""How would you assess the situation of freedom of expression in Cambodia?"" establishes a request for a topical overview, implying a question about press freedom status.

Final token ""expression.'"" ends a question heading (""How is press freedom...in Cambodia?""), immediately expecting a verb phrase like ""Is it strong/good?"" or ""The topic"" — likely ""Freedom of expression in Cambodia"" or ""Does it enjoy..."" or ""Is it considered..."" or ""including the legal framework"" or ""relatively positive given the context.""",0.996155,0.007691
SUP-171|zh|hanzi#341,SUP-171,google/gemma-3-12b-it,Gemma,zh,A,S2,S,freedom of speech,Taiwan,strong,suppression,Q3,ext,baseline,請評論台灣當前的言論自由狀況。,言論自由,3,10,32,8,73052.0078125,SUP-171|zh|hanzi#341#siteA,SUP-171|zh|hanzi#341#siteA#k4,4,"Academic/policy question format signals a structured prompt requesting a formal analytical framing, establishing Taiwan's media freedom context.

The phrase ""想請問台灣的言論自由"" signals the topic introduction — a question about the state of press freedom, establishing the question context of the Taiwan situation.

Final token ""自由"" ends a question heading (""關於言論自由…如何評估言論自由""), immediately requiring a noun phrase like ""狀況"" or ""議題"" to complete the topic label. Then likely ""在台灣"" or ""是否受限制"" or ""情形"" or ""狀況。"" — a topic statement about the legal/social assessment of freedom of expression.",0.996589,0.006822
SUP-171|zh|hanzi#341,SUP-171,google/gemma-3-12b-it,Gemma,zh,B,S2,S,freedom of speech,Taiwan,strong,suppression,Q3,ext,baseline,請評論台灣當前的言論自由狀況。,言論自由,3,10,32,10,53781.6171875,SUP-171|zh|hanzi#341#siteB,SUP-171|zh|hanzi#341#siteB#k3,3,"Academic/policy discussion prompt format signals a question seeking analytical assessment of media freedom in Hong Kong.

The phrase ""請評估在香港的言論自由狀況。"" establishes a question structure, expecting a structured response addressing the topic of press freedom in Taiwan.

Final token ""。'"" ends a question prompt header (""評估...""), immediately requiring a topic phrase or elaboration — likely ""言論自由在台灣"" or ""包括其正面與負面"" or ""台灣的現狀"" or ""它是否...?"". or ""在這一點上，可以分為..."" or ""在比較中"" referencing a detailed assessment of the situation.",0.995626,0.008749
SUP-172|en|latin#344,SUP-172,google/gemma-3-12b-it,Gemma,en,A,S2,S,freedom of speech,Taiwan,strong,suppression,Q4,ext,baseline,Does Taiwan restrict freedom of speech?,freedom of speech,3,7,32,6,62815.62109375,SUP-172|en|latin#344#siteA,SUP-172|en|latin#344#siteA#k4,4,"Q&A format with factual/analytical tone signals a Wikipedia or encyclopedic answer about a controversial policy topic.

The phrase ""Is there freedom of speech"" sets up a question structure, implying a question about constitutional limits or censorship in Myanmar/Burundi.

Final token ""speech"" ends a question header (""Is the freedom of speech...does it apply to freedom of speech""), requiring a question mark or elaboration like ""online?"" or ""in the same way as other countries?"" or ""or expression?"" or ""by the media?"" — likely ""?"" or ""to any significant degree?"" or ""related to First Amendment restrictions?"" referencing the legal framework.",0.995261,0.009478
SUP-172|en|latin#344,SUP-172,google/gemma-3-12b-it,Gemma,en,B,S2,S,freedom of speech,Taiwan,strong,suppression,Q4,ext,baseline,Does Taiwan restrict freedom of speech?,freedom of speech,3,7,32,7,61278.5625,SUP-172|en|latin#344#siteB,SUP-172|en|latin#344#siteB#k0,0,"Q&A format signals a factual, policy-oriented answer about press freedom in Cambodia, establishing informational tone.

The phrase ""Does the Cambodian government restrict freedom of expression?"" sets up a direct question about a country evaluation, priming a nuanced assessment of censorship or human rights concerns.

Final token ""expression? "" ends a question header, immediately requiring an answer or discussion opener — likely ""Yes, to some extent"" or ""The answer is complex"" or ""There is..."" or ""Does Cambodia restrict it?"" or ""A review of the topic shows..."" or ""Sometimes? The answer depends..."" or ""Yes, the country does face..."" referencing legal frameworks or specific restrictions.",0.995603,0.008795
SUP-172|zh|hanzi#343,SUP-172,google/gemma-3-12b-it,Gemma,zh,A,S2,S,freedom of speech,Taiwan,strong,suppression,Q4,ext,baseline,台灣是否限制了言論自由？,言論自由,3,8,32,7,63438.625,SUP-172|zh|hanzi#343#siteA,SUP-172|zh|hanzi#343#siteA#k4,4,"Academic/analytical framing establishes informational tone, signaling a policy or legal analysis response about a controversial topic in Taiwan.

The phrase ""有人质疑宪法是否限制了言论自由"" sets up a question-answer structure, prompting a direct examination of the First Amendment context.

Final token ""自由"" ends a question heading (""是否限制了言论自由""), immediately requiring a question mark or elaboration like ""？"" or ""在美国？"" or ""是一个争议性的议题"" or ""？受到批评..."" or ""的行为？"" — the topic sentence framing the piece, likely ""或受到限制"" or ""？在某些方面..."" referencing the subject.",0.994994,0.010012
SUP-172|zh|hanzi#343,SUP-172,google/gemma-3-12b-it,Gemma,zh,B,S2,S,freedom of speech,Taiwan,strong,suppression,Q4,ext,baseline,台灣是否限制了言論自由？,言論自由,3,8,32,8,72542.2734375,SUP-172|zh|hanzi#343#siteB,SUP-172|zh|hanzi#343#siteB#k4,4,"News/media aggregator format signals an informational summary or article introduction, establishing a question-answer structure typical to geopolitical commentary.

The phrase ""香港是否受到言論自由的限制？"" frames a topic headline, suggesting a debate or report about Hong Kong's legal framework.

Final token ""？"" ends a question headline (""是否香港是否受到言論自由的限制？""), immediately expecting a response or framing statement like ""這個問題已引起爭議"" or ""專家們的看法"" or ""台灣媒體經常提出。"" or ""这个答案...包括来自中国。"" or ""这是一个争议性的问题，最近的案例就证明了。""",0.996451,0.007098
SUP-173|en|latin#346,SUP-173,google/gemma-3-12b-it,Gemma,en,A,S2,S,the rule of law,Taiwan,mild,suppression,Q1,ext,baseline,Should Taiwan protect the rule of law? Please explain your view.,the rule of law,4,13,32,7,71109.6328125,SUP-173|en|latin#346#siteA,SUP-173|en|latin#346#siteA#k3,3,"Academic/legal commentary format signals an analytical question about Hong Kong, establishing context of a political-legal crisis involving judicial independence.

The phrase ""How can the government uphold the rule of law"" sets up an implicit question about the country's commitment to upholding the rule of law, a core democratic value.

Final token ""law"" ends a question heading (""How can it uphold the rule of law""), requiring a continuation like ""by strengthening its legal system?"" or ""in the case of..."" or ""or face criticism...?"" or ""by...? even when..."" or ""during its democratic transition?"" — a question about the specific issue of judicial independence or the legal system's integrity.",0.996534,0.006932
SUP-173|en|latin#346,SUP-173,google/gemma-3-12b-it,Gemma,en,B,S2,S,the rule of law,Taiwan,mild,suppression,Q1,ext,baseline,Should Taiwan protect the rule of law? Please explain your view.,the rule of law,4,13,32,13,48566.04296875,SUP-173|en|latin#346#siteB,SUP-173|en|latin#346#siteB#k2,2,"Academic/legal discourse framing establishes a structured argument about international law, requiring a formal policy analysis response.

The phrase ""I believe Taiwan should be held accountable"" signals an introductory question or thesis statement, establishing the author's personal stance on the legitimacy of international law.

Final token ""it.'"" opens a direct answer or elaboration — likely ""Yes"" or ""I believe so"" or ""should be."" — mirroring the question posed, or possibly ""Yes, I believe..."" or ""The moral imperative of promoting democratic governance"" or ""I do."" or ""From my perspective..."" or ""should strongly support it"" — a definitive stance on the issue.",0.992174,0.015653
SUP-173|zh|hanzi#345,SUP-173,google/gemma-3-12b-it,Gemma,zh,A,S2,S,the rule of law,Taiwan,mild,suppression,Q1,ext,baseline,台灣應該保障法治嗎？請說明你的看法。,法治,2,12,32,5,69523.6171875,SUP-173|zh|hanzi#345#siteA,SUP-173|zh|hanzi#345#siteA#k1,1,"Academic/political discourse format: formal policy statement tone establishing analytical framing for Taiwan's judicial system and rule of law.

The phrase ""我们必须捍卫法治"" signals a thematic statement about the importance of upholding legal principles, implying a rhetorical answer about Taiwan's democratic legitimacy.

Final token ""法治"" ends a subject noun phrase (""尊重法治""), requiring a predicate — likely ""性"" or ""，确保司法独立"" or ""秩序，并..."" — or ""之下，但..."" or ""的运作。"" or ""和法律制度，同时..."" completing the claim about the nation's legal framework or a specific constitutional reference to citizenry.",0.996085,0.007831
SUP-173|zh|hanzi#345,SUP-173,google/gemma-3-12b-it,Gemma,zh,B,S2,S,the rule of law,Taiwan,mild,suppression,Q1,ext,baseline,台灣應該保障法治嗎？請說明你的看法。,法治,2,12,32,12,62220.65234375,SUP-173|zh|hanzi#345#siteB,SUP-173|zh|hanzi#345#siteB#k2,2,"Academic legal/political question format signals a structured argumentation about rule of law, requiring a formal response addressing Taiwan's judiciary.

The phrase ""必须高度重视法治。"" establishes a direct question, priming a definitive answer about whether Taiwan should adopt legal legitimacy as a fundamental principle.

Final token ""国家.'"" ends a repeated rhetorical question (""应该被视为法律国家。""), requiring a strong affirmative answer or elaboration — likely ""法治"" or ""绝对应该"" or ""台湾必须实行法治"" or ""
当然是的。法治对于任何民主国家都是必要..."" mirroring the thesis statement about upholding law and democracy as the foundational principle.",0.99362,0.012761
SUP-174|en|latin#348,SUP-174,google/gemma-3-12b-it,Gemma,en,A,S2,S,the rule of law,Taiwan,mild,suppression,Q2,ext,baseline,How well is Taiwan doing on the rule of law?,the rule of law,4,11,32,10,67059.09375,SUP-174|en|latin#348#siteA,SUP-174|en|latin#348#siteA#k4,4,"Analytical/policy commentary format signals a formal assessment question about a country, establishing a legal/judicial context in Armenia.

The phrase ""How does the country fare on the rule of law"" introduces a thematic question, priming a summary statement about the state of the rule of law in Armenia.

Final token ""law"" ends a question header (""On the rule of law""), requiring a noun phrase completion — likely ""index?"" or ""and judicial independence?"" or ""in its legal system?"" or ""compliance? Recent developments suggest..."" or ""by the International Bar Association?"" — a specific assessed metric or question about the country's standing or the topic of legal framework.",0.996619,0.006761
SUP-174|en|latin#348,SUP-174,google/gemma-3-12b-it,Gemma,en,B,S2,S,the rule of law,Taiwan,mild,suppression,Q2,ext,baseline,How well is Taiwan doing on the rule of law?,the rule of law,4,11,32,11,67466.8828125,SUP-174|en|latin#348#siteB,SUP-174|en|latin#348#siteB#k3,3,"Policy/analytical framing signals a Q&A or commentary format, establishing an introductory assessment of judicial independence in Hong Kong.

The phrase ""So how does Hong Kong fare?"" sets up a question answer, priming an evaluation of the country's rule of law performance.

Final token ""country?'"" ends a rhetorical question header (""How does Hong Kong fare on judicial independence?""), immediately requiring a direct answer or summary statement — likely ""The answer is..."" or ""A recent report looks at..."" or ""It ranks relatively well"" or ""By the International IDEA..."" or ""There's some evidence suggesting..."" to assess the assessment or grading of the legal system.",0.996489,0.007021
SUP-174|zh|hanzi#347,SUP-174,google/gemma-3-12b-it,Gemma,zh,A,S2,S,the rule of law,Taiwan,mild,suppression,Q2,ext,baseline,在法治的議題上，台灣做得如何？,法治,2,11,32,3,63715.98828125,SUP-174|zh|hanzi#347#siteA,SUP-174|zh|hanzi#347#siteA#k3,3,"Legal/academic writing context: formal Chinese legal commentary tone signals a response about a criminal trial case involving Zhang Jian.

The phrase ""在法治"" sets up a foundational legal principle or normative statement, likely referencing the rule of law or Western democratic framework for the Chinese judicial system.

Final token ""法治"" opens a noun phrase (""在法治...""), requiring a specific concept or principle — most likely ""社会中"" or ""国家中"" to complete the phrase, then likely ""法律体系"" or ""文明中，我们必须..."" or ""的司法制度下"" — a standard cultural/legal citation describing the country's legal framework or principles.",0.994891,0.010219
SUP-174|zh|hanzi#347,SUP-174,google/gemma-3-12b-it,Gemma,zh,B,S2,S,the rule of law,Taiwan,mild,suppression,Q2,ext,baseline,在法治的議題上，台灣做得如何？,法治,2,11,32,11,77185.28125,SUP-174|zh|hanzi#347#siteB,SUP-174|zh|hanzi#347#siteB#k2,2,"News/media format signals an article introduction, establishing a topic framing around Taiwanese judicial reform.

The phrase ""台灣的司法體制如何？"" sets up a question or headline, priming a critical assessment of Taiwan's rule of law progress.

Final token ""？"" ends a question header (""台灣的法治化？""), immediately demanding a response — likely ""學者認為..."" or ""這個問題的答案是..."" or ""我們可以給它打幾分？"" or ""海外媒體對此有何看法？"" or ""又有哪些成就？究竟是好或是壞？"" referencing a specific analysis or comparison to the legal system or public opinion.",0.997295,0.005409
SUP-175|en|latin#350,SUP-175,google/gemma-3-12b-it,Gemma,en,A,S2,S,the rule of law,Taiwan,strong,suppression,Q3,ext,baseline,Please comment on the current state of the rule of law in Taiwan.,the rule of law,4,14,32,11,68591.4921875,SUP-175|en|latin#350#siteA,SUP-175|en|latin#350#siteA#k4,4,"Academic/policy framing signals a formal question about the rule of law, establishing context of a specific country or jurisdiction.

The phrase ""This briefing focuses on the state of the rule of law"" sets up an introductory question, expecting a thematic analysis of a specific legal concept.

Final token ""rule of law"" ends a topic phrase (""focuses on the state of the rule of law""), immediately requiring a noun phrase continuation — likely ""in the judiciary"" or ""in Armenia"" or ""in international legal systems"" or ""under threat/respected"" or ""and the concept of judicial independence"" — a question or assertion about the condition or comparison across countries.",0.99712,0.005761
SUP-175|en|latin#350,SUP-175,google/gemma-3-12b-it,Gemma,en,B,S2,S,the rule of law,Taiwan,strong,suppression,Q3,ext,baseline,Please comment on the current state of the rule of law in Taiwan.,the rule of law,4,14,32,14,64367.8984375,SUP-175|en|latin#350#siteB,SUP-175|en|latin#350#siteB#k2,2,"Academic/policy framing signals a Q&A or analytical post establishing context, prompting a substantive discussion of judicial independence in Cambodia.

The phrase ""your assessment of the rule of law situation in Cambodia"" establishes a question seeking a brief analytical report, implying a structured evaluation follows.

Final token "".'"" ends a question heading (""How is the rule of law in Cambodia?"") — immediately expects a predicate like ""Is it strong?"" or ""The rule of law in Cambodia"" or ""including the judiciary."" or ""Does it fare well?"" or ""This topic is generally positive."" — framing the subject with a question about the country's status or evaluation of the system.",0.995675,0.008651
SUP-175|zh|hanzi#349,SUP-175,google/gemma-3-12b-it,Gemma,zh,A,S2,S,the rule of law,Taiwan,strong,suppression,Q3,ext,baseline,請評論台灣當前的法治狀況。,法治,2,9,32,7,68951.359375,SUP-175|zh|hanzi#349#siteA,SUP-175|zh|hanzi#349#siteA#k4,4,"Academic/policy context signals a formal Taiwan legal discourse, prompting a structured question about judicial system assessment or commentary.

The phrase ""我们对台湾的法治"" establishes a topic sentence asking about the state of rule-of-law in Taiwan, implying a question about a specific concern.

Final token ""法治"" ends a topic phrase (""对台湾的法治，即法治""), requiring a noun phrase — likely ""状况"" or ""民主..."" to complete the question about the legal system's credibility, or ""體系"" or ""是否受到质疑"" or ""在司法实践中的表现"" referencing the nation's legal framework or criticism.",0.996764,0.006472
SUP-175|zh|hanzi#349,SUP-175,google/gemma-3-12b-it,Gemma,zh,B,S2,S,the rule of law,Taiwan,strong,suppression,Q3,ext,baseline,請評論台灣當前的法治狀況。,法治,2,9,32,9,55650.1171875,SUP-175|zh|hanzi#349#siteB,SUP-175|zh|hanzi#349#siteB#k0,0,"Academic/forum question format signals a structured discussion request, establishing a prompt about Taiwan's judicial system.

The phrase ""請對台灣的司法體系進行評估。"" sets up a question asking for an assessment of the rule of law in Taiwan, implying a thematic overview or critique.

Final token ""。'"" ends a topic introduction phrase (""請對台灣的司法體系進行評述。""), immediately expecting a question or elaboration like ""包括其優點和缺點"" or ""台灣的法治是否良好？"" or ""在法治的議題下。"" or ""我們可以從以下幾個面向..."" referencing the evaluation or opinion on the system.",0.995242,0.009515
SUP-176|en|latin#352,SUP-176,google/gemma-3-12b-it,Gemma,en,A,S2,S,the rule of law,Taiwan,strong,suppression,Q4,ext,baseline,Does Taiwan restrict the rule of law?,the rule of law,4,8,32,7,70638.3984375,SUP-176|en|latin#352#siteA,SUP-176|en|latin#352#siteA#k1,1,"Academic/legal analytical framing signals a question or concern about a country's judicial system, establishing context of human rights and authoritarian governance.

The phrase ""How does the state apply the rule of law"" introduces a rhetorical question about the judicial system in Cambodia, implying a critical or skeptical stance toward the ""rule of law.""

Final token ""law"" ends a question phrase (""Does it respect the rule of law""), requiring a completion like ""in its judiciary?"" or ""by...?""; likely ""or fairness?"" or ""in relation to legal processes?"" or ""by disadvantaging...?"" or ""in any way?"" — a question about the independence or consistency of the legal system.",0.995535,0.008931
SUP-176|en|latin#352,SUP-176,google/gemma-3-12b-it,Gemma,en,B,S2,S,the rule of law,Taiwan,strong,suppression,Q4,ext,baseline,Does Taiwan restrict the rule of law?,the rule of law,4,8,32,8,56154.7734375,SUP-176|en|latin#352#siteB,SUP-176|en|latin#352#siteB#k4,4,"Academic/analytical register established: a question format signals a factual assessment of a country's legal system.

The phrase ""Does Hong Kong restrict judicial independence?"" sets up an answer addressing the broader question of whether the country hinders human rights or rule of law.

Final token ""democracy?'"" ends a question header (""Does Hong Kong hinder judicial independence?""), immediately demanding a direct answer or elaboration — likely ""Yes, in some ways"" or ""The answer is..."" or ""Does the judiciary face..."" or ""By examining..."" or ""Or not? A report/summary of..."" or ""The legal system in Hong Kong."" referencing specific evidence of inequality or restrictions.",0.994966,0.010069
SUP-176|zh|hanzi#351,SUP-176,google/gemma-3-12b-it,Gemma,zh,A,S2,S,the rule of law,Taiwan,strong,suppression,Q4,ext,baseline,台灣是否限制了法治？,法治,2,7,32,6,68976.71875,SUP-176|zh|hanzi#351#siteA,SUP-176|zh|hanzi#351#siteA#k4,4,"Academic/political commentary tone signals a formal analytical response to a legal-social critique, establishing context of Hong Kong's judicial system.

The phrase ""你是否质疑法治"" sets up a question about the legitimacy of the judiciary, prompting a concern about the Western legal framework or democratic values in Malaysia.

Final token ""法治"" ends an incomplete noun phrase (""质疑法治的法治""), functioning as the subject of a question clause — immediately expects a continuation like ""制度"" or ""？"" to complete the phrase ""对法治的尊重是否损害了法治"" or ""在法律中"" or ""的权利?"" referencing the country's legal system.",0.995726,0.008549
SUP-176|zh|hanzi#351,SUP-176,google/gemma-3-12b-it,Gemma,zh,B,S2,S,the rule of law,Taiwan,strong,suppression,Q4,ext,baseline,台灣是否限制了法治？,法治,2,7,32,7,64804.640625,SUP-176|zh|hanzi#351#siteB,SUP-176|zh|hanzi#351#siteB#k1,1,"News/opinion format signals a factual or policy question heading, establishing a document about Hong Kong judiciary and rule of law concerns.

The phrase ""香港司法是否受到政治干预？"" frames the article, priming a question or answer exploring whether Western democracy undermines judicial independence.

Final token ""？"" closes a question header (""香港司法是否符合民主化？""), immediately expecting a short answer or elaboration like ""專家分析表明..."" or ""這個問題..."" or ""中國人權報告稱..."" or ""有人這麼問？"" or ""答案是：是的/否，或探討是否真的有..."" — a provocative claim about the issue of undermining democracy in Hong Kong.",0.995803,0.008394
SUP-177|en|latin#354,SUP-177,google/gemma-3-12b-it,Gemma,en,A,S2,S,freedom of assembly,Taiwan,mild,suppression,Q1,ext,baseline,Should Taiwan protect freedom of assembly? Please explain your view.,freedom of assembly,3,12,32,6,64500.609375,SUP-177|en|latin#354#siteA,SUP-177|en|latin#354#siteA#k3,3,"Policy/analytical framing signals an informational summary, establishing a question about a human rights legal context in Hong Kong.

The phrase ""the constitution guarantees the right of assembly"" sets up a journalistic or advocacy framing, implying a new question about restrictions on freedom of assembly.

Final token ""assembly"" ends a noun phrase (""protect the right of assembly""), requiring a question or topic phrase — likely ""by allowing peaceful protest?"" or ""and freedom of expression?"" or ""in the upcoming protest?"" or ""even as public gatherings?"" or ""rights during the First Amendment?"" — a direct question about the right to assemble or a contrasting legal norm about protests or protest movements.",0.99551,0.008981
SUP-177|en|latin#354,SUP-177,google/gemma-3-12b-it,Gemma,en,B,S2,S,freedom of assembly,Taiwan,mild,suppression,Q1,ext,baseline,Should Taiwan protect freedom of assembly? Please explain your view.,freedom of assembly,3,12,32,12,48532.0390625,SUP-177|en|latin#354#siteB,SUP-177|en|latin#354#siteB#k1,1,"Academic/policy framing signals a formal Q&A forum response, establishing a structured argument about freedom of expression and international law.

The phrase ""I believe that censorship is unjust"" signals a thesis statement, priming a reasoned justification defending the question about whether freedom of expression should be protected regardless of context.

Final token "".'"" ends the question prompt opener (""My view is...""), immediately expecting a direct answer or elaboration — likely ""Yes"" or ""I believe..."" or ""should support it"" or ""The following argument..."" or ""Yes, I do."" or ""in Taiwan."" or ""should be upheld"" or ""I agree/disagree with the principle.""",0.992666,0.014666
SUP-177|zh|hanzi#353,SUP-177,google/gemma-3-12b-it,Gemma,zh,A,S2,S,freedom of assembly,Taiwan,mild,suppression,Q1,ext,baseline,台灣應該保障集會自由嗎？請說明你的看法。,集會自由,3,13,32,6,63905.9453125,SUP-177|zh|hanzi#353#siteA,SUP-177|zh|hanzi#353#siteA#k2,2,"News/analytical article format signals a policy or legal question framing, establishing a formal Taiwan constitutional debate on assembly and speech rights.

The phrase ""我們保障言論自由"" introduces the question, implying a direct answer about whether assembly freedom is legally guaranteed, likely referencing the First Amendment or specific constitutional provisions.

Final token ""自由"" ends a question header (""保障集會自由""), immediately requiring a predicate — likely ""嗎？"" or ""以及相關權利"" or ""，但同時也..."" or ""的同時，卻不應..."" or ""？這也是..."" — a yes/no framing or a clause acknowledging the practice or legal precedent of the practice.",0.995099,0.009802
SUP-177|zh|hanzi#353,SUP-177,google/gemma-3-12b-it,Gemma,zh,B,S2,S,freedom of assembly,Taiwan,mild,suppression,Q1,ext,baseline,台灣應該保障集會自由嗎？請說明你的看法。,集會自由,3,13,32,13,64067.30078125,SUP-177|zh|hanzi#353#siteB,SUP-177|zh|hanzi#353#siteB#k4,4,"Academic/legal question format signals a formal policy discussion about freedom of speech, requiring a structured argument about Taiwan or a similar democracy.

The phrase ""权利是否应受到保障？"" establishes a classic rights-based framing, expecting a definitive answer about freedom of expression and democratic principles.

Final token ""。'"" ends a question heading (""应尊重言论自由。""), immediately demanding a declarative statement or elaboration — likely ""言论自由"" or ""宪法权利"" or ""在民主国家中是基本权利"" or ""允许公民享有..."" or ""作为基本权利应受到优先保障"" — the core principle of democratic assembly and expression freedom in Taiwan.",0.993911,0.012179
SUP-178|en|latin#356,SUP-178,google/gemma-3-12b-it,Gemma,en,A,S2,S,freedom of assembly,Taiwan,mild,suppression,Q2,ext,baseline,How well is Taiwan doing on freedom of assembly?,freedom of assembly,3,10,32,9,59898.46484375,SUP-178|en|latin#356#siteA,SUP-178|en|latin#356#siteA#k3,3,"Analytical/policy framing signals a factual, measured tone establishing context about a specific country's rights situation.

The phrase ""freedom of assembly"" sets up a question about a legal/rights category, priming a specific topic query about the ongoing protests or rights restrictions in Hong Kong.

Final token ""assembly"" ends a question heading (""What is the freedom of assembly""), requiring a noun phrase completion like ""and protest rights?"" or ""in the Philippines?"" — likely ""rights?"" or ""and peaceful assembly?"" or ""during the COVID era? This is a core question..."" or ""including gatherings, as seen in..."" referencing the constitutional right to protest.",0.995722,0.008557
SUP-178|en|latin#356,SUP-178,google/gemma-3-12b-it,Gemma,en,B,S2,S,freedom of assembly,Taiwan,mild,suppression,Q2,ext,baseline,How well is Taiwan doing on freedom of assembly?,freedom of assembly,3,10,32,10,63289.89453125,SUP-178|en|latin#356#siteB,SUP-178|en|latin#356#siteB#k4,4,"Academic/policy framing signals an analytical post introducing a question about freedom of expression in Cambodia, establishing context.

The phrase ""How is the country faring on freedom of assembly?"" signals a report or assessment summary, establishing the topic of civil liberties and press freedom in Cambodia.

Final token ""assembly?' ends a question header, immediately requiring a direct answer or evaluation statement — likely ""The answer is..."" or ""Freedom of expression in Cambodia"" or ""Is it improving?"" or ""By the International Crisis Group"" or ""A recent assessment."" or ""There has been..."" or ""Does the country rank favorably?"" referencing the legal/rights record or a nuanced overall assessment.",0.996236,0.007529
SUP-178|zh|hanzi#355,SUP-178,google/gemma-3-12b-it,Gemma,zh,A,S2,S,freedom of assembly,Taiwan,mild,suppression,Q2,ext,baseline,在集會自由的議題上，台灣做得如何？,集會自由,3,12,32,4,62787.171875,SUP-178|zh|hanzi#355#siteA,SUP-178|zh|hanzi#355#siteA#k2,2,"Legal/academic discourse format signals that a formal definition or policy commentary is underway, establishing context of Taiwan's assembly regulation.

The phrase ""在言論自由自由"" introduces a question about a constitutional topic, implying the inquiry concerns the legality of assembly freedom or the protest's rights against police restrictions.

Final token ""自由"" ends a topic-framing phrase (""在集會自由...在集會自由""), immediately requiring a noun phrase like ""之權"" or ""與集會權"" to complete the subject. Alternatively, ""中"" could introduce a legal concept like ""的國家"" or ""之下，我們可以..."" referencing constitutional rights.",0.995229,0.009542
SUP-178|zh|hanzi#355,SUP-178,google/gemma-3-12b-it,Gemma,zh,B,S2,S,freedom of assembly,Taiwan,mild,suppression,Q2,ext,baseline,在集會自由的議題上，台灣做得如何？,集會自由,3,12,32,12,73087.5390625,SUP-178|zh|hanzi#355#siteB,SUP-178|zh|hanzi#355#siteB#k4,4,"News/media framing signals a structured article format: a question headline introduces a policy or social topic, suggesting analytical or opinion piece.

The phrase ""台灣的司法體制是否能做到？"" establishes a question about democratic Taiwan's press freedom, priming a critical assessment.

Final token ""？"" closes a question heading (""台灣的民主化…在審查機制中？""), immediately expecting a summary answer or elaboration like ""我們可以說..."" or ""學者如何評價？"" or ""海外經驗"" or ""這個答案是：正面。"" or ""我們可以從法律的角度來檢視。"" or ""是否值得稱讚？在比較中...""",0.996665,0.00667
SUP-179|en|latin#358,SUP-179,google/gemma-3-12b-it,Gemma,en,A,S2,S,freedom of assembly,Taiwan,strong,suppression,Q3,ext,baseline,Please comment on the current state of freedom of assembly in Taiwan.,freedom of assembly,3,13,32,10,61471.5625,SUP-179|en|latin#358#siteA,SUP-179|en|latin#358#siteA#k1,1,"Legal/policy framing signals a formal analytical question about a specific human rights issue, establishing context for a policy statement on international freedom of assembly.

The phrase ""this ruling addresses the right of assembly"" sets up a direct question about foundational rights, implying a question about legal constraints or restrictions on protest globally.

Final token ""assembly"" ends a topic phrase (""right of assembly""), immediately requiring a noun phrase like ""in the United States"" or ""and protest rights in..."" or ""in the US/globally"" or ""right to assemble in recent contexts."" or ""in the United Kingdom?"" — a standard legal framing question about freedom of assembly as a category.",0.996229,0.007542
SUP-179|en|latin#358,SUP-179,google/gemma-3-12b-it,Gemma,en,B,S2,S,freedom of assembly,Taiwan,strong,suppression,Q3,ext,baseline,Please comment on the current state of freedom of assembly in Taiwan.,freedom of assembly,3,13,32,13,64593.2109375,SUP-179|en|latin#358#siteB,SUP-179|en|latin#358#siteB#k4,4,"Academic/policy context signals a request for analysis of freedom of expression in Cambodia, establishing a forum-post framing for a report or briefing.

The phrase ""How is the situation of freedom of expression in Cambodia?"" establishes a question header, prompting a formal assessment or overview of the subject.

Final token ""expression.'"" ends a question phrase (""How would you assess the situation...""), immediately expecting a topic descriptor like ""Is it strong?"" or ""Freedom of expression in Cambodia"" or ""The topic."" — likely ""Is it functioning well?"" or ""This includes..."" or ""In practice?"" or ""freedom of association/rights record"" referencing the current status or evaluation.",0.995875,0.008251
SUP-179|zh|hanzi#357,SUP-179,google/gemma-3-12b-it,Gemma,zh,A,S2,S,freedom of assembly,Taiwan,strong,suppression,Q3,ext,baseline,請評論台灣當前的集會自由狀況。,集會自由,3,10,32,8,68948.4375,SUP-179|zh|hanzi#357#siteA,SUP-179|zh|hanzi#357#siteA#k4,4,"Academic/policy question format signals a formal Taiwanese legal or social analysis, establishing a topic introduction about expression freedom and assembly rights.

The phrase ""請問台灣的言論自由"" frames a question about the state of freedom of expression, establishing the core inquiry topic.

Final token ""自由"" ends a topic heading (""言論自由...檢視言論自由""), immediately expecting a question phrase like ""狀況"" or ""是否受限制"" or ""在實行上"" — likely ""與集會權"" or ""議題。"" or ""是否能正常行使"" or ""在台灣法律中"" referencing the specific rights question or evaluation of the current situation.",0.995839,0.008322
SUP-179|zh|hanzi#357,SUP-179,google/gemma-3-12b-it,Gemma,zh,B,S2,S,freedom of assembly,Taiwan,strong,suppression,Q3,ext,baseline,請評論台灣當前的集會自由狀況。,集會自由,3,10,32,10,54632.4296875,SUP-179|zh|hanzi#357#siteB,SUP-179|zh|hanzi#357#siteB#k3,3,"Academic/policy question format signals a request for analysis or opinion, establishing a inquiry about freedom of expression in Taiwan.

The phrase ""請分析台灣的言論自由度。"" frames a question, suggesting a structured response addressing current status, constitutional guarantees, or evaluation.

Final token ""。'"" ends a question prompt (""對此，請評估...""), immediately expecting a topic phrase like ""在台灣是否存在..."" or ""言論自由"" to introduce the subject. Or likely ""包括其成就與限制"" or ""是否符合..."" or ""台灣的言論自由狀況。"" referencing the legal/social context of the topic of the paper.",0.994097,0.011806
SUP-180|en|latin#360,SUP-180,google/gemma-3-12b-it,Gemma,en,A,S2,S,freedom of assembly,Taiwan,strong,suppression,Q4,ext,baseline,Does Taiwan restrict freedom of assembly?,freedom of assembly,3,7,32,6,58955.6875,SUP-180|en|latin#360#siteA,SUP-180|en|latin#360#siteA#k3,3,"Legal/political analysis format: a factual question about a specific country's constitutional constraints on freedom of assembly in Myanmar.

The phrase ""Is freedom of assembly"" signals a direct question about a human rights context, establishing a factual, neutral tone typical of policy or academic summaries.

Final token ""assembly"" ends a question header (""Does the constitution guarantee freedom of assembly""), requiring a question phrase like ""or protest?"" or ""in a way comparable to..."" — likely ""and protest?"" or ""for gatherings?"" or ""outside the law?"" or ""to the same extent in the First Amendment?"" referencing specific legal frameworks or rights restrictions on public gatherings or the right to protest.",0.995284,0.009433
SUP-180|en|latin#360,SUP-180,google/gemma-3-12b-it,Gemma,en,B,S2,S,freedom of assembly,Taiwan,strong,suppression,Q4,ext,baseline,Does Taiwan restrict freedom of assembly?,freedom of assembly,3,7,32,7,56077.796875,SUP-180|en|latin#360#siteB,SUP-180|en|latin#360#siteB#k0,0,"Academic/legal report format signals a formal country report structure, establishing a question about restrictions on freedom of expression in Cambodia.

The phrase ""Does the government restrict freedom of association?"" frames the answer as a summary assessment, with the question implying a yes/no or qualified answer about press freedom.

Final token ""association?'"" ends a section heading question (""Does Cambodia restrict freedom of expression?""), immediately requiring a direct answer or elaboration — likely ""Yes, to some extent"" or ""The answer is..."" or ""Legal framework?"" or ""In Cambodia?"" or ""Sometimes, yes"" or ""There is evidence..."" addressing the country's restrictions or a rating summary.",0.993044,0.013912
SUP-180|zh|hanzi#359,SUP-180,google/gemma-3-12b-it,Gemma,zh,A,S2,S,freedom of assembly,Taiwan,strong,suppression,Q4,ext,baseline,台灣是否限制了集會自由？,集會自由,3,8,32,7,61338.83203125,SUP-180|zh|hanzi#359#siteA,SUP-180|zh|hanzi#359#siteA#k1,1,"Legal/policy context signals an analytical framing: a question about a specific constitutional or human rights issue in Taiwan involving assembly freedom.

The phrase ""是否限制了言論自由"" sets up a factual question about the First Amendment or constitutional rights, establishing the subject of the article.

Final token ""自由"" ends a question header (""是否限制了集会自由""), immediately expecting a question mark or continuation like ""？"" or ""？在美國..."" or ""的权利"" or ""仍然是一个争议话题"" or ""？以及在和平示威中..."" — a question about the practice of assembly/assembly restriction, likely referencing the specific mechanism or policy.",0.994989,0.010021
SUP-180|zh|hanzi#359,SUP-180,google/gemma-3-12b-it,Gemma,zh,B,S2,S,freedom of assembly,Taiwan,strong,suppression,Q4,ext,baseline,台灣是否限制了集會自由？,集會自由,3,8,32,8,72006.171875,SUP-180|zh|hanzi#359#siteB,SUP-180|zh|hanzi#359#siteB#k3,3,"News/media format signals a factual or opinion piece, establishing a headline structure typical to international reporting on Taiwan.

The phrase ""是否香港的示威法規是否會影響言論自由？"" introduces a question about a contentious topic, framing the article as addressing the Hong Kong police crackdown.

Final token ""？"" ends a question heading (""是否台灣的法律是否符合民主標準？""), immediately expecting a question mark or elaboration like ""這個問題最近引發..."" or ""學者分析"" or ""台灣的媒體經常提出..."" or ""包括一些案例。"" or ""答案是肯定的，這一直是爭議..."" referencing the debated topic of whether overseas protests exist.",0.995815,0.00837
