desc_id,vector_id,sample_k,sent_id,pair_id,frame,entity,lang,mention_script,cell_type,site,mse,cos,desc_lang,desc_len
REP-001|zh|hanzi#1#siteA#k0,REP-001|zh|hanzi#1#siteA,0,REP-001|zh|hanzi#1,REP-001,C1,freedom,zh,hanzi,baseline,A,0.009766,0.995117,en,585
REP-001|zh|hanzi#1#siteA#k1,REP-001|zh|hanzi#1#siteA,1,REP-001|zh|hanzi#1,REP-001,C1,freedom,zh,hanzi,baseline,A,0.010581,0.99471,en,562
REP-001|zh|hanzi#1#siteA#k2,REP-001|zh|hanzi#1#siteA,2,REP-001|zh|hanzi#1,REP-001,C1,freedom,zh,hanzi,baseline,A,0.009972,0.995014,en,552
REP-001|zh|hanzi#1#siteA#k3,REP-001|zh|hanzi#1#siteA,3,REP-001|zh|hanzi#1,REP-001,C1,freedom,zh,hanzi,baseline,A,0.010414,0.994793,en,592
REP-001|zh|hanzi#1#siteA#k4,REP-001|zh|hanzi#1#siteA,4,REP-001|zh|hanzi#1,REP-001,C1,freedom,zh,hanzi,baseline,A,0.010134,0.994933,en,567
REP-001|zh|hanzi#1#siteB#k0,REP-001|zh|hanzi#1#siteB,0,REP-001|zh|hanzi#1,REP-001,C1,freedom,zh,hanzi,baseline,B,0.00705,0.996475,mixed,554
REP-001|zh|hanzi#1#siteB#k1,REP-001|zh|hanzi#1#siteB,1,REP-001|zh|hanzi#1,REP-001,C1,freedom,zh,hanzi,baseline,B,0.007444,0.996278,mixed,551
REP-001|zh|hanzi#1#siteB#k2,REP-001|zh|hanzi#1#siteB,2,REP-001|zh|hanzi#1,REP-001,C1,freedom,zh,hanzi,baseline,B,0.006436,0.996782,mixed,559
REP-001|zh|hanzi#1#siteB#k3,REP-001|zh|hanzi#1#siteB,3,REP-001|zh|hanzi#1,REP-001,C1,freedom,zh,hanzi,baseline,B,0.007466,0.996267,mixed,529
REP-001|zh|hanzi#1#siteB#k4,REP-001|zh|hanzi#1#siteB,4,REP-001|zh|hanzi#1,REP-001,C1,freedom,zh,hanzi,baseline,B,0.006678,0.996661,mixed,568
REP-001|en|latin#2#siteA#k0,REP-001|en|latin#2#siteA,0,REP-001|en|latin#2,REP-001,C1,freedom,en,latin,baseline,A,0.010036,0.994982,en,700
REP-001|en|latin#2#siteA#k1,REP-001|en|latin#2#siteA,1,REP-001|en|latin#2,REP-001,C1,freedom,en,latin,baseline,A,0.009732,0.995134,en,714
REP-001|en|latin#2#siteA#k2,REP-001|en|latin#2#siteA,2,REP-001|en|latin#2,REP-001,C1,freedom,en,latin,baseline,A,0.009922,0.995039,en,746
REP-001|en|latin#2#siteA#k3,REP-001|en|latin#2#siteA,3,REP-001|en|latin#2,REP-001,C1,freedom,en,latin,baseline,A,0.011021,0.994489,en,732
REP-001|en|latin#2#siteA#k4,REP-001|en|latin#2#siteA,4,REP-001|en|latin#2,REP-001,C1,freedom,en,latin,baseline,A,0.011885,0.994058,en,685
REP-001|en|latin#2#siteB#k0,REP-001|en|latin#2#siteB,0,REP-001|en|latin#2,REP-001,C1,freedom,en,latin,baseline,B,0.006705,0.996648,en,760
REP-001|en|latin#2#siteB#k1,REP-001|en|latin#2#siteB,1,REP-001|en|latin#2,REP-001,C1,freedom,en,latin,baseline,B,0.006732,0.996634,en,769
REP-001|en|latin#2#siteB#k2,REP-001|en|latin#2#siteB,2,REP-001|en|latin#2,REP-001,C1,freedom,en,latin,baseline,B,0.006632,0.996685,en,774
REP-001|en|latin#2#siteB#k3,REP-001|en|latin#2#siteB,3,REP-001|en|latin#2,REP-001,C1,freedom,en,latin,baseline,B,0.007064,0.996468,en,772
REP-001|en|latin#2#siteB#k4,REP-001|en|latin#2#siteB,4,REP-001|en|latin#2,REP-001,C1,freedom,en,latin,baseline,B,0.006775,0.996612,en,762
REP-002|zh|hanzi#3#siteA#k0,REP-002|zh|hanzi#3#siteA,0,REP-002|zh|hanzi#3,REP-002,C2,freedom,zh,hanzi,baseline,A,0.011209,0.994396,en,554
REP-002|zh|hanzi#3#siteA#k1,REP-002|zh|hanzi#3#siteA,1,REP-002|zh|hanzi#3,REP-002,C2,freedom,zh,hanzi,baseline,A,0.012709,0.993645,en,574
REP-002|zh|hanzi#3#siteA#k2,REP-002|zh|hanzi#3#siteA,2,REP-002|zh|hanzi#3,REP-002,C2,freedom,zh,hanzi,baseline,A,0.011239,0.994381,en,597
REP-002|zh|hanzi#3#siteA#k3,REP-002|zh|hanzi#3#siteA,3,REP-002|zh|hanzi#3,REP-002,C2,freedom,zh,hanzi,baseline,A,0.011074,0.994463,en,519
REP-002|zh|hanzi#3#siteA#k4,REP-002|zh|hanzi#3#siteA,4,REP-002|zh|hanzi#3,REP-002,C2,freedom,zh,hanzi,baseline,A,0.011652,0.994174,en,564
REP-002|zh|hanzi#3#siteB#k0,REP-002|zh|hanzi#3#siteB,0,REP-002|zh|hanzi#3,REP-002,C2,freedom,zh,hanzi,baseline,B,0.011398,0.994301,mixed,509
REP-002|zh|hanzi#3#siteB#k1,REP-002|zh|hanzi#3#siteB,1,REP-002|zh|hanzi#3,REP-002,C2,freedom,zh,hanzi,baseline,B,0.010696,0.994652,mixed,491
REP-002|zh|hanzi#3#siteB#k2,REP-002|zh|hanzi#3#siteB,2,REP-002|zh|hanzi#3,REP-002,C2,freedom,zh,hanzi,baseline,B,0.010174,0.994913,mixed,538
REP-002|zh|hanzi#3#siteB#k3,REP-002|zh|hanzi#3#siteB,3,REP-002|zh|hanzi#3,REP-002,C2,freedom,zh,hanzi,baseline,B,0.01161,0.994195,mixed,532
REP-002|zh|hanzi#3#siteB#k4,REP-002|zh|hanzi#3#siteB,4,REP-002|zh|hanzi#3,REP-002,C2,freedom,zh,hanzi,baseline,B,0.010117,0.994941,mixed,545
REP-002|en|latin#4#siteA#k0,REP-002|en|latin#4#siteA,0,REP-002|en|latin#4,REP-002,C2,freedom,en,latin,baseline,A,0.01129,0.994355,en,665
REP-002|en|latin#4#siteA#k1,REP-002|en|latin#4#siteA,1,REP-002|en|latin#4,REP-002,C2,freedom,en,latin,baseline,A,0.011482,0.994259,en,708
REP-002|en|latin#4#siteA#k2,REP-002|en|latin#4#siteA,2,REP-002|en|latin#4,REP-002,C2,freedom,en,latin,baseline,A,0.011502,0.994249,en,690
REP-002|en|latin#4#siteA#k3,REP-002|en|latin#4#siteA,3,REP-002|en|latin#4,REP-002,C2,freedom,en,latin,baseline,A,0.012992,0.993504,en,695
REP-002|en|latin#4#siteA#k4,REP-002|en|latin#4#siteA,4,REP-002|en|latin#4,REP-002,C2,freedom,en,latin,baseline,A,0.01102,0.99449,en,681
REP-002|en|latin#4#siteB#k0,REP-002|en|latin#4#siteB,0,REP-002|en|latin#4,REP-002,C2,freedom,en,latin,baseline,B,0.009652,0.995174,en,718
REP-002|en|latin#4#siteB#k1,REP-002|en|latin#4#siteB,1,REP-002|en|latin#4,REP-002,C2,freedom,en,latin,baseline,B,0.010412,0.994794,en,709
REP-002|en|latin#4#siteB#k2,REP-002|en|latin#4#siteB,2,REP-002|en|latin#4,REP-002,C2,freedom,en,latin,baseline,B,0.009085,0.995458,en,742
REP-002|en|latin#4#siteB#k3,REP-002|en|latin#4#siteB,3,REP-002|en|latin#4,REP-002,C2,freedom,en,latin,baseline,B,0.008682,0.995659,en,699
REP-002|en|latin#4#siteB#k4,REP-002|en|latin#4#siteB,4,REP-002|en|latin#4,REP-002,C2,freedom,en,latin,baseline,B,0.010276,0.994862,en,691
REP-003|zh|hanzi#5#siteA#k0,REP-003|zh|hanzi#5#siteA,0,REP-003|zh|hanzi#5,REP-003,C3,freedom,zh,hanzi,baseline,A,0.012055,0.993972,en,582
REP-003|zh|hanzi#5#siteA#k1,REP-003|zh|hanzi#5#siteA,1,REP-003|zh|hanzi#5,REP-003,C3,freedom,zh,hanzi,baseline,A,0.012349,0.993825,en,539
REP-003|zh|hanzi#5#siteA#k2,REP-003|zh|hanzi#5#siteA,2,REP-003|zh|hanzi#5,REP-003,C3,freedom,zh,hanzi,baseline,A,0.011141,0.994429,en,524
REP-003|zh|hanzi#5#siteA#k3,REP-003|zh|hanzi#5#siteA,3,REP-003|zh|hanzi#5,REP-003,C3,freedom,zh,hanzi,baseline,A,0.012694,0.993653,en,587
REP-003|zh|hanzi#5#siteA#k4,REP-003|zh|hanzi#5#siteA,4,REP-003|zh|hanzi#5,REP-003,C3,freedom,zh,hanzi,baseline,A,0.010496,0.994752,en,578
REP-003|zh|hanzi#5#siteB#k0,REP-003|zh|hanzi#5#siteB,0,REP-003|zh|hanzi#5,REP-003,C3,freedom,zh,hanzi,baseline,B,0.008169,0.995916,en,562
REP-003|zh|hanzi#5#siteB#k1,REP-003|zh|hanzi#5#siteB,1,REP-003|zh|hanzi#5,REP-003,C3,freedom,zh,hanzi,baseline,B,0.007742,0.996129,en,567
REP-003|zh|hanzi#5#siteB#k2,REP-003|zh|hanzi#5#siteB,2,REP-003|zh|hanzi#5,REP-003,C3,freedom,zh,hanzi,baseline,B,0.007461,0.996269,en,555
REP-003|zh|hanzi#5#siteB#k3,REP-003|zh|hanzi#5#siteB,3,REP-003|zh|hanzi#5,REP-003,C3,freedom,zh,hanzi,baseline,B,0.007487,0.996256,mixed,544
REP-003|zh|hanzi#5#siteB#k4,REP-003|zh|hanzi#5#siteB,4,REP-003|zh|hanzi#5,REP-003,C3,freedom,zh,hanzi,baseline,B,0.007567,0.996216,en,574
REP-003|en|latin#6#siteA#k0,REP-003|en|latin#6#siteA,0,REP-003|en|latin#6,REP-003,C3,freedom,en,latin,baseline,A,0.008526,0.995737,en,652
REP-003|en|latin#6#siteA#k1,REP-003|en|latin#6#siteA,1,REP-003|en|latin#6,REP-003,C3,freedom,en,latin,baseline,A,0.009176,0.995412,en,681
REP-003|en|latin#6#siteA#k2,REP-003|en|latin#6#siteA,2,REP-003|en|latin#6,REP-003,C3,freedom,en,latin,baseline,A,0.008884,0.995558,en,660
REP-003|en|latin#6#siteA#k3,REP-003|en|latin#6#siteA,3,REP-003|en|latin#6,REP-003,C3,freedom,en,latin,baseline,A,0.009348,0.995326,en,683
REP-003|en|latin#6#siteA#k4,REP-003|en|latin#6#siteA,4,REP-003|en|latin#6,REP-003,C3,freedom,en,latin,baseline,A,0.009311,0.995345,en,684
REP-003|en|latin#6#siteB#k0,REP-003|en|latin#6#siteB,0,REP-003|en|latin#6,REP-003,C3,freedom,en,latin,baseline,B,0.006908,0.996546,en,704
REP-003|en|latin#6#siteB#k1,REP-003|en|latin#6#siteB,1,REP-003|en|latin#6,REP-003,C3,freedom,en,latin,baseline,B,0.007332,0.996334,en,698
REP-003|en|latin#6#siteB#k2,REP-003|en|latin#6#siteB,2,REP-003|en|latin#6,REP-003,C3,freedom,en,latin,baseline,B,0.006848,0.996576,en,734
REP-003|en|latin#6#siteB#k3,REP-003|en|latin#6#siteB,3,REP-003|en|latin#6,REP-003,C3,freedom,en,latin,baseline,B,0.00714,0.99643,en,733
REP-003|en|latin#6#siteB#k4,REP-003|en|latin#6#siteB,4,REP-003|en|latin#6,REP-003,C3,freedom,en,latin,baseline,B,0.008035,0.995983,en,672
REP-004|zh|hanzi#7#siteA#k0,REP-004|zh|hanzi#7#siteA,0,REP-004|zh|hanzi#7,REP-004,C4,freedom,zh,hanzi,baseline,A,0.011224,0.994388,en,549
REP-004|zh|hanzi#7#siteA#k1,REP-004|zh|hanzi#7#siteA,1,REP-004|zh|hanzi#7,REP-004,C4,freedom,zh,hanzi,baseline,A,0.012382,0.993809,en,585
REP-004|zh|hanzi#7#siteA#k2,REP-004|zh|hanzi#7#siteA,2,REP-004|zh|hanzi#7,REP-004,C4,freedom,zh,hanzi,baseline,A,0.012021,0.99399,en,571
REP-004|zh|hanzi#7#siteA#k3,REP-004|zh|hanzi#7#siteA,3,REP-004|zh|hanzi#7,REP-004,C4,freedom,zh,hanzi,baseline,A,0.012137,0.993932,en,561
REP-004|zh|hanzi#7#siteA#k4,REP-004|zh|hanzi#7#siteA,4,REP-004|zh|hanzi#7,REP-004,C4,freedom,zh,hanzi,baseline,A,0.012212,0.993895,en,556
REP-004|zh|hanzi#7#siteB#k0,REP-004|zh|hanzi#7#siteB,0,REP-004|zh|hanzi#7,REP-004,C4,freedom,zh,hanzi,baseline,B,0.007323,0.996339,en,605
REP-004|zh|hanzi#7#siteB#k1,REP-004|zh|hanzi#7#siteB,1,REP-004|zh|hanzi#7,REP-004,C4,freedom,zh,hanzi,baseline,B,0.007294,0.996353,en,576
REP-004|zh|hanzi#7#siteB#k2,REP-004|zh|hanzi#7#siteB,2,REP-004|zh|hanzi#7,REP-004,C4,freedom,zh,hanzi,baseline,B,0.007314,0.996343,en,561
REP-004|zh|hanzi#7#siteB#k3,REP-004|zh|hanzi#7#siteB,3,REP-004|zh|hanzi#7,REP-004,C4,freedom,zh,hanzi,baseline,B,0.007991,0.996005,mixed,571
REP-004|zh|hanzi#7#siteB#k4,REP-004|zh|hanzi#7#siteB,4,REP-004|zh|hanzi#7,REP-004,C4,freedom,zh,hanzi,baseline,B,0.00715,0.996425,en,579
REP-004|en|latin#8#siteA#k0,REP-004|en|latin#8#siteA,0,REP-004|en|latin#8,REP-004,C4,freedom,en,latin,baseline,A,0.00815,0.995925,en,677
REP-004|en|latin#8#siteA#k1,REP-004|en|latin#8#siteA,1,REP-004|en|latin#8,REP-004,C4,freedom,en,latin,baseline,A,0.008646,0.995677,en,678
REP-004|en|latin#8#siteA#k2,REP-004|en|latin#8#siteA,2,REP-004|en|latin#8,REP-004,C4,freedom,en,latin,baseline,A,0.008042,0.995979,en,677
REP-004|en|latin#8#siteA#k3,REP-004|en|latin#8#siteA,3,REP-004|en|latin#8,REP-004,C4,freedom,en,latin,baseline,A,0.008744,0.995628,en,674
REP-004|en|latin#8#siteA#k4,REP-004|en|latin#8#siteA,4,REP-004|en|latin#8,REP-004,C4,freedom,en,latin,baseline,A,0.008042,0.995979,en,687
REP-004|en|latin#8#siteB#k0,REP-004|en|latin#8#siteB,0,REP-004|en|latin#8,REP-004,C4,freedom,en,latin,baseline,B,0.005743,0.997129,en,745
REP-004|en|latin#8#siteB#k1,REP-004|en|latin#8#siteB,1,REP-004|en|latin#8,REP-004,C4,freedom,en,latin,baseline,B,0.006406,0.996798,en,703
REP-004|en|latin#8#siteB#k2,REP-004|en|latin#8#siteB,2,REP-004|en|latin#8,REP-004,C4,freedom,en,latin,baseline,B,0.00597,0.997015,en,706
REP-004|en|latin#8#siteB#k3,REP-004|en|latin#8#siteB,3,REP-004|en|latin#8,REP-004,C4,freedom,en,latin,baseline,B,0.005679,0.997161,en,715
REP-004|en|latin#8#siteB#k4,REP-004|en|latin#8#siteB,4,REP-004|en|latin#8,REP-004,C4,freedom,en,latin,baseline,B,0.007468,0.996267,en,693
REP-005|zh|hanzi#9#siteA#k0,REP-005|zh|hanzi#9#siteA,0,REP-005|zh|hanzi#9,REP-005,C5,freedom,zh,hanzi,baseline,A,0.011015,0.994493,en,575
REP-005|zh|hanzi#9#siteA#k1,REP-005|zh|hanzi#9#siteA,1,REP-005|zh|hanzi#9,REP-005,C5,freedom,zh,hanzi,baseline,A,0.009876,0.995062,en,582
REP-005|zh|hanzi#9#siteA#k2,REP-005|zh|hanzi#9#siteA,2,REP-005|zh|hanzi#9,REP-005,C5,freedom,zh,hanzi,baseline,A,0.010954,0.994523,en,551
REP-005|zh|hanzi#9#siteA#k3,REP-005|zh|hanzi#9#siteA,3,REP-005|zh|hanzi#9,REP-005,C5,freedom,zh,hanzi,baseline,A,0.009656,0.995172,en,601
REP-005|zh|hanzi#9#siteA#k4,REP-005|zh|hanzi#9#siteA,4,REP-005|zh|hanzi#9,REP-005,C5,freedom,zh,hanzi,baseline,A,0.010842,0.994579,en,558
REP-005|zh|hanzi#9#siteB#k0,REP-005|zh|hanzi#9#siteB,0,REP-005|zh|hanzi#9,REP-005,C5,freedom,zh,hanzi,baseline,B,0.008274,0.995863,mixed,495
REP-005|zh|hanzi#9#siteB#k1,REP-005|zh|hanzi#9#siteB,1,REP-005|zh|hanzi#9,REP-005,C5,freedom,zh,hanzi,baseline,B,0.007353,0.996324,mixed,484
REP-005|zh|hanzi#9#siteB#k2,REP-005|zh|hanzi#9#siteB,2,REP-005|zh|hanzi#9,REP-005,C5,freedom,zh,hanzi,baseline,B,0.00701,0.996495,mixed,539
REP-005|zh|hanzi#9#siteB#k3,REP-005|zh|hanzi#9#siteB,3,REP-005|zh|hanzi#9,REP-005,C5,freedom,zh,hanzi,baseline,B,0.008144,0.995928,mixed,545
REP-005|zh|hanzi#9#siteB#k4,REP-005|zh|hanzi#9#siteB,4,REP-005|zh|hanzi#9,REP-005,C5,freedom,zh,hanzi,baseline,B,0.008255,0.995873,en,549
REP-005|en|latin#10#siteA#k0,REP-005|en|latin#10#siteA,0,REP-005|en|latin#10,REP-005,C5,freedom,en,latin,baseline,A,0.008581,0.995709,en,712
REP-005|en|latin#10#siteA#k1,REP-005|en|latin#10#siteA,1,REP-005|en|latin#10,REP-005,C5,freedom,en,latin,baseline,A,0.007703,0.996149,en,696
REP-005|en|latin#10#siteA#k2,REP-005|en|latin#10#siteA,2,REP-005|en|latin#10,REP-005,C5,freedom,en,latin,baseline,A,0.007866,0.996067,en,726
REP-005|en|latin#10#siteA#k3,REP-005|en|latin#10#siteA,3,REP-005|en|latin#10,REP-005,C5,freedom,en,latin,baseline,A,0.007985,0.996007,en,679
REP-005|en|latin#10#siteA#k4,REP-005|en|latin#10#siteA,4,REP-005|en|latin#10,REP-005,C5,freedom,en,latin,baseline,A,0.008826,0.995587,en,716
REP-005|en|latin#10#siteB#k0,REP-005|en|latin#10#siteB,0,REP-005|en|latin#10,REP-005,C5,freedom,en,latin,baseline,B,0.005453,0.997274,en,717
REP-005|en|latin#10#siteB#k1,REP-005|en|latin#10#siteB,1,REP-005|en|latin#10,REP-005,C5,freedom,en,latin,baseline,B,0.00511,0.997445,en,712
REP-005|en|latin#10#siteB#k2,REP-005|en|latin#10#siteB,2,REP-005|en|latin#10,REP-005,C5,freedom,en,latin,baseline,B,0.006591,0.996704,en,691
REP-005|en|latin#10#siteB#k3,REP-005|en|latin#10#siteB,3,REP-005|en|latin#10,REP-005,C5,freedom,en,latin,baseline,B,0.005809,0.997095,en,695
REP-005|en|latin#10#siteB#k4,REP-005|en|latin#10#siteB,4,REP-005|en|latin#10,REP-005,C5,freedom,en,latin,baseline,B,0.006087,0.996957,en,719
REP-006|zh|hanzi#11#siteA#k0,REP-006|zh|hanzi#11#siteA,0,REP-006|zh|hanzi#11,REP-006,C6,freedom,zh,hanzi,baseline,A,0.009861,0.995069,en,575
REP-006|zh|hanzi#11#siteA#k1,REP-006|zh|hanzi#11#siteA,1,REP-006|zh|hanzi#11,REP-006,C6,freedom,zh,hanzi,baseline,A,0.009773,0.995114,en,558
REP-006|zh|hanzi#11#siteA#k2,REP-006|zh|hanzi#11#siteA,2,REP-006|zh|hanzi#11,REP-006,C6,freedom,zh,hanzi,baseline,A,0.009808,0.995096,en,588
REP-006|zh|hanzi#11#siteA#k3,REP-006|zh|hanzi#11#siteA,3,REP-006|zh|hanzi#11,REP-006,C6,freedom,zh,hanzi,baseline,A,0.009462,0.995269,en,542
REP-006|zh|hanzi#11#siteA#k4,REP-006|zh|hanzi#11#siteA,4,REP-006|zh|hanzi#11,REP-006,C6,freedom,zh,hanzi,baseline,A,0.010213,0.994894,en,541
REP-006|zh|hanzi#11#siteB#k0,REP-006|zh|hanzi#11#siteB,0,REP-006|zh|hanzi#11,REP-006,C6,freedom,zh,hanzi,baseline,B,0.007491,0.996255,mixed,513
REP-006|zh|hanzi#11#siteB#k1,REP-006|zh|hanzi#11#siteB,1,REP-006|zh|hanzi#11,REP-006,C6,freedom,zh,hanzi,baseline,B,0.007352,0.996324,mixed,478
REP-006|zh|hanzi#11#siteB#k2,REP-006|zh|hanzi#11#siteB,2,REP-006|zh|hanzi#11,REP-006,C6,freedom,zh,hanzi,baseline,B,0.008195,0.995902,mixed,511
REP-006|zh|hanzi#11#siteB#k3,REP-006|zh|hanzi#11#siteB,3,REP-006|zh|hanzi#11,REP-006,C6,freedom,zh,hanzi,baseline,B,0.008847,0.995577,mixed,495
REP-006|zh|hanzi#11#siteB#k4,REP-006|zh|hanzi#11#siteB,4,REP-006|zh|hanzi#11,REP-006,C6,freedom,zh,hanzi,baseline,B,0.008371,0.995815,mixed,481
REP-006|en|latin#12#siteA#k0,REP-006|en|latin#12#siteA,0,REP-006|en|latin#12,REP-006,C6,freedom,en,latin,baseline,A,0.007008,0.996496,en,693
REP-006|en|latin#12#siteA#k1,REP-006|en|latin#12#siteA,1,REP-006|en|latin#12,REP-006,C6,freedom,en,latin,baseline,A,0.006316,0.996842,en,712
REP-006|en|latin#12#siteA#k2,REP-006|en|latin#12#siteA,2,REP-006|en|latin#12,REP-006,C6,freedom,en,latin,baseline,A,0.00651,0.996745,en,721
REP-006|en|latin#12#siteA#k3,REP-006|en|latin#12#siteA,3,REP-006|en|latin#12,REP-006,C6,freedom,en,latin,baseline,A,0.007063,0.996469,en,688
REP-006|en|latin#12#siteA#k4,REP-006|en|latin#12#siteA,4,REP-006|en|latin#12,REP-006,C6,freedom,en,latin,baseline,A,0.006261,0.99687,en,725
REP-006|en|latin#12#siteB#k0,REP-006|en|latin#12#siteB,0,REP-006|en|latin#12,REP-006,C6,freedom,en,latin,baseline,B,0.007201,0.996399,en,691
REP-006|en|latin#12#siteB#k1,REP-006|en|latin#12#siteB,1,REP-006|en|latin#12,REP-006,C6,freedom,en,latin,baseline,B,0.007,0.9965,en,691
REP-006|en|latin#12#siteB#k2,REP-006|en|latin#12#siteB,2,REP-006|en|latin#12,REP-006,C6,freedom,en,latin,baseline,B,0.007085,0.996457,en,707
REP-006|en|latin#12#siteB#k3,REP-006|en|latin#12#siteB,3,REP-006|en|latin#12,REP-006,C6,freedom,en,latin,baseline,B,0.007752,0.996124,en,710
REP-006|en|latin#12#siteB#k4,REP-006|en|latin#12#siteB,4,REP-006|en|latin#12,REP-006,C6,freedom,en,latin,baseline,B,0.007314,0.996343,en,675
REP-007|zh|hanzi#13#siteA#k0,REP-007|zh|hanzi#13#siteA,0,REP-007|zh|hanzi#13,REP-007,C1,democracy,zh,hanzi,baseline,A,0.00785,0.996075,en,599
REP-007|zh|hanzi#13#siteA#k1,REP-007|zh|hanzi#13#siteA,1,REP-007|zh|hanzi#13,REP-007,C1,democracy,zh,hanzi,baseline,A,0.007893,0.996054,en,649
REP-007|zh|hanzi#13#siteA#k2,REP-007|zh|hanzi#13#siteA,2,REP-007|zh|hanzi#13,REP-007,C1,democracy,zh,hanzi,baseline,A,0.008694,0.995653,en,578
REP-007|zh|hanzi#13#siteA#k3,REP-007|zh|hanzi#13#siteA,3,REP-007|zh|hanzi#13,REP-007,C1,democracy,zh,hanzi,baseline,A,0.008828,0.995586,en,602
REP-007|zh|hanzi#13#siteA#k4,REP-007|zh|hanzi#13#siteA,4,REP-007|zh|hanzi#13,REP-007,C1,democracy,zh,hanzi,baseline,A,0.008367,0.995817,en,562
REP-007|zh|hanzi#13#siteB#k0,REP-007|zh|hanzi#13#siteB,0,REP-007|zh|hanzi#13,REP-007,C1,democracy,zh,hanzi,baseline,B,0.007821,0.996089,mixed,539
REP-007|zh|hanzi#13#siteB#k1,REP-007|zh|hanzi#13#siteB,1,REP-007|zh|hanzi#13,REP-007,C1,democracy,zh,hanzi,baseline,B,0.007694,0.996153,mixed,524
REP-007|zh|hanzi#13#siteB#k2,REP-007|zh|hanzi#13#siteB,2,REP-007|zh|hanzi#13,REP-007,C1,democracy,zh,hanzi,baseline,B,0.007198,0.996401,mixed,523
REP-007|zh|hanzi#13#siteB#k3,REP-007|zh|hanzi#13#siteB,3,REP-007|zh|hanzi#13,REP-007,C1,democracy,zh,hanzi,baseline,B,0.007516,0.996242,mixed,547
REP-007|zh|hanzi#13#siteB#k4,REP-007|zh|hanzi#13#siteB,4,REP-007|zh|hanzi#13,REP-007,C1,democracy,zh,hanzi,baseline,B,0.006628,0.996686,mixed,538
REP-007|en|latin#14#siteA#k0,REP-007|en|latin#14#siteA,0,REP-007|en|latin#14,REP-007,C1,democracy,en,latin,baseline,A,0.00557,0.997215,en,679
REP-007|en|latin#14#siteA#k1,REP-007|en|latin#14#siteA,1,REP-007|en|latin#14,REP-007,C1,democracy,en,latin,baseline,A,0.007207,0.996397,en,667
REP-007|en|latin#14#siteA#k2,REP-007|en|latin#14#siteA,2,REP-007|en|latin#14,REP-007,C1,democracy,en,latin,baseline,A,0.005882,0.997059,en,700
REP-007|en|latin#14#siteA#k3,REP-007|en|latin#14#siteA,3,REP-007|en|latin#14,REP-007,C1,democracy,en,latin,baseline,A,0.006019,0.996991,en,722
REP-007|en|latin#14#siteA#k4,REP-007|en|latin#14#siteA,4,REP-007|en|latin#14,REP-007,C1,democracy,en,latin,baseline,A,0.00575,0.997125,en,713
REP-007|en|latin#14#siteB#k0,REP-007|en|latin#14#siteB,0,REP-007|en|latin#14,REP-007,C1,democracy,en,latin,baseline,B,0.006368,0.996816,en,754
REP-007|en|latin#14#siteB#k1,REP-007|en|latin#14#siteB,1,REP-007|en|latin#14,REP-007,C1,democracy,en,latin,baseline,B,0.00646,0.99677,en,762
REP-007|en|latin#14#siteB#k2,REP-007|en|latin#14#siteB,2,REP-007|en|latin#14,REP-007,C1,democracy,en,latin,baseline,B,0.006533,0.996734,en,768
REP-007|en|latin#14#siteB#k3,REP-007|en|latin#14#siteB,3,REP-007|en|latin#14,REP-007,C1,democracy,en,latin,baseline,B,0.006632,0.996684,en,722
REP-007|en|latin#14#siteB#k4,REP-007|en|latin#14#siteB,4,REP-007|en|latin#14,REP-007,C1,democracy,en,latin,baseline,B,0.006183,0.996909,en,734
REP-008|zh|hanzi#15#siteA#k0,REP-008|zh|hanzi#15#siteA,0,REP-008|zh|hanzi#15,REP-008,C2,democracy,zh,hanzi,baseline,A,0.008503,0.995749,en,605
REP-008|zh|hanzi#15#siteA#k1,REP-008|zh|hanzi#15#siteA,1,REP-008|zh|hanzi#15,REP-008,C2,democracy,zh,hanzi,baseline,A,0.008449,0.995776,en,610
REP-008|zh|hanzi#15#siteA#k2,REP-008|zh|hanzi#15#siteA,2,REP-008|zh|hanzi#15,REP-008,C2,democracy,zh,hanzi,baseline,A,0.008877,0.995562,en,543
REP-008|zh|hanzi#15#siteA#k3,REP-008|zh|hanzi#15#siteA,3,REP-008|zh|hanzi#15,REP-008,C2,democracy,zh,hanzi,baseline,A,0.008717,0.995642,en,631
REP-008|zh|hanzi#15#siteA#k4,REP-008|zh|hanzi#15#siteA,4,REP-008|zh|hanzi#15,REP-008,C2,democracy,zh,hanzi,baseline,A,0.008412,0.995794,en,577
REP-008|zh|hanzi#15#siteB#k0,REP-008|zh|hanzi#15#siteB,0,REP-008|zh|hanzi#15,REP-008,C2,democracy,zh,hanzi,baseline,B,0.010802,0.994599,mixed,528
REP-008|zh|hanzi#15#siteB#k1,REP-008|zh|hanzi#15#siteB,1,REP-008|zh|hanzi#15,REP-008,C2,democracy,zh,hanzi,baseline,B,0.011424,0.994288,mixed,517
REP-008|zh|hanzi#15#siteB#k2,REP-008|zh|hanzi#15#siteB,2,REP-008|zh|hanzi#15,REP-008,C2,democracy,zh,hanzi,baseline,B,0.011222,0.994389,mixed,510
REP-008|zh|hanzi#15#siteB#k3,REP-008|zh|hanzi#15#siteB,3,REP-008|zh|hanzi#15,REP-008,C2,democracy,zh,hanzi,baseline,B,0.010494,0.994753,mixed,549
REP-008|zh|hanzi#15#siteB#k4,REP-008|zh|hanzi#15#siteB,4,REP-008|zh|hanzi#15,REP-008,C2,democracy,zh,hanzi,baseline,B,0.010586,0.994707,mixed,521
REP-008|en|latin#16#siteA#k0,REP-008|en|latin#16#siteA,0,REP-008|en|latin#16,REP-008,C2,democracy,en,latin,baseline,A,0.005049,0.997475,en,748
REP-008|en|latin#16#siteA#k1,REP-008|en|latin#16#siteA,1,REP-008|en|latin#16,REP-008,C2,democracy,en,latin,baseline,A,0.00537,0.997315,en,710
REP-008|en|latin#16#siteA#k2,REP-008|en|latin#16#siteA,2,REP-008|en|latin#16,REP-008,C2,democracy,en,latin,baseline,A,0.005323,0.997339,en,731
REP-008|en|latin#16#siteA#k3,REP-008|en|latin#16#siteA,3,REP-008|en|latin#16,REP-008,C2,democracy,en,latin,baseline,A,0.00529,0.997355,en,718
REP-008|en|latin#16#siteA#k4,REP-008|en|latin#16#siteA,4,REP-008|en|latin#16,REP-008,C2,democracy,en,latin,baseline,A,0.005315,0.997343,en,736
REP-008|en|latin#16#siteB#k0,REP-008|en|latin#16#siteB,0,REP-008|en|latin#16,REP-008,C2,democracy,en,latin,baseline,B,0.009468,0.995266,en,715
REP-008|en|latin#16#siteB#k1,REP-008|en|latin#16#siteB,1,REP-008|en|latin#16,REP-008,C2,democracy,en,latin,baseline,B,0.010238,0.994881,en,688
REP-008|en|latin#16#siteB#k2,REP-008|en|latin#16#siteB,2,REP-008|en|latin#16,REP-008,C2,democracy,en,latin,baseline,B,0.010342,0.99483,en,728
REP-008|en|latin#16#siteB#k3,REP-008|en|latin#16#siteB,3,REP-008|en|latin#16,REP-008,C2,democracy,en,latin,baseline,B,0.010452,0.994774,en,710
REP-008|en|latin#16#siteB#k4,REP-008|en|latin#16#siteB,4,REP-008|en|latin#16,REP-008,C2,democracy,en,latin,baseline,B,0.010421,0.99479,en,753
REP-009|zh|hanzi#17#siteA#k0,REP-009|zh|hanzi#17#siteA,0,REP-009|zh|hanzi#17,REP-009,C3,democracy,zh,hanzi,baseline,A,0.008499,0.995751,en,627
REP-009|zh|hanzi#17#siteA#k1,REP-009|zh|hanzi#17#siteA,1,REP-009|zh|hanzi#17,REP-009,C3,democracy,zh,hanzi,baseline,A,0.008295,0.995852,en,638
REP-009|zh|hanzi#17#siteA#k2,REP-009|zh|hanzi#17#siteA,2,REP-009|zh|hanzi#17,REP-009,C3,democracy,zh,hanzi,baseline,A,0.008403,0.995798,en,598
REP-009|zh|hanzi#17#siteA#k3,REP-009|zh|hanzi#17#siteA,3,REP-009|zh|hanzi#17,REP-009,C3,democracy,zh,hanzi,baseline,A,0.00842,0.99579,en,587
REP-009|zh|hanzi#17#siteA#k4,REP-009|zh|hanzi#17#siteA,4,REP-009|zh|hanzi#17,REP-009,C3,democracy,zh,hanzi,baseline,A,0.008381,0.995809,en,586
REP-009|zh|hanzi#17#siteB#k0,REP-009|zh|hanzi#17#siteB,0,REP-009|zh|hanzi#17,REP-009,C3,democracy,zh,hanzi,baseline,B,0.009148,0.995426,en,564
REP-009|zh|hanzi#17#siteB#k1,REP-009|zh|hanzi#17#siteB,1,REP-009|zh|hanzi#17,REP-009,C3,democracy,zh,hanzi,baseline,B,0.008273,0.995864,en,581
REP-009|zh|hanzi#17#siteB#k2,REP-009|zh|hanzi#17#siteB,2,REP-009|zh|hanzi#17,REP-009,C3,democracy,zh,hanzi,baseline,B,0.009195,0.995403,mixed,529
REP-009|zh|hanzi#17#siteB#k3,REP-009|zh|hanzi#17#siteB,3,REP-009|zh|hanzi#17,REP-009,C3,democracy,zh,hanzi,baseline,B,0.008176,0.995912,mixed,514
REP-009|zh|hanzi#17#siteB#k4,REP-009|zh|hanzi#17#siteB,4,REP-009|zh|hanzi#17,REP-009,C3,democracy,zh,hanzi,baseline,B,0.008495,0.995753,en,581
REP-009|en|latin#18#siteA#k0,REP-009|en|latin#18#siteA,0,REP-009|en|latin#18,REP-009,C3,democracy,en,latin,baseline,A,0.005343,0.997329,en,704
REP-009|en|latin#18#siteA#k1,REP-009|en|latin#18#siteA,1,REP-009|en|latin#18,REP-009,C3,democracy,en,latin,baseline,A,0.005121,0.997439,en,677
REP-009|en|latin#18#siteA#k2,REP-009|en|latin#18#siteA,2,REP-009|en|latin#18,REP-009,C3,democracy,en,latin,baseline,A,0.005256,0.997372,en,690
REP-009|en|latin#18#siteA#k3,REP-009|en|latin#18#siteA,3,REP-009|en|latin#18,REP-009,C3,democracy,en,latin,baseline,A,0.004941,0.99753,en,682
REP-009|en|latin#18#siteA#k4,REP-009|en|latin#18#siteA,4,REP-009|en|latin#18,REP-009,C3,democracy,en,latin,baseline,A,0.005391,0.997305,en,691
REP-009|en|latin#18#siteB#k0,REP-009|en|latin#18#siteB,0,REP-009|en|latin#18,REP-009,C3,democracy,en,latin,baseline,B,0.00911,0.995446,en,731
REP-009|en|latin#18#siteB#k1,REP-009|en|latin#18#siteB,1,REP-009|en|latin#18,REP-009,C3,democracy,en,latin,baseline,B,0.008086,0.995957,en,729
REP-009|en|latin#18#siteB#k2,REP-009|en|latin#18#siteB,2,REP-009|en|latin#18,REP-009,C3,democracy,en,latin,baseline,B,0.008459,0.995771,en,720
REP-009|en|latin#18#siteB#k3,REP-009|en|latin#18#siteB,3,REP-009|en|latin#18,REP-009,C3,democracy,en,latin,baseline,B,0.00748,0.99626,en,706
REP-009|en|latin#18#siteB#k4,REP-009|en|latin#18#siteB,4,REP-009|en|latin#18,REP-009,C3,democracy,en,latin,baseline,B,0.00911,0.995445,en,741
REP-010|zh|hanzi#19#siteA#k0,REP-010|zh|hanzi#19#siteA,0,REP-010|zh|hanzi#19,REP-010,C4,democracy,zh,hanzi,baseline,A,0.01066,0.99467,en,599
REP-010|zh|hanzi#19#siteA#k1,REP-010|zh|hanzi#19#siteA,1,REP-010|zh|hanzi#19,REP-010,C4,democracy,zh,hanzi,baseline,A,0.010097,0.994952,en,596
REP-010|zh|hanzi#19#siteA#k2,REP-010|zh|hanzi#19#siteA,2,REP-010|zh|hanzi#19,REP-010,C4,democracy,zh,hanzi,baseline,A,0.009986,0.995007,en,564
REP-010|zh|hanzi#19#siteA#k3,REP-010|zh|hanzi#19#siteA,3,REP-010|zh|hanzi#19,REP-010,C4,democracy,zh,hanzi,baseline,A,0.010265,0.994867,en,607
REP-010|zh|hanzi#19#siteA#k4,REP-010|zh|hanzi#19#siteA,4,REP-010|zh|hanzi#19,REP-010,C4,democracy,zh,hanzi,baseline,A,0.009912,0.995044,en,576
REP-010|zh|hanzi#19#siteB#k0,REP-010|zh|hanzi#19#siteB,0,REP-010|zh|hanzi#19,REP-010,C4,democracy,zh,hanzi,baseline,B,0.007989,0.996005,en,607
REP-010|zh|hanzi#19#siteB#k1,REP-010|zh|hanzi#19#siteB,1,REP-010|zh|hanzi#19,REP-010,C4,democracy,zh,hanzi,baseline,B,0.008397,0.995802,en,585
REP-010|zh|hanzi#19#siteB#k2,REP-010|zh|hanzi#19#siteB,2,REP-010|zh|hanzi#19,REP-010,C4,democracy,zh,hanzi,baseline,B,0.007498,0.996251,en,558
REP-010|zh|hanzi#19#siteB#k3,REP-010|zh|hanzi#19#siteB,3,REP-010|zh|hanzi#19,REP-010,C4,democracy,zh,hanzi,baseline,B,0.007619,0.996191,en,575
REP-010|zh|hanzi#19#siteB#k4,REP-010|zh|hanzi#19#siteB,4,REP-010|zh|hanzi#19,REP-010,C4,democracy,zh,hanzi,baseline,B,0.007717,0.996142,mixed,521
REP-010|en|latin#20#siteA#k0,REP-010|en|latin#20#siteA,0,REP-010|en|latin#20,REP-010,C4,democracy,en,latin,baseline,A,0.00493,0.997535,en,694
REP-010|en|latin#20#siteA#k1,REP-010|en|latin#20#siteA,1,REP-010|en|latin#20,REP-010,C4,democracy,en,latin,baseline,A,0.005177,0.997411,en,714
REP-010|en|latin#20#siteA#k2,REP-010|en|latin#20#siteA,2,REP-010|en|latin#20,REP-010,C4,democracy,en,latin,baseline,A,0.004979,0.99751,en,689
REP-010|en|latin#20#siteA#k3,REP-010|en|latin#20#siteA,3,REP-010|en|latin#20,REP-010,C4,democracy,en,latin,baseline,A,0.005506,0.997247,en,708
REP-010|en|latin#20#siteA#k4,REP-010|en|latin#20#siteA,4,REP-010|en|latin#20,REP-010,C4,democracy,en,latin,baseline,A,0.005476,0.997262,en,705
REP-010|en|latin#20#siteB#k0,REP-010|en|latin#20#siteB,0,REP-010|en|latin#20,REP-010,C4,democracy,en,latin,baseline,B,0.005714,0.997143,en,752
REP-010|en|latin#20#siteB#k1,REP-010|en|latin#20#siteB,1,REP-010|en|latin#20,REP-010,C4,democracy,en,latin,baseline,B,0.005521,0.997239,en,701
REP-010|en|latin#20#siteB#k2,REP-010|en|latin#20#siteB,2,REP-010|en|latin#20,REP-010,C4,democracy,en,latin,baseline,B,0.006289,0.996856,en,707
REP-010|en|latin#20#siteB#k3,REP-010|en|latin#20#siteB,3,REP-010|en|latin#20,REP-010,C4,democracy,en,latin,baseline,B,0.006138,0.996931,en,706
REP-010|en|latin#20#siteB#k4,REP-010|en|latin#20#siteB,4,REP-010|en|latin#20,REP-010,C4,democracy,en,latin,baseline,B,0.006175,0.996913,en,711
REP-011|zh|hanzi#21#siteA#k0,REP-011|zh|hanzi#21#siteA,0,REP-011|zh|hanzi#21,REP-011,C5,democracy,zh,hanzi,baseline,A,0.00733,0.996335,en,562
REP-011|zh|hanzi#21#siteA#k1,REP-011|zh|hanzi#21#siteA,1,REP-011|zh|hanzi#21,REP-011,C5,democracy,zh,hanzi,baseline,A,0.007276,0.996361,en,563
REP-011|zh|hanzi#21#siteA#k2,REP-011|zh|hanzi#21#siteA,2,REP-011|zh|hanzi#21,REP-011,C5,democracy,zh,hanzi,baseline,A,0.007471,0.996264,en,572
REP-011|zh|hanzi#21#siteA#k3,REP-011|zh|hanzi#21#siteA,3,REP-011|zh|hanzi#21,REP-011,C5,democracy,zh,hanzi,baseline,A,0.008308,0.995846,en,555
REP-011|zh|hanzi#21#siteA#k4,REP-011|zh|hanzi#21#siteA,4,REP-011|zh|hanzi#21,REP-011,C5,democracy,zh,hanzi,baseline,A,0.00772,0.99614,en,606
REP-011|zh|hanzi#21#siteB#k0,REP-011|zh|hanzi#21#siteB,0,REP-011|zh|hanzi#21,REP-011,C5,democracy,zh,hanzi,baseline,B,0.007938,0.996032,mixed,469
REP-011|zh|hanzi#21#siteB#k1,REP-011|zh|hanzi#21#siteB,1,REP-011|zh|hanzi#21,REP-011,C5,democracy,zh,hanzi,baseline,B,0.006745,0.996627,mixed,487
REP-011|zh|hanzi#21#siteB#k2,REP-011|zh|hanzi#21#siteB,2,REP-011|zh|hanzi#21,REP-011,C5,democracy,zh,hanzi,baseline,B,0.007209,0.996395,mixed,548
REP-011|zh|hanzi#21#siteB#k3,REP-011|zh|hanzi#21#siteB,3,REP-011|zh|hanzi#21,REP-011,C5,democracy,zh,hanzi,baseline,B,0.007143,0.996429,mixed,570
REP-011|zh|hanzi#21#siteB#k4,REP-011|zh|hanzi#21#siteB,4,REP-011|zh|hanzi#21,REP-011,C5,democracy,zh,hanzi,baseline,B,0.007779,0.996111,mixed,494
REP-011|en|latin#22#siteA#k0,REP-011|en|latin#22#siteA,0,REP-011|en|latin#22,REP-011,C5,democracy,en,latin,baseline,A,0.006405,0.996798,en,733
REP-011|en|latin#22#siteA#k1,REP-011|en|latin#22#siteA,1,REP-011|en|latin#22,REP-011,C5,democracy,en,latin,baseline,A,0.005791,0.997105,en,725
REP-011|en|latin#22#siteA#k2,REP-011|en|latin#22#siteA,2,REP-011|en|latin#22,REP-011,C5,democracy,en,latin,baseline,A,0.005658,0.997171,en,746
REP-011|en|latin#22#siteA#k3,REP-011|en|latin#22#siteA,3,REP-011|en|latin#22,REP-011,C5,democracy,en,latin,baseline,A,0.00602,0.996991,en,710
REP-011|en|latin#22#siteA#k4,REP-011|en|latin#22#siteA,4,REP-011|en|latin#22,REP-011,C5,democracy,en,latin,baseline,A,0.006379,0.996811,en,732
REP-011|en|latin#22#siteB#k0,REP-011|en|latin#22#siteB,0,REP-011|en|latin#22,REP-011,C5,democracy,en,latin,baseline,B,0.006069,0.996966,en,722
REP-011|en|latin#22#siteB#k1,REP-011|en|latin#22#siteB,1,REP-011|en|latin#22,REP-011,C5,democracy,en,latin,baseline,B,0.005119,0.99744,en,695
REP-011|en|latin#22#siteB#k2,REP-011|en|latin#22#siteB,2,REP-011|en|latin#22,REP-011,C5,democracy,en,latin,baseline,B,0.0056,0.9972,en,707
REP-011|en|latin#22#siteB#k3,REP-011|en|latin#22#siteB,3,REP-011|en|latin#22,REP-011,C5,democracy,en,latin,baseline,B,0.005297,0.997351,en,712
REP-011|en|latin#22#siteB#k4,REP-011|en|latin#22#siteB,4,REP-011|en|latin#22,REP-011,C5,democracy,en,latin,baseline,B,0.005336,0.997332,en,709
REP-012|zh|hanzi#23#siteA#k0,REP-012|zh|hanzi#23#siteA,0,REP-012|zh|hanzi#23,REP-012,C6,democracy,zh,hanzi,baseline,A,0.007278,0.996361,en,588
REP-012|zh|hanzi#23#siteA#k1,REP-012|zh|hanzi#23#siteA,1,REP-012|zh|hanzi#23,REP-012,C6,democracy,zh,hanzi,baseline,A,0.007555,0.996222,en,619
REP-012|zh|hanzi#23#siteA#k2,REP-012|zh|hanzi#23#siteA,2,REP-012|zh|hanzi#23,REP-012,C6,democracy,zh,hanzi,baseline,A,0.006929,0.996536,en,583
REP-012|zh|hanzi#23#siteA#k3,REP-012|zh|hanzi#23#siteA,3,REP-012|zh|hanzi#23,REP-012,C6,democracy,zh,hanzi,baseline,A,0.007781,0.996109,en,608
REP-012|zh|hanzi#23#siteA#k4,REP-012|zh|hanzi#23#siteA,4,REP-012|zh|hanzi#23,REP-012,C6,democracy,zh,hanzi,baseline,A,0.00766,0.99617,en,574
REP-012|zh|hanzi#23#siteB#k0,REP-012|zh|hanzi#23#siteB,0,REP-012|zh|hanzi#23,REP-012,C6,democracy,zh,hanzi,baseline,B,0.00694,0.99653,mixed,521
REP-012|zh|hanzi#23#siteB#k1,REP-012|zh|hanzi#23#siteB,1,REP-012|zh|hanzi#23,REP-012,C6,democracy,zh,hanzi,baseline,B,0.007216,0.996392,mixed,507
REP-012|zh|hanzi#23#siteB#k2,REP-012|zh|hanzi#23#siteB,2,REP-012|zh|hanzi#23,REP-012,C6,democracy,zh,hanzi,baseline,B,0.007708,0.996146,mixed,486
REP-012|zh|hanzi#23#siteB#k3,REP-012|zh|hanzi#23#siteB,3,REP-012|zh|hanzi#23,REP-012,C6,democracy,zh,hanzi,baseline,B,0.007691,0.996155,mixed,467
REP-012|zh|hanzi#23#siteB#k4,REP-012|zh|hanzi#23#siteB,4,REP-012|zh|hanzi#23,REP-012,C6,democracy,zh,hanzi,baseline,B,0.00799,0.996005,mixed,523
REP-012|en|latin#24#siteA#k0,REP-012|en|latin#24#siteA,0,REP-012|en|latin#24,REP-012,C6,democracy,en,latin,baseline,A,0.005687,0.997156,en,715
REP-012|en|latin#24#siteA#k1,REP-012|en|latin#24#siteA,1,REP-012|en|latin#24,REP-012,C6,democracy,en,latin,baseline,A,0.005223,0.997388,en,724
REP-012|en|latin#24#siteA#k2,REP-012|en|latin#24#siteA,2,REP-012|en|latin#24,REP-012,C6,democracy,en,latin,baseline,A,0.004853,0.997574,en,728
REP-012|en|latin#24#siteA#k3,REP-012|en|latin#24#siteA,3,REP-012|en|latin#24,REP-012,C6,democracy,en,latin,baseline,A,0.005133,0.997434,en,784
REP-012|en|latin#24#siteA#k4,REP-012|en|latin#24#siteA,4,REP-012|en|latin#24,REP-012,C6,democracy,en,latin,baseline,A,0.005708,0.997146,en,723
REP-012|en|latin#24#siteB#k0,REP-012|en|latin#24#siteB,0,REP-012|en|latin#24,REP-012,C6,democracy,en,latin,baseline,B,0.00729,0.996355,en,687
REP-012|en|latin#24#siteB#k1,REP-012|en|latin#24#siteB,1,REP-012|en|latin#24,REP-012,C6,democracy,en,latin,baseline,B,0.007512,0.996244,en,701
REP-012|en|latin#24#siteB#k2,REP-012|en|latin#24#siteB,2,REP-012|en|latin#24,REP-012,C6,democracy,en,latin,baseline,B,0.006178,0.996911,en,694
REP-012|en|latin#24#siteB#k3,REP-012|en|latin#24#siteB,3,REP-012|en|latin#24,REP-012,C6,democracy,en,latin,baseline,B,0.007808,0.996096,en,710
REP-012|en|latin#24#siteB#k4,REP-012|en|latin#24#siteB,4,REP-012|en|latin#24,REP-012,C6,democracy,en,latin,baseline,B,0.007392,0.996304,en,678
REP-013|zh|hanzi#25#siteA#k0,REP-013|zh|hanzi#25#siteA,0,REP-013|zh|hanzi#25,REP-013,C1,human rights,zh,hanzi,baseline,A,0.009657,0.995171,en,548
REP-013|zh|hanzi#25#siteA#k1,REP-013|zh|hanzi#25#siteA,1,REP-013|zh|hanzi#25,REP-013,C1,human rights,zh,hanzi,baseline,A,0.008251,0.995874,en,566
REP-013|zh|hanzi#25#siteA#k2,REP-013|zh|hanzi#25#siteA,2,REP-013|zh|hanzi#25,REP-013,C1,human rights,zh,hanzi,baseline,A,0.008976,0.995512,en,561
REP-013|zh|hanzi#25#siteA#k3,REP-013|zh|hanzi#25#siteA,3,REP-013|zh|hanzi#25,REP-013,C1,human rights,zh,hanzi,baseline,A,0.008195,0.995902,en,541
REP-013|zh|hanzi#25#siteA#k4,REP-013|zh|hanzi#25#siteA,4,REP-013|zh|hanzi#25,REP-013,C1,human rights,zh,hanzi,baseline,A,0.008977,0.995511,en,570
REP-013|zh|hanzi#25#siteB#k0,REP-013|zh|hanzi#25#siteB,0,REP-013|zh|hanzi#25,REP-013,C1,human rights,zh,hanzi,baseline,B,0.00688,0.99656,mixed,569
REP-013|zh|hanzi#25#siteB#k1,REP-013|zh|hanzi#25#siteB,1,REP-013|zh|hanzi#25,REP-013,C1,human rights,zh,hanzi,baseline,B,0.007908,0.996046,mixed,558
REP-013|zh|hanzi#25#siteB#k2,REP-013|zh|hanzi#25#siteB,2,REP-013|zh|hanzi#25,REP-013,C1,human rights,zh,hanzi,baseline,B,0.007259,0.996371,mixed,533
REP-013|zh|hanzi#25#siteB#k3,REP-013|zh|hanzi#25#siteB,3,REP-013|zh|hanzi#25,REP-013,C1,human rights,zh,hanzi,baseline,B,0.007216,0.996392,mixed,509
REP-013|zh|hanzi#25#siteB#k4,REP-013|zh|hanzi#25#siteB,4,REP-013|zh|hanzi#25,REP-013,C1,human rights,zh,hanzi,baseline,B,0.006874,0.996563,mixed,555
REP-013|en|latin#26#siteA#k0,REP-013|en|latin#26#siteA,0,REP-013|en|latin#26,REP-013,C1,human rights,en,latin,baseline,A,0.008941,0.99553,en,699
REP-013|en|latin#26#siteA#k1,REP-013|en|latin#26#siteA,1,REP-013|en|latin#26,REP-013,C1,human rights,en,latin,baseline,A,0.007107,0.996447,en,699
REP-013|en|latin#26#siteA#k2,REP-013|en|latin#26#siteA,2,REP-013|en|latin#26,REP-013,C1,human rights,en,latin,baseline,A,0.006871,0.996564,en,710
REP-013|en|latin#26#siteA#k3,REP-013|en|latin#26#siteA,3,REP-013|en|latin#26,REP-013,C1,human rights,en,latin,baseline,A,0.007725,0.996137,en,701
REP-013|en|latin#26#siteA#k4,REP-013|en|latin#26#siteA,4,REP-013|en|latin#26,REP-013,C1,human rights,en,latin,baseline,A,0.006797,0.996602,en,702
REP-013|en|latin#26#siteB#k0,REP-013|en|latin#26#siteB,0,REP-013|en|latin#26,REP-013,C1,human rights,en,latin,baseline,B,0.00745,0.996275,en,754
REP-013|en|latin#26#siteB#k1,REP-013|en|latin#26#siteB,1,REP-013|en|latin#26,REP-013,C1,human rights,en,latin,baseline,B,0.006152,0.996924,en,781
REP-013|en|latin#26#siteB#k2,REP-013|en|latin#26#siteB,2,REP-013|en|latin#26,REP-013,C1,human rights,en,latin,baseline,B,0.006918,0.996541,en,765
REP-013|en|latin#26#siteB#k3,REP-013|en|latin#26#siteB,3,REP-013|en|latin#26,REP-013,C1,human rights,en,latin,baseline,B,0.007188,0.996406,en,748
REP-013|en|latin#26#siteB#k4,REP-013|en|latin#26#siteB,4,REP-013|en|latin#26,REP-013,C1,human rights,en,latin,baseline,B,0.006604,0.996698,en,741
REP-014|zh|hanzi#27#siteA#k0,REP-014|zh|hanzi#27#siteA,0,REP-014|zh|hanzi#27,REP-014,C2,human rights,zh,hanzi,baseline,A,0.00875,0.995626,en,603
REP-014|zh|hanzi#27#siteA#k1,REP-014|zh|hanzi#27#siteA,1,REP-014|zh|hanzi#27,REP-014,C2,human rights,zh,hanzi,baseline,A,0.008573,0.995714,en,508
REP-014|zh|hanzi#27#siteA#k2,REP-014|zh|hanzi#27#siteA,2,REP-014|zh|hanzi#27,REP-014,C2,human rights,zh,hanzi,baseline,A,0.00802,0.99599,en,569
REP-014|zh|hanzi#27#siteA#k3,REP-014|zh|hanzi#27#siteA,3,REP-014|zh|hanzi#27,REP-014,C2,human rights,zh,hanzi,baseline,A,0.008513,0.995744,en,604
REP-014|zh|hanzi#27#siteA#k4,REP-014|zh|hanzi#27#siteA,4,REP-014|zh|hanzi#27,REP-014,C2,human rights,zh,hanzi,baseline,A,0.0076,0.9962,en,563
REP-014|zh|hanzi#27#siteB#k0,REP-014|zh|hanzi#27#siteB,0,REP-014|zh|hanzi#27,REP-014,C2,human rights,zh,hanzi,baseline,B,0.009655,0.995173,en,574
REP-014|zh|hanzi#27#siteB#k1,REP-014|zh|hanzi#27#siteB,1,REP-014|zh|hanzi#27,REP-014,C2,human rights,zh,hanzi,baseline,B,0.010729,0.994636,mixed,490
REP-014|zh|hanzi#27#siteB#k2,REP-014|zh|hanzi#27#siteB,2,REP-014|zh|hanzi#27,REP-014,C2,human rights,zh,hanzi,baseline,B,0.010235,0.994883,mixed,585
REP-014|zh|hanzi#27#siteB#k3,REP-014|zh|hanzi#27#siteB,3,REP-014|zh|hanzi#27,REP-014,C2,human rights,zh,hanzi,baseline,B,0.010595,0.994702,mixed,557
REP-014|zh|hanzi#27#siteB#k4,REP-014|zh|hanzi#27#siteB,4,REP-014|zh|hanzi#27,REP-014,C2,human rights,zh,hanzi,baseline,B,0.009535,0.995232,mixed,555
REP-014|en|latin#28#siteA#k0,REP-014|en|latin#28#siteA,0,REP-014|en|latin#28,REP-014,C2,human rights,en,latin,baseline,A,0.006934,0.996533,en,705
REP-014|en|latin#28#siteA#k1,REP-014|en|latin#28#siteA,1,REP-014|en|latin#28,REP-014,C2,human rights,en,latin,baseline,A,0.00745,0.996275,en,685
REP-014|en|latin#28#siteA#k2,REP-014|en|latin#28#siteA,2,REP-014|en|latin#28,REP-014,C2,human rights,en,latin,baseline,A,0.007036,0.996482,en,686
REP-014|en|latin#28#siteA#k3,REP-014|en|latin#28#siteA,3,REP-014|en|latin#28,REP-014,C2,human rights,en,latin,baseline,A,0.006894,0.996553,en,699
REP-014|en|latin#28#siteA#k4,REP-014|en|latin#28#siteA,4,REP-014|en|latin#28,REP-014,C2,human rights,en,latin,baseline,A,0.006522,0.996739,en,711
REP-014|en|latin#28#siteB#k0,REP-014|en|latin#28#siteB,0,REP-014|en|latin#28,REP-014,C2,human rights,en,latin,baseline,B,0.011768,0.994116,en,694
REP-014|en|latin#28#siteB#k1,REP-014|en|latin#28#siteB,1,REP-014|en|latin#28,REP-014,C2,human rights,en,latin,baseline,B,0.010205,0.994898,en,717
REP-014|en|latin#28#siteB#k2,REP-014|en|latin#28#siteB,2,REP-014|en|latin#28,REP-014,C2,human rights,en,latin,baseline,B,0.010271,0.994864,en,737
REP-014|en|latin#28#siteB#k3,REP-014|en|latin#28#siteB,3,REP-014|en|latin#28,REP-014,C2,human rights,en,latin,baseline,B,0.011946,0.994027,en,707
REP-014|en|latin#28#siteB#k4,REP-014|en|latin#28#siteB,4,REP-014|en|latin#28,REP-014,C2,human rights,en,latin,baseline,B,0.012403,0.993799,en,737
REP-015|zh|hanzi#29#siteA#k0,REP-015|zh|hanzi#29#siteA,0,REP-015|zh|hanzi#29,REP-015,C3,human rights,zh,hanzi,baseline,A,0.009811,0.995094,en,589
REP-015|zh|hanzi#29#siteA#k1,REP-015|zh|hanzi#29#siteA,1,REP-015|zh|hanzi#29,REP-015,C3,human rights,zh,hanzi,baseline,A,0.011019,0.994491,en,587
REP-015|zh|hanzi#29#siteA#k2,REP-015|zh|hanzi#29#siteA,2,REP-015|zh|hanzi#29,REP-015,C3,human rights,zh,hanzi,baseline,A,0.010823,0.994588,en,602
REP-015|zh|hanzi#29#siteA#k3,REP-015|zh|hanzi#29#siteA,3,REP-015|zh|hanzi#29,REP-015,C3,human rights,zh,hanzi,baseline,A,0.010188,0.994906,en,565
REP-015|zh|hanzi#29#siteA#k4,REP-015|zh|hanzi#29#siteA,4,REP-015|zh|hanzi#29,REP-015,C3,human rights,zh,hanzi,baseline,A,0.010599,0.9947,en,582
REP-015|zh|hanzi#29#siteB#k0,REP-015|zh|hanzi#29#siteB,0,REP-015|zh|hanzi#29,REP-015,C3,human rights,zh,hanzi,baseline,B,0.007235,0.996382,en,572
REP-015|zh|hanzi#29#siteB#k1,REP-015|zh|hanzi#29#siteB,1,REP-015|zh|hanzi#29,REP-015,C3,human rights,zh,hanzi,baseline,B,0.00726,0.99637,en,562
REP-015|zh|hanzi#29#siteB#k2,REP-015|zh|hanzi#29#siteB,2,REP-015|zh|hanzi#29,REP-015,C3,human rights,zh,hanzi,baseline,B,0.00792,0.99604,mixed,540
REP-015|zh|hanzi#29#siteB#k3,REP-015|zh|hanzi#29#siteB,3,REP-015|zh|hanzi#29,REP-015,C3,human rights,zh,hanzi,baseline,B,0.008386,0.995807,en,568
REP-015|zh|hanzi#29#siteB#k4,REP-015|zh|hanzi#29#siteB,4,REP-015|zh|hanzi#29,REP-015,C3,human rights,zh,hanzi,baseline,B,0.007336,0.996332,mixed,550
REP-015|en|latin#30#siteA#k0,REP-015|en|latin#30#siteA,0,REP-015|en|latin#30,REP-015,C3,human rights,en,latin,baseline,A,0.006483,0.996758,en,698
REP-015|en|latin#30#siteA#k1,REP-015|en|latin#30#siteA,1,REP-015|en|latin#30,REP-015,C3,human rights,en,latin,baseline,A,0.006663,0.996669,en,671
REP-015|en|latin#30#siteA#k2,REP-015|en|latin#30#siteA,2,REP-015|en|latin#30,REP-015,C3,human rights,en,latin,baseline,A,0.006025,0.996988,en,710
REP-015|en|latin#30#siteA#k3,REP-015|en|latin#30#siteA,3,REP-015|en|latin#30,REP-015,C3,human rights,en,latin,baseline,A,0.006802,0.996599,en,690
REP-015|en|latin#30#siteA#k4,REP-015|en|latin#30#siteA,4,REP-015|en|latin#30,REP-015,C3,human rights,en,latin,baseline,A,0.007351,0.996325,en,713
REP-015|en|latin#30#siteB#k0,REP-015|en|latin#30#siteB,0,REP-015|en|latin#30,REP-015,C3,human rights,en,latin,baseline,B,0.009004,0.995498,en,746
REP-015|en|latin#30#siteB#k1,REP-015|en|latin#30#siteB,1,REP-015|en|latin#30,REP-015,C3,human rights,en,latin,baseline,B,0.008332,0.995834,en,740
REP-015|en|latin#30#siteB#k2,REP-015|en|latin#30#siteB,2,REP-015|en|latin#30,REP-015,C3,human rights,en,latin,baseline,B,0.008021,0.99599,en,749
REP-015|en|latin#30#siteB#k3,REP-015|en|latin#30#siteB,3,REP-015|en|latin#30,REP-015,C3,human rights,en,latin,baseline,B,0.008584,0.995708,en,753
REP-015|en|latin#30#siteB#k4,REP-015|en|latin#30#siteB,4,REP-015|en|latin#30,REP-015,C3,human rights,en,latin,baseline,B,0.00741,0.996295,en,716
REP-016|zh|hanzi#31#siteA#k0,REP-016|zh|hanzi#31#siteA,0,REP-016|zh|hanzi#31,REP-016,C4,human rights,zh,hanzi,baseline,A,0.010375,0.994812,en,558
REP-016|zh|hanzi#31#siteA#k1,REP-016|zh|hanzi#31#siteA,1,REP-016|zh|hanzi#31,REP-016,C4,human rights,zh,hanzi,baseline,A,0.011204,0.994398,en,588
REP-016|zh|hanzi#31#siteA#k2,REP-016|zh|hanzi#31#siteA,2,REP-016|zh|hanzi#31,REP-016,C4,human rights,zh,hanzi,baseline,A,0.010492,0.994754,en,544
REP-016|zh|hanzi#31#siteA#k3,REP-016|zh|hanzi#31#siteA,3,REP-016|zh|hanzi#31,REP-016,C4,human rights,zh,hanzi,baseline,A,0.010194,0.994903,en,540
REP-016|zh|hanzi#31#siteA#k4,REP-016|zh|hanzi#31#siteA,4,REP-016|zh|hanzi#31,REP-016,C4,human rights,zh,hanzi,baseline,A,0.010627,0.994686,en,547
REP-016|zh|hanzi#31#siteB#k0,REP-016|zh|hanzi#31#siteB,0,REP-016|zh|hanzi#31,REP-016,C4,human rights,zh,hanzi,baseline,B,0.007489,0.996256,en,629
REP-016|zh|hanzi#31#siteB#k1,REP-016|zh|hanzi#31#siteB,1,REP-016|zh|hanzi#31,REP-016,C4,human rights,zh,hanzi,baseline,B,0.007594,0.996203,en,569
REP-016|zh|hanzi#31#siteB#k2,REP-016|zh|hanzi#31#siteB,2,REP-016|zh|hanzi#31,REP-016,C4,human rights,zh,hanzi,baseline,B,0.008249,0.995876,en,542
REP-016|zh|hanzi#31#siteB#k3,REP-016|zh|hanzi#31#siteB,3,REP-016|zh|hanzi#31,REP-016,C4,human rights,zh,hanzi,baseline,B,0.007781,0.99611,en,558
REP-016|zh|hanzi#31#siteB#k4,REP-016|zh|hanzi#31#siteB,4,REP-016|zh|hanzi#31,REP-016,C4,human rights,zh,hanzi,baseline,B,0.007235,0.996383,en,558
REP-016|en|latin#32#siteA#k0,REP-016|en|latin#32#siteA,0,REP-016|en|latin#32,REP-016,C4,human rights,en,latin,baseline,A,0.006151,0.996925,en,702
REP-016|en|latin#32#siteA#k1,REP-016|en|latin#32#siteA,1,REP-016|en|latin#32,REP-016,C4,human rights,en,latin,baseline,A,0.005924,0.997038,en,674
REP-016|en|latin#32#siteA#k2,REP-016|en|latin#32#siteA,2,REP-016|en|latin#32,REP-016,C4,human rights,en,latin,baseline,A,0.006234,0.996883,en,689
REP-016|en|latin#32#siteA#k3,REP-016|en|latin#32#siteA,3,REP-016|en|latin#32,REP-016,C4,human rights,en,latin,baseline,A,0.005927,0.997036,en,710
REP-016|en|latin#32#siteA#k4,REP-016|en|latin#32#siteA,4,REP-016|en|latin#32,REP-016,C4,human rights,en,latin,baseline,A,0.00624,0.996881,en,705
REP-016|en|latin#32#siteB#k0,REP-016|en|latin#32#siteB,0,REP-016|en|latin#32,REP-016,C4,human rights,en,latin,baseline,B,0.006837,0.996582,en,675
REP-016|en|latin#32#siteB#k1,REP-016|en|latin#32#siteB,1,REP-016|en|latin#32,REP-016,C4,human rights,en,latin,baseline,B,0.005924,0.997038,en,716
REP-016|en|latin#32#siteB#k2,REP-016|en|latin#32#siteB,2,REP-016|en|latin#32,REP-016,C4,human rights,en,latin,baseline,B,0.006142,0.996929,en,704
REP-016|en|latin#32#siteB#k3,REP-016|en|latin#32#siteB,3,REP-016|en|latin#32,REP-016,C4,human rights,en,latin,baseline,B,0.006585,0.996708,en,689
REP-016|en|latin#32#siteB#k4,REP-016|en|latin#32#siteB,4,REP-016|en|latin#32,REP-016,C4,human rights,en,latin,baseline,B,0.005872,0.997064,en,737
REP-017|zh|hanzi#33#siteA#k0,REP-017|zh|hanzi#33#siteA,0,REP-017|zh|hanzi#33,REP-017,C5,human rights,zh,hanzi,baseline,A,0.009779,0.995111,en,547
REP-017|zh|hanzi#33#siteA#k1,REP-017|zh|hanzi#33#siteA,1,REP-017|zh|hanzi#33,REP-017,C5,human rights,zh,hanzi,baseline,A,0.009719,0.995141,en,562
REP-017|zh|hanzi#33#siteA#k2,REP-017|zh|hanzi#33#siteA,2,REP-017|zh|hanzi#33,REP-017,C5,human rights,zh,hanzi,baseline,A,0.009298,0.995352,en,568
REP-017|zh|hanzi#33#siteA#k3,REP-017|zh|hanzi#33#siteA,3,REP-017|zh|hanzi#33,REP-017,C5,human rights,zh,hanzi,baseline,A,0.009463,0.995269,en,592
REP-017|zh|hanzi#33#siteA#k4,REP-017|zh|hanzi#33#siteA,4,REP-017|zh|hanzi#33,REP-017,C5,human rights,zh,hanzi,baseline,A,0.009156,0.995422,en,546
REP-017|zh|hanzi#33#siteB#k0,REP-017|zh|hanzi#33#siteB,0,REP-017|zh|hanzi#33,REP-017,C5,human rights,zh,hanzi,baseline,B,0.006444,0.996778,mixed,553
REP-017|zh|hanzi#33#siteB#k1,REP-017|zh|hanzi#33#siteB,1,REP-017|zh|hanzi#33,REP-017,C5,human rights,zh,hanzi,baseline,B,0.006972,0.996514,mixed,530
REP-017|zh|hanzi#33#siteB#k2,REP-017|zh|hanzi#33#siteB,2,REP-017|zh|hanzi#33,REP-017,C5,human rights,zh,hanzi,baseline,B,0.006239,0.996881,mixed,541
REP-017|zh|hanzi#33#siteB#k3,REP-017|zh|hanzi#33#siteB,3,REP-017|zh|hanzi#33,REP-017,C5,human rights,zh,hanzi,baseline,B,0.006476,0.996762,mixed,528
REP-017|zh|hanzi#33#siteB#k4,REP-017|zh|hanzi#33#siteB,4,REP-017|zh|hanzi#33,REP-017,C5,human rights,zh,hanzi,baseline,B,0.006771,0.996615,mixed,536
REP-017|en|latin#34#siteA#k0,REP-017|en|latin#34#siteA,0,REP-017|en|latin#34,REP-017,C5,human rights,en,latin,baseline,A,0.006126,0.996937,en,718
REP-017|en|latin#34#siteA#k1,REP-017|en|latin#34#siteA,1,REP-017|en|latin#34,REP-017,C5,human rights,en,latin,baseline,A,0.0068,0.9966,en,738
REP-017|en|latin#34#siteA#k2,REP-017|en|latin#34#siteA,2,REP-017|en|latin#34,REP-017,C5,human rights,en,latin,baseline,A,0.006137,0.996932,en,691
REP-017|en|latin#34#siteA#k3,REP-017|en|latin#34#siteA,3,REP-017|en|latin#34,REP-017,C5,human rights,en,latin,baseline,A,0.006732,0.996634,en,727
REP-017|en|latin#34#siteA#k4,REP-017|en|latin#34#siteA,4,REP-017|en|latin#34,REP-017,C5,human rights,en,latin,baseline,A,0.006249,0.996876,en,681
REP-017|en|latin#34#siteB#k0,REP-017|en|latin#34#siteB,0,REP-017|en|latin#34,REP-017,C5,human rights,en,latin,baseline,B,0.005926,0.997037,en,719
REP-017|en|latin#34#siteB#k1,REP-017|en|latin#34#siteB,1,REP-017|en|latin#34,REP-017,C5,human rights,en,latin,baseline,B,0.005716,0.997142,en,684
REP-017|en|latin#34#siteB#k2,REP-017|en|latin#34#siteB,2,REP-017|en|latin#34,REP-017,C5,human rights,en,latin,baseline,B,0.005595,0.997202,en,721
REP-017|en|latin#34#siteB#k3,REP-017|en|latin#34#siteB,3,REP-017|en|latin#34,REP-017,C5,human rights,en,latin,baseline,B,0.006079,0.996961,en,686
REP-017|en|latin#34#siteB#k4,REP-017|en|latin#34#siteB,4,REP-017|en|latin#34,REP-017,C5,human rights,en,latin,baseline,B,0.005844,0.997078,en,723
REP-018|zh|hanzi#35#siteA#k0,REP-018|zh|hanzi#35#siteA,0,REP-018|zh|hanzi#35,REP-018,C6,human rights,zh,hanzi,baseline,A,0.00976,0.99512,en,572
REP-018|zh|hanzi#35#siteA#k1,REP-018|zh|hanzi#35#siteA,1,REP-018|zh|hanzi#35,REP-018,C6,human rights,zh,hanzi,baseline,A,0.008605,0.995698,en,610
REP-018|zh|hanzi#35#siteA#k2,REP-018|zh|hanzi#35#siteA,2,REP-018|zh|hanzi#35,REP-018,C6,human rights,zh,hanzi,baseline,A,0.009201,0.9954,en,563
REP-018|zh|hanzi#35#siteA#k3,REP-018|zh|hanzi#35#siteA,3,REP-018|zh|hanzi#35,REP-018,C6,human rights,zh,hanzi,baseline,A,0.008909,0.995546,en,598
REP-018|zh|hanzi#35#siteA#k4,REP-018|zh|hanzi#35#siteA,4,REP-018|zh|hanzi#35,REP-018,C6,human rights,zh,hanzi,baseline,A,0.009743,0.995129,en,581
REP-018|zh|hanzi#35#siteB#k0,REP-018|zh|hanzi#35#siteB,0,REP-018|zh|hanzi#35,REP-018,C6,human rights,zh,hanzi,baseline,B,0.006703,0.996648,mixed,468
REP-018|zh|hanzi#35#siteB#k1,REP-018|zh|hanzi#35#siteB,1,REP-018|zh|hanzi#35,REP-018,C6,human rights,zh,hanzi,baseline,B,0.007929,0.996035,mixed,482
REP-018|zh|hanzi#35#siteB#k2,REP-018|zh|hanzi#35#siteB,2,REP-018|zh|hanzi#35,REP-018,C6,human rights,zh,hanzi,baseline,B,0.007219,0.996391,mixed,463
REP-018|zh|hanzi#35#siteB#k3,REP-018|zh|hanzi#35#siteB,3,REP-018|zh|hanzi#35,REP-018,C6,human rights,zh,hanzi,baseline,B,0.007333,0.996334,mixed,417
REP-018|zh|hanzi#35#siteB#k4,REP-018|zh|hanzi#35#siteB,4,REP-018|zh|hanzi#35,REP-018,C6,human rights,zh,hanzi,baseline,B,0.008738,0.995631,mixed,491
REP-018|en|latin#36#siteA#k0,REP-018|en|latin#36#siteA,0,REP-018|en|latin#36,REP-018,C6,human rights,en,latin,baseline,A,0.006463,0.996769,en,721
REP-018|en|latin#36#siteA#k1,REP-018|en|latin#36#siteA,1,REP-018|en|latin#36,REP-018,C6,human rights,en,latin,baseline,A,0.006456,0.996772,en,699
REP-018|en|latin#36#siteA#k2,REP-018|en|latin#36#siteA,2,REP-018|en|latin#36,REP-018,C6,human rights,en,latin,baseline,A,0.006808,0.996596,en,744
REP-018|en|latin#36#siteA#k3,REP-018|en|latin#36#siteA,3,REP-018|en|latin#36,REP-018,C6,human rights,en,latin,baseline,A,0.006815,0.996593,en,730
REP-018|en|latin#36#siteA#k4,REP-018|en|latin#36#siteA,4,REP-018|en|latin#36,REP-018,C6,human rights,en,latin,baseline,A,0.006479,0.996761,en,698
REP-018|en|latin#36#siteB#k0,REP-018|en|latin#36#siteB,0,REP-018|en|latin#36,REP-018,C6,human rights,en,latin,baseline,B,0.007439,0.996281,en,641
REP-018|en|latin#36#siteB#k1,REP-018|en|latin#36#siteB,1,REP-018|en|latin#36,REP-018,C6,human rights,en,latin,baseline,B,0.008547,0.995727,en,692
REP-018|en|latin#36#siteB#k2,REP-018|en|latin#36#siteB,2,REP-018|en|latin#36,REP-018,C6,human rights,en,latin,baseline,B,0.007986,0.996007,en,643
REP-018|en|latin#36#siteB#k3,REP-018|en|latin#36#siteB,3,REP-018|en|latin#36,REP-018,C6,human rights,en,latin,baseline,B,0.00797,0.996015,en,673
REP-018|en|latin#36#siteB#k4,REP-018|en|latin#36#siteB,4,REP-018|en|latin#36,REP-018,C6,human rights,en,latin,baseline,B,0.007468,0.996266,en,677
REP-019|zh|hanzi#37#siteA#k0,REP-019|zh|hanzi#37#siteA,0,REP-019|zh|hanzi#37,REP-019,C1,freedom of speech,zh,hanzi,baseline,A,0.005896,0.997052,en,560
REP-019|zh|hanzi#37#siteA#k1,REP-019|zh|hanzi#37#siteA,1,REP-019|zh|hanzi#37,REP-019,C1,freedom of speech,zh,hanzi,baseline,A,0.005999,0.997001,en,559
REP-019|zh|hanzi#37#siteA#k2,REP-019|zh|hanzi#37#siteA,2,REP-019|zh|hanzi#37,REP-019,C1,freedom of speech,zh,hanzi,baseline,A,0.006264,0.996868,en,596
REP-019|zh|hanzi#37#siteA#k3,REP-019|zh|hanzi#37#siteA,3,REP-019|zh|hanzi#37,REP-019,C1,freedom of speech,zh,hanzi,baseline,A,0.00632,0.99684,en,576
REP-019|zh|hanzi#37#siteA#k4,REP-019|zh|hanzi#37#siteA,4,REP-019|zh|hanzi#37,REP-019,C1,freedom of speech,zh,hanzi,baseline,A,0.005606,0.997197,en,597
REP-019|zh|hanzi#37#siteB#k0,REP-019|zh|hanzi#37#siteB,0,REP-019|zh|hanzi#37,REP-019,C1,freedom of speech,zh,hanzi,baseline,B,0.008005,0.995997,mixed,517
REP-019|zh|hanzi#37#siteB#k1,REP-019|zh|hanzi#37#siteB,1,REP-019|zh|hanzi#37,REP-019,C1,freedom of speech,zh,hanzi,baseline,B,0.00783,0.996085,mixed,529
REP-019|zh|hanzi#37#siteB#k2,REP-019|zh|hanzi#37#siteB,2,REP-019|zh|hanzi#37,REP-019,C1,freedom of speech,zh,hanzi,baseline,B,0.007065,0.996467,mixed,527
REP-019|zh|hanzi#37#siteB#k3,REP-019|zh|hanzi#37#siteB,3,REP-019|zh|hanzi#37,REP-019,C1,freedom of speech,zh,hanzi,baseline,B,0.007694,0.996153,mixed,586
REP-019|zh|hanzi#37#siteB#k4,REP-019|zh|hanzi#37#siteB,4,REP-019|zh|hanzi#37,REP-019,C1,freedom of speech,zh,hanzi,baseline,B,0.007258,0.996371,mixed,551
REP-019|en|latin#38#siteA#k0,REP-019|en|latin#38#siteA,0,REP-019|en|latin#38,REP-019,C1,freedom of speech,en,latin,baseline,A,0.008135,0.995933,en,696
REP-019|en|latin#38#siteA#k1,REP-019|en|latin#38#siteA,1,REP-019|en|latin#38,REP-019,C1,freedom of speech,en,latin,baseline,A,0.007787,0.996107,en,711
REP-019|en|latin#38#siteA#k2,REP-019|en|latin#38#siteA,2,REP-019|en|latin#38,REP-019,C1,freedom of speech,en,latin,baseline,A,0.006398,0.996801,en,734
REP-019|en|latin#38#siteA#k3,REP-019|en|latin#38#siteA,3,REP-019|en|latin#38,REP-019,C1,freedom of speech,en,latin,baseline,A,0.008216,0.995892,en,710
REP-019|en|latin#38#siteA#k4,REP-019|en|latin#38#siteA,4,REP-019|en|latin#38,REP-019,C1,freedom of speech,en,latin,baseline,A,0.008076,0.995962,en,704
REP-019|en|latin#38#siteB#k0,REP-019|en|latin#38#siteB,0,REP-019|en|latin#38,REP-019,C1,freedom of speech,en,latin,baseline,B,0.006548,0.996726,en,733
REP-019|en|latin#38#siteB#k1,REP-019|en|latin#38#siteB,1,REP-019|en|latin#38,REP-019,C1,freedom of speech,en,latin,baseline,B,0.006056,0.996972,en,730
REP-019|en|latin#38#siteB#k2,REP-019|en|latin#38#siteB,2,REP-019|en|latin#38,REP-019,C1,freedom of speech,en,latin,baseline,B,0.006475,0.996763,en,736
REP-019|en|latin#38#siteB#k3,REP-019|en|latin#38#siteB,3,REP-019|en|latin#38,REP-019,C1,freedom of speech,en,latin,baseline,B,0.006461,0.99677,en,780
REP-019|en|latin#38#siteB#k4,REP-019|en|latin#38#siteB,4,REP-019|en|latin#38,REP-019,C1,freedom of speech,en,latin,baseline,B,0.006303,0.996849,en,753
REP-020|zh|hanzi#39#siteA#k0,REP-020|zh|hanzi#39#siteA,0,REP-020|zh|hanzi#39,REP-020,C2,freedom of speech,zh,hanzi,baseline,A,0.009,0.9955,en,562
REP-020|zh|hanzi#39#siteA#k1,REP-020|zh|hanzi#39#siteA,1,REP-020|zh|hanzi#39,REP-020,C2,freedom of speech,zh,hanzi,baseline,A,0.007227,0.996387,en,578
REP-020|zh|hanzi#39#siteA#k2,REP-020|zh|hanzi#39#siteA,2,REP-020|zh|hanzi#39,REP-020,C2,freedom of speech,zh,hanzi,baseline,A,0.006717,0.996642,en,527
REP-020|zh|hanzi#39#siteA#k3,REP-020|zh|hanzi#39#siteA,3,REP-020|zh|hanzi#39,REP-020,C2,freedom of speech,zh,hanzi,baseline,A,0.007109,0.996446,en,534
REP-020|zh|hanzi#39#siteA#k4,REP-020|zh|hanzi#39#siteA,4,REP-020|zh|hanzi#39,REP-020,C2,freedom of speech,zh,hanzi,baseline,A,0.007161,0.99642,en,597
REP-020|zh|hanzi#39#siteB#k0,REP-020|zh|hanzi#39#siteB,0,REP-020|zh|hanzi#39,REP-020,C2,freedom of speech,zh,hanzi,baseline,B,0.009524,0.995238,mixed,485
REP-020|zh|hanzi#39#siteB#k1,REP-020|zh|hanzi#39#siteB,1,REP-020|zh|hanzi#39,REP-020,C2,freedom of speech,zh,hanzi,baseline,B,0.010533,0.994733,mixed,517
REP-020|zh|hanzi#39#siteB#k2,REP-020|zh|hanzi#39#siteB,2,REP-020|zh|hanzi#39,REP-020,C2,freedom of speech,zh,hanzi,baseline,B,0.010426,0.994787,mixed,517
REP-020|zh|hanzi#39#siteB#k3,REP-020|zh|hanzi#39#siteB,3,REP-020|zh|hanzi#39,REP-020,C2,freedom of speech,zh,hanzi,baseline,B,0.010821,0.99459,mixed,470
REP-020|zh|hanzi#39#siteB#k4,REP-020|zh|hanzi#39#siteB,4,REP-020|zh|hanzi#39,REP-020,C2,freedom of speech,zh,hanzi,baseline,B,0.00964,0.995179,mixed,547
REP-020|en|latin#40#siteA#k0,REP-020|en|latin#40#siteA,0,REP-020|en|latin#40,REP-020,C2,freedom of speech,en,latin,baseline,A,0.007462,0.99627,en,684
REP-020|en|latin#40#siteA#k1,REP-020|en|latin#40#siteA,1,REP-020|en|latin#40,REP-020,C2,freedom of speech,en,latin,baseline,A,0.007492,0.996254,en,675
REP-020|en|latin#40#siteA#k2,REP-020|en|latin#40#siteA,2,REP-020|en|latin#40,REP-020,C2,freedom of speech,en,latin,baseline,A,0.008072,0.995965,en,673
REP-020|en|latin#40#siteA#k3,REP-020|en|latin#40#siteA,3,REP-020|en|latin#40,REP-020,C2,freedom of speech,en,latin,baseline,A,0.007875,0.996063,en,678
REP-020|en|latin#40#siteA#k4,REP-020|en|latin#40#siteA,4,REP-020|en|latin#40,REP-020,C2,freedom of speech,en,latin,baseline,A,0.007781,0.99611,en,682
REP-020|en|latin#40#siteB#k0,REP-020|en|latin#40#siteB,0,REP-020|en|latin#40,REP-020,C2,freedom of speech,en,latin,baseline,B,0.009942,0.995029,en,754
REP-020|en|latin#40#siteB#k1,REP-020|en|latin#40#siteB,1,REP-020|en|latin#40,REP-020,C2,freedom of speech,en,latin,baseline,B,0.01099,0.994505,en,704
REP-020|en|latin#40#siteB#k2,REP-020|en|latin#40#siteB,2,REP-020|en|latin#40,REP-020,C2,freedom of speech,en,latin,baseline,B,0.009903,0.995048,en,715
REP-020|en|latin#40#siteB#k3,REP-020|en|latin#40#siteB,3,REP-020|en|latin#40,REP-020,C2,freedom of speech,en,latin,baseline,B,0.009224,0.995388,en,674
REP-020|en|latin#40#siteB#k4,REP-020|en|latin#40#siteB,4,REP-020|en|latin#40,REP-020,C2,freedom of speech,en,latin,baseline,B,0.010637,0.994681,en,702
REP-021|zh|hanzi#41#siteA#k0,REP-021|zh|hanzi#41#siteA,0,REP-021|zh|hanzi#41,REP-021,C3,freedom of speech,zh,hanzi,baseline,A,0.009314,0.995343,en,549
REP-021|zh|hanzi#41#siteA#k1,REP-021|zh|hanzi#41#siteA,1,REP-021|zh|hanzi#41,REP-021,C3,freedom of speech,zh,hanzi,baseline,A,0.009028,0.995486,en,598
REP-021|zh|hanzi#41#siteA#k2,REP-021|zh|hanzi#41#siteA,2,REP-021|zh|hanzi#41,REP-021,C3,freedom of speech,zh,hanzi,baseline,A,0.008521,0.995739,en,582
REP-021|zh|hanzi#41#siteA#k3,REP-021|zh|hanzi#41#siteA,3,REP-021|zh|hanzi#41,REP-021,C3,freedom of speech,zh,hanzi,baseline,A,0.008579,0.995711,en,552
REP-021|zh|hanzi#41#siteA#k4,REP-021|zh|hanzi#41#siteA,4,REP-021|zh|hanzi#41,REP-021,C3,freedom of speech,zh,hanzi,baseline,A,0.008564,0.995718,en,577
REP-021|zh|hanzi#41#siteB#k0,REP-021|zh|hanzi#41#siteB,0,REP-021|zh|hanzi#41,REP-021,C3,freedom of speech,zh,hanzi,baseline,B,0.008779,0.995611,en,550
REP-021|zh|hanzi#41#siteB#k1,REP-021|zh|hanzi#41#siteB,1,REP-021|zh|hanzi#41,REP-021,C3,freedom of speech,zh,hanzi,baseline,B,0.007021,0.996489,mixed,533
REP-021|zh|hanzi#41#siteB#k2,REP-021|zh|hanzi#41#siteB,2,REP-021|zh|hanzi#41,REP-021,C3,freedom of speech,zh,hanzi,baseline,B,0.007058,0.996471,en,588
REP-021|zh|hanzi#41#siteB#k3,REP-021|zh|hanzi#41#siteB,3,REP-021|zh|hanzi#41,REP-021,C3,freedom of speech,zh,hanzi,baseline,B,0.006469,0.996766,en,563
REP-021|zh|hanzi#41#siteB#k4,REP-021|zh|hanzi#41#siteB,4,REP-021|zh|hanzi#41,REP-021,C3,freedom of speech,zh,hanzi,baseline,B,0.007233,0.996384,en,570
REP-021|en|latin#42#siteA#k0,REP-021|en|latin#42#siteA,0,REP-021|en|latin#42,REP-021,C3,freedom of speech,en,latin,baseline,A,0.00724,0.99638,en,666
REP-021|en|latin#42#siteA#k1,REP-021|en|latin#42#siteA,1,REP-021|en|latin#42,REP-021,C3,freedom of speech,en,latin,baseline,A,0.006379,0.996811,en,658
REP-021|en|latin#42#siteA#k2,REP-021|en|latin#42#siteA,2,REP-021|en|latin#42,REP-021,C3,freedom of speech,en,latin,baseline,A,0.00702,0.99649,en,658
REP-021|en|latin#42#siteA#k3,REP-021|en|latin#42#siteA,3,REP-021|en|latin#42,REP-021,C3,freedom of speech,en,latin,baseline,A,0.007557,0.996222,en,712
REP-021|en|latin#42#siteA#k4,REP-021|en|latin#42#siteA,4,REP-021|en|latin#42,REP-021,C3,freedom of speech,en,latin,baseline,A,0.006854,0.996574,en,672
REP-021|en|latin#42#siteB#k0,REP-021|en|latin#42#siteB,0,REP-021|en|latin#42,REP-021,C3,freedom of speech,en,latin,baseline,B,0.007198,0.996401,en,739
REP-021|en|latin#42#siteB#k1,REP-021|en|latin#42#siteB,1,REP-021|en|latin#42,REP-021,C3,freedom of speech,en,latin,baseline,B,0.00873,0.995635,en,745
REP-021|en|latin#42#siteB#k2,REP-021|en|latin#42#siteB,2,REP-021|en|latin#42,REP-021,C3,freedom of speech,en,latin,baseline,B,0.007587,0.996206,en,734
REP-021|en|latin#42#siteB#k3,REP-021|en|latin#42#siteB,3,REP-021|en|latin#42,REP-021,C3,freedom of speech,en,latin,baseline,B,0.008487,0.995756,en,703
REP-021|en|latin#42#siteB#k4,REP-021|en|latin#42#siteB,4,REP-021|en|latin#42,REP-021,C3,freedom of speech,en,latin,baseline,B,0.007805,0.996097,en,739
REP-022|zh|hanzi#43#siteA#k0,REP-022|zh|hanzi#43#siteA,0,REP-022|zh|hanzi#43,REP-022,C4,freedom of speech,zh,hanzi,baseline,A,0.007428,0.996286,en,559
REP-022|zh|hanzi#43#siteA#k1,REP-022|zh|hanzi#43#siteA,1,REP-022|zh|hanzi#43,REP-022,C4,freedom of speech,zh,hanzi,baseline,A,0.007961,0.99602,en,571
REP-022|zh|hanzi#43#siteA#k2,REP-022|zh|hanzi#43#siteA,2,REP-022|zh|hanzi#43,REP-022,C4,freedom of speech,zh,hanzi,baseline,A,0.008376,0.995812,en,534
REP-022|zh|hanzi#43#siteA#k3,REP-022|zh|hanzi#43#siteA,3,REP-022|zh|hanzi#43,REP-022,C4,freedom of speech,zh,hanzi,baseline,A,0.007877,0.996061,en,541
REP-022|zh|hanzi#43#siteA#k4,REP-022|zh|hanzi#43#siteA,4,REP-022|zh|hanzi#43,REP-022,C4,freedom of speech,zh,hanzi,baseline,A,0.007979,0.99601,en,583
REP-022|zh|hanzi#43#siteB#k0,REP-022|zh|hanzi#43#siteB,0,REP-022|zh|hanzi#43,REP-022,C4,freedom of speech,zh,hanzi,baseline,B,0.007202,0.996399,mixed,541
REP-022|zh|hanzi#43#siteB#k1,REP-022|zh|hanzi#43#siteB,1,REP-022|zh|hanzi#43,REP-022,C4,freedom of speech,zh,hanzi,baseline,B,0.007883,0.996058,mixed,564
REP-022|zh|hanzi#43#siteB#k2,REP-022|zh|hanzi#43#siteB,2,REP-022|zh|hanzi#43,REP-022,C4,freedom of speech,zh,hanzi,baseline,B,0.007483,0.996259,mixed,559
REP-022|zh|hanzi#43#siteB#k3,REP-022|zh|hanzi#43#siteB,3,REP-022|zh|hanzi#43,REP-022,C4,freedom of speech,zh,hanzi,baseline,B,0.007772,0.996114,en,590
REP-022|zh|hanzi#43#siteB#k4,REP-022|zh|hanzi#43#siteB,4,REP-022|zh|hanzi#43,REP-022,C4,freedom of speech,zh,hanzi,baseline,B,0.007509,0.996246,en,554
REP-022|en|latin#44#siteA#k0,REP-022|en|latin#44#siteA,0,REP-022|en|latin#44,REP-022,C4,freedom of speech,en,latin,baseline,A,0.007446,0.996277,en,640
REP-022|en|latin#44#siteA#k1,REP-022|en|latin#44#siteA,1,REP-022|en|latin#44,REP-022,C4,freedom of speech,en,latin,baseline,A,0.007151,0.996425,en,696
REP-022|en|latin#44#siteA#k2,REP-022|en|latin#44#siteA,2,REP-022|en|latin#44,REP-022,C4,freedom of speech,en,latin,baseline,A,0.007211,0.996394,en,699
REP-022|en|latin#44#siteA#k3,REP-022|en|latin#44#siteA,3,REP-022|en|latin#44,REP-022,C4,freedom of speech,en,latin,baseline,A,0.006692,0.996654,en,651
REP-022|en|latin#44#siteA#k4,REP-022|en|latin#44#siteA,4,REP-022|en|latin#44,REP-022,C4,freedom of speech,en,latin,baseline,A,0.007359,0.996321,en,672
REP-022|en|latin#44#siteB#k0,REP-022|en|latin#44#siteB,0,REP-022|en|latin#44,REP-022,C4,freedom of speech,en,latin,baseline,B,0.005824,0.997088,en,700
REP-022|en|latin#44#siteB#k1,REP-022|en|latin#44#siteB,1,REP-022|en|latin#44,REP-022,C4,freedom of speech,en,latin,baseline,B,0.006428,0.996786,en,758
REP-022|en|latin#44#siteB#k2,REP-022|en|latin#44#siteB,2,REP-022|en|latin#44,REP-022,C4,freedom of speech,en,latin,baseline,B,0.006877,0.996562,en,722
REP-022|en|latin#44#siteB#k3,REP-022|en|latin#44#siteB,3,REP-022|en|latin#44,REP-022,C4,freedom of speech,en,latin,baseline,B,0.005939,0.99703,en,685
REP-022|en|latin#44#siteB#k4,REP-022|en|latin#44#siteB,4,REP-022|en|latin#44,REP-022,C4,freedom of speech,en,latin,baseline,B,0.006219,0.996891,en,681
REP-023|zh|hanzi#45#siteA#k0,REP-023|zh|hanzi#45#siteA,0,REP-023|zh|hanzi#45,REP-023,C5,freedom of speech,zh,hanzi,baseline,A,0.007263,0.996368,en,580
REP-023|zh|hanzi#45#siteA#k1,REP-023|zh|hanzi#45#siteA,1,REP-023|zh|hanzi#45,REP-023,C5,freedom of speech,zh,hanzi,baseline,A,0.007877,0.996062,en,588
REP-023|zh|hanzi#45#siteA#k2,REP-023|zh|hanzi#45#siteA,2,REP-023|zh|hanzi#45,REP-023,C5,freedom of speech,zh,hanzi,baseline,A,0.007046,0.996477,en,591
REP-023|zh|hanzi#45#siteA#k3,REP-023|zh|hanzi#45#siteA,3,REP-023|zh|hanzi#45,REP-023,C5,freedom of speech,zh,hanzi,baseline,A,0.007616,0.996192,en,541
REP-023|zh|hanzi#45#siteA#k4,REP-023|zh|hanzi#45#siteA,4,REP-023|zh|hanzi#45,REP-023,C5,freedom of speech,zh,hanzi,baseline,A,0.007625,0.996188,en,551
REP-023|zh|hanzi#45#siteB#k0,REP-023|zh|hanzi#45#siteB,0,REP-023|zh|hanzi#45,REP-023,C5,freedom of speech,zh,hanzi,baseline,B,0.007697,0.996152,mixed,530
REP-023|zh|hanzi#45#siteB#k1,REP-023|zh|hanzi#45#siteB,1,REP-023|zh|hanzi#45,REP-023,C5,freedom of speech,zh,hanzi,baseline,B,0.007094,0.996453,en,572
REP-023|zh|hanzi#45#siteB#k2,REP-023|zh|hanzi#45#siteB,2,REP-023|zh|hanzi#45,REP-023,C5,freedom of speech,zh,hanzi,baseline,B,0.007793,0.996104,mixed,531
REP-023|zh|hanzi#45#siteB#k3,REP-023|zh|hanzi#45#siteB,3,REP-023|zh|hanzi#45,REP-023,C5,freedom of speech,zh,hanzi,baseline,B,0.007219,0.99639,mixed,516
REP-023|zh|hanzi#45#siteB#k4,REP-023|zh|hanzi#45#siteB,4,REP-023|zh|hanzi#45,REP-023,C5,freedom of speech,zh,hanzi,baseline,B,0.006609,0.996696,mixed,517
REP-023|en|latin#46#siteA#k0,REP-023|en|latin#46#siteA,0,REP-023|en|latin#46,REP-023,C5,freedom of speech,en,latin,baseline,A,0.006891,0.996554,en,707
REP-023|en|latin#46#siteA#k1,REP-023|en|latin#46#siteA,1,REP-023|en|latin#46,REP-023,C5,freedom of speech,en,latin,baseline,A,0.00747,0.996265,en,699
REP-023|en|latin#46#siteA#k2,REP-023|en|latin#46#siteA,2,REP-023|en|latin#46,REP-023,C5,freedom of speech,en,latin,baseline,A,0.006625,0.996687,en,683
REP-023|en|latin#46#siteA#k3,REP-023|en|latin#46#siteA,3,REP-023|en|latin#46,REP-023,C5,freedom of speech,en,latin,baseline,A,0.006934,0.996533,en,698
REP-023|en|latin#46#siteA#k4,REP-023|en|latin#46#siteA,4,REP-023|en|latin#46,REP-023,C5,freedom of speech,en,latin,baseline,A,0.006772,0.996614,en,686
REP-023|en|latin#46#siteB#k0,REP-023|en|latin#46#siteB,0,REP-023|en|latin#46,REP-023,C5,freedom of speech,en,latin,baseline,B,0.00539,0.997305,en,724
REP-023|en|latin#46#siteB#k1,REP-023|en|latin#46#siteB,1,REP-023|en|latin#46,REP-023,C5,freedom of speech,en,latin,baseline,B,0.005672,0.997164,en,745
REP-023|en|latin#46#siteB#k2,REP-023|en|latin#46#siteB,2,REP-023|en|latin#46,REP-023,C5,freedom of speech,en,latin,baseline,B,0.005654,0.997173,en,738
REP-023|en|latin#46#siteB#k3,REP-023|en|latin#46#siteB,3,REP-023|en|latin#46,REP-023,C5,freedom of speech,en,latin,baseline,B,0.005923,0.997039,en,708
REP-023|en|latin#46#siteB#k4,REP-023|en|latin#46#siteB,4,REP-023|en|latin#46,REP-023,C5,freedom of speech,en,latin,baseline,B,0.005609,0.997196,en,699
REP-024|zh|hanzi#47#siteA#k0,REP-024|zh|hanzi#47#siteA,0,REP-024|zh|hanzi#47,REP-024,C6,freedom of speech,zh,hanzi,baseline,A,0.007593,0.996204,en,587
REP-024|zh|hanzi#47#siteA#k1,REP-024|zh|hanzi#47#siteA,1,REP-024|zh|hanzi#47,REP-024,C6,freedom of speech,zh,hanzi,baseline,A,0.007118,0.996442,en,522
REP-024|zh|hanzi#47#siteA#k2,REP-024|zh|hanzi#47#siteA,2,REP-024|zh|hanzi#47,REP-024,C6,freedom of speech,zh,hanzi,baseline,A,0.007321,0.99634,en,549
REP-024|zh|hanzi#47#siteA#k3,REP-024|zh|hanzi#47#siteA,3,REP-024|zh|hanzi#47,REP-024,C6,freedom of speech,zh,hanzi,baseline,A,0.007363,0.996319,en,551
REP-024|zh|hanzi#47#siteA#k4,REP-024|zh|hanzi#47#siteA,4,REP-024|zh|hanzi#47,REP-024,C6,freedom of speech,zh,hanzi,baseline,A,0.007907,0.996047,en,552
REP-024|zh|hanzi#47#siteB#k0,REP-024|zh|hanzi#47#siteB,0,REP-024|zh|hanzi#47,REP-024,C6,freedom of speech,zh,hanzi,baseline,B,0.00795,0.996025,mixed,523
REP-024|zh|hanzi#47#siteB#k1,REP-024|zh|hanzi#47#siteB,1,REP-024|zh|hanzi#47,REP-024,C6,freedom of speech,zh,hanzi,baseline,B,0.008517,0.995742,mixed,459
REP-024|zh|hanzi#47#siteB#k2,REP-024|zh|hanzi#47#siteB,2,REP-024|zh|hanzi#47,REP-024,C6,freedom of speech,zh,hanzi,baseline,B,0.007951,0.996024,mixed,489
REP-024|zh|hanzi#47#siteB#k3,REP-024|zh|hanzi#47#siteB,3,REP-024|zh|hanzi#47,REP-024,C6,freedom of speech,zh,hanzi,baseline,B,0.009068,0.995466,mixed,535
REP-024|zh|hanzi#47#siteB#k4,REP-024|zh|hanzi#47#siteB,4,REP-024|zh|hanzi#47,REP-024,C6,freedom of speech,zh,hanzi,baseline,B,0.00776,0.99612,mixed,508
REP-024|en|latin#48#siteA#k0,REP-024|en|latin#48#siteA,0,REP-024|en|latin#48,REP-024,C6,freedom of speech,en,latin,baseline,A,0.007299,0.99635,en,725
REP-024|en|latin#48#siteA#k1,REP-024|en|latin#48#siteA,1,REP-024|en|latin#48,REP-024,C6,freedom of speech,en,latin,baseline,A,0.007792,0.996104,en,689
REP-024|en|latin#48#siteA#k2,REP-024|en|latin#48#siteA,2,REP-024|en|latin#48,REP-024,C6,freedom of speech,en,latin,baseline,A,0.007551,0.996224,en,735
REP-024|en|latin#48#siteA#k3,REP-024|en|latin#48#siteA,3,REP-024|en|latin#48,REP-024,C6,freedom of speech,en,latin,baseline,A,0.007631,0.996185,en,702
REP-024|en|latin#48#siteA#k4,REP-024|en|latin#48#siteA,4,REP-024|en|latin#48,REP-024,C6,freedom of speech,en,latin,baseline,A,0.007162,0.996419,en,723
REP-024|en|latin#48#siteB#k0,REP-024|en|latin#48#siteB,0,REP-024|en|latin#48,REP-024,C6,freedom of speech,en,latin,baseline,B,0.0068,0.9966,en,715
REP-024|en|latin#48#siteB#k1,REP-024|en|latin#48#siteB,1,REP-024|en|latin#48,REP-024,C6,freedom of speech,en,latin,baseline,B,0.007279,0.996361,en,709
REP-024|en|latin#48#siteB#k2,REP-024|en|latin#48#siteB,2,REP-024|en|latin#48,REP-024,C6,freedom of speech,en,latin,baseline,B,0.00693,0.996535,en,680
REP-024|en|latin#48#siteB#k3,REP-024|en|latin#48#siteB,3,REP-024|en|latin#48,REP-024,C6,freedom of speech,en,latin,baseline,B,0.007356,0.996323,en,681
REP-024|en|latin#48#siteB#k4,REP-024|en|latin#48#siteB,4,REP-024|en|latin#48,REP-024,C6,freedom of speech,en,latin,baseline,B,0.007255,0.996372,en,693
REP-025|zh|hanzi#49#siteA#k0,REP-025|zh|hanzi#49#siteA,0,REP-025|zh|hanzi#49,REP-025,C1,the rule of law,zh,hanzi,baseline,A,0.008702,0.995649,en,601
REP-025|zh|hanzi#49#siteA#k1,REP-025|zh|hanzi#49#siteA,1,REP-025|zh|hanzi#49,REP-025,C1,the rule of law,zh,hanzi,baseline,A,0.008999,0.995501,en,555
REP-025|zh|hanzi#49#siteA#k2,REP-025|zh|hanzi#49#siteA,2,REP-025|zh|hanzi#49,REP-025,C1,the rule of law,zh,hanzi,baseline,A,0.008919,0.995541,en,556
REP-025|zh|hanzi#49#siteA#k3,REP-025|zh|hanzi#49#siteA,3,REP-025|zh|hanzi#49,REP-025,C1,the rule of law,zh,hanzi,baseline,A,0.008462,0.995769,en,564
REP-025|zh|hanzi#49#siteA#k4,REP-025|zh|hanzi#49#siteA,4,REP-025|zh|hanzi#49,REP-025,C1,the rule of law,zh,hanzi,baseline,A,0.009351,0.995325,en,595
REP-025|zh|hanzi#49#siteB#k0,REP-025|zh|hanzi#49#siteB,0,REP-025|zh|hanzi#49,REP-025,C1,the rule of law,zh,hanzi,baseline,B,0.006804,0.996598,mixed,543
REP-025|zh|hanzi#49#siteB#k1,REP-025|zh|hanzi#49#siteB,1,REP-025|zh|hanzi#49,REP-025,C1,the rule of law,zh,hanzi,baseline,B,0.006444,0.996778,en,563
REP-025|zh|hanzi#49#siteB#k2,REP-025|zh|hanzi#49#siteB,2,REP-025|zh|hanzi#49,REP-025,C1,the rule of law,zh,hanzi,baseline,B,0.006313,0.996843,en,567
REP-025|zh|hanzi#49#siteB#k3,REP-025|zh|hanzi#49#siteB,3,REP-025|zh|hanzi#49,REP-025,C1,the rule of law,zh,hanzi,baseline,B,0.006953,0.996524,en,561
REP-025|zh|hanzi#49#siteB#k4,REP-025|zh|hanzi#49#siteB,4,REP-025|zh|hanzi#49,REP-025,C1,the rule of law,zh,hanzi,baseline,B,0.006964,0.996518,mixed,498
REP-025|en|latin#50#siteA#k0,REP-025|en|latin#50#siteA,0,REP-025|en|latin#50,REP-025,C1,the rule of law,en,latin,baseline,A,0.005962,0.997019,en,684
REP-025|en|latin#50#siteA#k1,REP-025|en|latin#50#siteA,1,REP-025|en|latin#50,REP-025,C1,the rule of law,en,latin,baseline,A,0.006656,0.996672,en,671
REP-025|en|latin#50#siteA#k2,REP-025|en|latin#50#siteA,2,REP-025|en|latin#50,REP-025,C1,the rule of law,en,latin,baseline,A,0.006387,0.996807,en,677
REP-025|en|latin#50#siteA#k3,REP-025|en|latin#50#siteA,3,REP-025|en|latin#50,REP-025,C1,the rule of law,en,latin,baseline,A,0.006542,0.996729,en,672
REP-025|en|latin#50#siteA#k4,REP-025|en|latin#50#siteA,4,REP-025|en|latin#50,REP-025,C1,the rule of law,en,latin,baseline,A,0.006781,0.99661,en,684
REP-025|en|latin#50#siteB#k0,REP-025|en|latin#50#siteB,0,REP-025|en|latin#50,REP-025,C1,the rule of law,en,latin,baseline,B,0.006416,0.996792,en,751
REP-025|en|latin#50#siteB#k1,REP-025|en|latin#50#siteB,1,REP-025|en|latin#50,REP-025,C1,the rule of law,en,latin,baseline,B,0.006585,0.996708,en,756
REP-025|en|latin#50#siteB#k2,REP-025|en|latin#50#siteB,2,REP-025|en|latin#50,REP-025,C1,the rule of law,en,latin,baseline,B,0.006118,0.996941,en,731
REP-025|en|latin#50#siteB#k3,REP-025|en|latin#50#siteB,3,REP-025|en|latin#50,REP-025,C1,the rule of law,en,latin,baseline,B,0.006617,0.996692,en,780
REP-025|en|latin#50#siteB#k4,REP-025|en|latin#50#siteB,4,REP-025|en|latin#50,REP-025,C1,the rule of law,en,latin,baseline,B,0.006871,0.996564,en,771
REP-026|zh|hanzi#51#siteA#k0,REP-026|zh|hanzi#51#siteA,0,REP-026|zh|hanzi#51,REP-026,C2,the rule of law,zh,hanzi,baseline,A,0.009193,0.995404,en,529
REP-026|zh|hanzi#51#siteA#k1,REP-026|zh|hanzi#51#siteA,1,REP-026|zh|hanzi#51,REP-026,C2,the rule of law,zh,hanzi,baseline,A,0.010699,0.994651,en,539
REP-026|zh|hanzi#51#siteA#k2,REP-026|zh|hanzi#51#siteA,2,REP-026|zh|hanzi#51,REP-026,C2,the rule of law,zh,hanzi,baseline,A,0.010278,0.994861,en,552
REP-026|zh|hanzi#51#siteA#k3,REP-026|zh|hanzi#51#siteA,3,REP-026|zh|hanzi#51,REP-026,C2,the rule of law,zh,hanzi,baseline,A,0.010026,0.994987,en,510
REP-026|zh|hanzi#51#siteA#k4,REP-026|zh|hanzi#51#siteA,4,REP-026|zh|hanzi#51,REP-026,C2,the rule of law,zh,hanzi,baseline,A,0.009708,0.995146,en,598
REP-026|zh|hanzi#51#siteB#k0,REP-026|zh|hanzi#51#siteB,0,REP-026|zh|hanzi#51,REP-026,C2,the rule of law,zh,hanzi,baseline,B,0.011878,0.994061,mixed,522
REP-026|zh|hanzi#51#siteB#k1,REP-026|zh|hanzi#51#siteB,1,REP-026|zh|hanzi#51,REP-026,C2,the rule of law,zh,hanzi,baseline,B,0.012404,0.993798,mixed,539
REP-026|zh|hanzi#51#siteB#k2,REP-026|zh|hanzi#51#siteB,2,REP-026|zh|hanzi#51,REP-026,C2,the rule of law,zh,hanzi,baseline,B,0.011456,0.994272,mixed,537
REP-026|zh|hanzi#51#siteB#k3,REP-026|zh|hanzi#51#siteB,3,REP-026|zh|hanzi#51,REP-026,C2,the rule of law,zh,hanzi,baseline,B,0.011389,0.994306,mixed,511
REP-026|zh|hanzi#51#siteB#k4,REP-026|zh|hanzi#51#siteB,4,REP-026|zh|hanzi#51,REP-026,C2,the rule of law,zh,hanzi,baseline,B,0.011099,0.994451,mixed,517
REP-026|en|latin#52#siteA#k0,REP-026|en|latin#52#siteA,0,REP-026|en|latin#52,REP-026,C2,the rule of law,en,latin,baseline,A,0.007288,0.996356,en,622
REP-026|en|latin#52#siteA#k1,REP-026|en|latin#52#siteA,1,REP-026|en|latin#52,REP-026,C2,the rule of law,en,latin,baseline,A,0.007479,0.99626,en,651
REP-026|en|latin#52#siteA#k2,REP-026|en|latin#52#siteA,2,REP-026|en|latin#52,REP-026,C2,the rule of law,en,latin,baseline,A,0.007064,0.996468,en,652
REP-026|en|latin#52#siteA#k3,REP-026|en|latin#52#siteA,3,REP-026|en|latin#52,REP-026,C2,the rule of law,en,latin,baseline,A,0.007647,0.996176,en,689
REP-026|en|latin#52#siteA#k4,REP-026|en|latin#52#siteA,4,REP-026|en|latin#52,REP-026,C2,the rule of law,en,latin,baseline,A,0.007445,0.996277,en,680
REP-026|en|latin#52#siteB#k0,REP-026|en|latin#52#siteB,0,REP-026|en|latin#52,REP-026,C2,the rule of law,en,latin,baseline,B,0.009914,0.995043,en,725
REP-026|en|latin#52#siteB#k1,REP-026|en|latin#52#siteB,1,REP-026|en|latin#52,REP-026,C2,the rule of law,en,latin,baseline,B,0.010158,0.994921,en,693
REP-026|en|latin#52#siteB#k2,REP-026|en|latin#52#siteB,2,REP-026|en|latin#52,REP-026,C2,the rule of law,en,latin,baseline,B,0.010017,0.994991,en,717
REP-026|en|latin#52#siteB#k3,REP-026|en|latin#52#siteB,3,REP-026|en|latin#52,REP-026,C2,the rule of law,en,latin,baseline,B,0.010004,0.994998,en,720
REP-026|en|latin#52#siteB#k4,REP-026|en|latin#52#siteB,4,REP-026|en|latin#52,REP-026,C2,the rule of law,en,latin,baseline,B,0.010305,0.994848,en,716
REP-027|zh|hanzi#53#siteA#k0,REP-027|zh|hanzi#53#siteA,0,REP-027|zh|hanzi#53,REP-027,C3,the rule of law,zh,hanzi,baseline,A,0.009345,0.995328,en,551
REP-027|zh|hanzi#53#siteA#k1,REP-027|zh|hanzi#53#siteA,1,REP-027|zh|hanzi#53,REP-027,C3,the rule of law,zh,hanzi,baseline,A,0.009087,0.995457,en,575
REP-027|zh|hanzi#53#siteA#k2,REP-027|zh|hanzi#53#siteA,2,REP-027|zh|hanzi#53,REP-027,C3,the rule of law,zh,hanzi,baseline,A,0.009541,0.995229,en,567
REP-027|zh|hanzi#53#siteA#k3,REP-027|zh|hanzi#53#siteA,3,REP-027|zh|hanzi#53,REP-027,C3,the rule of law,zh,hanzi,baseline,A,0.009909,0.995046,en,513
REP-027|zh|hanzi#53#siteA#k4,REP-027|zh|hanzi#53#siteA,4,REP-027|zh|hanzi#53,REP-027,C3,the rule of law,zh,hanzi,baseline,A,0.008958,0.995521,en,595
REP-027|zh|hanzi#53#siteB#k0,REP-027|zh|hanzi#53#siteB,0,REP-027|zh|hanzi#53,REP-027,C3,the rule of law,zh,hanzi,baseline,B,0.008526,0.995737,en,578
REP-027|zh|hanzi#53#siteB#k1,REP-027|zh|hanzi#53#siteB,1,REP-027|zh|hanzi#53,REP-027,C3,the rule of law,zh,hanzi,baseline,B,0.008808,0.995597,mixed,521
REP-027|zh|hanzi#53#siteB#k2,REP-027|zh|hanzi#53#siteB,2,REP-027|zh|hanzi#53,REP-027,C3,the rule of law,zh,hanzi,baseline,B,0.008038,0.995981,en,580
REP-027|zh|hanzi#53#siteB#k3,REP-027|zh|hanzi#53#siteB,3,REP-027|zh|hanzi#53,REP-027,C3,the rule of law,zh,hanzi,baseline,B,0.007307,0.996347,en,588
REP-027|zh|hanzi#53#siteB#k4,REP-027|zh|hanzi#53#siteB,4,REP-027|zh|hanzi#53,REP-027,C3,the rule of law,zh,hanzi,baseline,B,0.007418,0.996291,en,600
REP-027|en|latin#54#siteA#k0,REP-027|en|latin#54#siteA,0,REP-027|en|latin#54,REP-027,C3,the rule of law,en,latin,baseline,A,0.006875,0.996563,en,659
REP-027|en|latin#54#siteA#k1,REP-027|en|latin#54#siteA,1,REP-027|en|latin#54,REP-027,C3,the rule of law,en,latin,baseline,A,0.00673,0.996635,en,656
REP-027|en|latin#54#siteA#k2,REP-027|en|latin#54#siteA,2,REP-027|en|latin#54,REP-027,C3,the rule of law,en,latin,baseline,A,0.007017,0.996492,en,676
REP-027|en|latin#54#siteA#k3,REP-027|en|latin#54#siteA,3,REP-027|en|latin#54,REP-027,C3,the rule of law,en,latin,baseline,A,0.006579,0.996711,en,643
REP-027|en|latin#54#siteA#k4,REP-027|en|latin#54#siteA,4,REP-027|en|latin#54,REP-027,C3,the rule of law,en,latin,baseline,A,0.006511,0.996745,en,659
REP-027|en|latin#54#siteB#k0,REP-027|en|latin#54#siteB,0,REP-027|en|latin#54,REP-027,C3,the rule of law,en,latin,baseline,B,0.008093,0.995953,en,733
REP-027|en|latin#54#siteB#k1,REP-027|en|latin#54#siteB,1,REP-027|en|latin#54,REP-027,C3,the rule of law,en,latin,baseline,B,0.008532,0.995734,en,736
REP-027|en|latin#54#siteB#k2,REP-027|en|latin#54#siteB,2,REP-027|en|latin#54,REP-027,C3,the rule of law,en,latin,baseline,B,0.00889,0.995555,en,755
REP-027|en|latin#54#siteB#k3,REP-027|en|latin#54#siteB,3,REP-027|en|latin#54,REP-027,C3,the rule of law,en,latin,baseline,B,0.008904,0.995548,en,761
REP-027|en|latin#54#siteB#k4,REP-027|en|latin#54#siteB,4,REP-027|en|latin#54,REP-027,C3,the rule of law,en,latin,baseline,B,0.008887,0.995556,en,762
REP-028|zh|hanzi#55#siteA#k0,REP-028|zh|hanzi#55#siteA,0,REP-028|zh|hanzi#55,REP-028,C4,the rule of law,zh,hanzi,baseline,A,0.009907,0.995046,en,545
REP-028|zh|hanzi#55#siteA#k1,REP-028|zh|hanzi#55#siteA,1,REP-028|zh|hanzi#55,REP-028,C4,the rule of law,zh,hanzi,baseline,A,0.010402,0.994799,en,571
REP-028|zh|hanzi#55#siteA#k2,REP-028|zh|hanzi#55#siteA,2,REP-028|zh|hanzi#55,REP-028,C4,the rule of law,zh,hanzi,baseline,A,0.009863,0.995068,en,557
REP-028|zh|hanzi#55#siteA#k3,REP-028|zh|hanzi#55#siteA,3,REP-028|zh|hanzi#55,REP-028,C4,the rule of law,zh,hanzi,baseline,A,0.009859,0.995071,en,515
REP-028|zh|hanzi#55#siteA#k4,REP-028|zh|hanzi#55#siteA,4,REP-028|zh|hanzi#55,REP-028,C4,the rule of law,zh,hanzi,baseline,A,0.011341,0.99433,en,582
REP-028|zh|hanzi#55#siteB#k0,REP-028|zh|hanzi#55#siteB,0,REP-028|zh|hanzi#55,REP-028,C4,the rule of law,zh,hanzi,baseline,B,0.007283,0.996359,en,571
REP-028|zh|hanzi#55#siteB#k1,REP-028|zh|hanzi#55#siteB,1,REP-028|zh|hanzi#55,REP-028,C4,the rule of law,zh,hanzi,baseline,B,0.007133,0.996433,mixed,513
REP-028|zh|hanzi#55#siteB#k2,REP-028|zh|hanzi#55#siteB,2,REP-028|zh|hanzi#55,REP-028,C4,the rule of law,zh,hanzi,baseline,B,0.007188,0.996406,en,592
REP-028|zh|hanzi#55#siteB#k3,REP-028|zh|hanzi#55#siteB,3,REP-028|zh|hanzi#55,REP-028,C4,the rule of law,zh,hanzi,baseline,B,0.006617,0.996692,en,569
REP-028|zh|hanzi#55#siteB#k4,REP-028|zh|hanzi#55#siteB,4,REP-028|zh|hanzi#55,REP-028,C4,the rule of law,zh,hanzi,baseline,B,0.007335,0.996332,mixed,539
REP-028|en|latin#56#siteA#k0,REP-028|en|latin#56#siteA,0,REP-028|en|latin#56,REP-028,C4,the rule of law,en,latin,baseline,A,0.005249,0.997376,en,677
REP-028|en|latin#56#siteA#k1,REP-028|en|latin#56#siteA,1,REP-028|en|latin#56,REP-028,C4,the rule of law,en,latin,baseline,A,0.005577,0.997211,en,636
REP-028|en|latin#56#siteA#k2,REP-028|en|latin#56#siteA,2,REP-028|en|latin#56,REP-028,C4,the rule of law,en,latin,baseline,A,0.005917,0.997041,en,652
REP-028|en|latin#56#siteA#k3,REP-028|en|latin#56#siteA,3,REP-028|en|latin#56,REP-028,C4,the rule of law,en,latin,baseline,A,0.006084,0.996958,en,670
REP-028|en|latin#56#siteA#k4,REP-028|en|latin#56#siteA,4,REP-028|en|latin#56,REP-028,C4,the rule of law,en,latin,baseline,A,0.005919,0.997041,en,689
REP-028|en|latin#56#siteB#k0,REP-028|en|latin#56#siteB,0,REP-028|en|latin#56,REP-028,C4,the rule of law,en,latin,baseline,B,0.006371,0.996815,en,701
REP-028|en|latin#56#siteB#k1,REP-028|en|latin#56#siteB,1,REP-028|en|latin#56,REP-028,C4,the rule of law,en,latin,baseline,B,0.006066,0.996967,en,714
REP-028|en|latin#56#siteB#k2,REP-028|en|latin#56#siteB,2,REP-028|en|latin#56,REP-028,C4,the rule of law,en,latin,baseline,B,0.00654,0.99673,en,709
REP-028|en|latin#56#siteB#k3,REP-028|en|latin#56#siteB,3,REP-028|en|latin#56,REP-028,C4,the rule of law,en,latin,baseline,B,0.006737,0.996632,en,711
REP-028|en|latin#56#siteB#k4,REP-028|en|latin#56#siteB,4,REP-028|en|latin#56,REP-028,C4,the rule of law,en,latin,baseline,B,0.006458,0.996771,en,709
REP-029|zh|hanzi#57#siteA#k0,REP-029|zh|hanzi#57#siteA,0,REP-029|zh|hanzi#57,REP-029,C5,the rule of law,zh,hanzi,baseline,A,0.008266,0.995867,en,558
REP-029|zh|hanzi#57#siteA#k1,REP-029|zh|hanzi#57#siteA,1,REP-029|zh|hanzi#57,REP-029,C5,the rule of law,zh,hanzi,baseline,A,0.008026,0.995987,en,558
REP-029|zh|hanzi#57#siteA#k2,REP-029|zh|hanzi#57#siteA,2,REP-029|zh|hanzi#57,REP-029,C5,the rule of law,zh,hanzi,baseline,A,0.007844,0.996078,en,545
REP-029|zh|hanzi#57#siteA#k3,REP-029|zh|hanzi#57#siteA,3,REP-029|zh|hanzi#57,REP-029,C5,the rule of law,zh,hanzi,baseline,A,0.008317,0.995841,en,545
REP-029|zh|hanzi#57#siteA#k4,REP-029|zh|hanzi#57#siteA,4,REP-029|zh|hanzi#57,REP-029,C5,the rule of law,zh,hanzi,baseline,A,0.008921,0.995539,en,558
REP-029|zh|hanzi#57#siteB#k0,REP-029|zh|hanzi#57#siteB,0,REP-029|zh|hanzi#57,REP-029,C5,the rule of law,zh,hanzi,baseline,B,0.007946,0.996027,mixed,498
REP-029|zh|hanzi#57#siteB#k1,REP-029|zh|hanzi#57#siteB,1,REP-029|zh|hanzi#57,REP-029,C5,the rule of law,zh,hanzi,baseline,B,0.007137,0.996432,mixed,510
REP-029|zh|hanzi#57#siteB#k2,REP-029|zh|hanzi#57#siteB,2,REP-029|zh|hanzi#57,REP-029,C5,the rule of law,zh,hanzi,baseline,B,0.007093,0.996454,mixed,524
REP-029|zh|hanzi#57#siteB#k3,REP-029|zh|hanzi#57#siteB,3,REP-029|zh|hanzi#57,REP-029,C5,the rule of law,zh,hanzi,baseline,B,0.00699,0.996505,mixed,523
REP-029|zh|hanzi#57#siteB#k4,REP-029|zh|hanzi#57#siteB,4,REP-029|zh|hanzi#57,REP-029,C5,the rule of law,zh,hanzi,baseline,B,0.009348,0.995326,mixed,506
REP-029|en|latin#58#siteA#k0,REP-029|en|latin#58#siteA,0,REP-029|en|latin#58,REP-029,C5,the rule of law,en,latin,baseline,A,0.007118,0.996441,en,670
REP-029|en|latin#58#siteA#k1,REP-029|en|latin#58#siteA,1,REP-029|en|latin#58,REP-029,C5,the rule of law,en,latin,baseline,A,0.006269,0.996866,en,690
REP-029|en|latin#58#siteA#k2,REP-029|en|latin#58#siteA,2,REP-029|en|latin#58,REP-029,C5,the rule of law,en,latin,baseline,A,0.00664,0.99668,en,675
REP-029|en|latin#58#siteA#k3,REP-029|en|latin#58#siteA,3,REP-029|en|latin#58,REP-029,C5,the rule of law,en,latin,baseline,A,0.006422,0.996789,en,678
REP-029|en|latin#58#siteA#k4,REP-029|en|latin#58#siteA,4,REP-029|en|latin#58,REP-029,C5,the rule of law,en,latin,baseline,A,0.007362,0.996319,en,676
REP-029|en|latin#58#siteB#k0,REP-029|en|latin#58#siteB,0,REP-029|en|latin#58,REP-029,C5,the rule of law,en,latin,baseline,B,0.005354,0.997323,en,706
REP-029|en|latin#58#siteB#k1,REP-029|en|latin#58#siteB,1,REP-029|en|latin#58,REP-029,C5,the rule of law,en,latin,baseline,B,0.005081,0.99746,en,729
REP-029|en|latin#58#siteB#k2,REP-029|en|latin#58#siteB,2,REP-029|en|latin#58,REP-029,C5,the rule of law,en,latin,baseline,B,0.005745,0.997127,en,728
REP-029|en|latin#58#siteB#k3,REP-029|en|latin#58#siteB,3,REP-029|en|latin#58,REP-029,C5,the rule of law,en,latin,baseline,B,0.005579,0.99721,en,692
REP-029|en|latin#58#siteB#k4,REP-029|en|latin#58#siteB,4,REP-029|en|latin#58,REP-029,C5,the rule of law,en,latin,baseline,B,0.005305,0.997348,en,683
REP-030|zh|hanzi#59#siteA#k0,REP-030|zh|hanzi#59#siteA,0,REP-030|zh|hanzi#59,REP-030,C6,the rule of law,zh,hanzi,baseline,A,0.008449,0.995776,en,545
REP-030|zh|hanzi#59#siteA#k1,REP-030|zh|hanzi#59#siteA,1,REP-030|zh|hanzi#59,REP-030,C6,the rule of law,zh,hanzi,baseline,A,0.008038,0.995981,en,586
REP-030|zh|hanzi#59#siteA#k2,REP-030|zh|hanzi#59#siteA,2,REP-030|zh|hanzi#59,REP-030,C6,the rule of law,zh,hanzi,baseline,A,0.007659,0.996171,en,531
REP-030|zh|hanzi#59#siteA#k3,REP-030|zh|hanzi#59#siteA,3,REP-030|zh|hanzi#59,REP-030,C6,the rule of law,zh,hanzi,baseline,A,0.008095,0.995953,en,536
REP-030|zh|hanzi#59#siteA#k4,REP-030|zh|hanzi#59#siteA,4,REP-030|zh|hanzi#59,REP-030,C6,the rule of law,zh,hanzi,baseline,A,0.008257,0.995872,en,600
REP-030|zh|hanzi#59#siteB#k0,REP-030|zh|hanzi#59#siteB,0,REP-030|zh|hanzi#59,REP-030,C6,the rule of law,zh,hanzi,baseline,B,0.008139,0.99593,mixed,450
REP-030|zh|hanzi#59#siteB#k1,REP-030|zh|hanzi#59#siteB,1,REP-030|zh|hanzi#59,REP-030,C6,the rule of law,zh,hanzi,baseline,B,0.00798,0.99601,mixed,436
REP-030|zh|hanzi#59#siteB#k2,REP-030|zh|hanzi#59#siteB,2,REP-030|zh|hanzi#59,REP-030,C6,the rule of law,zh,hanzi,baseline,B,0.008304,0.995848,mixed,500
REP-030|zh|hanzi#59#siteB#k3,REP-030|zh|hanzi#59#siteB,3,REP-030|zh|hanzi#59,REP-030,C6,the rule of law,zh,hanzi,baseline,B,0.007831,0.996085,mixed,456
REP-030|zh|hanzi#59#siteB#k4,REP-030|zh|hanzi#59#siteB,4,REP-030|zh|hanzi#59,REP-030,C6,the rule of law,zh,hanzi,baseline,B,0.007126,0.996437,mixed,451
REP-030|en|latin#60#siteA#k0,REP-030|en|latin#60#siteA,0,REP-030|en|latin#60,REP-030,C6,the rule of law,en,latin,baseline,A,0.00678,0.99661,en,691
REP-030|en|latin#60#siteA#k1,REP-030|en|latin#60#siteA,1,REP-030|en|latin#60,REP-030,C6,the rule of law,en,latin,baseline,A,0.006576,0.996712,en,661
REP-030|en|latin#60#siteA#k2,REP-030|en|latin#60#siteA,2,REP-030|en|latin#60,REP-030,C6,the rule of law,en,latin,baseline,A,0.006064,0.996968,en,663
REP-030|en|latin#60#siteA#k3,REP-030|en|latin#60#siteA,3,REP-030|en|latin#60,REP-030,C6,the rule of law,en,latin,baseline,A,0.007112,0.996444,en,663
REP-030|en|latin#60#siteA#k4,REP-030|en|latin#60#siteA,4,REP-030|en|latin#60,REP-030,C6,the rule of law,en,latin,baseline,A,0.006935,0.996533,en,638
REP-030|en|latin#60#siteB#k0,REP-030|en|latin#60#siteB,0,REP-030|en|latin#60,REP-030,C6,the rule of law,en,latin,baseline,B,0.00749,0.996255,en,680
REP-030|en|latin#60#siteB#k1,REP-030|en|latin#60#siteB,1,REP-030|en|latin#60,REP-030,C6,the rule of law,en,latin,baseline,B,0.008502,0.995749,en,679
REP-030|en|latin#60#siteB#k2,REP-030|en|latin#60#siteB,2,REP-030|en|latin#60,REP-030,C6,the rule of law,en,latin,baseline,B,0.007927,0.996037,en,686
REP-030|en|latin#60#siteB#k3,REP-030|en|latin#60#siteB,3,REP-030|en|latin#60,REP-030,C6,the rule of law,en,latin,baseline,B,0.008365,0.995817,en,697
REP-030|en|latin#60#siteB#k4,REP-030|en|latin#60#siteB,4,REP-030|en|latin#60,REP-030,C6,the rule of law,en,latin,baseline,B,0.008354,0.995823,en,693
REP-031|zh|hanzi#61#siteA#k0,REP-031|zh|hanzi#61#siteA,0,REP-031|zh|hanzi#61,REP-031,C1,freedom of assembly,zh,hanzi,baseline,A,0.007993,0.996004,en,580
REP-031|zh|hanzi#61#siteA#k1,REP-031|zh|hanzi#61#siteA,1,REP-031|zh|hanzi#61,REP-031,C1,freedom of assembly,zh,hanzi,baseline,A,0.008494,0.995753,en,619
REP-031|zh|hanzi#61#siteA#k2,REP-031|zh|hanzi#61#siteA,2,REP-031|zh|hanzi#61,REP-031,C1,freedom of assembly,zh,hanzi,baseline,A,0.007514,0.996243,en,591
REP-031|zh|hanzi#61#siteA#k3,REP-031|zh|hanzi#61#siteA,3,REP-031|zh|hanzi#61,REP-031,C1,freedom of assembly,zh,hanzi,baseline,A,0.007843,0.996078,en,594
REP-031|zh|hanzi#61#siteA#k4,REP-031|zh|hanzi#61#siteA,4,REP-031|zh|hanzi#61,REP-031,C1,freedom of assembly,zh,hanzi,baseline,A,0.007986,0.996008,en,538
REP-031|zh|hanzi#61#siteB#k0,REP-031|zh|hanzi#61#siteB,0,REP-031|zh|hanzi#61,REP-031,C1,freedom of assembly,zh,hanzi,baseline,B,0.007695,0.996153,mixed,513
REP-031|zh|hanzi#61#siteB#k1,REP-031|zh|hanzi#61#siteB,1,REP-031|zh|hanzi#61,REP-031,C1,freedom of assembly,zh,hanzi,baseline,B,0.007557,0.996221,en,565
REP-031|zh|hanzi#61#siteB#k2,REP-031|zh|hanzi#61#siteB,2,REP-031|zh|hanzi#61,REP-031,C1,freedom of assembly,zh,hanzi,baseline,B,0.008262,0.995869,mixed,525
REP-031|zh|hanzi#61#siteB#k3,REP-031|zh|hanzi#61#siteB,3,REP-031|zh|hanzi#61,REP-031,C1,freedom of assembly,zh,hanzi,baseline,B,0.007638,0.996181,mixed,535
REP-031|zh|hanzi#61#siteB#k4,REP-031|zh|hanzi#61#siteB,4,REP-031|zh|hanzi#61,REP-031,C1,freedom of assembly,zh,hanzi,baseline,B,0.007137,0.996431,mixed,531
REP-031|en|latin#62#siteA#k0,REP-031|en|latin#62#siteA,0,REP-031|en|latin#62,REP-031,C1,freedom of assembly,en,latin,baseline,A,0.007915,0.996043,en,689
REP-031|en|latin#62#siteA#k1,REP-031|en|latin#62#siteA,1,REP-031|en|latin#62,REP-031,C1,freedom of assembly,en,latin,baseline,A,0.007902,0.996049,en,710
REP-031|en|latin#62#siteA#k2,REP-031|en|latin#62#siteA,2,REP-031|en|latin#62,REP-031,C1,freedom of assembly,en,latin,baseline,A,0.007956,0.996022,en,713
REP-031|en|latin#62#siteA#k3,REP-031|en|latin#62#siteA,3,REP-031|en|latin#62,REP-031,C1,freedom of assembly,en,latin,baseline,A,0.007735,0.996132,en,712
REP-031|en|latin#62#siteA#k4,REP-031|en|latin#62#siteA,4,REP-031|en|latin#62,REP-031,C1,freedom of assembly,en,latin,baseline,A,0.007935,0.996032,en,719
REP-031|en|latin#62#siteB#k0,REP-031|en|latin#62#siteB,0,REP-031|en|latin#62,REP-031,C1,freedom of assembly,en,latin,baseline,B,0.007389,0.996306,en,761
REP-031|en|latin#62#siteB#k1,REP-031|en|latin#62#siteB,1,REP-031|en|latin#62,REP-031,C1,freedom of assembly,en,latin,baseline,B,0.007123,0.996439,en,787
REP-031|en|latin#62#siteB#k2,REP-031|en|latin#62#siteB,2,REP-031|en|latin#62,REP-031,C1,freedom of assembly,en,latin,baseline,B,0.006474,0.996763,en,767
REP-031|en|latin#62#siteB#k3,REP-031|en|latin#62#siteB,3,REP-031|en|latin#62,REP-031,C1,freedom of assembly,en,latin,baseline,B,0.007348,0.996326,en,747
REP-031|en|latin#62#siteB#k4,REP-031|en|latin#62#siteB,4,REP-031|en|latin#62,REP-031,C1,freedom of assembly,en,latin,baseline,B,0.007202,0.996399,en,741
REP-032|zh|hanzi#63#siteA#k0,REP-032|zh|hanzi#63#siteA,0,REP-032|zh|hanzi#63,REP-032,C2,freedom of assembly,zh,hanzi,baseline,A,0.01008,0.99496,en,573
REP-032|zh|hanzi#63#siteA#k1,REP-032|zh|hanzi#63#siteA,1,REP-032|zh|hanzi#63,REP-032,C2,freedom of assembly,zh,hanzi,baseline,A,0.010138,0.994931,en,592
REP-032|zh|hanzi#63#siteA#k2,REP-032|zh|hanzi#63#siteA,2,REP-032|zh|hanzi#63,REP-032,C2,freedom of assembly,zh,hanzi,baseline,A,0.010354,0.994823,en,599
REP-032|zh|hanzi#63#siteA#k3,REP-032|zh|hanzi#63#siteA,3,REP-032|zh|hanzi#63,REP-032,C2,freedom of assembly,zh,hanzi,baseline,A,0.010036,0.994982,en,580
REP-032|zh|hanzi#63#siteA#k4,REP-032|zh|hanzi#63#siteA,4,REP-032|zh|hanzi#63,REP-032,C2,freedom of assembly,zh,hanzi,baseline,A,0.01024,0.99488,en,561
REP-032|zh|hanzi#63#siteB#k0,REP-032|zh|hanzi#63#siteB,0,REP-032|zh|hanzi#63,REP-032,C2,freedom of assembly,zh,hanzi,baseline,B,0.012167,0.993917,mixed,523
REP-032|zh|hanzi#63#siteB#k1,REP-032|zh|hanzi#63#siteB,1,REP-032|zh|hanzi#63,REP-032,C2,freedom of assembly,zh,hanzi,baseline,B,0.011829,0.994085,en,577
REP-032|zh|hanzi#63#siteB#k2,REP-032|zh|hanzi#63#siteB,2,REP-032|zh|hanzi#63,REP-032,C2,freedom of assembly,zh,hanzi,baseline,B,0.013235,0.993382,mixed,526
REP-032|zh|hanzi#63#siteB#k3,REP-032|zh|hanzi#63#siteB,3,REP-032|zh|hanzi#63,REP-032,C2,freedom of assembly,zh,hanzi,baseline,B,0.011606,0.994197,en,579
REP-032|zh|hanzi#63#siteB#k4,REP-032|zh|hanzi#63#siteB,4,REP-032|zh|hanzi#63,REP-032,C2,freedom of assembly,zh,hanzi,baseline,B,0.012246,0.993877,mixed,535
REP-032|en|latin#64#siteA#k0,REP-032|en|latin#64#siteA,0,REP-032|en|latin#64,REP-032,C2,freedom of assembly,en,latin,baseline,A,0.01039,0.994805,en,705
REP-032|en|latin#64#siteA#k1,REP-032|en|latin#64#siteA,1,REP-032|en|latin#64,REP-032,C2,freedom of assembly,en,latin,baseline,A,0.009468,0.995266,en,652
REP-032|en|latin#64#siteA#k2,REP-032|en|latin#64#siteA,2,REP-032|en|latin#64,REP-032,C2,freedom of assembly,en,latin,baseline,A,0.00997,0.995015,en,652
REP-032|en|latin#64#siteA#k3,REP-032|en|latin#64#siteA,3,REP-032|en|latin#64,REP-032,C2,freedom of assembly,en,latin,baseline,A,0.009002,0.995499,en,673
REP-032|en|latin#64#siteA#k4,REP-032|en|latin#64#siteA,4,REP-032|en|latin#64,REP-032,C2,freedom of assembly,en,latin,baseline,A,0.010254,0.994873,en,699
REP-032|en|latin#64#siteB#k0,REP-032|en|latin#64#siteB,0,REP-032|en|latin#64,REP-032,C2,freedom of assembly,en,latin,baseline,B,0.012215,0.993892,en,743
REP-032|en|latin#64#siteB#k1,REP-032|en|latin#64#siteB,1,REP-032|en|latin#64,REP-032,C2,freedom of assembly,en,latin,baseline,B,0.012343,0.993829,en,746
REP-032|en|latin#64#siteB#k2,REP-032|en|latin#64#siteB,2,REP-032|en|latin#64,REP-032,C2,freedom of assembly,en,latin,baseline,B,0.01171,0.994145,en,726
REP-032|en|latin#64#siteB#k3,REP-032|en|latin#64#siteB,3,REP-032|en|latin#64,REP-032,C2,freedom of assembly,en,latin,baseline,B,0.012072,0.993964,en,717
REP-032|en|latin#64#siteB#k4,REP-032|en|latin#64#siteB,4,REP-032|en|latin#64,REP-032,C2,freedom of assembly,en,latin,baseline,B,0.012008,0.993996,en,721
REP-033|zh|hanzi#65#siteA#k0,REP-033|zh|hanzi#65#siteA,0,REP-033|zh|hanzi#65,REP-033,C3,freedom of assembly,zh,hanzi,baseline,A,0.010857,0.994572,en,602
REP-033|zh|hanzi#65#siteA#k1,REP-033|zh|hanzi#65#siteA,1,REP-033|zh|hanzi#65,REP-033,C3,freedom of assembly,zh,hanzi,baseline,A,0.011023,0.994489,en,583
REP-033|zh|hanzi#65#siteA#k2,REP-033|zh|hanzi#65#siteA,2,REP-033|zh|hanzi#65,REP-033,C3,freedom of assembly,zh,hanzi,baseline,A,0.010813,0.994593,en,598
REP-033|zh|hanzi#65#siteA#k3,REP-033|zh|hanzi#65#siteA,3,REP-033|zh|hanzi#65,REP-033,C3,freedom of assembly,zh,hanzi,baseline,A,0.011308,0.994346,en,622
REP-033|zh|hanzi#65#siteA#k4,REP-033|zh|hanzi#65#siteA,4,REP-033|zh|hanzi#65,REP-033,C3,freedom of assembly,zh,hanzi,baseline,A,0.011024,0.994488,en,585
REP-033|zh|hanzi#65#siteB#k0,REP-033|zh|hanzi#65#siteB,0,REP-033|zh|hanzi#65,REP-033,C3,freedom of assembly,zh,hanzi,baseline,B,0.008749,0.995625,mixed,486
REP-033|zh|hanzi#65#siteB#k1,REP-033|zh|hanzi#65#siteB,1,REP-033|zh|hanzi#65,REP-033,C3,freedom of assembly,zh,hanzi,baseline,B,0.006813,0.996594,en,555
REP-033|zh|hanzi#65#siteB#k2,REP-033|zh|hanzi#65#siteB,2,REP-033|zh|hanzi#65,REP-033,C3,freedom of assembly,zh,hanzi,baseline,B,0.008811,0.995594,en,558
REP-033|zh|hanzi#65#siteB#k3,REP-033|zh|hanzi#65#siteB,3,REP-033|zh|hanzi#65,REP-033,C3,freedom of assembly,zh,hanzi,baseline,B,0.007621,0.99619,en,567
REP-033|zh|hanzi#65#siteB#k4,REP-033|zh|hanzi#65#siteB,4,REP-033|zh|hanzi#65,REP-033,C3,freedom of assembly,zh,hanzi,baseline,B,0.007337,0.996331,mixed,512
REP-033|en|latin#66#siteA#k0,REP-033|en|latin#66#siteA,0,REP-033|en|latin#66,REP-033,C3,freedom of assembly,en,latin,baseline,A,0.00722,0.996389,en,711
REP-033|en|latin#66#siteA#k1,REP-033|en|latin#66#siteA,1,REP-033|en|latin#66,REP-033,C3,freedom of assembly,en,latin,baseline,A,0.007364,0.996318,en,682
REP-033|en|latin#66#siteA#k2,REP-033|en|latin#66#siteA,2,REP-033|en|latin#66,REP-033,C3,freedom of assembly,en,latin,baseline,A,0.006957,0.996522,en,678
REP-033|en|latin#66#siteA#k3,REP-033|en|latin#66#siteA,3,REP-033|en|latin#66,REP-033,C3,freedom of assembly,en,latin,baseline,A,0.006988,0.996506,en,689
REP-033|en|latin#66#siteA#k4,REP-033|en|latin#66#siteA,4,REP-033|en|latin#66,REP-033,C3,freedom of assembly,en,latin,baseline,A,0.00687,0.996565,en,695
REP-033|en|latin#66#siteB#k0,REP-033|en|latin#66#siteB,0,REP-033|en|latin#66,REP-033,C3,freedom of assembly,en,latin,baseline,B,0.007961,0.996019,en,753
REP-033|en|latin#66#siteB#k1,REP-033|en|latin#66#siteB,1,REP-033|en|latin#66,REP-033,C3,freedom of assembly,en,latin,baseline,B,0.008291,0.995854,en,741
REP-033|en|latin#66#siteB#k2,REP-033|en|latin#66#siteB,2,REP-033|en|latin#66,REP-033,C3,freedom of assembly,en,latin,baseline,B,0.008752,0.995624,en,753
REP-033|en|latin#66#siteB#k3,REP-033|en|latin#66#siteB,3,REP-033|en|latin#66,REP-033,C3,freedom of assembly,en,latin,baseline,B,0.008132,0.995933,en,716
REP-033|en|latin#66#siteB#k4,REP-033|en|latin#66#siteB,4,REP-033|en|latin#66,REP-033,C3,freedom of assembly,en,latin,baseline,B,0.008405,0.995797,en,726
REP-034|zh|hanzi#67#siteA#k0,REP-034|zh|hanzi#67#siteA,0,REP-034|zh|hanzi#67,REP-034,C4,freedom of assembly,zh,hanzi,baseline,A,0.008793,0.995604,en,613
REP-034|zh|hanzi#67#siteA#k1,REP-034|zh|hanzi#67#siteA,1,REP-034|zh|hanzi#67,REP-034,C4,freedom of assembly,zh,hanzi,baseline,A,0.009078,0.995461,en,606
REP-034|zh|hanzi#67#siteA#k2,REP-034|zh|hanzi#67#siteA,2,REP-034|zh|hanzi#67,REP-034,C4,freedom of assembly,zh,hanzi,baseline,A,0.009583,0.995209,en,630
REP-034|zh|hanzi#67#siteA#k3,REP-034|zh|hanzi#67#siteA,3,REP-034|zh|hanzi#67,REP-034,C4,freedom of assembly,zh,hanzi,baseline,A,0.009613,0.995194,en,605
REP-034|zh|hanzi#67#siteA#k4,REP-034|zh|hanzi#67#siteA,4,REP-034|zh|hanzi#67,REP-034,C4,freedom of assembly,zh,hanzi,baseline,A,0.008643,0.995679,en,583
REP-034|zh|hanzi#67#siteB#k0,REP-034|zh|hanzi#67#siteB,0,REP-034|zh|hanzi#67,REP-034,C4,freedom of assembly,zh,hanzi,baseline,B,0.008199,0.995901,mixed,525
REP-034|zh|hanzi#67#siteB#k1,REP-034|zh|hanzi#67#siteB,1,REP-034|zh|hanzi#67,REP-034,C4,freedom of assembly,zh,hanzi,baseline,B,0.008295,0.995853,mixed,524
REP-034|zh|hanzi#67#siteB#k2,REP-034|zh|hanzi#67#siteB,2,REP-034|zh|hanzi#67,REP-034,C4,freedom of assembly,zh,hanzi,baseline,B,0.008154,0.995923,mixed,528
REP-034|zh|hanzi#67#siteB#k3,REP-034|zh|hanzi#67#siteB,3,REP-034|zh|hanzi#67,REP-034,C4,freedom of assembly,zh,hanzi,baseline,B,0.008473,0.995763,mixed,525
REP-034|zh|hanzi#67#siteB#k4,REP-034|zh|hanzi#67#siteB,4,REP-034|zh|hanzi#67,REP-034,C4,freedom of assembly,zh,hanzi,baseline,B,0.008003,0.995999,mixed,499
REP-034|en|latin#68#siteA#k0,REP-034|en|latin#68#siteA,0,REP-034|en|latin#68,REP-034,C4,freedom of assembly,en,latin,baseline,A,0.007918,0.996041,en,675
REP-034|en|latin#68#siteA#k1,REP-034|en|latin#68#siteA,1,REP-034|en|latin#68,REP-034,C4,freedom of assembly,en,latin,baseline,A,0.007492,0.996254,en,732
REP-034|en|latin#68#siteA#k2,REP-034|en|latin#68#siteA,2,REP-034|en|latin#68,REP-034,C4,freedom of assembly,en,latin,baseline,A,0.007953,0.996024,en,673
REP-034|en|latin#68#siteA#k3,REP-034|en|latin#68#siteA,3,REP-034|en|latin#68,REP-034,C4,freedom of assembly,en,latin,baseline,A,0.006948,0.996526,en,667
REP-034|en|latin#68#siteA#k4,REP-034|en|latin#68#siteA,4,REP-034|en|latin#68,REP-034,C4,freedom of assembly,en,latin,baseline,A,0.007898,0.996051,en,696
REP-034|en|latin#68#siteB#k0,REP-034|en|latin#68#siteB,0,REP-034|en|latin#68,REP-034,C4,freedom of assembly,en,latin,baseline,B,0.005831,0.997085,en,736
REP-034|en|latin#68#siteB#k1,REP-034|en|latin#68#siteB,1,REP-034|en|latin#68,REP-034,C4,freedom of assembly,en,latin,baseline,B,0.0069,0.99655,en,723
REP-034|en|latin#68#siteB#k2,REP-034|en|latin#68#siteB,2,REP-034|en|latin#68,REP-034,C4,freedom of assembly,en,latin,baseline,B,0.00627,0.996865,en,717
REP-034|en|latin#68#siteB#k3,REP-034|en|latin#68#siteB,3,REP-034|en|latin#68,REP-034,C4,freedom of assembly,en,latin,baseline,B,0.00582,0.997091,en,721
REP-034|en|latin#68#siteB#k4,REP-034|en|latin#68#siteB,4,REP-034|en|latin#68,REP-034,C4,freedom of assembly,en,latin,baseline,B,0.006307,0.996847,en,725
REP-035|zh|hanzi#69#siteA#k0,REP-035|zh|hanzi#69#siteA,0,REP-035|zh|hanzi#69,REP-035,C5,freedom of assembly,zh,hanzi,baseline,A,0.00851,0.995744,en,588
REP-035|zh|hanzi#69#siteA#k1,REP-035|zh|hanzi#69#siteA,1,REP-035|zh|hanzi#69,REP-035,C5,freedom of assembly,zh,hanzi,baseline,A,0.008197,0.995902,en,570
REP-035|zh|hanzi#69#siteA#k2,REP-035|zh|hanzi#69#siteA,2,REP-035|zh|hanzi#69,REP-035,C5,freedom of assembly,zh,hanzi,baseline,A,0.008512,0.995744,en,593
REP-035|zh|hanzi#69#siteA#k3,REP-035|zh|hanzi#69#siteA,3,REP-035|zh|hanzi#69,REP-035,C5,freedom of assembly,zh,hanzi,baseline,A,0.008162,0.995919,en,595
REP-035|zh|hanzi#69#siteA#k4,REP-035|zh|hanzi#69#siteA,4,REP-035|zh|hanzi#69,REP-035,C5,freedom of assembly,zh,hanzi,baseline,A,0.008726,0.995637,en,568
REP-035|zh|hanzi#69#siteB#k0,REP-035|zh|hanzi#69#siteB,0,REP-035|zh|hanzi#69,REP-035,C5,freedom of assembly,zh,hanzi,baseline,B,0.007183,0.996409,mixed,520
REP-035|zh|hanzi#69#siteB#k1,REP-035|zh|hanzi#69#siteB,1,REP-035|zh|hanzi#69,REP-035,C5,freedom of assembly,zh,hanzi,baseline,B,0.006719,0.99664,mixed,524
REP-035|zh|hanzi#69#siteB#k2,REP-035|zh|hanzi#69#siteB,2,REP-035|zh|hanzi#69,REP-035,C5,freedom of assembly,zh,hanzi,baseline,B,0.006798,0.996601,mixed,548
REP-035|zh|hanzi#69#siteB#k3,REP-035|zh|hanzi#69#siteB,3,REP-035|zh|hanzi#69,REP-035,C5,freedom of assembly,zh,hanzi,baseline,B,0.007058,0.996471,mixed,538
REP-035|zh|hanzi#69#siteB#k4,REP-035|zh|hanzi#69#siteB,4,REP-035|zh|hanzi#69,REP-035,C5,freedom of assembly,zh,hanzi,baseline,B,0.006867,0.996567,mixed,516
REP-035|en|latin#70#siteA#k0,REP-035|en|latin#70#siteA,0,REP-035|en|latin#70,REP-035,C5,freedom of assembly,en,latin,baseline,A,0.008262,0.995869,en,707
REP-035|en|latin#70#siteA#k1,REP-035|en|latin#70#siteA,1,REP-035|en|latin#70,REP-035,C5,freedom of assembly,en,latin,baseline,A,0.008277,0.995862,en,710
REP-035|en|latin#70#siteA#k2,REP-035|en|latin#70#siteA,2,REP-035|en|latin#70,REP-035,C5,freedom of assembly,en,latin,baseline,A,0.008537,0.995732,en,689
REP-035|en|latin#70#siteA#k3,REP-035|en|latin#70#siteA,3,REP-035|en|latin#70,REP-035,C5,freedom of assembly,en,latin,baseline,A,0.008579,0.99571,en,693
REP-035|en|latin#70#siteA#k4,REP-035|en|latin#70#siteA,4,REP-035|en|latin#70,REP-035,C5,freedom of assembly,en,latin,baseline,A,0.007764,0.996118,en,716
REP-035|en|latin#70#siteB#k0,REP-035|en|latin#70#siteB,0,REP-035|en|latin#70,REP-035,C5,freedom of assembly,en,latin,baseline,B,0.006947,0.996527,en,720
REP-035|en|latin#70#siteB#k1,REP-035|en|latin#70#siteB,1,REP-035|en|latin#70,REP-035,C5,freedom of assembly,en,latin,baseline,B,0.006577,0.996712,en,692
REP-035|en|latin#70#siteB#k2,REP-035|en|latin#70#siteB,2,REP-035|en|latin#70,REP-035,C5,freedom of assembly,en,latin,baseline,B,0.006833,0.996583,en,699
REP-035|en|latin#70#siteB#k3,REP-035|en|latin#70#siteB,3,REP-035|en|latin#70,REP-035,C5,freedom of assembly,en,latin,baseline,B,0.007337,0.996331,en,713
REP-035|en|latin#70#siteB#k4,REP-035|en|latin#70#siteB,4,REP-035|en|latin#70,REP-035,C5,freedom of assembly,en,latin,baseline,B,0.008304,0.995848,en,736
REP-036|zh|hanzi#71#siteA#k0,REP-036|zh|hanzi#71#siteA,0,REP-036|zh|hanzi#71,REP-036,C6,freedom of assembly,zh,hanzi,baseline,A,0.00806,0.99597,en,584
REP-036|zh|hanzi#71#siteA#k1,REP-036|zh|hanzi#71#siteA,1,REP-036|zh|hanzi#71,REP-036,C6,freedom of assembly,zh,hanzi,baseline,A,0.007525,0.996238,en,577
REP-036|zh|hanzi#71#siteA#k2,REP-036|zh|hanzi#71#siteA,2,REP-036|zh|hanzi#71,REP-036,C6,freedom of assembly,zh,hanzi,baseline,A,0.008185,0.995908,en,598
REP-036|zh|hanzi#71#siteA#k3,REP-036|zh|hanzi#71#siteA,3,REP-036|zh|hanzi#71,REP-036,C6,freedom of assembly,zh,hanzi,baseline,A,0.008196,0.995903,en,589
REP-036|zh|hanzi#71#siteA#k4,REP-036|zh|hanzi#71#siteA,4,REP-036|zh|hanzi#71,REP-036,C6,freedom of assembly,zh,hanzi,baseline,A,0.008364,0.995818,en,563
REP-036|zh|hanzi#71#siteB#k0,REP-036|zh|hanzi#71#siteB,0,REP-036|zh|hanzi#71,REP-036,C6,freedom of assembly,zh,hanzi,baseline,B,0.008681,0.995659,mixed,478
REP-036|zh|hanzi#71#siteB#k1,REP-036|zh|hanzi#71#siteB,1,REP-036|zh|hanzi#71,REP-036,C6,freedom of assembly,zh,hanzi,baseline,B,0.008597,0.995701,mixed,448
REP-036|zh|hanzi#71#siteB#k2,REP-036|zh|hanzi#71#siteB,2,REP-036|zh|hanzi#71,REP-036,C6,freedom of assembly,zh,hanzi,baseline,B,0.007945,0.996027,mixed,469
REP-036|zh|hanzi#71#siteB#k3,REP-036|zh|hanzi#71#siteB,3,REP-036|zh|hanzi#71,REP-036,C6,freedom of assembly,zh,hanzi,baseline,B,0.008438,0.995781,mixed,459
REP-036|zh|hanzi#71#siteB#k4,REP-036|zh|hanzi#71#siteB,4,REP-036|zh|hanzi#71,REP-036,C6,freedom of assembly,zh,hanzi,baseline,B,0.008238,0.995881,mixed,514
REP-036|en|latin#72#siteA#k0,REP-036|en|latin#72#siteA,0,REP-036|en|latin#72,REP-036,C6,freedom of assembly,en,latin,baseline,A,0.008171,0.995914,en,714
REP-036|en|latin#72#siteA#k1,REP-036|en|latin#72#siteA,1,REP-036|en|latin#72,REP-036,C6,freedom of assembly,en,latin,baseline,A,0.008202,0.995898,en,686
REP-036|en|latin#72#siteA#k2,REP-036|en|latin#72#siteA,2,REP-036|en|latin#72,REP-036,C6,freedom of assembly,en,latin,baseline,A,0.007718,0.996141,en,734
REP-036|en|latin#72#siteA#k3,REP-036|en|latin#72#siteA,3,REP-036|en|latin#72,REP-036,C6,freedom of assembly,en,latin,baseline,A,0.007468,0.996265,en,739
REP-036|en|latin#72#siteA#k4,REP-036|en|latin#72#siteA,4,REP-036|en|latin#72,REP-036,C6,freedom of assembly,en,latin,baseline,A,0.008089,0.995955,en,711
REP-036|en|latin#72#siteB#k0,REP-036|en|latin#72#siteB,0,REP-036|en|latin#72,REP-036,C6,freedom of assembly,en,latin,baseline,B,0.007917,0.996042,en,697
REP-036|en|latin#72#siteB#k1,REP-036|en|latin#72#siteB,1,REP-036|en|latin#72,REP-036,C6,freedom of assembly,en,latin,baseline,B,0.006968,0.996516,en,702
REP-036|en|latin#72#siteB#k2,REP-036|en|latin#72#siteB,2,REP-036|en|latin#72,REP-036,C6,freedom of assembly,en,latin,baseline,B,0.007708,0.996146,en,708
REP-036|en|latin#72#siteB#k3,REP-036|en|latin#72#siteB,3,REP-036|en|latin#72,REP-036,C6,freedom of assembly,en,latin,baseline,B,0.007174,0.996413,en,703
REP-036|en|latin#72#siteB#k4,REP-036|en|latin#72#siteB,4,REP-036|en|latin#72,REP-036,C6,freedom of assembly,en,latin,baseline,B,0.007329,0.996336,en,737
REP-037|zh|hanzi#73#siteA#k0,REP-037|zh|hanzi#73#siteA,0,REP-037|zh|hanzi#73,REP-037,C1,the weather,zh,hanzi,baseline,A,0.006293,0.996854,en,568
REP-037|zh|hanzi#73#siteA#k1,REP-037|zh|hanzi#73#siteA,1,REP-037|zh|hanzi#73,REP-037,C1,the weather,zh,hanzi,baseline,A,0.006417,0.996791,en,552
REP-037|zh|hanzi#73#siteA#k2,REP-037|zh|hanzi#73#siteA,2,REP-037|zh|hanzi#73,REP-037,C1,the weather,zh,hanzi,baseline,A,0.006303,0.996849,en,579
REP-037|zh|hanzi#73#siteA#k3,REP-037|zh|hanzi#73#siteA,3,REP-037|zh|hanzi#73,REP-037,C1,the weather,zh,hanzi,baseline,A,0.006772,0.996614,en,598
REP-037|zh|hanzi#73#siteA#k4,REP-037|zh|hanzi#73#siteA,4,REP-037|zh|hanzi#73,REP-037,C1,the weather,zh,hanzi,baseline,A,0.006806,0.996597,en,604
REP-037|zh|hanzi#73#siteB#k0,REP-037|zh|hanzi#73#siteB,0,REP-037|zh|hanzi#73,REP-037,C1,the weather,zh,hanzi,baseline,B,0.006293,0.996853,mixed,566
REP-037|zh|hanzi#73#siteB#k1,REP-037|zh|hanzi#73#siteB,1,REP-037|zh|hanzi#73,REP-037,C1,the weather,zh,hanzi,baseline,B,0.006618,0.996691,mixed,546
REP-037|zh|hanzi#73#siteB#k2,REP-037|zh|hanzi#73#siteB,2,REP-037|zh|hanzi#73,REP-037,C1,the weather,zh,hanzi,baseline,B,0.00655,0.996725,mixed,569
REP-037|zh|hanzi#73#siteB#k3,REP-037|zh|hanzi#73#siteB,3,REP-037|zh|hanzi#73,REP-037,C1,the weather,zh,hanzi,baseline,B,0.006516,0.996742,en,577
REP-037|zh|hanzi#73#siteB#k4,REP-037|zh|hanzi#73#siteB,4,REP-037|zh|hanzi#73,REP-037,C1,the weather,zh,hanzi,baseline,B,0.00617,0.996915,mixed,578
REP-037|en|latin#74#siteA#k0,REP-037|en|latin#74#siteA,0,REP-037|en|latin#74,REP-037,C1,the weather,en,latin,baseline,A,0.006352,0.996824,en,689
REP-037|en|latin#74#siteA#k1,REP-037|en|latin#74#siteA,1,REP-037|en|latin#74,REP-037,C1,the weather,en,latin,baseline,A,0.00608,0.99696,en,679
REP-037|en|latin#74#siteA#k2,REP-037|en|latin#74#siteA,2,REP-037|en|latin#74,REP-037,C1,the weather,en,latin,baseline,A,0.006454,0.996773,en,688
REP-037|en|latin#74#siteA#k3,REP-037|en|latin#74#siteA,3,REP-037|en|latin#74,REP-037,C1,the weather,en,latin,baseline,A,0.006908,0.996546,en,715
REP-037|en|latin#74#siteA#k4,REP-037|en|latin#74#siteA,4,REP-037|en|latin#74,REP-037,C1,the weather,en,latin,baseline,A,0.006337,0.996832,en,711
REP-037|en|latin#74#siteB#k0,REP-037|en|latin#74#siteB,0,REP-037|en|latin#74,REP-037,C1,the weather,en,latin,baseline,B,0.008882,0.995559,en,762
REP-037|en|latin#74#siteB#k1,REP-037|en|latin#74#siteB,1,REP-037|en|latin#74,REP-037,C1,the weather,en,latin,baseline,B,0.008983,0.995509,en,759
REP-037|en|latin#74#siteB#k2,REP-037|en|latin#74#siteB,2,REP-037|en|latin#74,REP-037,C1,the weather,en,latin,baseline,B,0.008293,0.995854,en,708
REP-037|en|latin#74#siteB#k3,REP-037|en|latin#74#siteB,3,REP-037|en|latin#74,REP-037,C1,the weather,en,latin,baseline,B,0.008882,0.995559,en,731
REP-037|en|latin#74#siteB#k4,REP-037|en|latin#74#siteB,4,REP-037|en|latin#74,REP-037,C1,the weather,en,latin,baseline,B,0.008321,0.99584,en,742
REP-038|zh|hanzi#75#siteA#k0,REP-038|zh|hanzi#75#siteA,0,REP-038|zh|hanzi#75,REP-038,C2,the weather,zh,hanzi,baseline,A,0.006383,0.996808,en,617
REP-038|zh|hanzi#75#siteA#k1,REP-038|zh|hanzi#75#siteA,1,REP-038|zh|hanzi#75,REP-038,C2,the weather,zh,hanzi,baseline,A,0.006717,0.996641,en,604
REP-038|zh|hanzi#75#siteA#k2,REP-038|zh|hanzi#75#siteA,2,REP-038|zh|hanzi#75,REP-038,C2,the weather,zh,hanzi,baseline,A,0.006384,0.996808,en,584
REP-038|zh|hanzi#75#siteA#k3,REP-038|zh|hanzi#75#siteA,3,REP-038|zh|hanzi#75,REP-038,C2,the weather,zh,hanzi,baseline,A,0.00653,0.996735,en,589
REP-038|zh|hanzi#75#siteA#k4,REP-038|zh|hanzi#75#siteA,4,REP-038|zh|hanzi#75,REP-038,C2,the weather,zh,hanzi,baseline,A,0.006551,0.996724,en,551
REP-038|zh|hanzi#75#siteB#k0,REP-038|zh|hanzi#75#siteB,0,REP-038|zh|hanzi#75,REP-038,C2,the weather,zh,hanzi,baseline,B,0.010679,0.994661,mixed,505
REP-038|zh|hanzi#75#siteB#k1,REP-038|zh|hanzi#75#siteB,1,REP-038|zh|hanzi#75,REP-038,C2,the weather,zh,hanzi,baseline,B,0.010934,0.994533,mixed,520
REP-038|zh|hanzi#75#siteB#k2,REP-038|zh|hanzi#75#siteB,2,REP-038|zh|hanzi#75,REP-038,C2,the weather,zh,hanzi,baseline,B,0.0114,0.9943,mixed,518
REP-038|zh|hanzi#75#siteB#k3,REP-038|zh|hanzi#75#siteB,3,REP-038|zh|hanzi#75,REP-038,C2,the weather,zh,hanzi,baseline,B,0.011261,0.99437,mixed,587
REP-038|zh|hanzi#75#siteB#k4,REP-038|zh|hanzi#75#siteB,4,REP-038|zh|hanzi#75,REP-038,C2,the weather,zh,hanzi,baseline,B,0.011047,0.994476,mixed,525
REP-038|en|latin#76#siteA#k0,REP-038|en|latin#76#siteA,0,REP-038|en|latin#76,REP-038,C2,the weather,en,latin,baseline,A,0.0067,0.99665,en,674
REP-038|en|latin#76#siteA#k1,REP-038|en|latin#76#siteA,1,REP-038|en|latin#76,REP-038,C2,the weather,en,latin,baseline,A,0.007144,0.996428,en,675
REP-038|en|latin#76#siteA#k2,REP-038|en|latin#76#siteA,2,REP-038|en|latin#76,REP-038,C2,the weather,en,latin,baseline,A,0.006826,0.996587,en,686
REP-038|en|latin#76#siteA#k3,REP-038|en|latin#76#siteA,3,REP-038|en|latin#76,REP-038,C2,the weather,en,latin,baseline,A,0.006557,0.996721,en,701
REP-038|en|latin#76#siteA#k4,REP-038|en|latin#76#siteA,4,REP-038|en|latin#76,REP-038,C2,the weather,en,latin,baseline,A,0.006724,0.996638,en,703
REP-038|en|latin#76#siteB#k0,REP-038|en|latin#76#siteB,0,REP-038|en|latin#76,REP-038,C2,the weather,en,latin,baseline,B,0.010119,0.99494,en,714
REP-038|en|latin#76#siteB#k1,REP-038|en|latin#76#siteB,1,REP-038|en|latin#76,REP-038,C2,the weather,en,latin,baseline,B,0.009291,0.995355,en,715
REP-038|en|latin#76#siteB#k2,REP-038|en|latin#76#siteB,2,REP-038|en|latin#76,REP-038,C2,the weather,en,latin,baseline,B,0.008835,0.995583,en,739
REP-038|en|latin#76#siteB#k3,REP-038|en|latin#76#siteB,3,REP-038|en|latin#76,REP-038,C2,the weather,en,latin,baseline,B,0.010194,0.994903,en,735
REP-038|en|latin#76#siteB#k4,REP-038|en|latin#76#siteB,4,REP-038|en|latin#76,REP-038,C2,the weather,en,latin,baseline,B,0.009705,0.995148,en,724
REP-039|zh|hanzi#77#siteA#k0,REP-039|zh|hanzi#77#siteA,0,REP-039|zh|hanzi#77,REP-039,C3,the weather,zh,hanzi,baseline,A,0.008891,0.995555,en,600
REP-039|zh|hanzi#77#siteA#k1,REP-039|zh|hanzi#77#siteA,1,REP-039|zh|hanzi#77,REP-039,C3,the weather,zh,hanzi,baseline,A,0.009154,0.995423,en,579
REP-039|zh|hanzi#77#siteA#k2,REP-039|zh|hanzi#77#siteA,2,REP-039|zh|hanzi#77,REP-039,C3,the weather,zh,hanzi,baseline,A,0.008903,0.995548,en,573
REP-039|zh|hanzi#77#siteA#k3,REP-039|zh|hanzi#77#siteA,3,REP-039|zh|hanzi#77,REP-039,C3,the weather,zh,hanzi,baseline,A,0.008889,0.995556,en,570
REP-039|zh|hanzi#77#siteA#k4,REP-039|zh|hanzi#77#siteA,4,REP-039|zh|hanzi#77,REP-039,C3,the weather,zh,hanzi,baseline,A,0.008764,0.995618,en,589
REP-039|zh|hanzi#77#siteB#k0,REP-039|zh|hanzi#77#siteB,0,REP-039|zh|hanzi#77,REP-039,C3,the weather,zh,hanzi,baseline,B,0.007754,0.996123,en,541
REP-039|zh|hanzi#77#siteB#k1,REP-039|zh|hanzi#77#siteB,1,REP-039|zh|hanzi#77,REP-039,C3,the weather,zh,hanzi,baseline,B,0.007578,0.996211,en,563
REP-039|zh|hanzi#77#siteB#k2,REP-039|zh|hanzi#77#siteB,2,REP-039|zh|hanzi#77,REP-039,C3,the weather,zh,hanzi,baseline,B,0.007264,0.996368,en,600
REP-039|zh|hanzi#77#siteB#k3,REP-039|zh|hanzi#77#siteB,3,REP-039|zh|hanzi#77,REP-039,C3,the weather,zh,hanzi,baseline,B,0.008129,0.995936,en,573
REP-039|zh|hanzi#77#siteB#k4,REP-039|zh|hanzi#77#siteB,4,REP-039|zh|hanzi#77,REP-039,C3,the weather,zh,hanzi,baseline,B,0.007451,0.996274,en,567
REP-039|en|latin#78#siteA#k0,REP-039|en|latin#78#siteA,0,REP-039|en|latin#78,REP-039,C3,the weather,en,latin,baseline,A,0.006604,0.996698,en,671
REP-039|en|latin#78#siteA#k1,REP-039|en|latin#78#siteA,1,REP-039|en|latin#78,REP-039,C3,the weather,en,latin,baseline,A,0.006655,0.996672,en,684
REP-039|en|latin#78#siteA#k2,REP-039|en|latin#78#siteA,2,REP-039|en|latin#78,REP-039,C3,the weather,en,latin,baseline,A,0.006789,0.996605,en,711
REP-039|en|latin#78#siteA#k3,REP-039|en|latin#78#siteA,3,REP-039|en|latin#78,REP-039,C3,the weather,en,latin,baseline,A,0.006238,0.996881,en,657
REP-039|en|latin#78#siteA#k4,REP-039|en|latin#78#siteA,4,REP-039|en|latin#78,REP-039,C3,the weather,en,latin,baseline,A,0.006339,0.996831,en,677
REP-039|en|latin#78#siteB#k0,REP-039|en|latin#78#siteB,0,REP-039|en|latin#78,REP-039,C3,the weather,en,latin,baseline,B,0.007762,0.996119,en,676
REP-039|en|latin#78#siteB#k1,REP-039|en|latin#78#siteB,1,REP-039|en|latin#78,REP-039,C3,the weather,en,latin,baseline,B,0.008003,0.995999,en,735
REP-039|en|latin#78#siteB#k2,REP-039|en|latin#78#siteB,2,REP-039|en|latin#78,REP-039,C3,the weather,en,latin,baseline,B,0.008047,0.995977,en,699
REP-039|en|latin#78#siteB#k3,REP-039|en|latin#78#siteB,3,REP-039|en|latin#78,REP-039,C3,the weather,en,latin,baseline,B,0.00819,0.995905,en,748
REP-039|en|latin#78#siteB#k4,REP-039|en|latin#78#siteB,4,REP-039|en|latin#78,REP-039,C3,the weather,en,latin,baseline,B,0.007722,0.996139,en,737
REP-040|zh|hanzi#79#siteA#k0,REP-040|zh|hanzi#79#siteA,0,REP-040|zh|hanzi#79,REP-040,C4,the weather,zh,hanzi,baseline,A,0.009573,0.995214,en,553
REP-040|zh|hanzi#79#siteA#k1,REP-040|zh|hanzi#79#siteA,1,REP-040|zh|hanzi#79,REP-040,C4,the weather,zh,hanzi,baseline,A,0.010308,0.994846,en,607
REP-040|zh|hanzi#79#siteA#k2,REP-040|zh|hanzi#79#siteA,2,REP-040|zh|hanzi#79,REP-040,C4,the weather,zh,hanzi,baseline,A,0.010488,0.994756,en,559
REP-040|zh|hanzi#79#siteA#k3,REP-040|zh|hanzi#79#siteA,3,REP-040|zh|hanzi#79,REP-040,C4,the weather,zh,hanzi,baseline,A,0.009563,0.995219,en,595
REP-040|zh|hanzi#79#siteA#k4,REP-040|zh|hanzi#79#siteA,4,REP-040|zh|hanzi#79,REP-040,C4,the weather,zh,hanzi,baseline,A,0.011035,0.994483,en,571
REP-040|zh|hanzi#79#siteB#k0,REP-040|zh|hanzi#79#siteB,0,REP-040|zh|hanzi#79,REP-040,C4,the weather,zh,hanzi,baseline,B,0.007142,0.996429,mixed,577
REP-040|zh|hanzi#79#siteB#k1,REP-040|zh|hanzi#79#siteB,1,REP-040|zh|hanzi#79,REP-040,C4,the weather,zh,hanzi,baseline,B,0.006957,0.996522,en,596
REP-040|zh|hanzi#79#siteB#k2,REP-040|zh|hanzi#79#siteB,2,REP-040|zh|hanzi#79,REP-040,C4,the weather,zh,hanzi,baseline,B,0.007373,0.996314,mixed,528
REP-040|zh|hanzi#79#siteB#k3,REP-040|zh|hanzi#79#siteB,3,REP-040|zh|hanzi#79,REP-040,C4,the weather,zh,hanzi,baseline,B,0.007232,0.996384,en,592
REP-040|zh|hanzi#79#siteB#k4,REP-040|zh|hanzi#79#siteB,4,REP-040|zh|hanzi#79,REP-040,C4,the weather,zh,hanzi,baseline,B,0.007109,0.996445,en,592
REP-040|en|latin#80#siteA#k0,REP-040|en|latin#80#siteA,0,REP-040|en|latin#80,REP-040,C4,the weather,en,latin,baseline,A,0.006295,0.996853,en,690
REP-040|en|latin#80#siteA#k1,REP-040|en|latin#80#siteA,1,REP-040|en|latin#80,REP-040,C4,the weather,en,latin,baseline,A,0.006321,0.99684,en,637
REP-040|en|latin#80#siteA#k2,REP-040|en|latin#80#siteA,2,REP-040|en|latin#80,REP-040,C4,the weather,en,latin,baseline,A,0.00571,0.997145,en,674
REP-040|en|latin#80#siteA#k3,REP-040|en|latin#80#siteA,3,REP-040|en|latin#80,REP-040,C4,the weather,en,latin,baseline,A,0.006605,0.996698,en,629
REP-040|en|latin#80#siteA#k4,REP-040|en|latin#80#siteA,4,REP-040|en|latin#80,REP-040,C4,the weather,en,latin,baseline,A,0.005723,0.997139,en,681
REP-040|en|latin#80#siteB#k0,REP-040|en|latin#80#siteB,0,REP-040|en|latin#80,REP-040,C4,the weather,en,latin,baseline,B,0.006104,0.996948,en,690
REP-040|en|latin#80#siteB#k1,REP-040|en|latin#80#siteB,1,REP-040|en|latin#80,REP-040,C4,the weather,en,latin,baseline,B,0.005926,0.997037,en,698
REP-040|en|latin#80#siteB#k2,REP-040|en|latin#80#siteB,2,REP-040|en|latin#80,REP-040,C4,the weather,en,latin,baseline,B,0.00575,0.997125,en,700
REP-040|en|latin#80#siteB#k3,REP-040|en|latin#80#siteB,3,REP-040|en|latin#80,REP-040,C4,the weather,en,latin,baseline,B,0.005542,0.997229,en,741
REP-040|en|latin#80#siteB#k4,REP-040|en|latin#80#siteB,4,REP-040|en|latin#80,REP-040,C4,the weather,en,latin,baseline,B,0.005963,0.997018,en,658
REP-041|zh|hanzi#81#siteA#k0,REP-041|zh|hanzi#81#siteA,0,REP-041|zh|hanzi#81,REP-041,C5,the weather,zh,hanzi,baseline,A,0.007612,0.996194,en,537
REP-041|zh|hanzi#81#siteA#k1,REP-041|zh|hanzi#81#siteA,1,REP-041|zh|hanzi#81,REP-041,C5,the weather,zh,hanzi,baseline,A,0.008392,0.995804,en,519
REP-041|zh|hanzi#81#siteA#k2,REP-041|zh|hanzi#81#siteA,2,REP-041|zh|hanzi#81,REP-041,C5,the weather,zh,hanzi,baseline,A,0.008118,0.995941,en,545
REP-041|zh|hanzi#81#siteA#k3,REP-041|zh|hanzi#81#siteA,3,REP-041|zh|hanzi#81,REP-041,C5,the weather,zh,hanzi,baseline,A,0.007949,0.996025,en,535
REP-041|zh|hanzi#81#siteA#k4,REP-041|zh|hanzi#81#siteA,4,REP-041|zh|hanzi#81,REP-041,C5,the weather,zh,hanzi,baseline,A,0.007841,0.99608,en,536
REP-041|zh|hanzi#81#siteB#k0,REP-041|zh|hanzi#81#siteB,0,REP-041|zh|hanzi#81,REP-041,C5,the weather,zh,hanzi,baseline,B,0.007126,0.996437,mixed,448
REP-041|zh|hanzi#81#siteB#k1,REP-041|zh|hanzi#81#siteB,1,REP-041|zh|hanzi#81,REP-041,C5,the weather,zh,hanzi,baseline,B,0.007621,0.996189,mixed,535
REP-041|zh|hanzi#81#siteB#k2,REP-041|zh|hanzi#81#siteB,2,REP-041|zh|hanzi#81,REP-041,C5,the weather,zh,hanzi,baseline,B,0.007292,0.996354,mixed,543
REP-041|zh|hanzi#81#siteB#k3,REP-041|zh|hanzi#81#siteB,3,REP-041|zh|hanzi#81,REP-041,C5,the weather,zh,hanzi,baseline,B,0.006959,0.99652,mixed,543
REP-041|zh|hanzi#81#siteB#k4,REP-041|zh|hanzi#81#siteB,4,REP-041|zh|hanzi#81,REP-041,C5,the weather,zh,hanzi,baseline,B,0.006745,0.996628,mixed,515
REP-041|en|latin#82#siteA#k0,REP-041|en|latin#82#siteA,0,REP-041|en|latin#82,REP-041,C5,the weather,en,latin,baseline,A,0.00595,0.997025,en,711
REP-041|en|latin#82#siteA#k1,REP-041|en|latin#82#siteA,1,REP-041|en|latin#82,REP-041,C5,the weather,en,latin,baseline,A,0.00651,0.996745,en,659
REP-041|en|latin#82#siteA#k2,REP-041|en|latin#82#siteA,2,REP-041|en|latin#82,REP-041,C5,the weather,en,latin,baseline,A,0.005586,0.997207,en,702
REP-041|en|latin#82#siteA#k3,REP-041|en|latin#82#siteA,3,REP-041|en|latin#82,REP-041,C5,the weather,en,latin,baseline,A,0.005747,0.997127,en,678
REP-041|en|latin#82#siteA#k4,REP-041|en|latin#82#siteA,4,REP-041|en|latin#82,REP-041,C5,the weather,en,latin,baseline,A,0.00555,0.997225,en,684
REP-041|en|latin#82#siteB#k0,REP-041|en|latin#82#siteB,0,REP-041|en|latin#82,REP-041,C5,the weather,en,latin,baseline,B,0.005481,0.99726,en,694
REP-041|en|latin#82#siteB#k1,REP-041|en|latin#82#siteB,1,REP-041|en|latin#82,REP-041,C5,the weather,en,latin,baseline,B,0.005523,0.997238,en,700
REP-041|en|latin#82#siteB#k2,REP-041|en|latin#82#siteB,2,REP-041|en|latin#82,REP-041,C5,the weather,en,latin,baseline,B,0.005395,0.997303,en,695
REP-041|en|latin#82#siteB#k3,REP-041|en|latin#82#siteB,3,REP-041|en|latin#82,REP-041,C5,the weather,en,latin,baseline,B,0.00522,0.99739,en,677
REP-041|en|latin#82#siteB#k4,REP-041|en|latin#82#siteB,4,REP-041|en|latin#82,REP-041,C5,the weather,en,latin,baseline,B,0.005559,0.997221,en,672
REP-042|zh|hanzi#83#siteA#k0,REP-042|zh|hanzi#83#siteA,0,REP-042|zh|hanzi#83,REP-042,C6,the weather,zh,hanzi,baseline,A,0.00882,0.99559,en,541
REP-042|zh|hanzi#83#siteA#k1,REP-042|zh|hanzi#83#siteA,1,REP-042|zh|hanzi#83,REP-042,C6,the weather,zh,hanzi,baseline,A,0.008434,0.995783,en,552
REP-042|zh|hanzi#83#siteA#k2,REP-042|zh|hanzi#83#siteA,2,REP-042|zh|hanzi#83,REP-042,C6,the weather,zh,hanzi,baseline,A,0.00917,0.995415,en,575
REP-042|zh|hanzi#83#siteA#k3,REP-042|zh|hanzi#83#siteA,3,REP-042|zh|hanzi#83,REP-042,C6,the weather,zh,hanzi,baseline,A,0.008671,0.995664,en,560
REP-042|zh|hanzi#83#siteA#k4,REP-042|zh|hanzi#83#siteA,4,REP-042|zh|hanzi#83,REP-042,C6,the weather,zh,hanzi,baseline,A,0.007911,0.996044,en,568
REP-042|zh|hanzi#83#siteB#k0,REP-042|zh|hanzi#83#siteB,0,REP-042|zh|hanzi#83,REP-042,C6,the weather,zh,hanzi,baseline,B,0.006733,0.996634,mixed,467
REP-042|zh|hanzi#83#siteB#k1,REP-042|zh|hanzi#83#siteB,1,REP-042|zh|hanzi#83,REP-042,C6,the weather,zh,hanzi,baseline,B,0.006549,0.996726,mixed,488
REP-042|zh|hanzi#83#siteB#k2,REP-042|zh|hanzi#83#siteB,2,REP-042|zh|hanzi#83,REP-042,C6,the weather,zh,hanzi,baseline,B,0.007039,0.996481,mixed,459
REP-042|zh|hanzi#83#siteB#k3,REP-042|zh|hanzi#83#siteB,3,REP-042|zh|hanzi#83,REP-042,C6,the weather,zh,hanzi,baseline,B,0.006832,0.996584,mixed,476
REP-042|zh|hanzi#83#siteB#k4,REP-042|zh|hanzi#83#siteB,4,REP-042|zh|hanzi#83,REP-042,C6,the weather,zh,hanzi,baseline,B,0.007327,0.996337,en,530
REP-042|en|latin#84#siteA#k0,REP-042|en|latin#84#siteA,0,REP-042|en|latin#84,REP-042,C6,the weather,en,latin,baseline,A,0.006194,0.996904,en,719
REP-042|en|latin#84#siteA#k1,REP-042|en|latin#84#siteA,1,REP-042|en|latin#84,REP-042,C6,the weather,en,latin,baseline,A,0.006581,0.99671,en,707
REP-042|en|latin#84#siteA#k2,REP-042|en|latin#84#siteA,2,REP-042|en|latin#84,REP-042,C6,the weather,en,latin,baseline,A,0.005998,0.997001,en,714
REP-042|en|latin#84#siteA#k3,REP-042|en|latin#84#siteA,3,REP-042|en|latin#84,REP-042,C6,the weather,en,latin,baseline,A,0.00682,0.99659,en,706
REP-042|en|latin#84#siteA#k4,REP-042|en|latin#84#siteA,4,REP-042|en|latin#84,REP-042,C6,the weather,en,latin,baseline,A,0.006356,0.996822,en,726
REP-042|en|latin#84#siteB#k0,REP-042|en|latin#84#siteB,0,REP-042|en|latin#84,REP-042,C6,the weather,en,latin,baseline,B,0.008585,0.995708,en,674
REP-042|en|latin#84#siteB#k1,REP-042|en|latin#84#siteB,1,REP-042|en|latin#84,REP-042,C6,the weather,en,latin,baseline,B,0.006744,0.996629,en,690
REP-042|en|latin#84#siteB#k2,REP-042|en|latin#84#siteB,2,REP-042|en|latin#84,REP-042,C6,the weather,en,latin,baseline,B,0.007826,0.996087,en,680
REP-042|en|latin#84#siteB#k3,REP-042|en|latin#84#siteB,3,REP-042|en|latin#84,REP-042,C6,the weather,en,latin,baseline,B,0.007057,0.996472,en,702
REP-042|en|latin#84#siteB#k4,REP-042|en|latin#84#siteB,4,REP-042|en|latin#84,REP-042,C6,the weather,en,latin,baseline,B,0.007808,0.996096,en,696
REP-043|zh|hanzi#85#siteA#k0,REP-043|zh|hanzi#85#siteA,0,REP-043|zh|hanzi#85,REP-043,C1,transportation,zh,hanzi,baseline,A,0.005254,0.997373,en,601
REP-043|zh|hanzi#85#siteA#k1,REP-043|zh|hanzi#85#siteA,1,REP-043|zh|hanzi#85,REP-043,C1,transportation,zh,hanzi,baseline,A,0.005486,0.997257,en,598
REP-043|zh|hanzi#85#siteA#k2,REP-043|zh|hanzi#85#siteA,2,REP-043|zh|hanzi#85,REP-043,C1,transportation,zh,hanzi,baseline,A,0.005361,0.997319,en,593
REP-043|zh|hanzi#85#siteA#k3,REP-043|zh|hanzi#85#siteA,3,REP-043|zh|hanzi#85,REP-043,C1,transportation,zh,hanzi,baseline,A,0.005411,0.997295,en,551
REP-043|zh|hanzi#85#siteA#k4,REP-043|zh|hanzi#85#siteA,4,REP-043|zh|hanzi#85,REP-043,C1,transportation,zh,hanzi,baseline,A,0.005653,0.997174,en,577
REP-043|zh|hanzi#85#siteB#k0,REP-043|zh|hanzi#85#siteB,0,REP-043|zh|hanzi#85,REP-043,C1,transportation,zh,hanzi,baseline,B,0.006939,0.99653,mixed,546
REP-043|zh|hanzi#85#siteB#k1,REP-043|zh|hanzi#85#siteB,1,REP-043|zh|hanzi#85,REP-043,C1,transportation,zh,hanzi,baseline,B,0.006979,0.996511,en,560
REP-043|zh|hanzi#85#siteB#k2,REP-043|zh|hanzi#85#siteB,2,REP-043|zh|hanzi#85,REP-043,C1,transportation,zh,hanzi,baseline,B,0.006956,0.996522,en,553
REP-043|zh|hanzi#85#siteB#k3,REP-043|zh|hanzi#85#siteB,3,REP-043|zh|hanzi#85,REP-043,C1,transportation,zh,hanzi,baseline,B,0.00687,0.996565,mixed,522
REP-043|zh|hanzi#85#siteB#k4,REP-043|zh|hanzi#85#siteB,4,REP-043|zh|hanzi#85,REP-043,C1,transportation,zh,hanzi,baseline,B,0.007175,0.996412,mixed,522
REP-043|en|latin#86#siteA#k0,REP-043|en|latin#86#siteA,0,REP-043|en|latin#86,REP-043,C1,transportation,en,latin,baseline,A,0.004171,0.997914,en,700
REP-043|en|latin#86#siteA#k1,REP-043|en|latin#86#siteA,1,REP-043|en|latin#86,REP-043,C1,transportation,en,latin,baseline,A,0.004143,0.997929,en,722
REP-043|en|latin#86#siteA#k2,REP-043|en|latin#86#siteA,2,REP-043|en|latin#86,REP-043,C1,transportation,en,latin,baseline,A,0.004076,0.997962,en,738
REP-043|en|latin#86#siteA#k3,REP-043|en|latin#86#siteA,3,REP-043|en|latin#86,REP-043,C1,transportation,en,latin,baseline,A,0.004101,0.997949,en,713
REP-043|en|latin#86#siteA#k4,REP-043|en|latin#86#siteA,4,REP-043|en|latin#86,REP-043,C1,transportation,en,latin,baseline,A,0.004233,0.997884,en,713
REP-043|en|latin#86#siteB#k0,REP-043|en|latin#86#siteB,0,REP-043|en|latin#86,REP-043,C1,transportation,en,latin,baseline,B,0.005903,0.997049,en,749
REP-043|en|latin#86#siteB#k1,REP-043|en|latin#86#siteB,1,REP-043|en|latin#86,REP-043,C1,transportation,en,latin,baseline,B,0.007238,0.996381,en,734
REP-043|en|latin#86#siteB#k2,REP-043|en|latin#86#siteB,2,REP-043|en|latin#86,REP-043,C1,transportation,en,latin,baseline,B,0.006448,0.996776,en,708
REP-043|en|latin#86#siteB#k3,REP-043|en|latin#86#siteB,3,REP-043|en|latin#86,REP-043,C1,transportation,en,latin,baseline,B,0.006126,0.996938,en,759
REP-043|en|latin#86#siteB#k4,REP-043|en|latin#86#siteB,4,REP-043|en|latin#86,REP-043,C1,transportation,en,latin,baseline,B,0.006301,0.99685,en,707
REP-044|zh|hanzi#87#siteA#k0,REP-044|zh|hanzi#87#siteA,0,REP-044|zh|hanzi#87,REP-044,C2,transportation,zh,hanzi,baseline,A,0.008313,0.995843,en,560
REP-044|zh|hanzi#87#siteA#k1,REP-044|zh|hanzi#87#siteA,1,REP-044|zh|hanzi#87,REP-044,C2,transportation,zh,hanzi,baseline,A,0.008652,0.995674,en,557
REP-044|zh|hanzi#87#siteA#k2,REP-044|zh|hanzi#87#siteA,2,REP-044|zh|hanzi#87,REP-044,C2,transportation,zh,hanzi,baseline,A,0.008201,0.995899,en,580
REP-044|zh|hanzi#87#siteA#k3,REP-044|zh|hanzi#87#siteA,3,REP-044|zh|hanzi#87,REP-044,C2,transportation,zh,hanzi,baseline,A,0.008533,0.995733,en,607
REP-044|zh|hanzi#87#siteA#k4,REP-044|zh|hanzi#87#siteA,4,REP-044|zh|hanzi#87,REP-044,C2,transportation,zh,hanzi,baseline,A,0.008594,0.995703,en,555
REP-044|zh|hanzi#87#siteB#k0,REP-044|zh|hanzi#87#siteB,0,REP-044|zh|hanzi#87,REP-044,C2,transportation,zh,hanzi,baseline,B,0.011778,0.994112,mixed,543
REP-044|zh|hanzi#87#siteB#k1,REP-044|zh|hanzi#87#siteB,1,REP-044|zh|hanzi#87,REP-044,C2,transportation,zh,hanzi,baseline,B,0.011697,0.994152,en,616
REP-044|zh|hanzi#87#siteB#k2,REP-044|zh|hanzi#87#siteB,2,REP-044|zh|hanzi#87,REP-044,C2,transportation,zh,hanzi,baseline,B,0.011635,0.994183,en,597
REP-044|zh|hanzi#87#siteB#k3,REP-044|zh|hanzi#87#siteB,3,REP-044|zh|hanzi#87,REP-044,C2,transportation,zh,hanzi,baseline,B,0.010907,0.994547,mixed,531
REP-044|zh|hanzi#87#siteB#k4,REP-044|zh|hanzi#87#siteB,4,REP-044|zh|hanzi#87,REP-044,C2,transportation,zh,hanzi,baseline,B,0.011178,0.994411,mixed,562
REP-044|en|latin#88#siteA#k0,REP-044|en|latin#88#siteA,0,REP-044|en|latin#88,REP-044,C2,transportation,en,latin,baseline,A,0.007966,0.996017,en,667
REP-044|en|latin#88#siteA#k1,REP-044|en|latin#88#siteA,1,REP-044|en|latin#88,REP-044,C2,transportation,en,latin,baseline,A,0.008104,0.995948,en,736
REP-044|en|latin#88#siteA#k2,REP-044|en|latin#88#siteA,2,REP-044|en|latin#88,REP-044,C2,transportation,en,latin,baseline,A,0.00834,0.995831,en,714
REP-044|en|latin#88#siteA#k3,REP-044|en|latin#88#siteA,3,REP-044|en|latin#88,REP-044,C2,transportation,en,latin,baseline,A,0.009133,0.995434,en,725
REP-044|en|latin#88#siteA#k4,REP-044|en|latin#88#siteA,4,REP-044|en|latin#88,REP-044,C2,transportation,en,latin,baseline,A,0.009185,0.995407,en,708
REP-044|en|latin#88#siteB#k0,REP-044|en|latin#88#siteB,0,REP-044|en|latin#88,REP-044,C2,transportation,en,latin,baseline,B,0.009162,0.995419,en,759
REP-044|en|latin#88#siteB#k1,REP-044|en|latin#88#siteB,1,REP-044|en|latin#88,REP-044,C2,transportation,en,latin,baseline,B,0.009149,0.995426,en,754
REP-044|en|latin#88#siteB#k2,REP-044|en|latin#88#siteB,2,REP-044|en|latin#88,REP-044,C2,transportation,en,latin,baseline,B,0.009341,0.995329,en,749
REP-044|en|latin#88#siteB#k3,REP-044|en|latin#88#siteB,3,REP-044|en|latin#88,REP-044,C2,transportation,en,latin,baseline,B,0.009536,0.995232,en,753
REP-044|en|latin#88#siteB#k4,REP-044|en|latin#88#siteB,4,REP-044|en|latin#88,REP-044,C2,transportation,en,latin,baseline,B,0.009004,0.995498,en,738
REP-045|zh|hanzi#89#siteA#k0,REP-045|zh|hanzi#89#siteA,0,REP-045|zh|hanzi#89,REP-045,C3,transportation,zh,hanzi,baseline,A,0.010875,0.994562,en,525
REP-045|zh|hanzi#89#siteA#k1,REP-045|zh|hanzi#89#siteA,1,REP-045|zh|hanzi#89,REP-045,C3,transportation,zh,hanzi,baseline,A,0.010171,0.994915,en,541
REP-045|zh|hanzi#89#siteA#k2,REP-045|zh|hanzi#89#siteA,2,REP-045|zh|hanzi#89,REP-045,C3,transportation,zh,hanzi,baseline,A,0.012177,0.993911,en,556
REP-045|zh|hanzi#89#siteA#k3,REP-045|zh|hanzi#89#siteA,3,REP-045|zh|hanzi#89,REP-045,C3,transportation,zh,hanzi,baseline,A,0.011331,0.994334,en,565
REP-045|zh|hanzi#89#siteA#k4,REP-045|zh|hanzi#89#siteA,4,REP-045|zh|hanzi#89,REP-045,C3,transportation,zh,hanzi,baseline,A,0.010007,0.994997,en,576
REP-045|zh|hanzi#89#siteB#k0,REP-045|zh|hanzi#89#siteB,0,REP-045|zh|hanzi#89,REP-045,C3,transportation,zh,hanzi,baseline,B,0.006878,0.996561,en,561
REP-045|zh|hanzi#89#siteB#k1,REP-045|zh|hanzi#89#siteB,1,REP-045|zh|hanzi#89,REP-045,C3,transportation,zh,hanzi,baseline,B,0.007227,0.996387,en,599
REP-045|zh|hanzi#89#siteB#k2,REP-045|zh|hanzi#89#siteB,2,REP-045|zh|hanzi#89,REP-045,C3,transportation,zh,hanzi,baseline,B,0.007243,0.996378,en,536
REP-045|zh|hanzi#89#siteB#k3,REP-045|zh|hanzi#89#siteB,3,REP-045|zh|hanzi#89,REP-045,C3,transportation,zh,hanzi,baseline,B,0.007663,0.996168,en,546
REP-045|zh|hanzi#89#siteB#k4,REP-045|zh|hanzi#89#siteB,4,REP-045|zh|hanzi#89,REP-045,C3,transportation,zh,hanzi,baseline,B,0.008262,0.995869,mixed,543
REP-045|en|latin#90#siteA#k0,REP-045|en|latin#90#siteA,0,REP-045|en|latin#90,REP-045,C3,transportation,en,latin,baseline,A,0.005509,0.997246,en,708
REP-045|en|latin#90#siteA#k1,REP-045|en|latin#90#siteA,1,REP-045|en|latin#90,REP-045,C3,transportation,en,latin,baseline,A,0.005615,0.997193,en,706
REP-045|en|latin#90#siteA#k2,REP-045|en|latin#90#siteA,2,REP-045|en|latin#90,REP-045,C3,transportation,en,latin,baseline,A,0.005871,0.997065,en,647
REP-045|en|latin#90#siteA#k3,REP-045|en|latin#90#siteA,3,REP-045|en|latin#90,REP-045,C3,transportation,en,latin,baseline,A,0.005701,0.997149,en,719
REP-045|en|latin#90#siteA#k4,REP-045|en|latin#90#siteA,4,REP-045|en|latin#90,REP-045,C3,transportation,en,latin,baseline,A,0.005629,0.997186,en,668
REP-045|en|latin#90#siteB#k0,REP-045|en|latin#90#siteB,0,REP-045|en|latin#90,REP-045,C3,transportation,en,latin,baseline,B,0.008079,0.99596,en,738
REP-045|en|latin#90#siteB#k1,REP-045|en|latin#90#siteB,1,REP-045|en|latin#90,REP-045,C3,transportation,en,latin,baseline,B,0.008316,0.995842,en,712
REP-045|en|latin#90#siteB#k2,REP-045|en|latin#90#siteB,2,REP-045|en|latin#90,REP-045,C3,transportation,en,latin,baseline,B,0.008296,0.995852,en,752
REP-045|en|latin#90#siteB#k3,REP-045|en|latin#90#siteB,3,REP-045|en|latin#90,REP-045,C3,transportation,en,latin,baseline,B,0.008004,0.995998,en,735
REP-045|en|latin#90#siteB#k4,REP-045|en|latin#90#siteB,4,REP-045|en|latin#90,REP-045,C3,transportation,en,latin,baseline,B,0.007828,0.996086,en,699
REP-046|zh|hanzi#91#siteA#k0,REP-046|zh|hanzi#91#siteA,0,REP-046|zh|hanzi#91,REP-046,C4,transportation,zh,hanzi,baseline,A,0.008154,0.995923,en,563
REP-046|zh|hanzi#91#siteA#k1,REP-046|zh|hanzi#91#siteA,1,REP-046|zh|hanzi#91,REP-046,C4,transportation,zh,hanzi,baseline,A,0.00808,0.99596,en,558
REP-046|zh|hanzi#91#siteA#k2,REP-046|zh|hanzi#91#siteA,2,REP-046|zh|hanzi#91,REP-046,C4,transportation,zh,hanzi,baseline,A,0.008134,0.995933,en,537
REP-046|zh|hanzi#91#siteA#k3,REP-046|zh|hanzi#91#siteA,3,REP-046|zh|hanzi#91,REP-046,C4,transportation,zh,hanzi,baseline,A,0.008166,0.995917,en,563
REP-046|zh|hanzi#91#siteA#k4,REP-046|zh|hanzi#91#siteA,4,REP-046|zh|hanzi#91,REP-046,C4,transportation,zh,hanzi,baseline,A,0.007076,0.996462,en,573
REP-046|zh|hanzi#91#siteB#k0,REP-046|zh|hanzi#91#siteB,0,REP-046|zh|hanzi#91,REP-046,C4,transportation,zh,hanzi,baseline,B,0.00665,0.996675,mixed,530
REP-046|zh|hanzi#91#siteB#k1,REP-046|zh|hanzi#91#siteB,1,REP-046|zh|hanzi#91,REP-046,C4,transportation,zh,hanzi,baseline,B,0.007551,0.996225,en,552
REP-046|zh|hanzi#91#siteB#k2,REP-046|zh|hanzi#91#siteB,2,REP-046|zh|hanzi#91,REP-046,C4,transportation,zh,hanzi,baseline,B,0.006708,0.996647,mixed,524
REP-046|zh|hanzi#91#siteB#k3,REP-046|zh|hanzi#91#siteB,3,REP-046|zh|hanzi#91,REP-046,C4,transportation,zh,hanzi,baseline,B,0.006916,0.996542,mixed,579
REP-046|zh|hanzi#91#siteB#k4,REP-046|zh|hanzi#91#siteB,4,REP-046|zh|hanzi#91,REP-046,C4,transportation,zh,hanzi,baseline,B,0.006823,0.996588,mixed,537
REP-046|en|latin#92#siteA#k0,REP-046|en|latin#92#siteA,0,REP-046|en|latin#92,REP-046,C4,transportation,en,latin,baseline,A,0.00479,0.997605,en,702
REP-046|en|latin#92#siteA#k1,REP-046|en|latin#92#siteA,1,REP-046|en|latin#92,REP-046,C4,transportation,en,latin,baseline,A,0.004801,0.9976,en,675
REP-046|en|latin#92#siteA#k2,REP-046|en|latin#92#siteA,2,REP-046|en|latin#92,REP-046,C4,transportation,en,latin,baseline,A,0.004844,0.997578,en,678
REP-046|en|latin#92#siteA#k3,REP-046|en|latin#92#siteA,3,REP-046|en|latin#92,REP-046,C4,transportation,en,latin,baseline,A,0.005138,0.997431,en,677
REP-046|en|latin#92#siteA#k4,REP-046|en|latin#92#siteA,4,REP-046|en|latin#92,REP-046,C4,transportation,en,latin,baseline,A,0.004973,0.997514,en,663
REP-046|en|latin#92#siteB#k0,REP-046|en|latin#92#siteB,0,REP-046|en|latin#92,REP-046,C4,transportation,en,latin,baseline,B,0.005454,0.997273,en,709
REP-046|en|latin#92#siteB#k1,REP-046|en|latin#92#siteB,1,REP-046|en|latin#92,REP-046,C4,transportation,en,latin,baseline,B,0.005902,0.997049,en,685
REP-046|en|latin#92#siteB#k2,REP-046|en|latin#92#siteB,2,REP-046|en|latin#92,REP-046,C4,transportation,en,latin,baseline,B,0.005951,0.997024,en,722
REP-046|en|latin#92#siteB#k3,REP-046|en|latin#92#siteB,3,REP-046|en|latin#92,REP-046,C4,transportation,en,latin,baseline,B,0.005434,0.997283,en,713
REP-046|en|latin#92#siteB#k4,REP-046|en|latin#92#siteB,4,REP-046|en|latin#92,REP-046,C4,transportation,en,latin,baseline,B,0.005534,0.997233,en,633
REP-047|zh|hanzi#93#siteA#k0,REP-047|zh|hanzi#93#siteA,0,REP-047|zh|hanzi#93,REP-047,C5,transportation,zh,hanzi,baseline,A,0.008292,0.995854,en,545
REP-047|zh|hanzi#93#siteA#k1,REP-047|zh|hanzi#93#siteA,1,REP-047|zh|hanzi#93,REP-047,C5,transportation,zh,hanzi,baseline,A,0.008468,0.995766,en,528
REP-047|zh|hanzi#93#siteA#k2,REP-047|zh|hanzi#93#siteA,2,REP-047|zh|hanzi#93,REP-047,C5,transportation,zh,hanzi,baseline,A,0.008382,0.995809,en,535
REP-047|zh|hanzi#93#siteA#k3,REP-047|zh|hanzi#93#siteA,3,REP-047|zh|hanzi#93,REP-047,C5,transportation,zh,hanzi,baseline,A,0.007693,0.996154,en,572
REP-047|zh|hanzi#93#siteA#k4,REP-047|zh|hanzi#93#siteA,4,REP-047|zh|hanzi#93,REP-047,C5,transportation,zh,hanzi,baseline,A,0.007558,0.996221,en,531
REP-047|zh|hanzi#93#siteB#k0,REP-047|zh|hanzi#93#siteB,0,REP-047|zh|hanzi#93,REP-047,C5,transportation,zh,hanzi,baseline,B,0.006666,0.996667,mixed,525
REP-047|zh|hanzi#93#siteB#k1,REP-047|zh|hanzi#93#siteB,1,REP-047|zh|hanzi#93,REP-047,C5,transportation,zh,hanzi,baseline,B,0.007258,0.996371,en,542
REP-047|zh|hanzi#93#siteB#k2,REP-047|zh|hanzi#93#siteB,2,REP-047|zh|hanzi#93,REP-047,C5,transportation,zh,hanzi,baseline,B,0.006325,0.996837,mixed,514
REP-047|zh|hanzi#93#siteB#k3,REP-047|zh|hanzi#93#siteB,3,REP-047|zh|hanzi#93,REP-047,C5,transportation,zh,hanzi,baseline,B,0.006441,0.996779,mixed,507
REP-047|zh|hanzi#93#siteB#k4,REP-047|zh|hanzi#93#siteB,4,REP-047|zh|hanzi#93,REP-047,C5,transportation,zh,hanzi,baseline,B,0.006237,0.996881,mixed,521
REP-047|en|latin#94#siteA#k0,REP-047|en|latin#94#siteA,0,REP-047|en|latin#94,REP-047,C5,transportation,en,latin,baseline,A,0.005786,0.997107,en,714
REP-047|en|latin#94#siteA#k1,REP-047|en|latin#94#siteA,1,REP-047|en|latin#94,REP-047,C5,transportation,en,latin,baseline,A,0.005597,0.997201,en,715
REP-047|en|latin#94#siteA#k2,REP-047|en|latin#94#siteA,2,REP-047|en|latin#94,REP-047,C5,transportation,en,latin,baseline,A,0.006393,0.996804,en,758
REP-047|en|latin#94#siteA#k3,REP-047|en|latin#94#siteA,3,REP-047|en|latin#94,REP-047,C5,transportation,en,latin,baseline,A,0.005831,0.997085,en,722
REP-047|en|latin#94#siteA#k4,REP-047|en|latin#94#siteA,4,REP-047|en|latin#94,REP-047,C5,transportation,en,latin,baseline,A,0.006116,0.996942,en,698
REP-047|en|latin#94#siteB#k0,REP-047|en|latin#94#siteB,0,REP-047|en|latin#94,REP-047,C5,transportation,en,latin,baseline,B,0.005156,0.997422,en,732
REP-047|en|latin#94#siteB#k1,REP-047|en|latin#94#siteB,1,REP-047|en|latin#94,REP-047,C5,transportation,en,latin,baseline,B,0.004922,0.997539,en,688
REP-047|en|latin#94#siteB#k2,REP-047|en|latin#94#siteB,2,REP-047|en|latin#94,REP-047,C5,transportation,en,latin,baseline,B,0.005479,0.99726,en,724
REP-047|en|latin#94#siteB#k3,REP-047|en|latin#94#siteB,3,REP-047|en|latin#94,REP-047,C5,transportation,en,latin,baseline,B,0.005008,0.997496,en,710
REP-047|en|latin#94#siteB#k4,REP-047|en|latin#94#siteB,4,REP-047|en|latin#94,REP-047,C5,transportation,en,latin,baseline,B,0.005561,0.997219,en,721
REP-048|zh|hanzi#95#siteA#k0,REP-048|zh|hanzi#95#siteA,0,REP-048|zh|hanzi#95,REP-048,C6,transportation,zh,hanzi,baseline,A,0.00734,0.99633,en,600
REP-048|zh|hanzi#95#siteA#k1,REP-048|zh|hanzi#95#siteA,1,REP-048|zh|hanzi#95,REP-048,C6,transportation,zh,hanzi,baseline,A,0.007761,0.99612,en,540
REP-048|zh|hanzi#95#siteA#k2,REP-048|zh|hanzi#95#siteA,2,REP-048|zh|hanzi#95,REP-048,C6,transportation,zh,hanzi,baseline,A,0.007378,0.996311,en,583
REP-048|zh|hanzi#95#siteA#k3,REP-048|zh|hanzi#95#siteA,3,REP-048|zh|hanzi#95,REP-048,C6,transportation,zh,hanzi,baseline,A,0.007249,0.996376,en,557
REP-048|zh|hanzi#95#siteA#k4,REP-048|zh|hanzi#95#siteA,4,REP-048|zh|hanzi#95,REP-048,C6,transportation,zh,hanzi,baseline,A,0.007715,0.996143,en,556
REP-048|zh|hanzi#95#siteB#k0,REP-048|zh|hanzi#95#siteB,0,REP-048|zh|hanzi#95,REP-048,C6,transportation,zh,hanzi,baseline,B,0.006825,0.996587,mixed,438
REP-048|zh|hanzi#95#siteB#k1,REP-048|zh|hanzi#95#siteB,1,REP-048|zh|hanzi#95,REP-048,C6,transportation,zh,hanzi,baseline,B,0.007395,0.996303,mixed,475
REP-048|zh|hanzi#95#siteB#k2,REP-048|zh|hanzi#95#siteB,2,REP-048|zh|hanzi#95,REP-048,C6,transportation,zh,hanzi,baseline,B,0.007192,0.996404,mixed,500
REP-048|zh|hanzi#95#siteB#k3,REP-048|zh|hanzi#95#siteB,3,REP-048|zh|hanzi#95,REP-048,C6,transportation,zh,hanzi,baseline,B,0.007432,0.996284,mixed,525
REP-048|zh|hanzi#95#siteB#k4,REP-048|zh|hanzi#95#siteB,4,REP-048|zh|hanzi#95,REP-048,C6,transportation,zh,hanzi,baseline,B,0.007686,0.996157,mixed,520
REP-048|en|latin#96#siteA#k0,REP-048|en|latin#96#siteA,0,REP-048|en|latin#96,REP-048,C6,transportation,en,latin,baseline,A,0.004879,0.997561,en,719
REP-048|en|latin#96#siteA#k1,REP-048|en|latin#96#siteA,1,REP-048|en|latin#96,REP-048,C6,transportation,en,latin,baseline,A,0.004647,0.997676,en,711
REP-048|en|latin#96#siteA#k2,REP-048|en|latin#96#siteA,2,REP-048|en|latin#96,REP-048,C6,transportation,en,latin,baseline,A,0.004695,0.997653,en,702
REP-048|en|latin#96#siteA#k3,REP-048|en|latin#96#siteA,3,REP-048|en|latin#96,REP-048,C6,transportation,en,latin,baseline,A,0.004838,0.997581,en,717
REP-048|en|latin#96#siteA#k4,REP-048|en|latin#96#siteA,4,REP-048|en|latin#96,REP-048,C6,transportation,en,latin,baseline,A,0.005132,0.997434,en,729
REP-048|en|latin#96#siteB#k0,REP-048|en|latin#96#siteB,0,REP-048|en|latin#96,REP-048,C6,transportation,en,latin,baseline,B,0.007601,0.996199,en,686
REP-048|en|latin#96#siteB#k1,REP-048|en|latin#96#siteB,1,REP-048|en|latin#96,REP-048,C6,transportation,en,latin,baseline,B,0.008212,0.995894,en,722
REP-048|en|latin#96#siteB#k2,REP-048|en|latin#96#siteB,2,REP-048|en|latin#96,REP-048,C6,transportation,en,latin,baseline,B,0.007268,0.996366,en,712
REP-048|en|latin#96#siteB#k3,REP-048|en|latin#96#siteB,3,REP-048|en|latin#96,REP-048,C6,transportation,en,latin,baseline,B,0.007643,0.996178,en,712
REP-048|en|latin#96#siteB#k4,REP-048|en|latin#96#siteB,4,REP-048|en|latin#96,REP-048,C6,transportation,en,latin,baseline,B,0.007643,0.996178,en,674
REP-049|zh|hanzi#97#siteA#k0,REP-049|zh|hanzi#97#siteA,0,REP-049|zh|hanzi#97,REP-049,C1,cooking,zh,hanzi,baseline,A,0.006049,0.996975,en,527
REP-049|zh|hanzi#97#siteA#k1,REP-049|zh|hanzi#97#siteA,1,REP-049|zh|hanzi#97,REP-049,C1,cooking,zh,hanzi,baseline,A,0.005658,0.997171,en,534
REP-049|zh|hanzi#97#siteA#k2,REP-049|zh|hanzi#97#siteA,2,REP-049|zh|hanzi#97,REP-049,C1,cooking,zh,hanzi,baseline,A,0.006524,0.996738,en,564
REP-049|zh|hanzi#97#siteA#k3,REP-049|zh|hanzi#97#siteA,3,REP-049|zh|hanzi#97,REP-049,C1,cooking,zh,hanzi,baseline,A,0.005203,0.997398,en,582
REP-049|zh|hanzi#97#siteA#k4,REP-049|zh|hanzi#97#siteA,4,REP-049|zh|hanzi#97,REP-049,C1,cooking,zh,hanzi,baseline,A,0.006503,0.996749,en,543
REP-049|zh|hanzi#97#siteB#k0,REP-049|zh|hanzi#97#siteB,0,REP-049|zh|hanzi#97,REP-049,C1,cooking,zh,hanzi,baseline,B,0.006311,0.996845,mixed,533
REP-049|zh|hanzi#97#siteB#k1,REP-049|zh|hanzi#97#siteB,1,REP-049|zh|hanzi#97,REP-049,C1,cooking,zh,hanzi,baseline,B,0.0069,0.99655,mixed,525
REP-049|zh|hanzi#97#siteB#k2,REP-049|zh|hanzi#97#siteB,2,REP-049|zh|hanzi#97,REP-049,C1,cooking,zh,hanzi,baseline,B,0.006284,0.996858,mixed,523
REP-049|zh|hanzi#97#siteB#k3,REP-049|zh|hanzi#97#siteB,3,REP-049|zh|hanzi#97,REP-049,C1,cooking,zh,hanzi,baseline,B,0.006537,0.996731,mixed,578
REP-049|zh|hanzi#97#siteB#k4,REP-049|zh|hanzi#97#siteB,4,REP-049|zh|hanzi#97,REP-049,C1,cooking,zh,hanzi,baseline,B,0.006501,0.99675,mixed,563
REP-049|en|latin#98#siteA#k0,REP-049|en|latin#98#siteA,0,REP-049|en|latin#98,REP-049,C1,cooking,en,latin,baseline,A,0.00626,0.99687,en,693
REP-049|en|latin#98#siteA#k1,REP-049|en|latin#98#siteA,1,REP-049|en|latin#98,REP-049,C1,cooking,en,latin,baseline,A,0.008164,0.995918,en,688
REP-049|en|latin#98#siteA#k2,REP-049|en|latin#98#siteA,2,REP-049|en|latin#98,REP-049,C1,cooking,en,latin,baseline,A,0.007478,0.996261,en,689
REP-049|en|latin#98#siteA#k3,REP-049|en|latin#98#siteA,3,REP-049|en|latin#98,REP-049,C1,cooking,en,latin,baseline,A,0.007509,0.996246,en,675
REP-049|en|latin#98#siteA#k4,REP-049|en|latin#98#siteA,4,REP-049|en|latin#98,REP-049,C1,cooking,en,latin,baseline,A,0.007631,0.996184,en,680
REP-049|en|latin#98#siteB#k0,REP-049|en|latin#98#siteB,0,REP-049|en|latin#98,REP-049,C1,cooking,en,latin,baseline,B,0.007163,0.996418,en,718
REP-049|en|latin#98#siteB#k1,REP-049|en|latin#98#siteB,1,REP-049|en|latin#98,REP-049,C1,cooking,en,latin,baseline,B,0.00672,0.99664,en,696
REP-049|en|latin#98#siteB#k2,REP-049|en|latin#98#siteB,2,REP-049|en|latin#98,REP-049,C1,cooking,en,latin,baseline,B,0.007112,0.996443,en,710
REP-049|en|latin#98#siteB#k3,REP-049|en|latin#98#siteB,3,REP-049|en|latin#98,REP-049,C1,cooking,en,latin,baseline,B,0.007521,0.996239,en,685
REP-049|en|latin#98#siteB#k4,REP-049|en|latin#98#siteB,4,REP-049|en|latin#98,REP-049,C1,cooking,en,latin,baseline,B,0.00744,0.99628,en,737
REP-050|zh|hanzi#99#siteA#k0,REP-050|zh|hanzi#99#siteA,0,REP-050|zh|hanzi#99,REP-050,C2,cooking,zh,hanzi,baseline,A,0.006419,0.996791,en,552
REP-050|zh|hanzi#99#siteA#k1,REP-050|zh|hanzi#99#siteA,1,REP-050|zh|hanzi#99,REP-050,C2,cooking,zh,hanzi,baseline,A,0.006698,0.996651,en,544
REP-050|zh|hanzi#99#siteA#k2,REP-050|zh|hanzi#99#siteA,2,REP-050|zh|hanzi#99,REP-050,C2,cooking,zh,hanzi,baseline,A,0.006694,0.996653,en,555
REP-050|zh|hanzi#99#siteA#k3,REP-050|zh|hanzi#99#siteA,3,REP-050|zh|hanzi#99,REP-050,C2,cooking,zh,hanzi,baseline,A,0.006988,0.996506,en,589
REP-050|zh|hanzi#99#siteA#k4,REP-050|zh|hanzi#99#siteA,4,REP-050|zh|hanzi#99,REP-050,C2,cooking,zh,hanzi,baseline,A,0.006534,0.996733,en,594
REP-050|zh|hanzi#99#siteB#k0,REP-050|zh|hanzi#99#siteB,0,REP-050|zh|hanzi#99,REP-050,C2,cooking,zh,hanzi,baseline,B,0.010503,0.994749,mixed,561
REP-050|zh|hanzi#99#siteB#k1,REP-050|zh|hanzi#99#siteB,1,REP-050|zh|hanzi#99,REP-050,C2,cooking,zh,hanzi,baseline,B,0.01025,0.994875,mixed,547
REP-050|zh|hanzi#99#siteB#k2,REP-050|zh|hanzi#99#siteB,2,REP-050|zh|hanzi#99,REP-050,C2,cooking,zh,hanzi,baseline,B,0.009997,0.995002,mixed,530
REP-050|zh|hanzi#99#siteB#k3,REP-050|zh|hanzi#99#siteB,3,REP-050|zh|hanzi#99,REP-050,C2,cooking,zh,hanzi,baseline,B,0.011458,0.994272,mixed,522
REP-050|zh|hanzi#99#siteB#k4,REP-050|zh|hanzi#99#siteB,4,REP-050|zh|hanzi#99,REP-050,C2,cooking,zh,hanzi,baseline,B,0.010103,0.994949,mixed,537
REP-050|en|latin#100#siteA#k0,REP-050|en|latin#100#siteA,0,REP-050|en|latin#100,REP-050,C2,cooking,en,latin,baseline,A,0.007556,0.996222,en,685
REP-050|en|latin#100#siteA#k1,REP-050|en|latin#100#siteA,1,REP-050|en|latin#100,REP-050,C2,cooking,en,latin,baseline,A,0.007454,0.996273,en,677
REP-050|en|latin#100#siteA#k2,REP-050|en|latin#100#siteA,2,REP-050|en|latin#100,REP-050,C2,cooking,en,latin,baseline,A,0.006447,0.996777,en,720
REP-050|en|latin#100#siteA#k3,REP-050|en|latin#100#siteA,3,REP-050|en|latin#100,REP-050,C2,cooking,en,latin,baseline,A,0.006504,0.996748,en,711
REP-050|en|latin#100#siteA#k4,REP-050|en|latin#100#siteA,4,REP-050|en|latin#100,REP-050,C2,cooking,en,latin,baseline,A,0.00687,0.996565,en,715
REP-050|en|latin#100#siteB#k0,REP-050|en|latin#100#siteB,0,REP-050|en|latin#100,REP-050,C2,cooking,en,latin,baseline,B,0.01205,0.993975,en,722
REP-050|en|latin#100#siteB#k1,REP-050|en|latin#100#siteB,1,REP-050|en|latin#100,REP-050,C2,cooking,en,latin,baseline,B,0.012077,0.993961,en,751
REP-050|en|latin#100#siteB#k2,REP-050|en|latin#100#siteB,2,REP-050|en|latin#100,REP-050,C2,cooking,en,latin,baseline,B,0.011594,0.994203,en,743
REP-050|en|latin#100#siteB#k3,REP-050|en|latin#100#siteB,3,REP-050|en|latin#100,REP-050,C2,cooking,en,latin,baseline,B,0.010839,0.99458,en,702
REP-050|en|latin#100#siteB#k4,REP-050|en|latin#100#siteB,4,REP-050|en|latin#100,REP-050,C2,cooking,en,latin,baseline,B,0.01117,0.994415,en,717
REP-051|zh|hanzi#101#siteA#k0,REP-051|zh|hanzi#101#siteA,0,REP-051|zh|hanzi#101,REP-051,C3,cooking,zh,hanzi,baseline,A,0.009351,0.995324,en,596
REP-051|zh|hanzi#101#siteA#k1,REP-051|zh|hanzi#101#siteA,1,REP-051|zh|hanzi#101,REP-051,C3,cooking,zh,hanzi,baseline,A,0.009165,0.995417,en,526
REP-051|zh|hanzi#101#siteA#k2,REP-051|zh|hanzi#101#siteA,2,REP-051|zh|hanzi#101,REP-051,C3,cooking,zh,hanzi,baseline,A,0.009152,0.995424,en,561
REP-051|zh|hanzi#101#siteA#k3,REP-051|zh|hanzi#101#siteA,3,REP-051|zh|hanzi#101,REP-051,C3,cooking,zh,hanzi,baseline,A,0.008885,0.995557,en,525
REP-051|zh|hanzi#101#siteA#k4,REP-051|zh|hanzi#101#siteA,4,REP-051|zh|hanzi#101,REP-051,C3,cooking,zh,hanzi,baseline,A,0.008787,0.995607,en,538
REP-051|zh|hanzi#101#siteB#k0,REP-051|zh|hanzi#101#siteB,0,REP-051|zh|hanzi#101,REP-051,C3,cooking,zh,hanzi,baseline,B,0.00734,0.99633,en,562
REP-051|zh|hanzi#101#siteB#k1,REP-051|zh|hanzi#101#siteB,1,REP-051|zh|hanzi#101,REP-051,C3,cooking,zh,hanzi,baseline,B,0.006845,0.996578,mixed,541
REP-051|zh|hanzi#101#siteB#k2,REP-051|zh|hanzi#101#siteB,2,REP-051|zh|hanzi#101,REP-051,C3,cooking,zh,hanzi,baseline,B,0.009325,0.995338,en,556
REP-051|zh|hanzi#101#siteB#k3,REP-051|zh|hanzi#101#siteB,3,REP-051|zh|hanzi#101,REP-051,C3,cooking,zh,hanzi,baseline,B,0.007455,0.996272,mixed,525
REP-051|zh|hanzi#101#siteB#k4,REP-051|zh|hanzi#101#siteB,4,REP-051|zh|hanzi#101,REP-051,C3,cooking,zh,hanzi,baseline,B,0.007003,0.996499,en,522
REP-051|en|latin#102#siteA#k0,REP-051|en|latin#102#siteA,0,REP-051|en|latin#102,REP-051,C3,cooking,en,latin,baseline,A,0.005538,0.997231,en,657
REP-051|en|latin#102#siteA#k1,REP-051|en|latin#102#siteA,1,REP-051|en|latin#102,REP-051,C3,cooking,en,latin,baseline,A,0.006795,0.996603,en,655
REP-051|en|latin#102#siteA#k2,REP-051|en|latin#102#siteA,2,REP-051|en|latin#102,REP-051,C3,cooking,en,latin,baseline,A,0.005681,0.99716,en,627
REP-051|en|latin#102#siteA#k3,REP-051|en|latin#102#siteA,3,REP-051|en|latin#102,REP-051,C3,cooking,en,latin,baseline,A,0.005833,0.997084,en,663
REP-051|en|latin#102#siteA#k4,REP-051|en|latin#102#siteA,4,REP-051|en|latin#102,REP-051,C3,cooking,en,latin,baseline,A,0.006484,0.996758,en,663
REP-051|en|latin#102#siteB#k0,REP-051|en|latin#102#siteB,0,REP-051|en|latin#102,REP-051,C3,cooking,en,latin,baseline,B,0.007271,0.996364,en,760
REP-051|en|latin#102#siteB#k1,REP-051|en|latin#102#siteB,1,REP-051|en|latin#102,REP-051,C3,cooking,en,latin,baseline,B,0.007126,0.996437,en,707
REP-051|en|latin#102#siteB#k2,REP-051|en|latin#102#siteB,2,REP-051|en|latin#102,REP-051,C3,cooking,en,latin,baseline,B,0.00784,0.99608,en,703
REP-051|en|latin#102#siteB#k3,REP-051|en|latin#102#siteB,3,REP-051|en|latin#102,REP-051,C3,cooking,en,latin,baseline,B,0.007017,0.996492,en,717
REP-051|en|latin#102#siteB#k4,REP-051|en|latin#102#siteB,4,REP-051|en|latin#102,REP-051,C3,cooking,en,latin,baseline,B,0.007534,0.996233,en,686
REP-052|zh|hanzi#103#siteA#k0,REP-052|zh|hanzi#103#siteA,0,REP-052|zh|hanzi#103,REP-052,C4,cooking,zh,hanzi,baseline,A,0.009388,0.995306,en,532
REP-052|zh|hanzi#103#siteA#k1,REP-052|zh|hanzi#103#siteA,1,REP-052|zh|hanzi#103,REP-052,C4,cooking,zh,hanzi,baseline,A,0.009982,0.995009,en,515
REP-052|zh|hanzi#103#siteA#k2,REP-052|zh|hanzi#103#siteA,2,REP-052|zh|hanzi#103,REP-052,C4,cooking,zh,hanzi,baseline,A,0.009263,0.995368,en,566
REP-052|zh|hanzi#103#siteA#k3,REP-052|zh|hanzi#103#siteA,3,REP-052|zh|hanzi#103,REP-052,C4,cooking,zh,hanzi,baseline,A,0.009437,0.995281,en,573
REP-052|zh|hanzi#103#siteA#k4,REP-052|zh|hanzi#103#siteA,4,REP-052|zh|hanzi#103,REP-052,C4,cooking,zh,hanzi,baseline,A,0.009374,0.995313,en,526
REP-052|zh|hanzi#103#siteB#k0,REP-052|zh|hanzi#103#siteB,0,REP-052|zh|hanzi#103,REP-052,C4,cooking,zh,hanzi,baseline,B,0.007376,0.996313,mixed,550
REP-052|zh|hanzi#103#siteB#k1,REP-052|zh|hanzi#103#siteB,1,REP-052|zh|hanzi#103,REP-052,C4,cooking,zh,hanzi,baseline,B,0.007462,0.996269,en,569
REP-052|zh|hanzi#103#siteB#k2,REP-052|zh|hanzi#103#siteB,2,REP-052|zh|hanzi#103,REP-052,C4,cooking,zh,hanzi,baseline,B,0.006992,0.996505,mixed,519
REP-052|zh|hanzi#103#siteB#k3,REP-052|zh|hanzi#103#siteB,3,REP-052|zh|hanzi#103,REP-052,C4,cooking,zh,hanzi,baseline,B,0.007647,0.996177,en,584
REP-052|zh|hanzi#103#siteB#k4,REP-052|zh|hanzi#103#siteB,4,REP-052|zh|hanzi#103,REP-052,C4,cooking,zh,hanzi,baseline,B,0.00845,0.995775,en,568
REP-052|en|latin#104#siteA#k0,REP-052|en|latin#104#siteA,0,REP-052|en|latin#104,REP-052,C4,cooking,en,latin,baseline,A,0.004605,0.997698,en,697
REP-052|en|latin#104#siteA#k1,REP-052|en|latin#104#siteA,1,REP-052|en|latin#104,REP-052,C4,cooking,en,latin,baseline,A,0.004547,0.997727,en,673
REP-052|en|latin#104#siteA#k2,REP-052|en|latin#104#siteA,2,REP-052|en|latin#104,REP-052,C4,cooking,en,latin,baseline,A,0.004573,0.997714,en,683
REP-052|en|latin#104#siteA#k3,REP-052|en|latin#104#siteA,3,REP-052|en|latin#104,REP-052,C4,cooking,en,latin,baseline,A,0.005223,0.997389,en,688
REP-052|en|latin#104#siteA#k4,REP-052|en|latin#104#siteA,4,REP-052|en|latin#104,REP-052,C4,cooking,en,latin,baseline,A,0.004688,0.997657,en,689
REP-052|en|latin#104#siteB#k0,REP-052|en|latin#104#siteB,0,REP-052|en|latin#104,REP-052,C4,cooking,en,latin,baseline,B,0.005879,0.99706,en,695
REP-052|en|latin#104#siteB#k1,REP-052|en|latin#104#siteB,1,REP-052|en|latin#104,REP-052,C4,cooking,en,latin,baseline,B,0.005445,0.997278,en,681
REP-052|en|latin#104#siteB#k2,REP-052|en|latin#104#siteB,2,REP-052|en|latin#104,REP-052,C4,cooking,en,latin,baseline,B,0.005906,0.997047,en,664
REP-052|en|latin#104#siteB#k3,REP-052|en|latin#104#siteB,3,REP-052|en|latin#104,REP-052,C4,cooking,en,latin,baseline,B,0.006839,0.996581,en,643
REP-052|en|latin#104#siteB#k4,REP-052|en|latin#104#siteB,4,REP-052|en|latin#104,REP-052,C4,cooking,en,latin,baseline,B,0.006829,0.996585,en,681
REP-053|zh|hanzi#105#siteA#k0,REP-053|zh|hanzi#105#siteA,0,REP-053|zh|hanzi#105,REP-053,C5,cooking,zh,hanzi,baseline,A,0.008152,0.995924,en,492
REP-053|zh|hanzi#105#siteA#k1,REP-053|zh|hanzi#105#siteA,1,REP-053|zh|hanzi#105,REP-053,C5,cooking,zh,hanzi,baseline,A,0.008098,0.995951,en,470
REP-053|zh|hanzi#105#siteA#k2,REP-053|zh|hanzi#105#siteA,2,REP-053|zh|hanzi#105,REP-053,C5,cooking,zh,hanzi,baseline,A,0.007926,0.996037,en,511
REP-053|zh|hanzi#105#siteA#k3,REP-053|zh|hanzi#105#siteA,3,REP-053|zh|hanzi#105,REP-053,C5,cooking,zh,hanzi,baseline,A,0.007768,0.996116,en,520
REP-053|zh|hanzi#105#siteA#k4,REP-053|zh|hanzi#105#siteA,4,REP-053|zh|hanzi#105,REP-053,C5,cooking,zh,hanzi,baseline,A,0.007741,0.996129,en,518
REP-053|zh|hanzi#105#siteB#k0,REP-053|zh|hanzi#105#siteB,0,REP-053|zh|hanzi#105,REP-053,C5,cooking,zh,hanzi,baseline,B,0.006994,0.996503,mixed,535
REP-053|zh|hanzi#105#siteB#k1,REP-053|zh|hanzi#105#siteB,1,REP-053|zh|hanzi#105,REP-053,C5,cooking,zh,hanzi,baseline,B,0.006895,0.996552,mixed,532
REP-053|zh|hanzi#105#siteB#k2,REP-053|zh|hanzi#105#siteB,2,REP-053|zh|hanzi#105,REP-053,C5,cooking,zh,hanzi,baseline,B,0.00655,0.996725,mixed,467
REP-053|zh|hanzi#105#siteB#k3,REP-053|zh|hanzi#105#siteB,3,REP-053|zh|hanzi#105,REP-053,C5,cooking,zh,hanzi,baseline,B,0.006892,0.996554,mixed,536
REP-053|zh|hanzi#105#siteB#k4,REP-053|zh|hanzi#105#siteB,4,REP-053|zh|hanzi#105,REP-053,C5,cooking,zh,hanzi,baseline,B,0.006947,0.996526,mixed,544
REP-053|en|latin#106#siteA#k0,REP-053|en|latin#106#siteA,0,REP-053|en|latin#106,REP-053,C5,cooking,en,latin,baseline,A,0.005795,0.997103,en,668
REP-053|en|latin#106#siteA#k1,REP-053|en|latin#106#siteA,1,REP-053|en|latin#106,REP-053,C5,cooking,en,latin,baseline,A,0.005755,0.997123,en,674
REP-053|en|latin#106#siteA#k2,REP-053|en|latin#106#siteA,2,REP-053|en|latin#106,REP-053,C5,cooking,en,latin,baseline,A,0.006346,0.996827,en,726
REP-053|en|latin#106#siteA#k3,REP-053|en|latin#106#siteA,3,REP-053|en|latin#106,REP-053,C5,cooking,en,latin,baseline,A,0.005667,0.997167,en,687
REP-053|en|latin#106#siteA#k4,REP-053|en|latin#106#siteA,4,REP-053|en|latin#106,REP-053,C5,cooking,en,latin,baseline,A,0.006852,0.996574,en,682
REP-053|en|latin#106#siteB#k0,REP-053|en|latin#106#siteB,0,REP-053|en|latin#106,REP-053,C5,cooking,en,latin,baseline,B,0.006154,0.996923,en,634
REP-053|en|latin#106#siteB#k1,REP-053|en|latin#106#siteB,1,REP-053|en|latin#106,REP-053,C5,cooking,en,latin,baseline,B,0.006025,0.996987,en,705
REP-053|en|latin#106#siteB#k2,REP-053|en|latin#106#siteB,2,REP-053|en|latin#106,REP-053,C5,cooking,en,latin,baseline,B,0.005934,0.997033,en,705
REP-053|en|latin#106#siteB#k3,REP-053|en|latin#106#siteB,3,REP-053|en|latin#106,REP-053,C5,cooking,en,latin,baseline,B,0.006254,0.996873,en,678
REP-053|en|latin#106#siteB#k4,REP-053|en|latin#106#siteB,4,REP-053|en|latin#106,REP-053,C5,cooking,en,latin,baseline,B,0.006405,0.996797,en,661
REP-054|zh|hanzi#107#siteA#k0,REP-054|zh|hanzi#107#siteA,0,REP-054|zh|hanzi#107,REP-054,C6,cooking,zh,hanzi,baseline,A,0.006944,0.996528,en,571
REP-054|zh|hanzi#107#siteA#k1,REP-054|zh|hanzi#107#siteA,1,REP-054|zh|hanzi#107,REP-054,C6,cooking,zh,hanzi,baseline,A,0.007976,0.996012,en,549
REP-054|zh|hanzi#107#siteA#k2,REP-054|zh|hanzi#107#siteA,2,REP-054|zh|hanzi#107,REP-054,C6,cooking,zh,hanzi,baseline,A,0.007057,0.996472,en,533
REP-054|zh|hanzi#107#siteA#k3,REP-054|zh|hanzi#107#siteA,3,REP-054|zh|hanzi#107,REP-054,C6,cooking,zh,hanzi,baseline,A,0.007504,0.996248,en,537
REP-054|zh|hanzi#107#siteA#k4,REP-054|zh|hanzi#107#siteA,4,REP-054|zh|hanzi#107,REP-054,C6,cooking,zh,hanzi,baseline,A,0.007245,0.996378,mixed,477
REP-054|zh|hanzi#107#siteB#k0,REP-054|zh|hanzi#107#siteB,0,REP-054|zh|hanzi#107,REP-054,C6,cooking,zh,hanzi,baseline,B,0.007513,0.996244,mixed,458
REP-054|zh|hanzi#107#siteB#k1,REP-054|zh|hanzi#107#siteB,1,REP-054|zh|hanzi#107,REP-054,C6,cooking,zh,hanzi,baseline,B,0.007515,0.996242,mixed,496
REP-054|zh|hanzi#107#siteB#k2,REP-054|zh|hanzi#107#siteB,2,REP-054|zh|hanzi#107,REP-054,C6,cooking,zh,hanzi,baseline,B,0.007354,0.996323,mixed,465
REP-054|zh|hanzi#107#siteB#k3,REP-054|zh|hanzi#107#siteB,3,REP-054|zh|hanzi#107,REP-054,C6,cooking,zh,hanzi,baseline,B,0.007436,0.996282,mixed,480
REP-054|zh|hanzi#107#siteB#k4,REP-054|zh|hanzi#107#siteB,4,REP-054|zh|hanzi#107,REP-054,C6,cooking,zh,hanzi,baseline,B,0.007221,0.99639,mixed,491
REP-054|en|latin#108#siteA#k0,REP-054|en|latin#108#siteA,0,REP-054|en|latin#108,REP-054,C6,cooking,en,latin,baseline,A,0.005879,0.997061,en,720
REP-054|en|latin#108#siteA#k1,REP-054|en|latin#108#siteA,1,REP-054|en|latin#108,REP-054,C6,cooking,en,latin,baseline,A,0.005422,0.997289,en,712
REP-054|en|latin#108#siteA#k2,REP-054|en|latin#108#siteA,2,REP-054|en|latin#108,REP-054,C6,cooking,en,latin,baseline,A,0.006075,0.996963,en,723
REP-054|en|latin#108#siteA#k3,REP-054|en|latin#108#siteA,3,REP-054|en|latin#108,REP-054,C6,cooking,en,latin,baseline,A,0.005877,0.997061,en,691
REP-054|en|latin#108#siteA#k4,REP-054|en|latin#108#siteA,4,REP-054|en|latin#108,REP-054,C6,cooking,en,latin,baseline,A,0.005407,0.997296,en,715
REP-054|en|latin#108#siteB#k0,REP-054|en|latin#108#siteB,0,REP-054|en|latin#108,REP-054,C6,cooking,en,latin,baseline,B,0.007561,0.99622,en,689
REP-054|en|latin#108#siteB#k1,REP-054|en|latin#108#siteB,1,REP-054|en|latin#108,REP-054,C6,cooking,en,latin,baseline,B,0.008085,0.995958,en,654
REP-054|en|latin#108#siteB#k2,REP-054|en|latin#108#siteB,2,REP-054|en|latin#108,REP-054,C6,cooking,en,latin,baseline,B,0.007679,0.996161,en,663
REP-054|en|latin#108#siteB#k3,REP-054|en|latin#108#siteB,3,REP-054|en|latin#108,REP-054,C6,cooking,en,latin,baseline,B,0.007509,0.996246,en,662
REP-054|en|latin#108#siteB#k4,REP-054|en|latin#108#siteB,4,REP-054|en|latin#108,REP-054,C6,cooking,en,latin,baseline,B,0.008285,0.995857,en,670
REP-055|zh|hanzi#109#siteA#k0,REP-055|zh|hanzi#109#siteA,0,REP-055|zh|hanzi#109,REP-055,C1,gardening,zh,hanzi,baseline,A,0.006886,0.996557,en,558
REP-055|zh|hanzi#109#siteA#k1,REP-055|zh|hanzi#109#siteA,1,REP-055|zh|hanzi#109,REP-055,C1,gardening,zh,hanzi,baseline,A,0.008163,0.995919,en,556
REP-055|zh|hanzi#109#siteA#k2,REP-055|zh|hanzi#109#siteA,2,REP-055|zh|hanzi#109,REP-055,C1,gardening,zh,hanzi,baseline,A,0.006124,0.996938,en,563
REP-055|zh|hanzi#109#siteA#k3,REP-055|zh|hanzi#109#siteA,3,REP-055|zh|hanzi#109,REP-055,C1,gardening,zh,hanzi,baseline,A,0.006323,0.996839,en,564
REP-055|zh|hanzi#109#siteA#k4,REP-055|zh|hanzi#109#siteA,4,REP-055|zh|hanzi#109,REP-055,C1,gardening,zh,hanzi,baseline,A,0.007511,0.996245,en,564
REP-055|zh|hanzi#109#siteB#k0,REP-055|zh|hanzi#109#siteB,0,REP-055|zh|hanzi#109,REP-055,C1,gardening,zh,hanzi,baseline,B,0.006462,0.996769,mixed,543
REP-055|zh|hanzi#109#siteB#k1,REP-055|zh|hanzi#109#siteB,1,REP-055|zh|hanzi#109,REP-055,C1,gardening,zh,hanzi,baseline,B,0.006709,0.996646,mixed,528
REP-055|zh|hanzi#109#siteB#k2,REP-055|zh|hanzi#109#siteB,2,REP-055|zh|hanzi#109,REP-055,C1,gardening,zh,hanzi,baseline,B,0.006612,0.996694,mixed,549
REP-055|zh|hanzi#109#siteB#k3,REP-055|zh|hanzi#109#siteB,3,REP-055|zh|hanzi#109,REP-055,C1,gardening,zh,hanzi,baseline,B,0.006443,0.996778,mixed,525
REP-055|zh|hanzi#109#siteB#k4,REP-055|zh|hanzi#109#siteB,4,REP-055|zh|hanzi#109,REP-055,C1,gardening,zh,hanzi,baseline,B,0.006639,0.99668,mixed,533
REP-055|en|latin#110#siteA#k0,REP-055|en|latin#110#siteA,0,REP-055|en|latin#110,REP-055,C1,gardening,en,latin,baseline,A,0.00415,0.997925,en,716
REP-055|en|latin#110#siteA#k1,REP-055|en|latin#110#siteA,1,REP-055|en|latin#110,REP-055,C1,gardening,en,latin,baseline,A,0.004347,0.997826,en,680
REP-055|en|latin#110#siteA#k2,REP-055|en|latin#110#siteA,2,REP-055|en|latin#110,REP-055,C1,gardening,en,latin,baseline,A,0.0044,0.9978,en,702
REP-055|en|latin#110#siteA#k3,REP-055|en|latin#110#siteA,3,REP-055|en|latin#110,REP-055,C1,gardening,en,latin,baseline,A,0.004376,0.997811,en,696
REP-055|en|latin#110#siteA#k4,REP-055|en|latin#110#siteA,4,REP-055|en|latin#110,REP-055,C1,gardening,en,latin,baseline,A,0.004768,0.997616,en,731
REP-055|en|latin#110#siteB#k0,REP-055|en|latin#110#siteB,0,REP-055|en|latin#110,REP-055,C1,gardening,en,latin,baseline,B,0.006129,0.996936,en,703
REP-055|en|latin#110#siteB#k1,REP-055|en|latin#110#siteB,1,REP-055|en|latin#110,REP-055,C1,gardening,en,latin,baseline,B,0.004853,0.997574,en,731
REP-055|en|latin#110#siteB#k2,REP-055|en|latin#110#siteB,2,REP-055|en|latin#110,REP-055,C1,gardening,en,latin,baseline,B,0.005771,0.997115,en,742
REP-055|en|latin#110#siteB#k3,REP-055|en|latin#110#siteB,3,REP-055|en|latin#110,REP-055,C1,gardening,en,latin,baseline,B,0.006334,0.996834,en,734
REP-055|en|latin#110#siteB#k4,REP-055|en|latin#110#siteB,4,REP-055|en|latin#110,REP-055,C1,gardening,en,latin,baseline,B,0.006427,0.996786,en,758
REP-056|zh|hanzi#111#siteA#k0,REP-056|zh|hanzi#111#siteA,0,REP-056|zh|hanzi#111,REP-056,C2,gardening,zh,hanzi,baseline,A,0.007887,0.996057,en,561
REP-056|zh|hanzi#111#siteA#k1,REP-056|zh|hanzi#111#siteA,1,REP-056|zh|hanzi#111,REP-056,C2,gardening,zh,hanzi,baseline,A,0.007357,0.996321,en,577
REP-056|zh|hanzi#111#siteA#k2,REP-056|zh|hanzi#111#siteA,2,REP-056|zh|hanzi#111,REP-056,C2,gardening,zh,hanzi,baseline,A,0.008054,0.995973,en,547
REP-056|zh|hanzi#111#siteA#k3,REP-056|zh|hanzi#111#siteA,3,REP-056|zh|hanzi#111,REP-056,C2,gardening,zh,hanzi,baseline,A,0.007989,0.996005,en,546
REP-056|zh|hanzi#111#siteA#k4,REP-056|zh|hanzi#111#siteA,4,REP-056|zh|hanzi#111,REP-056,C2,gardening,zh,hanzi,baseline,A,0.007704,0.996148,en,573
REP-056|zh|hanzi#111#siteB#k0,REP-056|zh|hanzi#111#siteB,0,REP-056|zh|hanzi#111,REP-056,C2,gardening,zh,hanzi,baseline,B,0.010206,0.994897,mixed,554
REP-056|zh|hanzi#111#siteB#k1,REP-056|zh|hanzi#111#siteB,1,REP-056|zh|hanzi#111,REP-056,C2,gardening,zh,hanzi,baseline,B,0.009772,0.995114,mixed,553
REP-056|zh|hanzi#111#siteB#k2,REP-056|zh|hanzi#111#siteB,2,REP-056|zh|hanzi#111,REP-056,C2,gardening,zh,hanzi,baseline,B,0.009974,0.995013,mixed,555
REP-056|zh|hanzi#111#siteB#k3,REP-056|zh|hanzi#111#siteB,3,REP-056|zh|hanzi#111,REP-056,C2,gardening,zh,hanzi,baseline,B,0.009423,0.995289,mixed,550
REP-056|zh|hanzi#111#siteB#k4,REP-056|zh|hanzi#111#siteB,4,REP-056|zh|hanzi#111,REP-056,C2,gardening,zh,hanzi,baseline,B,0.009568,0.995216,en,592
REP-056|en|latin#112#siteA#k0,REP-056|en|latin#112#siteA,0,REP-056|en|latin#112,REP-056,C2,gardening,en,latin,baseline,A,0.006165,0.996918,en,723
REP-056|en|latin#112#siteA#k1,REP-056|en|latin#112#siteA,1,REP-056|en|latin#112,REP-056,C2,gardening,en,latin,baseline,A,0.005567,0.997217,en,692
REP-056|en|latin#112#siteA#k2,REP-056|en|latin#112#siteA,2,REP-056|en|latin#112,REP-056,C2,gardening,en,latin,baseline,A,0.005985,0.997008,en,706
REP-056|en|latin#112#siteA#k3,REP-056|en|latin#112#siteA,3,REP-056|en|latin#112,REP-056,C2,gardening,en,latin,baseline,A,0.006105,0.996948,en,701
REP-056|en|latin#112#siteA#k4,REP-056|en|latin#112#siteA,4,REP-056|en|latin#112,REP-056,C2,gardening,en,latin,baseline,A,0.005816,0.997092,en,714
REP-056|en|latin#112#siteB#k0,REP-056|en|latin#112#siteB,0,REP-056|en|latin#112,REP-056,C2,gardening,en,latin,baseline,B,0.009345,0.995327,en,733
REP-056|en|latin#112#siteB#k1,REP-056|en|latin#112#siteB,1,REP-056|en|latin#112,REP-056,C2,gardening,en,latin,baseline,B,0.010055,0.994972,en,710
REP-056|en|latin#112#siteB#k2,REP-056|en|latin#112#siteB,2,REP-056|en|latin#112,REP-056,C2,gardening,en,latin,baseline,B,0.009621,0.99519,en,732
REP-056|en|latin#112#siteB#k3,REP-056|en|latin#112#siteB,3,REP-056|en|latin#112,REP-056,C2,gardening,en,latin,baseline,B,0.009565,0.995217,en,707
REP-056|en|latin#112#siteB#k4,REP-056|en|latin#112#siteB,4,REP-056|en|latin#112,REP-056,C2,gardening,en,latin,baseline,B,0.009491,0.995255,en,773
REP-057|zh|hanzi#113#siteA#k0,REP-057|zh|hanzi#113#siteA,0,REP-057|zh|hanzi#113,REP-057,C3,gardening,zh,hanzi,baseline,A,0.007325,0.996338,en,533
REP-057|zh|hanzi#113#siteA#k1,REP-057|zh|hanzi#113#siteA,1,REP-057|zh|hanzi#113,REP-057,C3,gardening,zh,hanzi,baseline,A,0.00738,0.99631,en,539
REP-057|zh|hanzi#113#siteA#k2,REP-057|zh|hanzi#113#siteA,2,REP-057|zh|hanzi#113,REP-057,C3,gardening,zh,hanzi,baseline,A,0.008274,0.995863,en,522
REP-057|zh|hanzi#113#siteA#k3,REP-057|zh|hanzi#113#siteA,3,REP-057|zh|hanzi#113,REP-057,C3,gardening,zh,hanzi,baseline,A,0.007462,0.996268,en,533
REP-057|zh|hanzi#113#siteA#k4,REP-057|zh|hanzi#113#siteA,4,REP-057|zh|hanzi#113,REP-057,C3,gardening,zh,hanzi,baseline,A,0.007468,0.996266,en,530
REP-057|zh|hanzi#113#siteB#k0,REP-057|zh|hanzi#113#siteB,0,REP-057|zh|hanzi#113,REP-057,C3,gardening,zh,hanzi,baseline,B,0.006707,0.996647,en,519
REP-057|zh|hanzi#113#siteB#k1,REP-057|zh|hanzi#113#siteB,1,REP-057|zh|hanzi#113,REP-057,C3,gardening,zh,hanzi,baseline,B,0.007364,0.996318,mixed,467
REP-057|zh|hanzi#113#siteB#k2,REP-057|zh|hanzi#113#siteB,2,REP-057|zh|hanzi#113,REP-057,C3,gardening,zh,hanzi,baseline,B,0.006831,0.996585,en,563
REP-057|zh|hanzi#113#siteB#k3,REP-057|zh|hanzi#113#siteB,3,REP-057|zh|hanzi#113,REP-057,C3,gardening,zh,hanzi,baseline,B,0.007056,0.996472,mixed,521
REP-057|zh|hanzi#113#siteB#k4,REP-057|zh|hanzi#113#siteB,4,REP-057|zh|hanzi#113,REP-057,C3,gardening,zh,hanzi,baseline,B,0.006599,0.996701,mixed,467
REP-057|en|latin#114#siteA#k0,REP-057|en|latin#114#siteA,0,REP-057|en|latin#114,REP-057,C3,gardening,en,latin,baseline,A,0.005723,0.997138,en,716
REP-057|en|latin#114#siteA#k1,REP-057|en|latin#114#siteA,1,REP-057|en|latin#114,REP-057,C3,gardening,en,latin,baseline,A,0.005493,0.997254,en,707
REP-057|en|latin#114#siteA#k2,REP-057|en|latin#114#siteA,2,REP-057|en|latin#114,REP-057,C3,gardening,en,latin,baseline,A,0.005527,0.997236,en,667
REP-057|en|latin#114#siteA#k3,REP-057|en|latin#114#siteA,3,REP-057|en|latin#114,REP-057,C3,gardening,en,latin,baseline,A,0.005469,0.997265,en,707
REP-057|en|latin#114#siteA#k4,REP-057|en|latin#114#siteA,4,REP-057|en|latin#114,REP-057,C3,gardening,en,latin,baseline,A,0.005257,0.997371,en,680
REP-057|en|latin#114#siteB#k0,REP-057|en|latin#114#siteB,0,REP-057|en|latin#114,REP-057,C3,gardening,en,latin,baseline,B,0.006671,0.996665,en,740
REP-057|en|latin#114#siteB#k1,REP-057|en|latin#114#siteB,1,REP-057|en|latin#114,REP-057,C3,gardening,en,latin,baseline,B,0.007204,0.996398,en,738
REP-057|en|latin#114#siteB#k2,REP-057|en|latin#114#siteB,2,REP-057|en|latin#114,REP-057,C3,gardening,en,latin,baseline,B,0.007285,0.996358,en,718
REP-057|en|latin#114#siteB#k3,REP-057|en|latin#114#siteB,3,REP-057|en|latin#114,REP-057,C3,gardening,en,latin,baseline,B,0.006996,0.996502,en,771
REP-057|en|latin#114#siteB#k4,REP-057|en|latin#114#siteB,4,REP-057|en|latin#114,REP-057,C3,gardening,en,latin,baseline,B,0.007246,0.996377,en,742
REP-058|zh|hanzi#115#siteA#k0,REP-058|zh|hanzi#115#siteA,0,REP-058|zh|hanzi#115,REP-058,C4,gardening,zh,hanzi,baseline,A,0.009695,0.995153,en,584
REP-058|zh|hanzi#115#siteA#k1,REP-058|zh|hanzi#115#siteA,1,REP-058|zh|hanzi#115,REP-058,C4,gardening,zh,hanzi,baseline,A,0.010015,0.994992,en,549
REP-058|zh|hanzi#115#siteA#k2,REP-058|zh|hanzi#115#siteA,2,REP-058|zh|hanzi#115,REP-058,C4,gardening,zh,hanzi,baseline,A,0.009095,0.995453,en,553
REP-058|zh|hanzi#115#siteA#k3,REP-058|zh|hanzi#115#siteA,3,REP-058|zh|hanzi#115,REP-058,C4,gardening,zh,hanzi,baseline,A,0.009104,0.995448,en,524
REP-058|zh|hanzi#115#siteA#k4,REP-058|zh|hanzi#115#siteA,4,REP-058|zh|hanzi#115,REP-058,C4,gardening,zh,hanzi,baseline,A,0.009519,0.99524,en,590
REP-058|zh|hanzi#115#siteB#k0,REP-058|zh|hanzi#115#siteB,0,REP-058|zh|hanzi#115,REP-058,C4,gardening,zh,hanzi,baseline,B,0.008512,0.995744,mixed,551
REP-058|zh|hanzi#115#siteB#k1,REP-058|zh|hanzi#115#siteB,1,REP-058|zh|hanzi#115,REP-058,C4,gardening,zh,hanzi,baseline,B,0.008413,0.995794,mixed,542
REP-058|zh|hanzi#115#siteB#k2,REP-058|zh|hanzi#115#siteB,2,REP-058|zh|hanzi#115,REP-058,C4,gardening,zh,hanzi,baseline,B,0.007245,0.996378,en,561
REP-058|zh|hanzi#115#siteB#k3,REP-058|zh|hanzi#115#siteB,3,REP-058|zh|hanzi#115,REP-058,C4,gardening,zh,hanzi,baseline,B,0.007524,0.996238,en,579
REP-058|zh|hanzi#115#siteB#k4,REP-058|zh|hanzi#115#siteB,4,REP-058|zh|hanzi#115,REP-058,C4,gardening,zh,hanzi,baseline,B,0.008595,0.995702,en,592
REP-058|en|latin#116#siteA#k0,REP-058|en|latin#116#siteA,0,REP-058|en|latin#116,REP-058,C4,gardening,en,latin,baseline,A,0.004622,0.997689,en,676
REP-058|en|latin#116#siteA#k1,REP-058|en|latin#116#siteA,1,REP-058|en|latin#116,REP-058,C4,gardening,en,latin,baseline,A,0.0045,0.99775,en,738
REP-058|en|latin#116#siteA#k2,REP-058|en|latin#116#siteA,2,REP-058|en|latin#116,REP-058,C4,gardening,en,latin,baseline,A,0.004446,0.997777,en,722
REP-058|en|latin#116#siteA#k3,REP-058|en|latin#116#siteA,3,REP-058|en|latin#116,REP-058,C4,gardening,en,latin,baseline,A,0.004806,0.997598,en,725
REP-058|en|latin#116#siteA#k4,REP-058|en|latin#116#siteA,4,REP-058|en|latin#116,REP-058,C4,gardening,en,latin,baseline,A,0.004534,0.997732,en,694
REP-058|en|latin#116#siteB#k0,REP-058|en|latin#116#siteB,0,REP-058|en|latin#116,REP-058,C4,gardening,en,latin,baseline,B,0.005114,0.997443,en,676
REP-058|en|latin#116#siteB#k1,REP-058|en|latin#116#siteB,1,REP-058|en|latin#116,REP-058,C4,gardening,en,latin,baseline,B,0.005612,0.997194,en,703
REP-058|en|latin#116#siteB#k2,REP-058|en|latin#116#siteB,2,REP-058|en|latin#116,REP-058,C4,gardening,en,latin,baseline,B,0.005416,0.997292,en,731
REP-058|en|latin#116#siteB#k3,REP-058|en|latin#116#siteB,3,REP-058|en|latin#116,REP-058,C4,gardening,en,latin,baseline,B,0.004982,0.997509,en,680
REP-058|en|latin#116#siteB#k4,REP-058|en|latin#116#siteB,4,REP-058|en|latin#116,REP-058,C4,gardening,en,latin,baseline,B,0.005114,0.997443,en,734
REP-059|zh|hanzi#117#siteA#k0,REP-059|zh|hanzi#117#siteA,0,REP-059|zh|hanzi#117,REP-059,C5,gardening,zh,hanzi,baseline,A,0.007242,0.996379,en,538
REP-059|zh|hanzi#117#siteA#k1,REP-059|zh|hanzi#117#siteA,1,REP-059|zh|hanzi#117,REP-059,C5,gardening,zh,hanzi,baseline,A,0.007737,0.996132,en,535
REP-059|zh|hanzi#117#siteA#k2,REP-059|zh|hanzi#117#siteA,2,REP-059|zh|hanzi#117,REP-059,C5,gardening,zh,hanzi,baseline,A,0.007645,0.996178,en,517
REP-059|zh|hanzi#117#siteA#k3,REP-059|zh|hanzi#117#siteA,3,REP-059|zh|hanzi#117,REP-059,C5,gardening,zh,hanzi,baseline,A,0.007179,0.99641,en,570
REP-059|zh|hanzi#117#siteA#k4,REP-059|zh|hanzi#117#siteA,4,REP-059|zh|hanzi#117,REP-059,C5,gardening,zh,hanzi,baseline,A,0.007739,0.996131,en,534
REP-059|zh|hanzi#117#siteB#k0,REP-059|zh|hanzi#117#siteB,0,REP-059|zh|hanzi#117,REP-059,C5,gardening,zh,hanzi,baseline,B,0.00649,0.996755,mixed,467
REP-059|zh|hanzi#117#siteB#k1,REP-059|zh|hanzi#117#siteB,1,REP-059|zh|hanzi#117,REP-059,C5,gardening,zh,hanzi,baseline,B,0.006197,0.996902,mixed,460
REP-059|zh|hanzi#117#siteB#k2,REP-059|zh|hanzi#117#siteB,2,REP-059|zh|hanzi#117,REP-059,C5,gardening,zh,hanzi,baseline,B,0.006514,0.996744,mixed,460
REP-059|zh|hanzi#117#siteB#k3,REP-059|zh|hanzi#117#siteB,3,REP-059|zh|hanzi#117,REP-059,C5,gardening,zh,hanzi,baseline,B,0.006133,0.996934,mixed,479
REP-059|zh|hanzi#117#siteB#k4,REP-059|zh|hanzi#117#siteB,4,REP-059|zh|hanzi#117,REP-059,C5,gardening,zh,hanzi,baseline,B,0.006737,0.996632,mixed,534
REP-059|en|latin#118#siteA#k0,REP-059|en|latin#118#siteA,0,REP-059|en|latin#118,REP-059,C5,gardening,en,latin,baseline,A,0.004573,0.997713,en,711
REP-059|en|latin#118#siteA#k1,REP-059|en|latin#118#siteA,1,REP-059|en|latin#118,REP-059,C5,gardening,en,latin,baseline,A,0.004839,0.99758,en,699
REP-059|en|latin#118#siteA#k2,REP-059|en|latin#118#siteA,2,REP-059|en|latin#118,REP-059,C5,gardening,en,latin,baseline,A,0.004765,0.997618,en,693
REP-059|en|latin#118#siteA#k3,REP-059|en|latin#118#siteA,3,REP-059|en|latin#118,REP-059,C5,gardening,en,latin,baseline,A,0.004678,0.997661,en,705
REP-059|en|latin#118#siteA#k4,REP-059|en|latin#118#siteA,4,REP-059|en|latin#118,REP-059,C5,gardening,en,latin,baseline,A,0.004999,0.997501,en,706
REP-059|en|latin#118#siteB#k0,REP-059|en|latin#118#siteB,0,REP-059|en|latin#118,REP-059,C5,gardening,en,latin,baseline,B,0.005912,0.997044,en,695
REP-059|en|latin#118#siteB#k1,REP-059|en|latin#118#siteB,1,REP-059|en|latin#118,REP-059,C5,gardening,en,latin,baseline,B,0.005432,0.997285,en,695
REP-059|en|latin#118#siteB#k2,REP-059|en|latin#118#siteB,2,REP-059|en|latin#118,REP-059,C5,gardening,en,latin,baseline,B,0.005768,0.997116,en,710
REP-059|en|latin#118#siteB#k3,REP-059|en|latin#118#siteB,3,REP-059|en|latin#118,REP-059,C5,gardening,en,latin,baseline,B,0.005814,0.997094,en,671
REP-059|en|latin#118#siteB#k4,REP-059|en|latin#118#siteB,4,REP-059|en|latin#118,REP-059,C5,gardening,en,latin,baseline,B,0.005156,0.997422,en,744
REP-060|zh|hanzi#119#siteA#k0,REP-060|zh|hanzi#119#siteA,0,REP-060|zh|hanzi#119,REP-060,C6,gardening,zh,hanzi,baseline,A,0.008705,0.995647,en,581
REP-060|zh|hanzi#119#siteA#k1,REP-060|zh|hanzi#119#siteA,1,REP-060|zh|hanzi#119,REP-060,C6,gardening,zh,hanzi,baseline,A,0.008756,0.995623,en,568
REP-060|zh|hanzi#119#siteA#k2,REP-060|zh|hanzi#119#siteA,2,REP-060|zh|hanzi#119,REP-060,C6,gardening,zh,hanzi,baseline,A,0.007315,0.996343,en,576
REP-060|zh|hanzi#119#siteA#k3,REP-060|zh|hanzi#119#siteA,3,REP-060|zh|hanzi#119,REP-060,C6,gardening,zh,hanzi,baseline,A,0.007176,0.996412,en,554
REP-060|zh|hanzi#119#siteA#k4,REP-060|zh|hanzi#119#siteA,4,REP-060|zh|hanzi#119,REP-060,C6,gardening,zh,hanzi,baseline,A,0.007795,0.996103,en,550
REP-060|zh|hanzi#119#siteB#k0,REP-060|zh|hanzi#119#siteB,0,REP-060|zh|hanzi#119,REP-060,C6,gardening,zh,hanzi,baseline,B,0.007574,0.996213,mixed,476
REP-060|zh|hanzi#119#siteB#k1,REP-060|zh|hanzi#119#siteB,1,REP-060|zh|hanzi#119,REP-060,C6,gardening,zh,hanzi,baseline,B,0.007551,0.996224,mixed,487
REP-060|zh|hanzi#119#siteB#k2,REP-060|zh|hanzi#119#siteB,2,REP-060|zh|hanzi#119,REP-060,C6,gardening,zh,hanzi,baseline,B,0.007356,0.996322,mixed,471
REP-060|zh|hanzi#119#siteB#k3,REP-060|zh|hanzi#119#siteB,3,REP-060|zh|hanzi#119,REP-060,C6,gardening,zh,hanzi,baseline,B,0.008087,0.995957,mixed,466
REP-060|zh|hanzi#119#siteB#k4,REP-060|zh|hanzi#119#siteB,4,REP-060|zh|hanzi#119,REP-060,C6,gardening,zh,hanzi,baseline,B,0.007906,0.996047,mixed,431
REP-060|en|latin#120#siteA#k0,REP-060|en|latin#120#siteA,0,REP-060|en|latin#120,REP-060,C6,gardening,en,latin,baseline,A,0.004816,0.997592,en,751
REP-060|en|latin#120#siteA#k1,REP-060|en|latin#120#siteA,1,REP-060|en|latin#120,REP-060,C6,gardening,en,latin,baseline,A,0.004796,0.997602,en,716
REP-060|en|latin#120#siteA#k2,REP-060|en|latin#120#siteA,2,REP-060|en|latin#120,REP-060,C6,gardening,en,latin,baseline,A,0.00621,0.996895,en,717
REP-060|en|latin#120#siteA#k3,REP-060|en|latin#120#siteA,3,REP-060|en|latin#120,REP-060,C6,gardening,en,latin,baseline,A,0.005409,0.997296,en,734
REP-060|en|latin#120#siteA#k4,REP-060|en|latin#120#siteA,4,REP-060|en|latin#120,REP-060,C6,gardening,en,latin,baseline,A,0.00469,0.997655,en,703
REP-060|en|latin#120#siteB#k0,REP-060|en|latin#120#siteB,0,REP-060|en|latin#120,REP-060,C6,gardening,en,latin,baseline,B,0.007945,0.996028,en,696
REP-060|en|latin#120#siteB#k1,REP-060|en|latin#120#siteB,1,REP-060|en|latin#120,REP-060,C6,gardening,en,latin,baseline,B,0.00801,0.995995,en,701
REP-060|en|latin#120#siteB#k2,REP-060|en|latin#120#siteB,2,REP-060|en|latin#120,REP-060,C6,gardening,en,latin,baseline,B,0.008161,0.99592,en,685
REP-060|en|latin#120#siteB#k3,REP-060|en|latin#120#siteB,3,REP-060|en|latin#120,REP-060,C6,gardening,en,latin,baseline,B,0.008386,0.995807,en,674
REP-060|en|latin#120#siteB#k4,REP-060|en|latin#120#siteB,4,REP-060|en|latin#120,REP-060,C6,gardening,en,latin,baseline,B,0.007303,0.996349,en,673
REP-061|zh|hanzi#121#siteA#k0,REP-061|zh|hanzi#121#siteA,0,REP-061|zh|hanzi#121,REP-061,C1,earthquakes,zh,hanzi,baseline,A,0.006673,0.996663,mixed,546
REP-061|zh|hanzi#121#siteA#k1,REP-061|zh|hanzi#121#siteA,1,REP-061|zh|hanzi#121,REP-061,C1,earthquakes,zh,hanzi,baseline,A,0.006467,0.996766,en,594
REP-061|zh|hanzi#121#siteA#k2,REP-061|zh|hanzi#121#siteA,2,REP-061|zh|hanzi#121,REP-061,C1,earthquakes,zh,hanzi,baseline,A,0.006923,0.996538,en,553
REP-061|zh|hanzi#121#siteA#k3,REP-061|zh|hanzi#121#siteA,3,REP-061|zh|hanzi#121,REP-061,C1,earthquakes,zh,hanzi,baseline,A,0.006821,0.99659,en,618
REP-061|zh|hanzi#121#siteA#k4,REP-061|zh|hanzi#121#siteA,4,REP-061|zh|hanzi#121,REP-061,C1,earthquakes,zh,hanzi,baseline,A,0.006247,0.996877,en,609
REP-061|zh|hanzi#121#siteB#k0,REP-061|zh|hanzi#121#siteB,0,REP-061|zh|hanzi#121,REP-061,C1,earthquakes,zh,hanzi,baseline,B,0.007905,0.996048,mixed,546
REP-061|zh|hanzi#121#siteB#k1,REP-061|zh|hanzi#121#siteB,1,REP-061|zh|hanzi#121,REP-061,C1,earthquakes,zh,hanzi,baseline,B,0.00711,0.996446,mixed,540
REP-061|zh|hanzi#121#siteB#k2,REP-061|zh|hanzi#121#siteB,2,REP-061|zh|hanzi#121,REP-061,C1,earthquakes,zh,hanzi,baseline,B,0.007919,0.996041,mixed,569
REP-061|zh|hanzi#121#siteB#k3,REP-061|zh|hanzi#121#siteB,3,REP-061|zh|hanzi#121,REP-061,C1,earthquakes,zh,hanzi,baseline,B,0.007058,0.996471,mixed,531
REP-061|zh|hanzi#121#siteB#k4,REP-061|zh|hanzi#121#siteB,4,REP-061|zh|hanzi#121,REP-061,C1,earthquakes,zh,hanzi,baseline,B,0.007313,0.996343,en,564
REP-061|en|latin#122#siteA#k0,REP-061|en|latin#122#siteA,0,REP-061|en|latin#122,REP-061,C1,earthquakes,en,latin,baseline,A,0.005451,0.997274,en,744
REP-061|en|latin#122#siteA#k1,REP-061|en|latin#122#siteA,1,REP-061|en|latin#122,REP-061,C1,earthquakes,en,latin,baseline,A,0.005197,0.997401,en,721
REP-061|en|latin#122#siteA#k2,REP-061|en|latin#122#siteA,2,REP-061|en|latin#122,REP-061,C1,earthquakes,en,latin,baseline,A,0.005135,0.997433,en,681
REP-061|en|latin#122#siteA#k3,REP-061|en|latin#122#siteA,3,REP-061|en|latin#122,REP-061,C1,earthquakes,en,latin,baseline,A,0.005668,0.997166,en,686
REP-061|en|latin#122#siteA#k4,REP-061|en|latin#122#siteA,4,REP-061|en|latin#122,REP-061,C1,earthquakes,en,latin,baseline,A,0.005313,0.997344,en,680
REP-061|en|latin#122#siteB#k0,REP-061|en|latin#122#siteB,0,REP-061|en|latin#122,REP-061,C1,earthquakes,en,latin,baseline,B,0.008369,0.995815,en,762
REP-061|en|latin#122#siteB#k1,REP-061|en|latin#122#siteB,1,REP-061|en|latin#122,REP-061,C1,earthquakes,en,latin,baseline,B,0.007358,0.996321,en,750
REP-061|en|latin#122#siteB#k2,REP-061|en|latin#122#siteB,2,REP-061|en|latin#122,REP-061,C1,earthquakes,en,latin,baseline,B,0.007505,0.996247,en,756
REP-061|en|latin#122#siteB#k3,REP-061|en|latin#122#siteB,3,REP-061|en|latin#122,REP-061,C1,earthquakes,en,latin,baseline,B,0.007128,0.996436,en,744
REP-061|en|latin#122#siteB#k4,REP-061|en|latin#122#siteB,4,REP-061|en|latin#122,REP-061,C1,earthquakes,en,latin,baseline,B,0.008105,0.995947,en,751
REP-062|zh|hanzi#123#siteA#k0,REP-062|zh|hanzi#123#siteA,0,REP-062|zh|hanzi#123,REP-062,C2,earthquakes,zh,hanzi,baseline,A,0.006573,0.996713,en,609
REP-062|zh|hanzi#123#siteA#k1,REP-062|zh|hanzi#123#siteA,1,REP-062|zh|hanzi#123,REP-062,C2,earthquakes,zh,hanzi,baseline,A,0.007864,0.996068,en,616
REP-062|zh|hanzi#123#siteA#k2,REP-062|zh|hanzi#123#siteA,2,REP-062|zh|hanzi#123,REP-062,C2,earthquakes,zh,hanzi,baseline,A,0.008147,0.995927,en,588
REP-062|zh|hanzi#123#siteA#k3,REP-062|zh|hanzi#123#siteA,3,REP-062|zh|hanzi#123,REP-062,C2,earthquakes,zh,hanzi,baseline,A,0.007913,0.996043,en,621
REP-062|zh|hanzi#123#siteA#k4,REP-062|zh|hanzi#123#siteA,4,REP-062|zh|hanzi#123,REP-062,C2,earthquakes,zh,hanzi,baseline,A,0.007264,0.996368,en,593
REP-062|zh|hanzi#123#siteB#k0,REP-062|zh|hanzi#123#siteB,0,REP-062|zh|hanzi#123,REP-062,C2,earthquakes,zh,hanzi,baseline,B,0.010265,0.994868,mixed,517
REP-062|zh|hanzi#123#siteB#k1,REP-062|zh|hanzi#123#siteB,1,REP-062|zh|hanzi#123,REP-062,C2,earthquakes,zh,hanzi,baseline,B,0.011098,0.994451,mixed,525
REP-062|zh|hanzi#123#siteB#k2,REP-062|zh|hanzi#123#siteB,2,REP-062|zh|hanzi#123,REP-062,C2,earthquakes,zh,hanzi,baseline,B,0.01096,0.99452,mixed,570
REP-062|zh|hanzi#123#siteB#k3,REP-062|zh|hanzi#123#siteB,3,REP-062|zh|hanzi#123,REP-062,C2,earthquakes,zh,hanzi,baseline,B,0.010909,0.994546,mixed,498
REP-062|zh|hanzi#123#siteB#k4,REP-062|zh|hanzi#123#siteB,4,REP-062|zh|hanzi#123,REP-062,C2,earthquakes,zh,hanzi,baseline,B,0.010426,0.994787,mixed,569
REP-062|en|latin#124#siteA#k0,REP-062|en|latin#124#siteA,0,REP-062|en|latin#124,REP-062,C2,earthquakes,en,latin,baseline,A,0.005606,0.997197,en,701
REP-062|en|latin#124#siteA#k1,REP-062|en|latin#124#siteA,1,REP-062|en|latin#124,REP-062,C2,earthquakes,en,latin,baseline,A,0.005502,0.997249,en,694
REP-062|en|latin#124#siteA#k2,REP-062|en|latin#124#siteA,2,REP-062|en|latin#124,REP-062,C2,earthquakes,en,latin,baseline,A,0.005487,0.997257,en,723
REP-062|en|latin#124#siteA#k3,REP-062|en|latin#124#siteA,3,REP-062|en|latin#124,REP-062,C2,earthquakes,en,latin,baseline,A,0.004914,0.997543,en,707
REP-062|en|latin#124#siteA#k4,REP-062|en|latin#124#siteA,4,REP-062|en|latin#124,REP-062,C2,earthquakes,en,latin,baseline,A,0.005135,0.997433,en,675
REP-062|en|latin#124#siteB#k0,REP-062|en|latin#124#siteB,0,REP-062|en|latin#124,REP-062,C2,earthquakes,en,latin,baseline,B,0.010229,0.994885,en,706
REP-062|en|latin#124#siteB#k1,REP-062|en|latin#124#siteB,1,REP-062|en|latin#124,REP-062,C2,earthquakes,en,latin,baseline,B,0.010985,0.994508,en,702
REP-062|en|latin#124#siteB#k2,REP-062|en|latin#124#siteB,2,REP-062|en|latin#124,REP-062,C2,earthquakes,en,latin,baseline,B,0.009377,0.995312,en,728
REP-062|en|latin#124#siteB#k3,REP-062|en|latin#124#siteB,3,REP-062|en|latin#124,REP-062,C2,earthquakes,en,latin,baseline,B,0.009448,0.995276,en,715
REP-062|en|latin#124#siteB#k4,REP-062|en|latin#124#siteB,4,REP-062|en|latin#124,REP-062,C2,earthquakes,en,latin,baseline,B,0.010013,0.994993,en,725
REP-063|zh|hanzi#125#siteA#k0,REP-063|zh|hanzi#125#siteA,0,REP-063|zh|hanzi#125,REP-063,C3,earthquakes,zh,hanzi,baseline,A,0.007264,0.996368,en,546
REP-063|zh|hanzi#125#siteA#k1,REP-063|zh|hanzi#125#siteA,1,REP-063|zh|hanzi#125,REP-063,C3,earthquakes,zh,hanzi,baseline,A,0.006975,0.996512,en,576
REP-063|zh|hanzi#125#siteA#k2,REP-063|zh|hanzi#125#siteA,2,REP-063|zh|hanzi#125,REP-063,C3,earthquakes,zh,hanzi,baseline,A,0.006983,0.996509,en,579
REP-063|zh|hanzi#125#siteA#k3,REP-063|zh|hanzi#125#siteA,3,REP-063|zh|hanzi#125,REP-063,C3,earthquakes,zh,hanzi,baseline,A,0.007143,0.996428,en,571
REP-063|zh|hanzi#125#siteA#k4,REP-063|zh|hanzi#125#siteA,4,REP-063|zh|hanzi#125,REP-063,C3,earthquakes,zh,hanzi,baseline,A,0.007207,0.996397,en,576
REP-063|zh|hanzi#125#siteB#k0,REP-063|zh|hanzi#125#siteB,0,REP-063|zh|hanzi#125,REP-063,C3,earthquakes,zh,hanzi,baseline,B,0.007672,0.996164,mixed,537
REP-063|zh|hanzi#125#siteB#k1,REP-063|zh|hanzi#125#siteB,1,REP-063|zh|hanzi#125,REP-063,C3,earthquakes,zh,hanzi,baseline,B,0.007913,0.996043,mixed,499
REP-063|zh|hanzi#125#siteB#k2,REP-063|zh|hanzi#125#siteB,2,REP-063|zh|hanzi#125,REP-063,C3,earthquakes,zh,hanzi,baseline,B,0.007153,0.996423,mixed,531
REP-063|zh|hanzi#125#siteB#k3,REP-063|zh|hanzi#125#siteB,3,REP-063|zh|hanzi#125,REP-063,C3,earthquakes,zh,hanzi,baseline,B,0.008105,0.995947,mixed,518
REP-063|zh|hanzi#125#siteB#k4,REP-063|zh|hanzi#125#siteB,4,REP-063|zh|hanzi#125,REP-063,C3,earthquakes,zh,hanzi,baseline,B,0.007507,0.996247,mixed,523
REP-063|en|latin#126#siteA#k0,REP-063|en|latin#126#siteA,0,REP-063|en|latin#126,REP-063,C3,earthquakes,en,latin,baseline,A,0.004893,0.997553,en,693
REP-063|en|latin#126#siteA#k1,REP-063|en|latin#126#siteA,1,REP-063|en|latin#126,REP-063,C3,earthquakes,en,latin,baseline,A,0.0051,0.99745,en,685
REP-063|en|latin#126#siteA#k2,REP-063|en|latin#126#siteA,2,REP-063|en|latin#126,REP-063,C3,earthquakes,en,latin,baseline,A,0.004755,0.997622,en,665
REP-063|en|latin#126#siteA#k3,REP-063|en|latin#126#siteA,3,REP-063|en|latin#126,REP-063,C3,earthquakes,en,latin,baseline,A,0.004769,0.997616,en,695
REP-063|en|latin#126#siteA#k4,REP-063|en|latin#126#siteA,4,REP-063|en|latin#126,REP-063,C3,earthquakes,en,latin,baseline,A,0.004959,0.997521,en,706
REP-063|en|latin#126#siteB#k0,REP-063|en|latin#126#siteB,0,REP-063|en|latin#126,REP-063,C3,earthquakes,en,latin,baseline,B,0.00793,0.996035,en,750
REP-063|en|latin#126#siteB#k1,REP-063|en|latin#126#siteB,1,REP-063|en|latin#126,REP-063,C3,earthquakes,en,latin,baseline,B,0.007828,0.996086,en,702
REP-063|en|latin#126#siteB#k2,REP-063|en|latin#126#siteB,2,REP-063|en|latin#126,REP-063,C3,earthquakes,en,latin,baseline,B,0.00888,0.995561,en,720
REP-063|en|latin#126#siteB#k3,REP-063|en|latin#126#siteB,3,REP-063|en|latin#126,REP-063,C3,earthquakes,en,latin,baseline,B,0.0094,0.995301,en,741
REP-063|en|latin#126#siteB#k4,REP-063|en|latin#126#siteB,4,REP-063|en|latin#126,REP-063,C3,earthquakes,en,latin,baseline,B,0.007487,0.996257,en,698
REP-064|zh|hanzi#127#siteA#k0,REP-064|zh|hanzi#127#siteA,0,REP-064|zh|hanzi#127,REP-064,C4,earthquakes,zh,hanzi,baseline,A,0.009286,0.995357,en,589
REP-064|zh|hanzi#127#siteA#k1,REP-064|zh|hanzi#127#siteA,1,REP-064|zh|hanzi#127,REP-064,C4,earthquakes,zh,hanzi,baseline,A,0.009034,0.995483,en,553
REP-064|zh|hanzi#127#siteA#k2,REP-064|zh|hanzi#127#siteA,2,REP-064|zh|hanzi#127,REP-064,C4,earthquakes,zh,hanzi,baseline,A,0.008626,0.995687,en,556
REP-064|zh|hanzi#127#siteA#k3,REP-064|zh|hanzi#127#siteA,3,REP-064|zh|hanzi#127,REP-064,C4,earthquakes,zh,hanzi,baseline,A,0.009495,0.995253,en,588
REP-064|zh|hanzi#127#siteA#k4,REP-064|zh|hanzi#127#siteA,4,REP-064|zh|hanzi#127,REP-064,C4,earthquakes,zh,hanzi,baseline,A,0.009937,0.995032,en,588
REP-064|zh|hanzi#127#siteB#k0,REP-064|zh|hanzi#127#siteB,0,REP-064|zh|hanzi#127,REP-064,C4,earthquakes,zh,hanzi,baseline,B,0.00826,0.995869,mixed,569
REP-064|zh|hanzi#127#siteB#k1,REP-064|zh|hanzi#127#siteB,1,REP-064|zh|hanzi#127,REP-064,C4,earthquakes,zh,hanzi,baseline,B,0.007731,0.996134,mixed,508
REP-064|zh|hanzi#127#siteB#k2,REP-064|zh|hanzi#127#siteB,2,REP-064|zh|hanzi#127,REP-064,C4,earthquakes,zh,hanzi,baseline,B,0.007807,0.996096,mixed,535
REP-064|zh|hanzi#127#siteB#k3,REP-064|zh|hanzi#127#siteB,3,REP-064|zh|hanzi#127,REP-064,C4,earthquakes,zh,hanzi,baseline,B,0.00782,0.99609,mixed,572
REP-064|zh|hanzi#127#siteB#k4,REP-064|zh|hanzi#127#siteB,4,REP-064|zh|hanzi#127,REP-064,C4,earthquakes,zh,hanzi,baseline,B,0.007763,0.996119,mixed,563
REP-064|en|latin#128#siteA#k0,REP-064|en|latin#128#siteA,0,REP-064|en|latin#128,REP-064,C4,earthquakes,en,latin,baseline,A,0.004717,0.997642,en,688
REP-064|en|latin#128#siteA#k1,REP-064|en|latin#128#siteA,1,REP-064|en|latin#128,REP-064,C4,earthquakes,en,latin,baseline,A,0.004937,0.997532,en,701
REP-064|en|latin#128#siteA#k2,REP-064|en|latin#128#siteA,2,REP-064|en|latin#128,REP-064,C4,earthquakes,en,latin,baseline,A,0.004825,0.997588,en,699
REP-064|en|latin#128#siteA#k3,REP-064|en|latin#128#siteA,3,REP-064|en|latin#128,REP-064,C4,earthquakes,en,latin,baseline,A,0.004878,0.997561,en,717
REP-064|en|latin#128#siteA#k4,REP-064|en|latin#128#siteA,4,REP-064|en|latin#128,REP-064,C4,earthquakes,en,latin,baseline,A,0.004972,0.997514,en,725
REP-064|en|latin#128#siteB#k0,REP-064|en|latin#128#siteB,0,REP-064|en|latin#128,REP-064,C4,earthquakes,en,latin,baseline,B,0.006471,0.996765,en,695
REP-064|en|latin#128#siteB#k1,REP-064|en|latin#128#siteB,1,REP-064|en|latin#128,REP-064,C4,earthquakes,en,latin,baseline,B,0.006051,0.996974,en,693
REP-064|en|latin#128#siteB#k2,REP-064|en|latin#128#siteB,2,REP-064|en|latin#128,REP-064,C4,earthquakes,en,latin,baseline,B,0.00715,0.996425,en,668
REP-064|en|latin#128#siteB#k3,REP-064|en|latin#128#siteB,3,REP-064|en|latin#128,REP-064,C4,earthquakes,en,latin,baseline,B,0.006863,0.996569,en,701
REP-064|en|latin#128#siteB#k4,REP-064|en|latin#128#siteB,4,REP-064|en|latin#128,REP-064,C4,earthquakes,en,latin,baseline,B,0.007364,0.996318,en,707
REP-065|zh|hanzi#129#siteA#k0,REP-065|zh|hanzi#129#siteA,0,REP-065|zh|hanzi#129,REP-065,C5,earthquakes,zh,hanzi,baseline,A,0.006966,0.996517,en,593
REP-065|zh|hanzi#129#siteA#k1,REP-065|zh|hanzi#129#siteA,1,REP-065|zh|hanzi#129,REP-065,C5,earthquakes,zh,hanzi,baseline,A,0.006393,0.996804,en,571
REP-065|zh|hanzi#129#siteA#k2,REP-065|zh|hanzi#129#siteA,2,REP-065|zh|hanzi#129,REP-065,C5,earthquakes,zh,hanzi,baseline,A,0.00665,0.996675,en,557
REP-065|zh|hanzi#129#siteA#k3,REP-065|zh|hanzi#129#siteA,3,REP-065|zh|hanzi#129,REP-065,C5,earthquakes,zh,hanzi,baseline,A,0.006094,0.996954,en,581
REP-065|zh|hanzi#129#siteA#k4,REP-065|zh|hanzi#129#siteA,4,REP-065|zh|hanzi#129,REP-065,C5,earthquakes,zh,hanzi,baseline,A,0.00653,0.996735,en,526
REP-065|zh|hanzi#129#siteB#k0,REP-065|zh|hanzi#129#siteB,0,REP-065|zh|hanzi#129,REP-065,C5,earthquakes,zh,hanzi,baseline,B,0.00688,0.99656,mixed,526
REP-065|zh|hanzi#129#siteB#k1,REP-065|zh|hanzi#129#siteB,1,REP-065|zh|hanzi#129,REP-065,C5,earthquakes,zh,hanzi,baseline,B,0.006429,0.996786,mixed,538
REP-065|zh|hanzi#129#siteB#k2,REP-065|zh|hanzi#129#siteB,2,REP-065|zh|hanzi#129,REP-065,C5,earthquakes,zh,hanzi,baseline,B,0.006246,0.996877,mixed,515
REP-065|zh|hanzi#129#siteB#k3,REP-065|zh|hanzi#129#siteB,3,REP-065|zh|hanzi#129,REP-065,C5,earthquakes,zh,hanzi,baseline,B,0.00644,0.99678,mixed,549
REP-065|zh|hanzi#129#siteB#k4,REP-065|zh|hanzi#129#siteB,4,REP-065|zh|hanzi#129,REP-065,C5,earthquakes,zh,hanzi,baseline,B,0.006676,0.996662,mixed,536
REP-065|en|latin#130#siteA#k0,REP-065|en|latin#130#siteA,0,REP-065|en|latin#130,REP-065,C5,earthquakes,en,latin,baseline,A,0.005364,0.997318,en,723
REP-065|en|latin#130#siteA#k1,REP-065|en|latin#130#siteA,1,REP-065|en|latin#130,REP-065,C5,earthquakes,en,latin,baseline,A,0.006009,0.996996,en,734
REP-065|en|latin#130#siteA#k2,REP-065|en|latin#130#siteA,2,REP-065|en|latin#130,REP-065,C5,earthquakes,en,latin,baseline,A,0.005742,0.997129,en,692
REP-065|en|latin#130#siteA#k3,REP-065|en|latin#130#siteA,3,REP-065|en|latin#130,REP-065,C5,earthquakes,en,latin,baseline,A,0.00608,0.99696,en,727
REP-065|en|latin#130#siteA#k4,REP-065|en|latin#130#siteA,4,REP-065|en|latin#130,REP-065,C5,earthquakes,en,latin,baseline,A,0.006035,0.996983,en,712
REP-065|en|latin#130#siteB#k0,REP-065|en|latin#130#siteB,0,REP-065|en|latin#130,REP-065,C5,earthquakes,en,latin,baseline,B,0.005991,0.997004,en,732
REP-065|en|latin#130#siteB#k1,REP-065|en|latin#130#siteB,1,REP-065|en|latin#130,REP-065,C5,earthquakes,en,latin,baseline,B,0.005815,0.997092,en,739
REP-065|en|latin#130#siteB#k2,REP-065|en|latin#130#siteB,2,REP-065|en|latin#130,REP-065,C5,earthquakes,en,latin,baseline,B,0.006325,0.996838,en,664
REP-065|en|latin#130#siteB#k3,REP-065|en|latin#130#siteB,3,REP-065|en|latin#130,REP-065,C5,earthquakes,en,latin,baseline,B,0.005799,0.997101,en,682
REP-065|en|latin#130#siteB#k4,REP-065|en|latin#130#siteB,4,REP-065|en|latin#130,REP-065,C5,earthquakes,en,latin,baseline,B,0.006108,0.996946,en,690
REP-066|zh|hanzi#131#siteA#k0,REP-066|zh|hanzi#131#siteA,0,REP-066|zh|hanzi#131,REP-066,C6,earthquakes,zh,hanzi,baseline,A,0.007565,0.996217,en,568
REP-066|zh|hanzi#131#siteA#k1,REP-066|zh|hanzi#131#siteA,1,REP-066|zh|hanzi#131,REP-066,C6,earthquakes,zh,hanzi,baseline,A,0.0073,0.99635,en,585
REP-066|zh|hanzi#131#siteA#k2,REP-066|zh|hanzi#131#siteA,2,REP-066|zh|hanzi#131,REP-066,C6,earthquakes,zh,hanzi,baseline,A,0.007845,0.996078,en,601
REP-066|zh|hanzi#131#siteA#k3,REP-066|zh|hanzi#131#siteA,3,REP-066|zh|hanzi#131,REP-066,C6,earthquakes,zh,hanzi,baseline,A,0.009038,0.995481,en,627
REP-066|zh|hanzi#131#siteA#k4,REP-066|zh|hanzi#131#siteA,4,REP-066|zh|hanzi#131,REP-066,C6,earthquakes,zh,hanzi,baseline,A,0.006906,0.996547,en,645
REP-066|zh|hanzi#131#siteB#k0,REP-066|zh|hanzi#131#siteB,0,REP-066|zh|hanzi#131,REP-066,C6,earthquakes,zh,hanzi,baseline,B,0.008478,0.995761,mixed,476
REP-066|zh|hanzi#131#siteB#k1,REP-066|zh|hanzi#131#siteB,1,REP-066|zh|hanzi#131,REP-066,C6,earthquakes,zh,hanzi,baseline,B,0.007917,0.996042,mixed,512
REP-066|zh|hanzi#131#siteB#k2,REP-066|zh|hanzi#131#siteB,2,REP-066|zh|hanzi#131,REP-066,C6,earthquakes,zh,hanzi,baseline,B,0.007852,0.996074,mixed,467
REP-066|zh|hanzi#131#siteB#k3,REP-066|zh|hanzi#131#siteB,3,REP-066|zh|hanzi#131,REP-066,C6,earthquakes,zh,hanzi,baseline,B,0.008235,0.995882,mixed,497
REP-066|zh|hanzi#131#siteB#k4,REP-066|zh|hanzi#131#siteB,4,REP-066|zh|hanzi#131,REP-066,C6,earthquakes,zh,hanzi,baseline,B,0.007961,0.996019,mixed,519
REP-066|en|latin#132#siteA#k0,REP-066|en|latin#132#siteA,0,REP-066|en|latin#132,REP-066,C6,earthquakes,en,latin,baseline,A,0.006403,0.996799,en,770
REP-066|en|latin#132#siteA#k1,REP-066|en|latin#132#siteA,1,REP-066|en|latin#132,REP-066,C6,earthquakes,en,latin,baseline,A,0.005645,0.997178,en,723
REP-066|en|latin#132#siteA#k2,REP-066|en|latin#132#siteA,2,REP-066|en|latin#132,REP-066,C6,earthquakes,en,latin,baseline,A,0.00618,0.99691,en,717
REP-066|en|latin#132#siteA#k3,REP-066|en|latin#132#siteA,3,REP-066|en|latin#132,REP-066,C6,earthquakes,en,latin,baseline,A,0.006601,0.9967,en,723
REP-066|en|latin#132#siteA#k4,REP-066|en|latin#132#siteA,4,REP-066|en|latin#132,REP-066,C6,earthquakes,en,latin,baseline,A,0.006195,0.996903,en,749
REP-066|en|latin#132#siteB#k0,REP-066|en|latin#132#siteB,0,REP-066|en|latin#132,REP-066,C6,earthquakes,en,latin,baseline,B,0.008137,0.995932,en,676
REP-066|en|latin#132#siteB#k1,REP-066|en|latin#132#siteB,1,REP-066|en|latin#132,REP-066,C6,earthquakes,en,latin,baseline,B,0.007581,0.99621,en,708
REP-066|en|latin#132#siteB#k2,REP-066|en|latin#132#siteB,2,REP-066|en|latin#132,REP-066,C6,earthquakes,en,latin,baseline,B,0.007786,0.996108,en,718
REP-066|en|latin#132#siteB#k3,REP-066|en|latin#132#siteB,3,REP-066|en|latin#132,REP-066,C6,earthquakes,en,latin,baseline,B,0.006955,0.996523,en,692
REP-066|en|latin#132#siteB#k4,REP-066|en|latin#132#siteB,4,REP-066|en|latin#132,REP-066,C6,earthquakes,en,latin,baseline,B,0.00819,0.995905,en,670
REP-067|zh|hanzi#133#siteA#k0,REP-067|zh|hanzi#133#siteA,0,REP-067|zh|hanzi#133,REP-067,C1,disease,zh,hanzi,baseline,A,0.007398,0.996301,en,581
REP-067|zh|hanzi#133#siteA#k1,REP-067|zh|hanzi#133#siteA,1,REP-067|zh|hanzi#133,REP-067,C1,disease,zh,hanzi,baseline,A,0.007734,0.996133,en,613
REP-067|zh|hanzi#133#siteA#k2,REP-067|zh|hanzi#133#siteA,2,REP-067|zh|hanzi#133,REP-067,C1,disease,zh,hanzi,baseline,A,0.007996,0.996002,en,623
REP-067|zh|hanzi#133#siteA#k3,REP-067|zh|hanzi#133#siteA,3,REP-067|zh|hanzi#133,REP-067,C1,disease,zh,hanzi,baseline,A,0.00776,0.99612,en,619
REP-067|zh|hanzi#133#siteA#k4,REP-067|zh|hanzi#133#siteA,4,REP-067|zh|hanzi#133,REP-067,C1,disease,zh,hanzi,baseline,A,0.007509,0.996246,en,612
REP-067|zh|hanzi#133#siteB#k0,REP-067|zh|hanzi#133#siteB,0,REP-067|zh|hanzi#133,REP-067,C1,disease,zh,hanzi,baseline,B,0.006717,0.996641,mixed,531
REP-067|zh|hanzi#133#siteB#k1,REP-067|zh|hanzi#133#siteB,1,REP-067|zh|hanzi#133,REP-067,C1,disease,zh,hanzi,baseline,B,0.007124,0.996438,en,586
REP-067|zh|hanzi#133#siteB#k2,REP-067|zh|hanzi#133#siteB,2,REP-067|zh|hanzi#133,REP-067,C1,disease,zh,hanzi,baseline,B,0.006722,0.996639,mixed,540
REP-067|zh|hanzi#133#siteB#k3,REP-067|zh|hanzi#133#siteB,3,REP-067|zh|hanzi#133,REP-067,C1,disease,zh,hanzi,baseline,B,0.006964,0.996518,en,592
REP-067|zh|hanzi#133#siteB#k4,REP-067|zh|hanzi#133#siteB,4,REP-067|zh|hanzi#133,REP-067,C1,disease,zh,hanzi,baseline,B,0.007225,0.996387,mixed,527
REP-067|en|latin#134#siteA#k0,REP-067|en|latin#134#siteA,0,REP-067|en|latin#134,REP-067,C1,disease,en,latin,baseline,A,0.007271,0.996364,en,689
REP-067|en|latin#134#siteA#k1,REP-067|en|latin#134#siteA,1,REP-067|en|latin#134,REP-067,C1,disease,en,latin,baseline,A,0.007781,0.996109,en,692
REP-067|en|latin#134#siteA#k2,REP-067|en|latin#134#siteA,2,REP-067|en|latin#134,REP-067,C1,disease,en,latin,baseline,A,0.006943,0.996529,en,695
REP-067|en|latin#134#siteA#k3,REP-067|en|latin#134#siteA,3,REP-067|en|latin#134,REP-067,C1,disease,en,latin,baseline,A,0.007387,0.996306,en,693
REP-067|en|latin#134#siteA#k4,REP-067|en|latin#134#siteA,4,REP-067|en|latin#134,REP-067,C1,disease,en,latin,baseline,A,0.007847,0.996076,en,685
REP-067|en|latin#134#siteB#k0,REP-067|en|latin#134#siteB,0,REP-067|en|latin#134,REP-067,C1,disease,en,latin,baseline,B,0.005823,0.997089,en,741
REP-067|en|latin#134#siteB#k1,REP-067|en|latin#134#siteB,1,REP-067|en|latin#134,REP-067,C1,disease,en,latin,baseline,B,0.006437,0.996782,en,781
REP-067|en|latin#134#siteB#k2,REP-067|en|latin#134#siteB,2,REP-067|en|latin#134,REP-067,C1,disease,en,latin,baseline,B,0.005799,0.997101,en,778
REP-067|en|latin#134#siteB#k3,REP-067|en|latin#134#siteB,3,REP-067|en|latin#134,REP-067,C1,disease,en,latin,baseline,B,0.006067,0.996967,en,735
REP-067|en|latin#134#siteB#k4,REP-067|en|latin#134#siteB,4,REP-067|en|latin#134,REP-067,C1,disease,en,latin,baseline,B,0.006424,0.996788,en,735
REP-068|zh|hanzi#135#siteA#k0,REP-068|zh|hanzi#135#siteA,0,REP-068|zh|hanzi#135,REP-068,C2,disease,zh,hanzi,baseline,A,0.007074,0.996463,en,586
REP-068|zh|hanzi#135#siteA#k1,REP-068|zh|hanzi#135#siteA,1,REP-068|zh|hanzi#135,REP-068,C2,disease,zh,hanzi,baseline,A,0.00702,0.99649,en,541
REP-068|zh|hanzi#135#siteA#k2,REP-068|zh|hanzi#135#siteA,2,REP-068|zh|hanzi#135,REP-068,C2,disease,zh,hanzi,baseline,A,0.007079,0.996461,en,562
REP-068|zh|hanzi#135#siteA#k3,REP-068|zh|hanzi#135#siteA,3,REP-068|zh|hanzi#135,REP-068,C2,disease,zh,hanzi,baseline,A,0.007208,0.996396,en,565
REP-068|zh|hanzi#135#siteA#k4,REP-068|zh|hanzi#135#siteA,4,REP-068|zh|hanzi#135,REP-068,C2,disease,zh,hanzi,baseline,A,0.00676,0.99662,en,544
REP-068|zh|hanzi#135#siteB#k0,REP-068|zh|hanzi#135#siteB,0,REP-068|zh|hanzi#135,REP-068,C2,disease,zh,hanzi,baseline,B,0.009771,0.995115,mixed,575
REP-068|zh|hanzi#135#siteB#k1,REP-068|zh|hanzi#135#siteB,1,REP-068|zh|hanzi#135,REP-068,C2,disease,zh,hanzi,baseline,B,0.010184,0.994908,mixed,524
REP-068|zh|hanzi#135#siteB#k2,REP-068|zh|hanzi#135#siteB,2,REP-068|zh|hanzi#135,REP-068,C2,disease,zh,hanzi,baseline,B,0.010186,0.994907,mixed,510
REP-068|zh|hanzi#135#siteB#k3,REP-068|zh|hanzi#135#siteB,3,REP-068|zh|hanzi#135,REP-068,C2,disease,zh,hanzi,baseline,B,0.00965,0.995175,mixed,562
REP-068|zh|hanzi#135#siteB#k4,REP-068|zh|hanzi#135#siteB,4,REP-068|zh|hanzi#135,REP-068,C2,disease,zh,hanzi,baseline,B,0.009814,0.995093,mixed,563
REP-068|en|latin#136#siteA#k0,REP-068|en|latin#136#siteA,0,REP-068|en|latin#136,REP-068,C2,disease,en,latin,baseline,A,0.006571,0.996715,en,728
REP-068|en|latin#136#siteA#k1,REP-068|en|latin#136#siteA,1,REP-068|en|latin#136,REP-068,C2,disease,en,latin,baseline,A,0.007386,0.996307,en,713
REP-068|en|latin#136#siteA#k2,REP-068|en|latin#136#siteA,2,REP-068|en|latin#136,REP-068,C2,disease,en,latin,baseline,A,0.006503,0.996749,en,686
REP-068|en|latin#136#siteA#k3,REP-068|en|latin#136#siteA,3,REP-068|en|latin#136,REP-068,C2,disease,en,latin,baseline,A,0.0063,0.99685,en,708
REP-068|en|latin#136#siteA#k4,REP-068|en|latin#136#siteA,4,REP-068|en|latin#136,REP-068,C2,disease,en,latin,baseline,A,0.00628,0.99686,en,721
REP-068|en|latin#136#siteB#k0,REP-068|en|latin#136#siteB,0,REP-068|en|latin#136,REP-068,C2,disease,en,latin,baseline,B,0.011328,0.994336,en,695
REP-068|en|latin#136#siteB#k1,REP-068|en|latin#136#siteB,1,REP-068|en|latin#136,REP-068,C2,disease,en,latin,baseline,B,0.010503,0.994748,en,742
REP-068|en|latin#136#siteB#k2,REP-068|en|latin#136#siteB,2,REP-068|en|latin#136,REP-068,C2,disease,en,latin,baseline,B,0.010199,0.994901,en,721
REP-068|en|latin#136#siteB#k3,REP-068|en|latin#136#siteB,3,REP-068|en|latin#136,REP-068,C2,disease,en,latin,baseline,B,0.010178,0.994911,en,732
REP-068|en|latin#136#siteB#k4,REP-068|en|latin#136#siteB,4,REP-068|en|latin#136,REP-068,C2,disease,en,latin,baseline,B,0.010451,0.994774,en,735
REP-069|zh|hanzi#137#siteA#k0,REP-069|zh|hanzi#137#siteA,0,REP-069|zh|hanzi#137,REP-069,C3,disease,zh,hanzi,baseline,A,0.007704,0.996148,en,576
REP-069|zh|hanzi#137#siteA#k1,REP-069|zh|hanzi#137#siteA,1,REP-069|zh|hanzi#137,REP-069,C3,disease,zh,hanzi,baseline,A,0.00744,0.99628,en,593
REP-069|zh|hanzi#137#siteA#k2,REP-069|zh|hanzi#137#siteA,2,REP-069|zh|hanzi#137,REP-069,C3,disease,zh,hanzi,baseline,A,0.007276,0.996362,en,582
REP-069|zh|hanzi#137#siteA#k3,REP-069|zh|hanzi#137#siteA,3,REP-069|zh|hanzi#137,REP-069,C3,disease,zh,hanzi,baseline,A,0.007193,0.996404,en,585
REP-069|zh|hanzi#137#siteA#k4,REP-069|zh|hanzi#137#siteA,4,REP-069|zh|hanzi#137,REP-069,C3,disease,zh,hanzi,baseline,A,0.007558,0.996221,en,550
REP-069|zh|hanzi#137#siteB#k0,REP-069|zh|hanzi#137#siteB,0,REP-069|zh|hanzi#137,REP-069,C3,disease,zh,hanzi,baseline,B,0.006947,0.996527,mixed,517
REP-069|zh|hanzi#137#siteB#k1,REP-069|zh|hanzi#137#siteB,1,REP-069|zh|hanzi#137,REP-069,C3,disease,zh,hanzi,baseline,B,0.006717,0.996642,en,539
REP-069|zh|hanzi#137#siteB#k2,REP-069|zh|hanzi#137#siteB,2,REP-069|zh|hanzi#137,REP-069,C3,disease,zh,hanzi,baseline,B,0.006563,0.996719,mixed,471
REP-069|zh|hanzi#137#siteB#k3,REP-069|zh|hanzi#137#siteB,3,REP-069|zh|hanzi#137,REP-069,C3,disease,zh,hanzi,baseline,B,0.007247,0.996377,en,602
REP-069|zh|hanzi#137#siteB#k4,REP-069|zh|hanzi#137#siteB,4,REP-069|zh|hanzi#137,REP-069,C3,disease,zh,hanzi,baseline,B,0.007557,0.996221,mixed,498
REP-069|en|latin#138#siteA#k0,REP-069|en|latin#138#siteA,0,REP-069|en|latin#138,REP-069,C3,disease,en,latin,baseline,A,0.005475,0.997262,en,685
REP-069|en|latin#138#siteA#k1,REP-069|en|latin#138#siteA,1,REP-069|en|latin#138,REP-069,C3,disease,en,latin,baseline,A,0.005333,0.997334,en,646
REP-069|en|latin#138#siteA#k2,REP-069|en|latin#138#siteA,2,REP-069|en|latin#138,REP-069,C3,disease,en,latin,baseline,A,0.005518,0.997241,en,666
REP-069|en|latin#138#siteA#k3,REP-069|en|latin#138#siteA,3,REP-069|en|latin#138,REP-069,C3,disease,en,latin,baseline,A,0.005367,0.997316,en,708
REP-069|en|latin#138#siteA#k4,REP-069|en|latin#138#siteA,4,REP-069|en|latin#138,REP-069,C3,disease,en,latin,baseline,A,0.005069,0.997465,en,684
REP-069|en|latin#138#siteB#k0,REP-069|en|latin#138#siteB,0,REP-069|en|latin#138,REP-069,C3,disease,en,latin,baseline,B,0.008648,0.995676,en,733
REP-069|en|latin#138#siteB#k1,REP-069|en|latin#138#siteB,1,REP-069|en|latin#138,REP-069,C3,disease,en,latin,baseline,B,0.008518,0.995741,en,737
REP-069|en|latin#138#siteB#k2,REP-069|en|latin#138#siteB,2,REP-069|en|latin#138,REP-069,C3,disease,en,latin,baseline,B,0.007833,0.996084,en,756
REP-069|en|latin#138#siteB#k3,REP-069|en|latin#138#siteB,3,REP-069|en|latin#138,REP-069,C3,disease,en,latin,baseline,B,0.007683,0.996159,en,741
REP-069|en|latin#138#siteB#k4,REP-069|en|latin#138#siteB,4,REP-069|en|latin#138,REP-069,C3,disease,en,latin,baseline,B,0.008406,0.995797,en,711
REP-070|zh|hanzi#139#siteA#k0,REP-070|zh|hanzi#139#siteA,0,REP-070|zh|hanzi#139,REP-070,C4,disease,zh,hanzi,baseline,A,0.009849,0.995075,en,579
REP-070|zh|hanzi#139#siteA#k1,REP-070|zh|hanzi#139#siteA,1,REP-070|zh|hanzi#139,REP-070,C4,disease,zh,hanzi,baseline,A,0.009201,0.995399,en,594
REP-070|zh|hanzi#139#siteA#k2,REP-070|zh|hanzi#139#siteA,2,REP-070|zh|hanzi#139,REP-070,C4,disease,zh,hanzi,baseline,A,0.008921,0.995539,en,574
REP-070|zh|hanzi#139#siteA#k3,REP-070|zh|hanzi#139#siteA,3,REP-070|zh|hanzi#139,REP-070,C4,disease,zh,hanzi,baseline,A,0.00984,0.99508,en,601
REP-070|zh|hanzi#139#siteA#k4,REP-070|zh|hanzi#139#siteA,4,REP-070|zh|hanzi#139,REP-070,C4,disease,zh,hanzi,baseline,A,0.009055,0.995473,en,598
REP-070|zh|hanzi#139#siteB#k0,REP-070|zh|hanzi#139#siteB,0,REP-070|zh|hanzi#139,REP-070,C4,disease,zh,hanzi,baseline,B,0.007331,0.996335,en,610
REP-070|zh|hanzi#139#siteB#k1,REP-070|zh|hanzi#139#siteB,1,REP-070|zh|hanzi#139,REP-070,C4,disease,zh,hanzi,baseline,B,0.006961,0.99652,mixed,568
REP-070|zh|hanzi#139#siteB#k2,REP-070|zh|hanzi#139#siteB,2,REP-070|zh|hanzi#139,REP-070,C4,disease,zh,hanzi,baseline,B,0.007624,0.996188,en,595
REP-070|zh|hanzi#139#siteB#k3,REP-070|zh|hanzi#139#siteB,3,REP-070|zh|hanzi#139,REP-070,C4,disease,zh,hanzi,baseline,B,0.00739,0.996305,mixed,579
REP-070|zh|hanzi#139#siteB#k4,REP-070|zh|hanzi#139#siteB,4,REP-070|zh|hanzi#139,REP-070,C4,disease,zh,hanzi,baseline,B,0.006424,0.996788,en,601
REP-070|en|latin#140#siteA#k0,REP-070|en|latin#140#siteA,0,REP-070|en|latin#140,REP-070,C4,disease,en,latin,baseline,A,0.006156,0.996922,en,681
REP-070|en|latin#140#siteA#k1,REP-070|en|latin#140#siteA,1,REP-070|en|latin#140,REP-070,C4,disease,en,latin,baseline,A,0.005469,0.997265,en,659
REP-070|en|latin#140#siteA#k2,REP-070|en|latin#140#siteA,2,REP-070|en|latin#140,REP-070,C4,disease,en,latin,baseline,A,0.006396,0.996802,en,648
REP-070|en|latin#140#siteA#k3,REP-070|en|latin#140#siteA,3,REP-070|en|latin#140,REP-070,C4,disease,en,latin,baseline,A,0.005525,0.997237,en,671
REP-070|en|latin#140#siteA#k4,REP-070|en|latin#140#siteA,4,REP-070|en|latin#140,REP-070,C4,disease,en,latin,baseline,A,0.006083,0.996958,en,699
REP-070|en|latin#140#siteB#k0,REP-070|en|latin#140#siteB,0,REP-070|en|latin#140,REP-070,C4,disease,en,latin,baseline,B,0.007281,0.99636,en,709
REP-070|en|latin#140#siteB#k1,REP-070|en|latin#140#siteB,1,REP-070|en|latin#140,REP-070,C4,disease,en,latin,baseline,B,0.007395,0.996303,en,669
REP-070|en|latin#140#siteB#k2,REP-070|en|latin#140#siteB,2,REP-070|en|latin#140,REP-070,C4,disease,en,latin,baseline,B,0.007006,0.996497,en,732
REP-070|en|latin#140#siteB#k3,REP-070|en|latin#140#siteB,3,REP-070|en|latin#140,REP-070,C4,disease,en,latin,baseline,B,0.007088,0.996456,en,683
REP-070|en|latin#140#siteB#k4,REP-070|en|latin#140#siteB,4,REP-070|en|latin#140,REP-070,C4,disease,en,latin,baseline,B,0.006876,0.996562,en,685
REP-071|zh|hanzi#141#siteA#k0,REP-071|zh|hanzi#141#siteA,0,REP-071|zh|hanzi#141,REP-071,C5,disease,zh,hanzi,baseline,A,0.00708,0.99646,en,552
REP-071|zh|hanzi#141#siteA#k1,REP-071|zh|hanzi#141#siteA,1,REP-071|zh|hanzi#141,REP-071,C5,disease,zh,hanzi,baseline,A,0.007244,0.996378,en,536
REP-071|zh|hanzi#141#siteA#k2,REP-071|zh|hanzi#141#siteA,2,REP-071|zh|hanzi#141,REP-071,C5,disease,zh,hanzi,baseline,A,0.006993,0.996503,en,560
REP-071|zh|hanzi#141#siteA#k3,REP-071|zh|hanzi#141#siteA,3,REP-071|zh|hanzi#141,REP-071,C5,disease,zh,hanzi,baseline,A,0.007675,0.996162,en,552
REP-071|zh|hanzi#141#siteA#k4,REP-071|zh|hanzi#141#siteA,4,REP-071|zh|hanzi#141,REP-071,C5,disease,zh,hanzi,baseline,A,0.007187,0.996406,en,548
REP-071|zh|hanzi#141#siteB#k0,REP-071|zh|hanzi#141#siteB,0,REP-071|zh|hanzi#141,REP-071,C5,disease,zh,hanzi,baseline,B,0.008021,0.99599,mixed,539
REP-071|zh|hanzi#141#siteB#k1,REP-071|zh|hanzi#141#siteB,1,REP-071|zh|hanzi#141,REP-071,C5,disease,zh,hanzi,baseline,B,0.007283,0.996359,mixed,504
REP-071|zh|hanzi#141#siteB#k2,REP-071|zh|hanzi#141#siteB,2,REP-071|zh|hanzi#141,REP-071,C5,disease,zh,hanzi,baseline,B,0.006496,0.996753,en,538
REP-071|zh|hanzi#141#siteB#k3,REP-071|zh|hanzi#141#siteB,3,REP-071|zh|hanzi#141,REP-071,C5,disease,zh,hanzi,baseline,B,0.00756,0.99622,mixed,509
REP-071|zh|hanzi#141#siteB#k4,REP-071|zh|hanzi#141#siteB,4,REP-071|zh|hanzi#141,REP-071,C5,disease,zh,hanzi,baseline,B,0.006487,0.996757,mixed,535
REP-071|en|latin#142#siteA#k0,REP-071|en|latin#142#siteA,0,REP-071|en|latin#142,REP-071,C5,disease,en,latin,baseline,A,0.006171,0.996915,en,752
REP-071|en|latin#142#siteA#k1,REP-071|en|latin#142#siteA,1,REP-071|en|latin#142,REP-071,C5,disease,en,latin,baseline,A,0.005476,0.997262,en,683
REP-071|en|latin#142#siteA#k2,REP-071|en|latin#142#siteA,2,REP-071|en|latin#142,REP-071,C5,disease,en,latin,baseline,A,0.005747,0.997126,en,700
REP-071|en|latin#142#siteA#k3,REP-071|en|latin#142#siteA,3,REP-071|en|latin#142,REP-071,C5,disease,en,latin,baseline,A,0.005558,0.997221,en,742
REP-071|en|latin#142#siteA#k4,REP-071|en|latin#142#siteA,4,REP-071|en|latin#142,REP-071,C5,disease,en,latin,baseline,A,0.006271,0.996865,en,734
REP-071|en|latin#142#siteB#k0,REP-071|en|latin#142#siteB,0,REP-071|en|latin#142,REP-071,C5,disease,en,latin,baseline,B,0.004784,0.997608,en,719
REP-071|en|latin#142#siteB#k1,REP-071|en|latin#142#siteB,1,REP-071|en|latin#142,REP-071,C5,disease,en,latin,baseline,B,0.004712,0.997644,en,719
REP-071|en|latin#142#siteB#k2,REP-071|en|latin#142#siteB,2,REP-071|en|latin#142,REP-071,C5,disease,en,latin,baseline,B,0.004872,0.997564,en,683
REP-071|en|latin#142#siteB#k3,REP-071|en|latin#142#siteB,3,REP-071|en|latin#142,REP-071,C5,disease,en,latin,baseline,B,0.004749,0.997625,en,674
REP-071|en|latin#142#siteB#k4,REP-071|en|latin#142#siteB,4,REP-071|en|latin#142,REP-071,C5,disease,en,latin,baseline,B,0.005232,0.997384,en,689
REP-072|zh|hanzi#143#siteA#k0,REP-072|zh|hanzi#143#siteA,0,REP-072|zh|hanzi#143,REP-072,C6,disease,zh,hanzi,baseline,A,0.007418,0.996291,en,585
REP-072|zh|hanzi#143#siteA#k1,REP-072|zh|hanzi#143#siteA,1,REP-072|zh|hanzi#143,REP-072,C6,disease,zh,hanzi,baseline,A,0.007951,0.996025,en,603
REP-072|zh|hanzi#143#siteA#k2,REP-072|zh|hanzi#143#siteA,2,REP-072|zh|hanzi#143,REP-072,C6,disease,zh,hanzi,baseline,A,0.007939,0.99603,en,611
REP-072|zh|hanzi#143#siteA#k3,REP-072|zh|hanzi#143#siteA,3,REP-072|zh|hanzi#143,REP-072,C6,disease,zh,hanzi,baseline,A,0.007789,0.996106,en,618
REP-072|zh|hanzi#143#siteA#k4,REP-072|zh|hanzi#143#siteA,4,REP-072|zh|hanzi#143,REP-072,C6,disease,zh,hanzi,baseline,A,0.007503,0.996249,en,602
REP-072|zh|hanzi#143#siteB#k0,REP-072|zh|hanzi#143#siteB,0,REP-072|zh|hanzi#143,REP-072,C6,disease,zh,hanzi,baseline,B,0.008444,0.995778,mixed,449
REP-072|zh|hanzi#143#siteB#k1,REP-072|zh|hanzi#143#siteB,1,REP-072|zh|hanzi#143,REP-072,C6,disease,zh,hanzi,baseline,B,0.008126,0.995936,mixed,486
REP-072|zh|hanzi#143#siteB#k2,REP-072|zh|hanzi#143#siteB,2,REP-072|zh|hanzi#143,REP-072,C6,disease,zh,hanzi,baseline,B,0.007749,0.996125,mixed,514
REP-072|zh|hanzi#143#siteB#k3,REP-072|zh|hanzi#143#siteB,3,REP-072|zh|hanzi#143,REP-072,C6,disease,zh,hanzi,baseline,B,0.008141,0.995929,mixed,482
REP-072|zh|hanzi#143#siteB#k4,REP-072|zh|hanzi#143#siteB,4,REP-072|zh|hanzi#143,REP-072,C6,disease,zh,hanzi,baseline,B,0.007923,0.996038,mixed,438
REP-072|en|latin#144#siteA#k0,REP-072|en|latin#144#siteA,0,REP-072|en|latin#144,REP-072,C6,disease,en,latin,baseline,A,0.007056,0.996472,en,718
REP-072|en|latin#144#siteA#k1,REP-072|en|latin#144#siteA,1,REP-072|en|latin#144,REP-072,C6,disease,en,latin,baseline,A,0.007137,0.996432,en,730
REP-072|en|latin#144#siteA#k2,REP-072|en|latin#144#siteA,2,REP-072|en|latin#144,REP-072,C6,disease,en,latin,baseline,A,0.006796,0.996602,en,732
REP-072|en|latin#144#siteA#k3,REP-072|en|latin#144#siteA,3,REP-072|en|latin#144,REP-072,C6,disease,en,latin,baseline,A,0.006445,0.996777,en,758
REP-072|en|latin#144#siteA#k4,REP-072|en|latin#144#siteA,4,REP-072|en|latin#144,REP-072,C6,disease,en,latin,baseline,A,0.006241,0.99688,en,729
REP-072|en|latin#144#siteB#k0,REP-072|en|latin#144#siteB,0,REP-072|en|latin#144,REP-072,C6,disease,en,latin,baseline,B,0.007866,0.996068,en,704
REP-072|en|latin#144#siteB#k1,REP-072|en|latin#144#siteB,1,REP-072|en|latin#144,REP-072,C6,disease,en,latin,baseline,B,0.008258,0.995871,en,680
REP-072|en|latin#144#siteB#k2,REP-072|en|latin#144#siteB,2,REP-072|en|latin#144,REP-072,C6,disease,en,latin,baseline,B,0.008252,0.995874,en,682
REP-072|en|latin#144#siteB#k3,REP-072|en|latin#144#siteB,3,REP-072|en|latin#144,REP-072,C6,disease,en,latin,baseline,B,0.008324,0.995838,en,696
REP-072|en|latin#144#siteB#k4,REP-072|en|latin#144#siteB,4,REP-072|en|latin#144,REP-072,C6,disease,en,latin,baseline,B,0.008762,0.995619,en,666
REP-073|zh|hanzi#145#siteA#k0,REP-073|zh|hanzi#145#siteA,0,REP-073|zh|hanzi#145,REP-073,C1,funerals,zh,hanzi,baseline,A,0.005974,0.997013,en,564
REP-073|zh|hanzi#145#siteA#k1,REP-073|zh|hanzi#145#siteA,1,REP-073|zh|hanzi#145,REP-073,C1,funerals,zh,hanzi,baseline,A,0.007013,0.996494,en,606
REP-073|zh|hanzi#145#siteA#k2,REP-073|zh|hanzi#145#siteA,2,REP-073|zh|hanzi#145,REP-073,C1,funerals,zh,hanzi,baseline,A,0.00686,0.99657,en,604
REP-073|zh|hanzi#145#siteA#k3,REP-073|zh|hanzi#145#siteA,3,REP-073|zh|hanzi#145,REP-073,C1,funerals,zh,hanzi,baseline,A,0.006515,0.996742,en,561
REP-073|zh|hanzi#145#siteA#k4,REP-073|zh|hanzi#145#siteA,4,REP-073|zh|hanzi#145,REP-073,C1,funerals,zh,hanzi,baseline,A,0.007098,0.996451,en,576
REP-073|zh|hanzi#145#siteB#k0,REP-073|zh|hanzi#145#siteB,0,REP-073|zh|hanzi#145,REP-073,C1,funerals,zh,hanzi,baseline,B,0.007066,0.996467,mixed,503
REP-073|zh|hanzi#145#siteB#k1,REP-073|zh|hanzi#145#siteB,1,REP-073|zh|hanzi#145,REP-073,C1,funerals,zh,hanzi,baseline,B,0.006842,0.996579,mixed,560
REP-073|zh|hanzi#145#siteB#k2,REP-073|zh|hanzi#145#siteB,2,REP-073|zh|hanzi#145,REP-073,C1,funerals,zh,hanzi,baseline,B,0.006668,0.996666,mixed,548
REP-073|zh|hanzi#145#siteB#k3,REP-073|zh|hanzi#145#siteB,3,REP-073|zh|hanzi#145,REP-073,C1,funerals,zh,hanzi,baseline,B,0.006906,0.996547,mixed,545
REP-073|zh|hanzi#145#siteB#k4,REP-073|zh|hanzi#145#siteB,4,REP-073|zh|hanzi#145,REP-073,C1,funerals,zh,hanzi,baseline,B,0.006914,0.996544,en,555
REP-073|en|latin#146#siteA#k0,REP-073|en|latin#146#siteA,0,REP-073|en|latin#146,REP-073,C1,funerals,en,latin,baseline,A,0.006886,0.996557,en,679
REP-073|en|latin#146#siteA#k1,REP-073|en|latin#146#siteA,1,REP-073|en|latin#146,REP-073,C1,funerals,en,latin,baseline,A,0.006434,0.996783,en,704
REP-073|en|latin#146#siteA#k2,REP-073|en|latin#146#siteA,2,REP-073|en|latin#146,REP-073,C1,funerals,en,latin,baseline,A,0.00695,0.996525,en,692
REP-073|en|latin#146#siteA#k3,REP-073|en|latin#146#siteA,3,REP-073|en|latin#146,REP-073,C1,funerals,en,latin,baseline,A,0.006257,0.996872,en,710
REP-073|en|latin#146#siteA#k4,REP-073|en|latin#146#siteA,4,REP-073|en|latin#146,REP-073,C1,funerals,en,latin,baseline,A,0.006932,0.996535,en,674
REP-073|en|latin#146#siteB#k0,REP-073|en|latin#146#siteB,0,REP-073|en|latin#146,REP-073,C1,funerals,en,latin,baseline,B,0.005948,0.997026,en,716
REP-073|en|latin#146#siteB#k1,REP-073|en|latin#146#siteB,1,REP-073|en|latin#146,REP-073,C1,funerals,en,latin,baseline,B,0.00645,0.996775,en,712
REP-073|en|latin#146#siteB#k2,REP-073|en|latin#146#siteB,2,REP-073|en|latin#146,REP-073,C1,funerals,en,latin,baseline,B,0.006707,0.996646,en,756
REP-073|en|latin#146#siteB#k3,REP-073|en|latin#146#siteB,3,REP-073|en|latin#146,REP-073,C1,funerals,en,latin,baseline,B,0.006001,0.996999,en,725
REP-073|en|latin#146#siteB#k4,REP-073|en|latin#146#siteB,4,REP-073|en|latin#146,REP-073,C1,funerals,en,latin,baseline,B,0.005671,0.997165,en,752
REP-074|zh|hanzi#147#siteA#k0,REP-074|zh|hanzi#147#siteA,0,REP-074|zh|hanzi#147,REP-074,C2,funerals,zh,hanzi,baseline,A,0.009866,0.995067,en,552
REP-074|zh|hanzi#147#siteA#k1,REP-074|zh|hanzi#147#siteA,1,REP-074|zh|hanzi#147,REP-074,C2,funerals,zh,hanzi,baseline,A,0.009356,0.995321,en,546
REP-074|zh|hanzi#147#siteA#k2,REP-074|zh|hanzi#147#siteA,2,REP-074|zh|hanzi#147,REP-074,C2,funerals,zh,hanzi,baseline,A,0.008686,0.995657,en,585
REP-074|zh|hanzi#147#siteA#k3,REP-074|zh|hanzi#147#siteA,3,REP-074|zh|hanzi#147,REP-074,C2,funerals,zh,hanzi,baseline,A,0.009409,0.995296,en,590
REP-074|zh|hanzi#147#siteA#k4,REP-074|zh|hanzi#147#siteA,4,REP-074|zh|hanzi#147,REP-074,C2,funerals,zh,hanzi,baseline,A,0.00907,0.995465,en,540
REP-074|zh|hanzi#147#siteB#k0,REP-074|zh|hanzi#147#siteB,0,REP-074|zh|hanzi#147,REP-074,C2,funerals,zh,hanzi,baseline,B,0.010965,0.994518,mixed,514
REP-074|zh|hanzi#147#siteB#k1,REP-074|zh|hanzi#147#siteB,1,REP-074|zh|hanzi#147,REP-074,C2,funerals,zh,hanzi,baseline,B,0.009418,0.995292,mixed,562
REP-074|zh|hanzi#147#siteB#k2,REP-074|zh|hanzi#147#siteB,2,REP-074|zh|hanzi#147,REP-074,C2,funerals,zh,hanzi,baseline,B,0.00962,0.99519,mixed,474
REP-074|zh|hanzi#147#siteB#k3,REP-074|zh|hanzi#147#siteB,3,REP-074|zh|hanzi#147,REP-074,C2,funerals,zh,hanzi,baseline,B,0.009989,0.995005,en,598
REP-074|zh|hanzi#147#siteB#k4,REP-074|zh|hanzi#147#siteB,4,REP-074|zh|hanzi#147,REP-074,C2,funerals,zh,hanzi,baseline,B,0.01044,0.99478,mixed,556
REP-074|en|latin#148#siteA#k0,REP-074|en|latin#148#siteA,0,REP-074|en|latin#148,REP-074,C2,funerals,en,latin,baseline,A,0.007647,0.996177,en,677
REP-074|en|latin#148#siteA#k1,REP-074|en|latin#148#siteA,1,REP-074|en|latin#148,REP-074,C2,funerals,en,latin,baseline,A,0.008188,0.995906,en,695
REP-074|en|latin#148#siteA#k2,REP-074|en|latin#148#siteA,2,REP-074|en|latin#148,REP-074,C2,funerals,en,latin,baseline,A,0.008636,0.995682,en,665
REP-074|en|latin#148#siteA#k3,REP-074|en|latin#148#siteA,3,REP-074|en|latin#148,REP-074,C2,funerals,en,latin,baseline,A,0.00822,0.99589,en,684
REP-074|en|latin#148#siteA#k4,REP-074|en|latin#148#siteA,4,REP-074|en|latin#148,REP-074,C2,funerals,en,latin,baseline,A,0.00794,0.99603,en,703
REP-074|en|latin#148#siteB#k0,REP-074|en|latin#148#siteB,0,REP-074|en|latin#148,REP-074,C2,funerals,en,latin,baseline,B,0.008634,0.995683,en,724
REP-074|en|latin#148#siteB#k1,REP-074|en|latin#148#siteB,1,REP-074|en|latin#148,REP-074,C2,funerals,en,latin,baseline,B,0.010466,0.994767,en,695
REP-074|en|latin#148#siteB#k2,REP-074|en|latin#148#siteB,2,REP-074|en|latin#148,REP-074,C2,funerals,en,latin,baseline,B,0.008968,0.995516,en,713
REP-074|en|latin#148#siteB#k3,REP-074|en|latin#148#siteB,3,REP-074|en|latin#148,REP-074,C2,funerals,en,latin,baseline,B,0.009811,0.995095,en,699
REP-074|en|latin#148#siteB#k4,REP-074|en|latin#148#siteB,4,REP-074|en|latin#148,REP-074,C2,funerals,en,latin,baseline,B,0.010446,0.994778,en,740
REP-075|zh|hanzi#149#siteA#k0,REP-075|zh|hanzi#149#siteA,0,REP-075|zh|hanzi#149,REP-075,C3,funerals,zh,hanzi,baseline,A,0.009009,0.995496,en,578
REP-075|zh|hanzi#149#siteA#k1,REP-075|zh|hanzi#149#siteA,1,REP-075|zh|hanzi#149,REP-075,C3,funerals,zh,hanzi,baseline,A,0.010086,0.994958,en,598
REP-075|zh|hanzi#149#siteA#k2,REP-075|zh|hanzi#149#siteA,2,REP-075|zh|hanzi#149,REP-075,C3,funerals,zh,hanzi,baseline,A,0.008609,0.995696,en,591
REP-075|zh|hanzi#149#siteA#k3,REP-075|zh|hanzi#149#siteA,3,REP-075|zh|hanzi#149,REP-075,C3,funerals,zh,hanzi,baseline,A,0.009106,0.995447,en,580
REP-075|zh|hanzi#149#siteA#k4,REP-075|zh|hanzi#149#siteA,4,REP-075|zh|hanzi#149,REP-075,C3,funerals,zh,hanzi,baseline,A,0.009701,0.99515,en,558
REP-075|zh|hanzi#149#siteB#k0,REP-075|zh|hanzi#149#siteB,0,REP-075|zh|hanzi#149,REP-075,C3,funerals,zh,hanzi,baseline,B,0.007329,0.996336,en,582
REP-075|zh|hanzi#149#siteB#k1,REP-075|zh|hanzi#149#siteB,1,REP-075|zh|hanzi#149,REP-075,C3,funerals,zh,hanzi,baseline,B,0.006986,0.996507,mixed,490
REP-075|zh|hanzi#149#siteB#k2,REP-075|zh|hanzi#149#siteB,2,REP-075|zh|hanzi#149,REP-075,C3,funerals,zh,hanzi,baseline,B,0.007603,0.996199,en,508
REP-075|zh|hanzi#149#siteB#k3,REP-075|zh|hanzi#149#siteB,3,REP-075|zh|hanzi#149,REP-075,C3,funerals,zh,hanzi,baseline,B,0.007542,0.996229,en,560
REP-075|zh|hanzi#149#siteB#k4,REP-075|zh|hanzi#149#siteB,4,REP-075|zh|hanzi#149,REP-075,C3,funerals,zh,hanzi,baseline,B,0.007167,0.996417,en,543
REP-075|en|latin#150#siteA#k0,REP-075|en|latin#150#siteA,0,REP-075|en|latin#150,REP-075,C3,funerals,en,latin,baseline,A,0.007414,0.996293,en,658
REP-075|en|latin#150#siteA#k1,REP-075|en|latin#150#siteA,1,REP-075|en|latin#150,REP-075,C3,funerals,en,latin,baseline,A,0.008211,0.995895,en,677
REP-075|en|latin#150#siteA#k2,REP-075|en|latin#150#siteA,2,REP-075|en|latin#150,REP-075,C3,funerals,en,latin,baseline,A,0.008051,0.995975,en,659
REP-075|en|latin#150#siteA#k3,REP-075|en|latin#150#siteA,3,REP-075|en|latin#150,REP-075,C3,funerals,en,latin,baseline,A,0.007533,0.996233,en,664
REP-075|en|latin#150#siteA#k4,REP-075|en|latin#150#siteA,4,REP-075|en|latin#150,REP-075,C3,funerals,en,latin,baseline,A,0.007695,0.996153,en,689
REP-075|en|latin#150#siteB#k0,REP-075|en|latin#150#siteB,0,REP-075|en|latin#150,REP-075,C3,funerals,en,latin,baseline,B,0.007228,0.996386,en,732
REP-075|en|latin#150#siteB#k1,REP-075|en|latin#150#siteB,1,REP-075|en|latin#150,REP-075,C3,funerals,en,latin,baseline,B,0.006706,0.996647,en,703
REP-075|en|latin#150#siteB#k2,REP-075|en|latin#150#siteB,2,REP-075|en|latin#150,REP-075,C3,funerals,en,latin,baseline,B,0.007339,0.99633,en,704
REP-075|en|latin#150#siteB#k3,REP-075|en|latin#150#siteB,3,REP-075|en|latin#150,REP-075,C3,funerals,en,latin,baseline,B,0.007438,0.996281,en,707
REP-075|en|latin#150#siteB#k4,REP-075|en|latin#150#siteB,4,REP-075|en|latin#150,REP-075,C3,funerals,en,latin,baseline,B,0.007616,0.996192,en,709
REP-076|zh|hanzi#151#siteA#k0,REP-076|zh|hanzi#151#siteA,0,REP-076|zh|hanzi#151,REP-076,C4,funerals,zh,hanzi,baseline,A,0.009195,0.995402,en,582
REP-076|zh|hanzi#151#siteA#k1,REP-076|zh|hanzi#151#siteA,1,REP-076|zh|hanzi#151,REP-076,C4,funerals,zh,hanzi,baseline,A,0.00848,0.99576,en,573
REP-076|zh|hanzi#151#siteA#k2,REP-076|zh|hanzi#151#siteA,2,REP-076|zh|hanzi#151,REP-076,C4,funerals,zh,hanzi,baseline,A,0.008331,0.995834,en,587
REP-076|zh|hanzi#151#siteA#k3,REP-076|zh|hanzi#151#siteA,3,REP-076|zh|hanzi#151,REP-076,C4,funerals,zh,hanzi,baseline,A,0.00879,0.995605,en,585
REP-076|zh|hanzi#151#siteA#k4,REP-076|zh|hanzi#151#siteA,4,REP-076|zh|hanzi#151,REP-076,C4,funerals,zh,hanzi,baseline,A,0.009478,0.995261,en,570
REP-076|zh|hanzi#151#siteB#k0,REP-076|zh|hanzi#151#siteB,0,REP-076|zh|hanzi#151,REP-076,C4,funerals,zh,hanzi,baseline,B,0.007518,0.99624,en,589
REP-076|zh|hanzi#151#siteB#k1,REP-076|zh|hanzi#151#siteB,1,REP-076|zh|hanzi#151,REP-076,C4,funerals,zh,hanzi,baseline,B,0.007653,0.996173,en,601
REP-076|zh|hanzi#151#siteB#k2,REP-076|zh|hanzi#151#siteB,2,REP-076|zh|hanzi#151,REP-076,C4,funerals,zh,hanzi,baseline,B,0.007474,0.996263,en,575
REP-076|zh|hanzi#151#siteB#k3,REP-076|zh|hanzi#151#siteB,3,REP-076|zh|hanzi#151,REP-076,C4,funerals,zh,hanzi,baseline,B,0.006895,0.996552,en,596
REP-076|zh|hanzi#151#siteB#k4,REP-076|zh|hanzi#151#siteB,4,REP-076|zh|hanzi#151,REP-076,C4,funerals,zh,hanzi,baseline,B,0.007586,0.996207,en,551
REP-076|en|latin#152#siteA#k0,REP-076|en|latin#152#siteA,0,REP-076|en|latin#152,REP-076,C4,funerals,en,latin,baseline,A,0.006789,0.996606,en,667
REP-076|en|latin#152#siteA#k1,REP-076|en|latin#152#siteA,1,REP-076|en|latin#152,REP-076,C4,funerals,en,latin,baseline,A,0.007353,0.996323,en,680
REP-076|en|latin#152#siteA#k2,REP-076|en|latin#152#siteA,2,REP-076|en|latin#152,REP-076,C4,funerals,en,latin,baseline,A,0.007309,0.996346,en,665
REP-076|en|latin#152#siteA#k3,REP-076|en|latin#152#siteA,3,REP-076|en|latin#152,REP-076,C4,funerals,en,latin,baseline,A,0.00846,0.99577,en,694
REP-076|en|latin#152#siteA#k4,REP-076|en|latin#152#siteA,4,REP-076|en|latin#152,REP-076,C4,funerals,en,latin,baseline,A,0.007045,0.996478,en,661
REP-076|en|latin#152#siteB#k0,REP-076|en|latin#152#siteB,0,REP-076|en|latin#152,REP-076,C4,funerals,en,latin,baseline,B,0.005378,0.997311,en,703
REP-076|en|latin#152#siteB#k1,REP-076|en|latin#152#siteB,1,REP-076|en|latin#152,REP-076,C4,funerals,en,latin,baseline,B,0.006054,0.996973,en,680
REP-076|en|latin#152#siteB#k2,REP-076|en|latin#152#siteB,2,REP-076|en|latin#152,REP-076,C4,funerals,en,latin,baseline,B,0.005779,0.997111,en,668
REP-076|en|latin#152#siteB#k3,REP-076|en|latin#152#siteB,3,REP-076|en|latin#152,REP-076,C4,funerals,en,latin,baseline,B,0.006648,0.996676,en,683
REP-076|en|latin#152#siteB#k4,REP-076|en|latin#152#siteB,4,REP-076|en|latin#152,REP-076,C4,funerals,en,latin,baseline,B,0.006754,0.996623,en,683
REP-077|zh|hanzi#153#siteA#k0,REP-077|zh|hanzi#153#siteA,0,REP-077|zh|hanzi#153,REP-077,C5,funerals,zh,hanzi,baseline,A,0.008136,0.995932,en,545
REP-077|zh|hanzi#153#siteA#k1,REP-077|zh|hanzi#153#siteA,1,REP-077|zh|hanzi#153,REP-077,C5,funerals,zh,hanzi,baseline,A,0.007806,0.996097,en,527
REP-077|zh|hanzi#153#siteA#k2,REP-077|zh|hanzi#153#siteA,2,REP-077|zh|hanzi#153,REP-077,C5,funerals,zh,hanzi,baseline,A,0.008121,0.995939,en,558
REP-077|zh|hanzi#153#siteA#k3,REP-077|zh|hanzi#153#siteA,3,REP-077|zh|hanzi#153,REP-077,C5,funerals,zh,hanzi,baseline,A,0.008995,0.995502,en,544
REP-077|zh|hanzi#153#siteA#k4,REP-077|zh|hanzi#153#siteA,4,REP-077|zh|hanzi#153,REP-077,C5,funerals,zh,hanzi,baseline,A,0.007489,0.996256,en,526
REP-077|zh|hanzi#153#siteB#k0,REP-077|zh|hanzi#153#siteB,0,REP-077|zh|hanzi#153,REP-077,C5,funerals,zh,hanzi,baseline,B,0.006935,0.996532,mixed,469
REP-077|zh|hanzi#153#siteB#k1,REP-077|zh|hanzi#153#siteB,1,REP-077|zh|hanzi#153,REP-077,C5,funerals,zh,hanzi,baseline,B,0.00734,0.99633,mixed,535
REP-077|zh|hanzi#153#siteB#k2,REP-077|zh|hanzi#153#siteB,2,REP-077|zh|hanzi#153,REP-077,C5,funerals,zh,hanzi,baseline,B,0.006469,0.996765,mixed,447
REP-077|zh|hanzi#153#siteB#k3,REP-077|zh|hanzi#153#siteB,3,REP-077|zh|hanzi#153,REP-077,C5,funerals,zh,hanzi,baseline,B,0.0077,0.99615,mixed,493
REP-077|zh|hanzi#153#siteB#k4,REP-077|zh|hanzi#153#siteB,4,REP-077|zh|hanzi#153,REP-077,C5,funerals,zh,hanzi,baseline,B,0.00674,0.99663,mixed,461
REP-077|en|latin#154#siteA#k0,REP-077|en|latin#154#siteA,0,REP-077|en|latin#154,REP-077,C5,funerals,en,latin,baseline,A,0.007758,0.996121,en,674
REP-077|en|latin#154#siteA#k1,REP-077|en|latin#154#siteA,1,REP-077|en|latin#154,REP-077,C5,funerals,en,latin,baseline,A,0.00765,0.996175,en,682
REP-077|en|latin#154#siteA#k2,REP-077|en|latin#154#siteA,2,REP-077|en|latin#154,REP-077,C5,funerals,en,latin,baseline,A,0.007226,0.996387,en,680
REP-077|en|latin#154#siteA#k3,REP-077|en|latin#154#siteA,3,REP-077|en|latin#154,REP-077,C5,funerals,en,latin,baseline,A,0.00746,0.99627,en,676
REP-077|en|latin#154#siteA#k4,REP-077|en|latin#154#siteA,4,REP-077|en|latin#154,REP-077,C5,funerals,en,latin,baseline,A,0.007763,0.996118,en,705
REP-077|en|latin#154#siteB#k0,REP-077|en|latin#154#siteB,0,REP-077|en|latin#154,REP-077,C5,funerals,en,latin,baseline,B,0.004748,0.997626,en,712
REP-077|en|latin#154#siteB#k1,REP-077|en|latin#154#siteB,1,REP-077|en|latin#154,REP-077,C5,funerals,en,latin,baseline,B,0.004569,0.997716,en,688
REP-077|en|latin#154#siteB#k2,REP-077|en|latin#154#siteB,2,REP-077|en|latin#154,REP-077,C5,funerals,en,latin,baseline,B,0.00474,0.99763,en,705
REP-077|en|latin#154#siteB#k3,REP-077|en|latin#154#siteB,3,REP-077|en|latin#154,REP-077,C5,funerals,en,latin,baseline,B,0.004467,0.997767,en,702
REP-077|en|latin#154#siteB#k4,REP-077|en|latin#154#siteB,4,REP-077|en|latin#154,REP-077,C5,funerals,en,latin,baseline,B,0.005451,0.997274,en,727
REP-078|zh|hanzi#155#siteA#k0,REP-078|zh|hanzi#155#siteA,0,REP-078|zh|hanzi#155,REP-078,C6,funerals,zh,hanzi,baseline,A,0.00735,0.996325,en,596
REP-078|zh|hanzi#155#siteA#k1,REP-078|zh|hanzi#155#siteA,1,REP-078|zh|hanzi#155,REP-078,C6,funerals,zh,hanzi,baseline,A,0.00733,0.996335,en,581
REP-078|zh|hanzi#155#siteA#k2,REP-078|zh|hanzi#155#siteA,2,REP-078|zh|hanzi#155,REP-078,C6,funerals,zh,hanzi,baseline,A,0.008735,0.995633,en,533
REP-078|zh|hanzi#155#siteA#k3,REP-078|zh|hanzi#155#siteA,3,REP-078|zh|hanzi#155,REP-078,C6,funerals,zh,hanzi,baseline,A,0.008433,0.995784,en,567
REP-078|zh|hanzi#155#siteA#k4,REP-078|zh|hanzi#155#siteA,4,REP-078|zh|hanzi#155,REP-078,C6,funerals,zh,hanzi,baseline,A,0.007719,0.99614,en,608
REP-078|zh|hanzi#155#siteB#k0,REP-078|zh|hanzi#155#siteB,0,REP-078|zh|hanzi#155,REP-078,C6,funerals,zh,hanzi,baseline,B,0.006608,0.996696,mixed,440
REP-078|zh|hanzi#155#siteB#k1,REP-078|zh|hanzi#155#siteB,1,REP-078|zh|hanzi#155,REP-078,C6,funerals,zh,hanzi,baseline,B,0.007243,0.996378,mixed,443
REP-078|zh|hanzi#155#siteB#k2,REP-078|zh|hanzi#155#siteB,2,REP-078|zh|hanzi#155,REP-078,C6,funerals,zh,hanzi,baseline,B,0.006407,0.996797,mixed,455
REP-078|zh|hanzi#155#siteB#k3,REP-078|zh|hanzi#155#siteB,3,REP-078|zh|hanzi#155,REP-078,C6,funerals,zh,hanzi,baseline,B,0.007641,0.99618,mixed,444
REP-078|zh|hanzi#155#siteB#k4,REP-078|zh|hanzi#155#siteB,4,REP-078|zh|hanzi#155,REP-078,C6,funerals,zh,hanzi,baseline,B,0.006543,0.996728,mixed,457
REP-078|en|latin#156#siteA#k0,REP-078|en|latin#156#siteA,0,REP-078|en|latin#156,REP-078,C6,funerals,en,latin,baseline,A,0.006133,0.996933,en,721
REP-078|en|latin#156#siteA#k1,REP-078|en|latin#156#siteA,1,REP-078|en|latin#156,REP-078,C6,funerals,en,latin,baseline,A,0.006624,0.996688,en,684
REP-078|en|latin#156#siteA#k2,REP-078|en|latin#156#siteA,2,REP-078|en|latin#156,REP-078,C6,funerals,en,latin,baseline,A,0.007085,0.996457,en,726
REP-078|en|latin#156#siteA#k3,REP-078|en|latin#156#siteA,3,REP-078|en|latin#156,REP-078,C6,funerals,en,latin,baseline,A,0.006864,0.996568,en,709
REP-078|en|latin#156#siteA#k4,REP-078|en|latin#156#siteA,4,REP-078|en|latin#156,REP-078,C6,funerals,en,latin,baseline,A,0.006754,0.996623,en,739
REP-078|en|latin#156#siteB#k0,REP-078|en|latin#156#siteB,0,REP-078|en|latin#156,REP-078,C6,funerals,en,latin,baseline,B,0.00784,0.99608,en,703
REP-078|en|latin#156#siteB#k1,REP-078|en|latin#156#siteB,1,REP-078|en|latin#156,REP-078,C6,funerals,en,latin,baseline,B,0.008478,0.995761,en,699
REP-078|en|latin#156#siteB#k2,REP-078|en|latin#156#siteB,2,REP-078|en|latin#156,REP-078,C6,funerals,en,latin,baseline,B,0.008489,0.995756,en,707
REP-078|en|latin#156#siteB#k3,REP-078|en|latin#156#siteB,3,REP-078|en|latin#156,REP-078,C6,funerals,en,latin,baseline,B,0.008067,0.995967,en,701
REP-078|en|latin#156#siteB#k4,REP-078|en|latin#156#siteB,4,REP-078|en|latin#156,REP-078,C6,funerals,en,latin,baseline,B,0.008386,0.995808,en,703
REP-079|zh|hanzi#157#siteA#k0,REP-079|zh|hanzi#157#siteA,0,REP-079|zh|hanzi#157,REP-079,C1,pain,zh,hanzi,baseline,A,0.008609,0.995696,en,585
REP-079|zh|hanzi#157#siteA#k1,REP-079|zh|hanzi#157#siteA,1,REP-079|zh|hanzi#157,REP-079,C1,pain,zh,hanzi,baseline,A,0.008875,0.995562,en,590
REP-079|zh|hanzi#157#siteA#k2,REP-079|zh|hanzi#157#siteA,2,REP-079|zh|hanzi#157,REP-079,C1,pain,zh,hanzi,baseline,A,0.008868,0.995566,en,637
REP-079|zh|hanzi#157#siteA#k3,REP-079|zh|hanzi#157#siteA,3,REP-079|zh|hanzi#157,REP-079,C1,pain,zh,hanzi,baseline,A,0.008967,0.995517,en,637
REP-079|zh|hanzi#157#siteA#k4,REP-079|zh|hanzi#157#siteA,4,REP-079|zh|hanzi#157,REP-079,C1,pain,zh,hanzi,baseline,A,0.008548,0.995726,en,592
REP-079|zh|hanzi#157#siteB#k0,REP-079|zh|hanzi#157#siteB,0,REP-079|zh|hanzi#157,REP-079,C1,pain,zh,hanzi,baseline,B,0.006769,0.996616,mixed,540
REP-079|zh|hanzi#157#siteB#k1,REP-079|zh|hanzi#157#siteB,1,REP-079|zh|hanzi#157,REP-079,C1,pain,zh,hanzi,baseline,B,0.005827,0.997086,en,567
REP-079|zh|hanzi#157#siteB#k2,REP-079|zh|hanzi#157#siteB,2,REP-079|zh|hanzi#157,REP-079,C1,pain,zh,hanzi,baseline,B,0.005673,0.997164,mixed,535
REP-079|zh|hanzi#157#siteB#k3,REP-079|zh|hanzi#157#siteB,3,REP-079|zh|hanzi#157,REP-079,C1,pain,zh,hanzi,baseline,B,0.005945,0.997027,en,578
REP-079|zh|hanzi#157#siteB#k4,REP-079|zh|hanzi#157#siteB,4,REP-079|zh|hanzi#157,REP-079,C1,pain,zh,hanzi,baseline,B,0.006115,0.996942,mixed,538
REP-079|en|latin#158#siteA#k0,REP-079|en|latin#158#siteA,0,REP-079|en|latin#158,REP-079,C1,pain,en,latin,baseline,A,0.012503,0.993749,en,705
REP-079|en|latin#158#siteA#k1,REP-079|en|latin#158#siteA,1,REP-079|en|latin#158,REP-079,C1,pain,en,latin,baseline,A,0.010334,0.994833,en,721
REP-079|en|latin#158#siteA#k2,REP-079|en|latin#158#siteA,2,REP-079|en|latin#158,REP-079,C1,pain,en,latin,baseline,A,0.011305,0.994348,en,707
REP-079|en|latin#158#siteA#k3,REP-079|en|latin#158#siteA,3,REP-079|en|latin#158,REP-079,C1,pain,en,latin,baseline,A,0.011327,0.994337,en,673
REP-079|en|latin#158#siteA#k4,REP-079|en|latin#158#siteA,4,REP-079|en|latin#158,REP-079,C1,pain,en,latin,baseline,A,0.011812,0.994094,en,717
REP-079|en|latin#158#siteB#k0,REP-079|en|latin#158#siteB,0,REP-079|en|latin#158,REP-079,C1,pain,en,latin,baseline,B,0.005931,0.997034,en,748
REP-079|en|latin#158#siteB#k1,REP-079|en|latin#158#siteB,1,REP-079|en|latin#158,REP-079,C1,pain,en,latin,baseline,B,0.006471,0.996765,en,784
REP-079|en|latin#158#siteB#k2,REP-079|en|latin#158#siteB,2,REP-079|en|latin#158,REP-079,C1,pain,en,latin,baseline,B,0.006209,0.996895,en,766
REP-079|en|latin#158#siteB#k3,REP-079|en|latin#158#siteB,3,REP-079|en|latin#158,REP-079,C1,pain,en,latin,baseline,B,0.006627,0.996686,en,762
REP-079|en|latin#158#siteB#k4,REP-079|en|latin#158#siteB,4,REP-079|en|latin#158,REP-079,C1,pain,en,latin,baseline,B,0.006213,0.996894,en,787
REP-080|zh|hanzi#159#siteA#k0,REP-080|zh|hanzi#159#siteA,0,REP-080|zh|hanzi#159,REP-080,C2,pain,zh,hanzi,baseline,A,0.008537,0.995731,en,529
REP-080|zh|hanzi#159#siteA#k1,REP-080|zh|hanzi#159#siteA,1,REP-080|zh|hanzi#159,REP-080,C2,pain,zh,hanzi,baseline,A,0.007977,0.996012,en,582
REP-080|zh|hanzi#159#siteA#k2,REP-080|zh|hanzi#159#siteA,2,REP-080|zh|hanzi#159,REP-080,C2,pain,zh,hanzi,baseline,A,0.008613,0.995694,en,651
REP-080|zh|hanzi#159#siteA#k3,REP-080|zh|hanzi#159#siteA,3,REP-080|zh|hanzi#159,REP-080,C2,pain,zh,hanzi,baseline,A,0.009735,0.995133,en,573
REP-080|zh|hanzi#159#siteA#k4,REP-080|zh|hanzi#159#siteA,4,REP-080|zh|hanzi#159,REP-080,C2,pain,zh,hanzi,baseline,A,0.008449,0.995775,en,580
REP-080|zh|hanzi#159#siteB#k0,REP-080|zh|hanzi#159#siteB,0,REP-080|zh|hanzi#159,REP-080,C2,pain,zh,hanzi,baseline,B,0.009717,0.995142,mixed,546
REP-080|zh|hanzi#159#siteB#k1,REP-080|zh|hanzi#159#siteB,1,REP-080|zh|hanzi#159,REP-080,C2,pain,zh,hanzi,baseline,B,0.007778,0.996111,mixed,495
REP-080|zh|hanzi#159#siteB#k2,REP-080|zh|hanzi#159#siteB,2,REP-080|zh|hanzi#159,REP-080,C2,pain,zh,hanzi,baseline,B,0.009606,0.995197,mixed,517
REP-080|zh|hanzi#159#siteB#k3,REP-080|zh|hanzi#159#siteB,3,REP-080|zh|hanzi#159,REP-080,C2,pain,zh,hanzi,baseline,B,0.008986,0.995507,mixed,521
REP-080|zh|hanzi#159#siteB#k4,REP-080|zh|hanzi#159#siteB,4,REP-080|zh|hanzi#159,REP-080,C2,pain,zh,hanzi,baseline,B,0.008826,0.995587,mixed,546
REP-080|en|latin#160#siteA#k0,REP-080|en|latin#160#siteA,0,REP-080|en|latin#160,REP-080,C2,pain,en,latin,baseline,A,0.010363,0.994819,en,681
REP-080|en|latin#160#siteA#k1,REP-080|en|latin#160#siteA,1,REP-080|en|latin#160,REP-080,C2,pain,en,latin,baseline,A,0.01159,0.994205,en,691
REP-080|en|latin#160#siteA#k2,REP-080|en|latin#160#siteA,2,REP-080|en|latin#160,REP-080,C2,pain,en,latin,baseline,A,0.010393,0.994804,en,659
REP-080|en|latin#160#siteA#k3,REP-080|en|latin#160#siteA,3,REP-080|en|latin#160,REP-080,C2,pain,en,latin,baseline,A,0.009899,0.995051,en,674
REP-080|en|latin#160#siteA#k4,REP-080|en|latin#160#siteA,4,REP-080|en|latin#160,REP-080,C2,pain,en,latin,baseline,A,0.010152,0.994924,en,694
REP-080|en|latin#160#siteB#k0,REP-080|en|latin#160#siteB,0,REP-080|en|latin#160,REP-080,C2,pain,en,latin,baseline,B,0.008264,0.995868,en,733
REP-080|en|latin#160#siteB#k1,REP-080|en|latin#160#siteB,1,REP-080|en|latin#160,REP-080,C2,pain,en,latin,baseline,B,0.009976,0.995013,en,719
REP-080|en|latin#160#siteB#k2,REP-080|en|latin#160#siteB,2,REP-080|en|latin#160,REP-080,C2,pain,en,latin,baseline,B,0.008648,0.995676,en,735
REP-080|en|latin#160#siteB#k3,REP-080|en|latin#160#siteB,3,REP-080|en|latin#160,REP-080,C2,pain,en,latin,baseline,B,0.009773,0.995114,en,720
REP-080|en|latin#160#siteB#k4,REP-080|en|latin#160#siteB,4,REP-080|en|latin#160,REP-080,C2,pain,en,latin,baseline,B,0.008972,0.995514,en,749
REP-081|zh|hanzi#161#siteA#k0,REP-081|zh|hanzi#161#siteA,0,REP-081|zh|hanzi#161,REP-081,C3,pain,zh,hanzi,baseline,A,0.008843,0.995578,en,581
REP-081|zh|hanzi#161#siteA#k1,REP-081|zh|hanzi#161#siteA,1,REP-081|zh|hanzi#161,REP-081,C3,pain,zh,hanzi,baseline,A,0.010092,0.994954,en,564
REP-081|zh|hanzi#161#siteA#k2,REP-081|zh|hanzi#161#siteA,2,REP-081|zh|hanzi#161,REP-081,C3,pain,zh,hanzi,baseline,A,0.010211,0.994895,en,584
REP-081|zh|hanzi#161#siteA#k3,REP-081|zh|hanzi#161#siteA,3,REP-081|zh|hanzi#161,REP-081,C3,pain,zh,hanzi,baseline,A,0.009779,0.995111,en,604
REP-081|zh|hanzi#161#siteA#k4,REP-081|zh|hanzi#161#siteA,4,REP-081|zh|hanzi#161,REP-081,C3,pain,zh,hanzi,baseline,A,0.008629,0.995685,en,571
REP-081|zh|hanzi#161#siteB#k0,REP-081|zh|hanzi#161#siteB,0,REP-081|zh|hanzi#161,REP-081,C3,pain,zh,hanzi,baseline,B,0.006896,0.996552,en,560
REP-081|zh|hanzi#161#siteB#k1,REP-081|zh|hanzi#161#siteB,1,REP-081|zh|hanzi#161,REP-081,C3,pain,zh,hanzi,baseline,B,0.007017,0.996492,en,554
REP-081|zh|hanzi#161#siteB#k2,REP-081|zh|hanzi#161#siteB,2,REP-081|zh|hanzi#161,REP-081,C3,pain,zh,hanzi,baseline,B,0.007004,0.996498,en,576
REP-081|zh|hanzi#161#siteB#k3,REP-081|zh|hanzi#161#siteB,3,REP-081|zh|hanzi#161,REP-081,C3,pain,zh,hanzi,baseline,B,0.007857,0.996071,en,554
REP-081|zh|hanzi#161#siteB#k4,REP-081|zh|hanzi#161#siteB,4,REP-081|zh|hanzi#161,REP-081,C3,pain,zh,hanzi,baseline,B,0.006493,0.996754,mixed,506
REP-081|en|latin#162#siteA#k0,REP-081|en|latin#162#siteA,0,REP-081|en|latin#162,REP-081,C3,pain,en,latin,baseline,A,0.009263,0.995369,en,689
REP-081|en|latin#162#siteA#k1,REP-081|en|latin#162#siteA,1,REP-081|en|latin#162,REP-081,C3,pain,en,latin,baseline,A,0.008515,0.995742,en,673
REP-081|en|latin#162#siteA#k2,REP-081|en|latin#162#siteA,2,REP-081|en|latin#162,REP-081,C3,pain,en,latin,baseline,A,0.008519,0.995741,en,661
REP-081|en|latin#162#siteA#k3,REP-081|en|latin#162#siteA,3,REP-081|en|latin#162,REP-081,C3,pain,en,latin,baseline,A,0.009018,0.99549,en,663
REP-081|en|latin#162#siteA#k4,REP-081|en|latin#162#siteA,4,REP-081|en|latin#162,REP-081,C3,pain,en,latin,baseline,A,0.008317,0.995841,en,651
REP-081|en|latin#162#siteB#k0,REP-081|en|latin#162#siteB,0,REP-081|en|latin#162,REP-081,C3,pain,en,latin,baseline,B,0.007025,0.996488,en,686
REP-081|en|latin#162#siteB#k1,REP-081|en|latin#162#siteB,1,REP-081|en|latin#162,REP-081,C3,pain,en,latin,baseline,B,0.007303,0.996349,en,677
REP-081|en|latin#162#siteB#k2,REP-081|en|latin#162#siteB,2,REP-081|en|latin#162,REP-081,C3,pain,en,latin,baseline,B,0.007074,0.996463,en,719
REP-081|en|latin#162#siteB#k3,REP-081|en|latin#162#siteB,3,REP-081|en|latin#162,REP-081,C3,pain,en,latin,baseline,B,0.007021,0.99649,en,744
REP-081|en|latin#162#siteB#k4,REP-081|en|latin#162#siteB,4,REP-081|en|latin#162,REP-081,C3,pain,en,latin,baseline,B,0.007307,0.996346,en,689
REP-082|zh|hanzi#163#siteA#k0,REP-082|zh|hanzi#163#siteA,0,REP-082|zh|hanzi#163,REP-082,C4,pain,zh,hanzi,baseline,A,0.010771,0.994615,en,551
REP-082|zh|hanzi#163#siteA#k1,REP-082|zh|hanzi#163#siteA,1,REP-082|zh|hanzi#163,REP-082,C4,pain,zh,hanzi,baseline,A,0.009914,0.995043,en,573
REP-082|zh|hanzi#163#siteA#k2,REP-082|zh|hanzi#163#siteA,2,REP-082|zh|hanzi#163,REP-082,C4,pain,zh,hanzi,baseline,A,0.009633,0.995183,en,534
REP-082|zh|hanzi#163#siteA#k3,REP-082|zh|hanzi#163#siteA,3,REP-082|zh|hanzi#163,REP-082,C4,pain,zh,hanzi,baseline,A,0.010495,0.994752,en,579
REP-082|zh|hanzi#163#siteA#k4,REP-082|zh|hanzi#163#siteA,4,REP-082|zh|hanzi#163,REP-082,C4,pain,zh,hanzi,baseline,A,0.010814,0.994593,en,574
REP-082|zh|hanzi#163#siteB#k0,REP-082|zh|hanzi#163#siteB,0,REP-082|zh|hanzi#163,REP-082,C4,pain,zh,hanzi,baseline,B,0.006624,0.996688,en,568
REP-082|zh|hanzi#163#siteB#k1,REP-082|zh|hanzi#163#siteB,1,REP-082|zh|hanzi#163,REP-082,C4,pain,zh,hanzi,baseline,B,0.006664,0.996668,en,599
REP-082|zh|hanzi#163#siteB#k2,REP-082|zh|hanzi#163#siteB,2,REP-082|zh|hanzi#163,REP-082,C4,pain,zh,hanzi,baseline,B,0.006642,0.996679,mixed,563
REP-082|zh|hanzi#163#siteB#k3,REP-082|zh|hanzi#163#siteB,3,REP-082|zh|hanzi#163,REP-082,C4,pain,zh,hanzi,baseline,B,0.006746,0.996627,en,568
REP-082|zh|hanzi#163#siteB#k4,REP-082|zh|hanzi#163#siteB,4,REP-082|zh|hanzi#163,REP-082,C4,pain,zh,hanzi,baseline,B,0.006842,0.996579,mixed,563
REP-082|en|latin#164#siteA#k0,REP-082|en|latin#164#siteA,0,REP-082|en|latin#164,REP-082,C4,pain,en,latin,baseline,A,0.008101,0.99595,en,679
REP-082|en|latin#164#siteA#k1,REP-082|en|latin#164#siteA,1,REP-082|en|latin#164,REP-082,C4,pain,en,latin,baseline,A,0.007673,0.996164,en,697
REP-082|en|latin#164#siteA#k2,REP-082|en|latin#164#siteA,2,REP-082|en|latin#164,REP-082,C4,pain,en,latin,baseline,A,0.007985,0.996008,en,676
REP-082|en|latin#164#siteA#k3,REP-082|en|latin#164#siteA,3,REP-082|en|latin#164,REP-082,C4,pain,en,latin,baseline,A,0.007893,0.996053,en,694
REP-082|en|latin#164#siteA#k4,REP-082|en|latin#164#siteA,4,REP-082|en|latin#164,REP-082,C4,pain,en,latin,baseline,A,0.007399,0.996301,en,707
REP-082|en|latin#164#siteB#k0,REP-082|en|latin#164#siteB,0,REP-082|en|latin#164,REP-082,C4,pain,en,latin,baseline,B,0.005377,0.997312,en,684
REP-082|en|latin#164#siteB#k1,REP-082|en|latin#164#siteB,1,REP-082|en|latin#164,REP-082,C4,pain,en,latin,baseline,B,0.005551,0.997225,en,673
REP-082|en|latin#164#siteB#k2,REP-082|en|latin#164#siteB,2,REP-082|en|latin#164,REP-082,C4,pain,en,latin,baseline,B,0.005836,0.997082,en,709
REP-082|en|latin#164#siteB#k3,REP-082|en|latin#164#siteB,3,REP-082|en|latin#164,REP-082,C4,pain,en,latin,baseline,B,0.005522,0.997239,en,714
REP-082|en|latin#164#siteB#k4,REP-082|en|latin#164#siteB,4,REP-082|en|latin#164,REP-082,C4,pain,en,latin,baseline,B,0.006042,0.996979,en,658
REP-083|zh|hanzi#165#siteA#k0,REP-083|zh|hanzi#165#siteA,0,REP-083|zh|hanzi#165,REP-083,C5,pain,zh,hanzi,baseline,A,0.007362,0.996319,en,569
REP-083|zh|hanzi#165#siteA#k1,REP-083|zh|hanzi#165#siteA,1,REP-083|zh|hanzi#165,REP-083,C5,pain,zh,hanzi,baseline,A,0.007279,0.996361,en,560
REP-083|zh|hanzi#165#siteA#k2,REP-083|zh|hanzi#165#siteA,2,REP-083|zh|hanzi#165,REP-083,C5,pain,zh,hanzi,baseline,A,0.008272,0.995864,en,572
REP-083|zh|hanzi#165#siteA#k3,REP-083|zh|hanzi#165#siteA,3,REP-083|zh|hanzi#165,REP-083,C5,pain,zh,hanzi,baseline,A,0.008337,0.995832,en,564
REP-083|zh|hanzi#165#siteA#k4,REP-083|zh|hanzi#165#siteA,4,REP-083|zh|hanzi#165,REP-083,C5,pain,zh,hanzi,baseline,A,0.007653,0.996174,en,536
REP-083|zh|hanzi#165#siteB#k0,REP-083|zh|hanzi#165#siteB,0,REP-083|zh|hanzi#165,REP-083,C5,pain,zh,hanzi,baseline,B,0.007449,0.996276,mixed,487
REP-083|zh|hanzi#165#siteB#k1,REP-083|zh|hanzi#165#siteB,1,REP-083|zh|hanzi#165,REP-083,C5,pain,zh,hanzi,baseline,B,0.007349,0.996326,mixed,490
REP-083|zh|hanzi#165#siteB#k2,REP-083|zh|hanzi#165#siteB,2,REP-083|zh|hanzi#165,REP-083,C5,pain,zh,hanzi,baseline,B,0.006894,0.996553,mixed,490
REP-083|zh|hanzi#165#siteB#k3,REP-083|zh|hanzi#165#siteB,3,REP-083|zh|hanzi#165,REP-083,C5,pain,zh,hanzi,baseline,B,0.007564,0.996218,mixed,525
REP-083|zh|hanzi#165#siteB#k4,REP-083|zh|hanzi#165#siteB,4,REP-083|zh|hanzi#165,REP-083,C5,pain,zh,hanzi,baseline,B,0.007454,0.996273,mixed,517
REP-083|en|latin#166#siteA#k0,REP-083|en|latin#166#siteA,0,REP-083|en|latin#166,REP-083,C5,pain,en,latin,baseline,A,0.006457,0.996771,en,683
REP-083|en|latin#166#siteA#k1,REP-083|en|latin#166#siteA,1,REP-083|en|latin#166,REP-083,C5,pain,en,latin,baseline,A,0.007112,0.996444,en,707
REP-083|en|latin#166#siteA#k2,REP-083|en|latin#166#siteA,2,REP-083|en|latin#166,REP-083,C5,pain,en,latin,baseline,A,0.006888,0.996556,en,659
REP-083|en|latin#166#siteA#k3,REP-083|en|latin#166#siteA,3,REP-083|en|latin#166,REP-083,C5,pain,en,latin,baseline,A,0.006635,0.996683,en,711
REP-083|en|latin#166#siteA#k4,REP-083|en|latin#166#siteA,4,REP-083|en|latin#166,REP-083,C5,pain,en,latin,baseline,A,0.007263,0.996368,en,666
REP-083|en|latin#166#siteB#k0,REP-083|en|latin#166#siteB,0,REP-083|en|latin#166,REP-083,C5,pain,en,latin,baseline,B,0.005787,0.997106,en,686
REP-083|en|latin#166#siteB#k1,REP-083|en|latin#166#siteB,1,REP-083|en|latin#166,REP-083,C5,pain,en,latin,baseline,B,0.006903,0.996549,en,718
REP-083|en|latin#166#siteB#k2,REP-083|en|latin#166#siteB,2,REP-083|en|latin#166,REP-083,C5,pain,en,latin,baseline,B,0.006127,0.996936,en,687
REP-083|en|latin#166#siteB#k3,REP-083|en|latin#166#siteB,3,REP-083|en|latin#166,REP-083,C5,pain,en,latin,baseline,B,0.006632,0.996684,en,697
REP-083|en|latin#166#siteB#k4,REP-083|en|latin#166#siteB,4,REP-083|en|latin#166,REP-083,C5,pain,en,latin,baseline,B,0.006091,0.996955,en,654
REP-084|zh|hanzi#167#siteA#k0,REP-084|zh|hanzi#167#siteA,0,REP-084|zh|hanzi#167,REP-084,C6,pain,zh,hanzi,baseline,A,0.008056,0.995972,en,596
REP-084|zh|hanzi#167#siteA#k1,REP-084|zh|hanzi#167#siteA,1,REP-084|zh|hanzi#167,REP-084,C6,pain,zh,hanzi,baseline,A,0.008406,0.995797,mixed,509
REP-084|zh|hanzi#167#siteA#k2,REP-084|zh|hanzi#167#siteA,2,REP-084|zh|hanzi#167,REP-084,C6,pain,zh,hanzi,baseline,A,0.0087,0.99565,en,566
REP-084|zh|hanzi#167#siteA#k3,REP-084|zh|hanzi#167#siteA,3,REP-084|zh|hanzi#167,REP-084,C6,pain,zh,hanzi,baseline,A,0.009002,0.995499,en,565
REP-084|zh|hanzi#167#siteA#k4,REP-084|zh|hanzi#167#siteA,4,REP-084|zh|hanzi#167,REP-084,C6,pain,zh,hanzi,baseline,A,0.008853,0.995574,en,569
REP-084|zh|hanzi#167#siteB#k0,REP-084|zh|hanzi#167#siteB,0,REP-084|zh|hanzi#167,REP-084,C6,pain,zh,hanzi,baseline,B,0.006601,0.9967,mixed,481
REP-084|zh|hanzi#167#siteB#k1,REP-084|zh|hanzi#167#siteB,1,REP-084|zh|hanzi#167,REP-084,C6,pain,zh,hanzi,baseline,B,0.006967,0.996517,mixed,483
REP-084|zh|hanzi#167#siteB#k2,REP-084|zh|hanzi#167#siteB,2,REP-084|zh|hanzi#167,REP-084,C6,pain,zh,hanzi,baseline,B,0.006667,0.996666,mixed,431
REP-084|zh|hanzi#167#siteB#k3,REP-084|zh|hanzi#167#siteB,3,REP-084|zh|hanzi#167,REP-084,C6,pain,zh,hanzi,baseline,B,0.006917,0.996541,mixed,479
REP-084|zh|hanzi#167#siteB#k4,REP-084|zh|hanzi#167#siteB,4,REP-084|zh|hanzi#167,REP-084,C6,pain,zh,hanzi,baseline,B,0.007564,0.996218,mixed,540
REP-084|en|latin#168#siteA#k0,REP-084|en|latin#168#siteA,0,REP-084|en|latin#168,REP-084,C6,pain,en,latin,baseline,A,0.005984,0.997008,en,670
REP-084|en|latin#168#siteA#k1,REP-084|en|latin#168#siteA,1,REP-084|en|latin#168,REP-084,C6,pain,en,latin,baseline,A,0.006802,0.996599,en,673
REP-084|en|latin#168#siteA#k2,REP-084|en|latin#168#siteA,2,REP-084|en|latin#168,REP-084,C6,pain,en,latin,baseline,A,0.006817,0.996591,en,675
REP-084|en|latin#168#siteA#k3,REP-084|en|latin#168#siteA,3,REP-084|en|latin#168,REP-084,C6,pain,en,latin,baseline,A,0.005993,0.997004,en,657
REP-084|en|latin#168#siteA#k4,REP-084|en|latin#168#siteA,4,REP-084|en|latin#168,REP-084,C6,pain,en,latin,baseline,A,0.006367,0.996817,en,678
REP-084|en|latin#168#siteB#k0,REP-084|en|latin#168#siteB,0,REP-084|en|latin#168,REP-084,C6,pain,en,latin,baseline,B,0.00801,0.995995,en,675
REP-084|en|latin#168#siteB#k1,REP-084|en|latin#168#siteB,1,REP-084|en|latin#168,REP-084,C6,pain,en,latin,baseline,B,0.009528,0.995236,en,672
REP-084|en|latin#168#siteB#k2,REP-084|en|latin#168#siteB,2,REP-084|en|latin#168,REP-084,C6,pain,en,latin,baseline,B,0.008626,0.995687,en,678
REP-084|en|latin#168#siteB#k3,REP-084|en|latin#168#siteB,3,REP-084|en|latin#168,REP-084,C6,pain,en,latin,baseline,B,0.009644,0.995178,en,680
REP-084|en|latin#168#siteB#k4,REP-084|en|latin#168#siteB,4,REP-084|en|latin#168,REP-084,C6,pain,en,latin,baseline,B,0.009406,0.995297,en,698
SUP-085|zh|hanzi#169#siteA#k0,SUP-085|zh|hanzi#169#siteA,0,SUP-085|zh|hanzi#169,SUP-085,Q1,freedom,zh,hanzi,baseline,A,0.011846,0.994077,en,602
SUP-085|zh|hanzi#169#siteA#k1,SUP-085|zh|hanzi#169#siteA,1,SUP-085|zh|hanzi#169,SUP-085,Q1,freedom,zh,hanzi,baseline,A,0.011912,0.994044,en,576
SUP-085|zh|hanzi#169#siteA#k2,SUP-085|zh|hanzi#169#siteA,2,SUP-085|zh|hanzi#169,SUP-085,Q1,freedom,zh,hanzi,baseline,A,0.012712,0.993644,en,587
SUP-085|zh|hanzi#169#siteA#k3,SUP-085|zh|hanzi#169#siteA,3,SUP-085|zh|hanzi#169,SUP-085,Q1,freedom,zh,hanzi,baseline,A,0.012697,0.993652,en,632
SUP-085|zh|hanzi#169#siteA#k4,SUP-085|zh|hanzi#169#siteA,4,SUP-085|zh|hanzi#169,SUP-085,Q1,freedom,zh,hanzi,baseline,A,0.012761,0.99362,en,551
SUP-085|zh|hanzi#169#siteB#k0,SUP-085|zh|hanzi#169#siteB,0,SUP-085|zh|hanzi#169,SUP-085,Q1,freedom,zh,hanzi,baseline,B,0.015011,0.992495,en,547
SUP-085|zh|hanzi#169#siteB#k1,SUP-085|zh|hanzi#169#siteB,1,SUP-085|zh|hanzi#169,SUP-085,Q1,freedom,zh,hanzi,baseline,B,0.014538,0.992731,en,553
SUP-085|zh|hanzi#169#siteB#k2,SUP-085|zh|hanzi#169#siteB,2,SUP-085|zh|hanzi#169,SUP-085,Q1,freedom,zh,hanzi,baseline,B,0.015731,0.992135,en,519
SUP-085|zh|hanzi#169#siteB#k3,SUP-085|zh|hanzi#169#siteB,3,SUP-085|zh|hanzi#169,SUP-085,Q1,freedom,zh,hanzi,baseline,B,0.015405,0.992297,en,565
SUP-085|zh|hanzi#169#siteB#k4,SUP-085|zh|hanzi#169#siteB,4,SUP-085|zh|hanzi#169,SUP-085,Q1,freedom,zh,hanzi,baseline,B,0.015381,0.992309,en,609
SUP-085|en|latin#170#siteA#k0,SUP-085|en|latin#170#siteA,0,SUP-085|en|latin#170,SUP-085,Q1,freedom,en,latin,baseline,A,0.010304,0.994848,en,685
SUP-085|en|latin#170#siteA#k1,SUP-085|en|latin#170#siteA,1,SUP-085|en|latin#170,SUP-085,Q1,freedom,en,latin,baseline,A,0.00994,0.99503,en,686
SUP-085|en|latin#170#siteA#k2,SUP-085|en|latin#170#siteA,2,SUP-085|en|latin#170,SUP-085,Q1,freedom,en,latin,baseline,A,0.010382,0.994809,en,671
SUP-085|en|latin#170#siteA#k3,SUP-085|en|latin#170#siteA,3,SUP-085|en|latin#170,SUP-085,Q1,freedom,en,latin,baseline,A,0.009827,0.995087,en,645
SUP-085|en|latin#170#siteA#k4,SUP-085|en|latin#170#siteA,4,SUP-085|en|latin#170,SUP-085,Q1,freedom,en,latin,baseline,A,0.011718,0.994141,en,686
SUP-085|en|latin#170#siteB#k0,SUP-085|en|latin#170#siteB,0,SUP-085|en|latin#170,SUP-085,Q1,freedom,en,latin,baseline,B,0.013287,0.993357,en,656
SUP-085|en|latin#170#siteB#k1,SUP-085|en|latin#170#siteB,1,SUP-085|en|latin#170,SUP-085,Q1,freedom,en,latin,baseline,B,0.013727,0.993137,en,695
SUP-085|en|latin#170#siteB#k2,SUP-085|en|latin#170#siteB,2,SUP-085|en|latin#170,SUP-085,Q1,freedom,en,latin,baseline,B,0.013798,0.993101,en,703
SUP-085|en|latin#170#siteB#k3,SUP-085|en|latin#170#siteB,3,SUP-085|en|latin#170,SUP-085,Q1,freedom,en,latin,baseline,B,0.013214,0.993393,en,677
SUP-085|en|latin#170#siteB#k4,SUP-085|en|latin#170#siteB,4,SUP-085|en|latin#170,SUP-085,Q1,freedom,en,latin,baseline,B,0.013826,0.993088,en,696
SUP-086|zh|hanzi#171#siteA#k0,SUP-086|zh|hanzi#171#siteA,0,SUP-086|zh|hanzi#171,SUP-086,Q2,freedom,zh,hanzi,baseline,A,0.011312,0.994344,en,572
SUP-086|zh|hanzi#171#siteA#k1,SUP-086|zh|hanzi#171#siteA,1,SUP-086|zh|hanzi#171,SUP-086,Q2,freedom,zh,hanzi,baseline,A,0.0119,0.99405,en,531
SUP-086|zh|hanzi#171#siteA#k2,SUP-086|zh|hanzi#171#siteA,2,SUP-086|zh|hanzi#171,SUP-086,Q2,freedom,zh,hanzi,baseline,A,0.011242,0.994379,en,570
SUP-086|zh|hanzi#171#siteA#k3,SUP-086|zh|hanzi#171#siteA,3,SUP-086|zh|hanzi#171,SUP-086,Q2,freedom,zh,hanzi,baseline,A,0.011349,0.994326,en,548
SUP-086|zh|hanzi#171#siteA#k4,SUP-086|zh|hanzi#171#siteA,4,SUP-086|zh|hanzi#171,SUP-086,Q2,freedom,zh,hanzi,baseline,A,0.010817,0.994592,en,540
SUP-086|zh|hanzi#171#siteB#k0,SUP-086|zh|hanzi#171#siteB,0,SUP-086|zh|hanzi#171,SUP-086,Q2,freedom,zh,hanzi,baseline,B,0.006923,0.996539,en,552
SUP-086|zh|hanzi#171#siteB#k1,SUP-086|zh|hanzi#171#siteB,1,SUP-086|zh|hanzi#171,SUP-086,Q2,freedom,zh,hanzi,baseline,B,0.008946,0.995527,mixed,521
SUP-086|zh|hanzi#171#siteB#k2,SUP-086|zh|hanzi#171#siteB,2,SUP-086|zh|hanzi#171,SUP-086,Q2,freedom,zh,hanzi,baseline,B,0.00772,0.99614,en,559
SUP-086|zh|hanzi#171#siteB#k3,SUP-086|zh|hanzi#171#siteB,3,SUP-086|zh|hanzi#171,SUP-086,Q2,freedom,zh,hanzi,baseline,B,0.006655,0.996673,en,567
SUP-086|zh|hanzi#171#siteB#k4,SUP-086|zh|hanzi#171#siteB,4,SUP-086|zh|hanzi#171,SUP-086,Q2,freedom,zh,hanzi,baseline,B,0.007586,0.996207,en,554
SUP-086|en|latin#172#siteA#k0,SUP-086|en|latin#172#siteA,0,SUP-086|en|latin#172,SUP-086,Q2,freedom,en,latin,baseline,A,0.009864,0.995068,en,621
SUP-086|en|latin#172#siteA#k1,SUP-086|en|latin#172#siteA,1,SUP-086|en|latin#172,SUP-086,Q2,freedom,en,latin,baseline,A,0.009394,0.995303,en,650
SUP-086|en|latin#172#siteA#k2,SUP-086|en|latin#172#siteA,2,SUP-086|en|latin#172,SUP-086,Q2,freedom,en,latin,baseline,A,0.01044,0.99478,en,609
SUP-086|en|latin#172#siteA#k3,SUP-086|en|latin#172#siteA,3,SUP-086|en|latin#172,SUP-086,Q2,freedom,en,latin,baseline,A,0.009295,0.995352,en,667
SUP-086|en|latin#172#siteA#k4,SUP-086|en|latin#172#siteA,4,SUP-086|en|latin#172,SUP-086,Q2,freedom,en,latin,baseline,A,0.010014,0.994993,en,643
SUP-086|en|latin#172#siteB#k0,SUP-086|en|latin#172#siteB,0,SUP-086|en|latin#172,SUP-086,Q2,freedom,en,latin,baseline,B,0.009467,0.995267,en,670
SUP-086|en|latin#172#siteB#k1,SUP-086|en|latin#172#siteB,1,SUP-086|en|latin#172,SUP-086,Q2,freedom,en,latin,baseline,B,0.008839,0.99558,en,673
SUP-086|en|latin#172#siteB#k2,SUP-086|en|latin#172#siteB,2,SUP-086|en|latin#172,SUP-086,Q2,freedom,en,latin,baseline,B,0.009572,0.995214,en,693
SUP-086|en|latin#172#siteB#k3,SUP-086|en|latin#172#siteB,3,SUP-086|en|latin#172,SUP-086,Q2,freedom,en,latin,baseline,B,0.008663,0.995668,en,626
SUP-086|en|latin#172#siteB#k4,SUP-086|en|latin#172#siteB,4,SUP-086|en|latin#172,SUP-086,Q2,freedom,en,latin,baseline,B,0.007935,0.996032,en,666
SUP-087|zh|hanzi#173#siteA#k0,SUP-087|zh|hanzi#173#siteA,0,SUP-087|zh|hanzi#173,SUP-087,Q3,freedom,zh,hanzi,baseline,A,0.01217,0.993915,en,576
SUP-087|zh|hanzi#173#siteA#k1,SUP-087|zh|hanzi#173#siteA,1,SUP-087|zh|hanzi#173,SUP-087,Q3,freedom,zh,hanzi,baseline,A,0.010927,0.994536,en,556
SUP-087|zh|hanzi#173#siteA#k2,SUP-087|zh|hanzi#173#siteA,2,SUP-087|zh|hanzi#173,SUP-087,Q3,freedom,zh,hanzi,baseline,A,0.01075,0.994625,en,583
SUP-087|zh|hanzi#173#siteA#k3,SUP-087|zh|hanzi#173#siteA,3,SUP-087|zh|hanzi#173,SUP-087,Q3,freedom,zh,hanzi,baseline,A,0.011135,0.994432,en,595
SUP-087|zh|hanzi#173#siteA#k4,SUP-087|zh|hanzi#173#siteA,4,SUP-087|zh|hanzi#173,SUP-087,Q3,freedom,zh,hanzi,baseline,A,0.010622,0.994689,en,589
SUP-087|zh|hanzi#173#siteB#k0,SUP-087|zh|hanzi#173#siteB,0,SUP-087|zh|hanzi#173,SUP-087,Q3,freedom,zh,hanzi,baseline,B,0.009736,0.995132,en,567
SUP-087|zh|hanzi#173#siteB#k1,SUP-087|zh|hanzi#173#siteB,1,SUP-087|zh|hanzi#173,SUP-087,Q3,freedom,zh,hanzi,baseline,B,0.011772,0.994114,mixed,488
SUP-087|zh|hanzi#173#siteB#k2,SUP-087|zh|hanzi#173#siteB,2,SUP-087|zh|hanzi#173,SUP-087,Q3,freedom,zh,hanzi,baseline,B,0.010118,0.994941,mixed,542
SUP-087|zh|hanzi#173#siteB#k3,SUP-087|zh|hanzi#173#siteB,3,SUP-087|zh|hanzi#173,SUP-087,Q3,freedom,zh,hanzi,baseline,B,0.011199,0.994401,en,524
SUP-087|zh|hanzi#173#siteB#k4,SUP-087|zh|hanzi#173#siteB,4,SUP-087|zh|hanzi#173,SUP-087,Q3,freedom,zh,hanzi,baseline,B,0.011694,0.994153,en,559
SUP-087|en|latin#174#siteA#k0,SUP-087|en|latin#174#siteA,0,SUP-087|en|latin#174,SUP-087,Q3,freedom,en,latin,baseline,A,0.008678,0.995661,en,625
SUP-087|en|latin#174#siteA#k1,SUP-087|en|latin#174#siteA,1,SUP-087|en|latin#174,SUP-087,Q3,freedom,en,latin,baseline,A,0.010715,0.994642,en,670
SUP-087|en|latin#174#siteA#k2,SUP-087|en|latin#174#siteA,2,SUP-087|en|latin#174,SUP-087,Q3,freedom,en,latin,baseline,A,0.008778,0.995611,en,656
SUP-087|en|latin#174#siteA#k3,SUP-087|en|latin#174#siteA,3,SUP-087|en|latin#174,SUP-087,Q3,freedom,en,latin,baseline,A,0.008835,0.995582,en,654
SUP-087|en|latin#174#siteA#k4,SUP-087|en|latin#174#siteA,4,SUP-087|en|latin#174,SUP-087,Q3,freedom,en,latin,baseline,A,0.008752,0.995624,en,647
SUP-087|en|latin#174#siteB#k0,SUP-087|en|latin#174#siteB,0,SUP-087|en|latin#174,SUP-087,Q3,freedom,en,latin,baseline,B,0.009123,0.995439,en,743
SUP-087|en|latin#174#siteB#k1,SUP-087|en|latin#174#siteB,1,SUP-087|en|latin#174,SUP-087,Q3,freedom,en,latin,baseline,B,0.009243,0.995378,en,701
SUP-087|en|latin#174#siteB#k2,SUP-087|en|latin#174#siteB,2,SUP-087|en|latin#174,SUP-087,Q3,freedom,en,latin,baseline,B,0.008943,0.995528,en,712
SUP-087|en|latin#174#siteB#k3,SUP-087|en|latin#174#siteB,3,SUP-087|en|latin#174,SUP-087,Q3,freedom,en,latin,baseline,B,0.00967,0.995165,en,715
SUP-087|en|latin#174#siteB#k4,SUP-087|en|latin#174#siteB,4,SUP-087|en|latin#174,SUP-087,Q3,freedom,en,latin,baseline,B,0.011086,0.994456,en,685
SUP-088|zh|hanzi#175#siteA#k0,SUP-088|zh|hanzi#175#siteA,0,SUP-088|zh|hanzi#175,SUP-088,Q4,freedom,zh,hanzi,baseline,A,0.010687,0.994656,en,605
SUP-088|zh|hanzi#175#siteA#k1,SUP-088|zh|hanzi#175#siteA,1,SUP-088|zh|hanzi#175,SUP-088,Q4,freedom,zh,hanzi,baseline,A,0.011153,0.994423,en,537
SUP-088|zh|hanzi#175#siteA#k2,SUP-088|zh|hanzi#175#siteA,2,SUP-088|zh|hanzi#175,SUP-088,Q4,freedom,zh,hanzi,baseline,A,0.010867,0.994567,en,583
SUP-088|zh|hanzi#175#siteA#k3,SUP-088|zh|hanzi#175#siteA,3,SUP-088|zh|hanzi#175,SUP-088,Q4,freedom,zh,hanzi,baseline,A,0.010372,0.994814,en,559
SUP-088|zh|hanzi#175#siteA#k4,SUP-088|zh|hanzi#175#siteA,4,SUP-088|zh|hanzi#175,SUP-088,Q4,freedom,zh,hanzi,baseline,A,0.011628,0.994186,en,564
SUP-088|zh|hanzi#175#siteB#k0,SUP-088|zh|hanzi#175#siteB,0,SUP-088|zh|hanzi#175,SUP-088,Q4,freedom,zh,hanzi,baseline,B,0.00873,0.995635,mixed,532
SUP-088|zh|hanzi#175#siteB#k1,SUP-088|zh|hanzi#175#siteB,1,SUP-088|zh|hanzi#175,SUP-088,Q4,freedom,zh,hanzi,baseline,B,0.007315,0.996342,en,553
SUP-088|zh|hanzi#175#siteB#k2,SUP-088|zh|hanzi#175#siteB,2,SUP-088|zh|hanzi#175,SUP-088,Q4,freedom,zh,hanzi,baseline,B,0.011371,0.994315,mixed,505
SUP-088|zh|hanzi#175#siteB#k3,SUP-088|zh|hanzi#175#siteB,3,SUP-088|zh|hanzi#175,SUP-088,Q4,freedom,zh,hanzi,baseline,B,0.00916,0.99542,en,593
SUP-088|zh|hanzi#175#siteB#k4,SUP-088|zh|hanzi#175#siteB,4,SUP-088|zh|hanzi#175,SUP-088,Q4,freedom,zh,hanzi,baseline,B,0.00861,0.995695,mixed,557
SUP-088|en|latin#176#siteA#k0,SUP-088|en|latin#176#siteA,0,SUP-088|en|latin#176,SUP-088,Q4,freedom,en,latin,baseline,A,0.009436,0.995282,en,644
SUP-088|en|latin#176#siteA#k1,SUP-088|en|latin#176#siteA,1,SUP-088|en|latin#176,SUP-088,Q4,freedom,en,latin,baseline,A,0.00862,0.99569,en,674
SUP-088|en|latin#176#siteA#k2,SUP-088|en|latin#176#siteA,2,SUP-088|en|latin#176,SUP-088,Q4,freedom,en,latin,baseline,A,0.008779,0.99561,en,649
SUP-088|en|latin#176#siteA#k3,SUP-088|en|latin#176#siteA,3,SUP-088|en|latin#176,SUP-088,Q4,freedom,en,latin,baseline,A,0.009515,0.995243,en,627
SUP-088|en|latin#176#siteA#k4,SUP-088|en|latin#176#siteA,4,SUP-088|en|latin#176,SUP-088,Q4,freedom,en,latin,baseline,A,0.009639,0.99518,en,669
SUP-088|en|latin#176#siteB#k0,SUP-088|en|latin#176#siteB,0,SUP-088|en|latin#176,SUP-088,Q4,freedom,en,latin,baseline,B,0.011091,0.994455,en,656
SUP-088|en|latin#176#siteB#k1,SUP-088|en|latin#176#siteB,1,SUP-088|en|latin#176,SUP-088,Q4,freedom,en,latin,baseline,B,0.009097,0.995452,en,659
SUP-088|en|latin#176#siteB#k2,SUP-088|en|latin#176#siteB,2,SUP-088|en|latin#176,SUP-088,Q4,freedom,en,latin,baseline,B,0.009937,0.995032,en,645
SUP-088|en|latin#176#siteB#k3,SUP-088|en|latin#176#siteB,3,SUP-088|en|latin#176,SUP-088,Q4,freedom,en,latin,baseline,B,0.009649,0.995176,en,676
SUP-088|en|latin#176#siteB#k4,SUP-088|en|latin#176#siteB,4,SUP-088|en|latin#176,SUP-088,Q4,freedom,en,latin,baseline,B,0.008821,0.99559,en,683
SUP-089|zh|hanzi#177#siteA#k0,SUP-089|zh|hanzi#177#siteA,0,SUP-089|zh|hanzi#177,SUP-089,Q1,democracy,zh,hanzi,baseline,A,0.01203,0.993985,en,570
SUP-089|zh|hanzi#177#siteA#k1,SUP-089|zh|hanzi#177#siteA,1,SUP-089|zh|hanzi#177,SUP-089,Q1,democracy,zh,hanzi,baseline,A,0.011101,0.99445,en,587
SUP-089|zh|hanzi#177#siteA#k2,SUP-089|zh|hanzi#177#siteA,2,SUP-089|zh|hanzi#177,SUP-089,Q1,democracy,zh,hanzi,baseline,A,0.011611,0.994195,en,583
SUP-089|zh|hanzi#177#siteA#k3,SUP-089|zh|hanzi#177#siteA,3,SUP-089|zh|hanzi#177,SUP-089,Q1,democracy,zh,hanzi,baseline,A,0.011559,0.994221,en,587
SUP-089|zh|hanzi#177#siteA#k4,SUP-089|zh|hanzi#177#siteA,4,SUP-089|zh|hanzi#177,SUP-089,Q1,democracy,zh,hanzi,baseline,A,0.011472,0.994265,en,581
SUP-089|zh|hanzi#177#siteB#k0,SUP-089|zh|hanzi#177#siteB,0,SUP-089|zh|hanzi#177,SUP-089,Q1,democracy,zh,hanzi,baseline,B,0.016067,0.991967,en,599
SUP-089|zh|hanzi#177#siteB#k1,SUP-089|zh|hanzi#177#siteB,1,SUP-089|zh|hanzi#177,SUP-089,Q1,democracy,zh,hanzi,baseline,B,0.014114,0.992943,en,562
SUP-089|zh|hanzi#177#siteB#k2,SUP-089|zh|hanzi#177#siteB,2,SUP-089|zh|hanzi#177,SUP-089,Q1,democracy,zh,hanzi,baseline,B,0.013341,0.993329,en,601
SUP-089|zh|hanzi#177#siteB#k3,SUP-089|zh|hanzi#177#siteB,3,SUP-089|zh|hanzi#177,SUP-089,Q1,democracy,zh,hanzi,baseline,B,0.014053,0.992973,en,599
SUP-089|zh|hanzi#177#siteB#k4,SUP-089|zh|hanzi#177#siteB,4,SUP-089|zh|hanzi#177,SUP-089,Q1,democracy,zh,hanzi,baseline,B,0.014976,0.992512,en,549
SUP-089|en|latin#178#siteA#k0,SUP-089|en|latin#178#siteA,0,SUP-089|en|latin#178,SUP-089,Q1,democracy,en,latin,baseline,A,0.008776,0.995612,en,699
SUP-089|en|latin#178#siteA#k1,SUP-089|en|latin#178#siteA,1,SUP-089|en|latin#178,SUP-089,Q1,democracy,en,latin,baseline,A,0.008148,0.995926,en,743
SUP-089|en|latin#178#siteA#k2,SUP-089|en|latin#178#siteA,2,SUP-089|en|latin#178,SUP-089,Q1,democracy,en,latin,baseline,A,0.008857,0.995572,en,702
SUP-089|en|latin#178#siteA#k3,SUP-089|en|latin#178#siteA,3,SUP-089|en|latin#178,SUP-089,Q1,democracy,en,latin,baseline,A,0.008888,0.995556,en,702
SUP-089|en|latin#178#siteA#k4,SUP-089|en|latin#178#siteA,4,SUP-089|en|latin#178,SUP-089,Q1,democracy,en,latin,baseline,A,0.00909,0.995455,en,710
SUP-089|en|latin#178#siteB#k0,SUP-089|en|latin#178#siteB,0,SUP-089|en|latin#178,SUP-089,Q1,democracy,en,latin,baseline,B,0.016287,0.991857,en,696
SUP-089|en|latin#178#siteB#k1,SUP-089|en|latin#178#siteB,1,SUP-089|en|latin#178,SUP-089,Q1,democracy,en,latin,baseline,B,0.015477,0.992262,en,656
SUP-089|en|latin#178#siteB#k2,SUP-089|en|latin#178#siteB,2,SUP-089|en|latin#178,SUP-089,Q1,democracy,en,latin,baseline,B,0.015871,0.992064,en,652
SUP-089|en|latin#178#siteB#k3,SUP-089|en|latin#178#siteB,3,SUP-089|en|latin#178,SUP-089,Q1,democracy,en,latin,baseline,B,0.013536,0.993232,en,704
SUP-089|en|latin#178#siteB#k4,SUP-089|en|latin#178#siteB,4,SUP-089|en|latin#178,SUP-089,Q1,democracy,en,latin,baseline,B,0.014106,0.992947,en,706
SUP-090|zh|hanzi#179#siteA#k0,SUP-090|zh|hanzi#179#siteA,0,SUP-090|zh|hanzi#179,SUP-090,Q2,democracy,zh,hanzi,baseline,A,0.009334,0.995333,en,627
SUP-090|zh|hanzi#179#siteA#k1,SUP-090|zh|hanzi#179#siteA,1,SUP-090|zh|hanzi#179,SUP-090,Q2,democracy,zh,hanzi,baseline,A,0.009484,0.995258,en,577
SUP-090|zh|hanzi#179#siteA#k2,SUP-090|zh|hanzi#179#siteA,2,SUP-090|zh|hanzi#179,SUP-090,Q2,democracy,zh,hanzi,baseline,A,0.009007,0.995497,en,623
SUP-090|zh|hanzi#179#siteA#k3,SUP-090|zh|hanzi#179#siteA,3,SUP-090|zh|hanzi#179,SUP-090,Q2,democracy,zh,hanzi,baseline,A,0.010142,0.994929,en,634
SUP-090|zh|hanzi#179#siteA#k4,SUP-090|zh|hanzi#179#siteA,4,SUP-090|zh|hanzi#179,SUP-090,Q2,democracy,zh,hanzi,baseline,A,0.010144,0.994928,en,605
SUP-090|zh|hanzi#179#siteB#k0,SUP-090|zh|hanzi#179#siteB,0,SUP-090|zh|hanzi#179,SUP-090,Q2,democracy,zh,hanzi,baseline,B,0.007272,0.996364,en,583
SUP-090|zh|hanzi#179#siteB#k1,SUP-090|zh|hanzi#179#siteB,1,SUP-090|zh|hanzi#179,SUP-090,Q2,democracy,zh,hanzi,baseline,B,0.007881,0.996059,en,556
SUP-090|zh|hanzi#179#siteB#k2,SUP-090|zh|hanzi#179#siteB,2,SUP-090|zh|hanzi#179,SUP-090,Q2,democracy,zh,hanzi,baseline,B,0.006932,0.996534,mixed,536
SUP-090|zh|hanzi#179#siteB#k3,SUP-090|zh|hanzi#179#siteB,3,SUP-090|zh|hanzi#179,SUP-090,Q2,democracy,zh,hanzi,baseline,B,0.005986,0.997007,mixed,557
SUP-090|zh|hanzi#179#siteB#k4,SUP-090|zh|hanzi#179#siteB,4,SUP-090|zh|hanzi#179,SUP-090,Q2,democracy,zh,hanzi,baseline,B,0.007555,0.996222,en,561
SUP-090|en|latin#180#siteA#k0,SUP-090|en|latin#180#siteA,0,SUP-090|en|latin#180,SUP-090,Q2,democracy,en,latin,baseline,A,0.007405,0.996298,en,726
SUP-090|en|latin#180#siteA#k1,SUP-090|en|latin#180#siteA,1,SUP-090|en|latin#180,SUP-090,Q2,democracy,en,latin,baseline,A,0.007087,0.996457,en,671
SUP-090|en|latin#180#siteA#k2,SUP-090|en|latin#180#siteA,2,SUP-090|en|latin#180,SUP-090,Q2,democracy,en,latin,baseline,A,0.006692,0.996655,en,685
SUP-090|en|latin#180#siteA#k3,SUP-090|en|latin#180#siteA,3,SUP-090|en|latin#180,SUP-090,Q2,democracy,en,latin,baseline,A,0.006448,0.996777,en,635
SUP-090|en|latin#180#siteA#k4,SUP-090|en|latin#180#siteA,4,SUP-090|en|latin#180,SUP-090,Q2,democracy,en,latin,baseline,A,0.00678,0.996611,en,717
SUP-090|en|latin#180#siteB#k0,SUP-090|en|latin#180#siteB,0,SUP-090|en|latin#180,SUP-090,Q2,democracy,en,latin,baseline,B,0.006709,0.996646,en,645
SUP-090|en|latin#180#siteB#k1,SUP-090|en|latin#180#siteB,1,SUP-090|en|latin#180,SUP-090,Q2,democracy,en,latin,baseline,B,0.00811,0.995945,en,672
SUP-090|en|latin#180#siteB#k2,SUP-090|en|latin#180#siteB,2,SUP-090|en|latin#180,SUP-090,Q2,democracy,en,latin,baseline,B,0.007097,0.996451,en,634
SUP-090|en|latin#180#siteB#k3,SUP-090|en|latin#180#siteB,3,SUP-090|en|latin#180,SUP-090,Q2,democracy,en,latin,baseline,B,0.006341,0.996829,en,646
SUP-090|en|latin#180#siteB#k4,SUP-090|en|latin#180#siteB,4,SUP-090|en|latin#180,SUP-090,Q2,democracy,en,latin,baseline,B,0.007256,0.996372,en,629
SUP-091|zh|hanzi#181#siteA#k0,SUP-091|zh|hanzi#181#siteA,0,SUP-091|zh|hanzi#181,SUP-091,Q3,democracy,zh,hanzi,baseline,A,0.009441,0.995279,en,586
SUP-091|zh|hanzi#181#siteA#k1,SUP-091|zh|hanzi#181#siteA,1,SUP-091|zh|hanzi#181,SUP-091,Q3,democracy,zh,hanzi,baseline,A,0.009279,0.99536,en,587
SUP-091|zh|hanzi#181#siteA#k2,SUP-091|zh|hanzi#181#siteA,2,SUP-091|zh|hanzi#181,SUP-091,Q3,democracy,zh,hanzi,baseline,A,0.009164,0.995418,en,599
SUP-091|zh|hanzi#181#siteA#k3,SUP-091|zh|hanzi#181#siteA,3,SUP-091|zh|hanzi#181,SUP-091,Q3,democracy,zh,hanzi,baseline,A,0.009352,0.995324,en,586
SUP-091|zh|hanzi#181#siteA#k4,SUP-091|zh|hanzi#181#siteA,4,SUP-091|zh|hanzi#181,SUP-091,Q3,democracy,zh,hanzi,baseline,A,0.009311,0.995344,en,546
SUP-091|zh|hanzi#181#siteB#k0,SUP-091|zh|hanzi#181#siteB,0,SUP-091|zh|hanzi#181,SUP-091,Q3,democracy,zh,hanzi,baseline,B,0.01087,0.994565,en,561
SUP-091|zh|hanzi#181#siteB#k1,SUP-091|zh|hanzi#181#siteB,1,SUP-091|zh|hanzi#181,SUP-091,Q3,democracy,zh,hanzi,baseline,B,0.011327,0.994336,mixed,521
SUP-091|zh|hanzi#181#siteB#k2,SUP-091|zh|hanzi#181#siteB,2,SUP-091|zh|hanzi#181,SUP-091,Q3,democracy,zh,hanzi,baseline,B,0.010702,0.994649,en,561
SUP-091|zh|hanzi#181#siteB#k3,SUP-091|zh|hanzi#181#siteB,3,SUP-091|zh|hanzi#181,SUP-091,Q3,democracy,zh,hanzi,baseline,B,0.010349,0.994825,en,559
SUP-091|zh|hanzi#181#siteB#k4,SUP-091|zh|hanzi#181#siteB,4,SUP-091|zh|hanzi#181,SUP-091,Q3,democracy,zh,hanzi,baseline,B,0.010771,0.994614,en,574
SUP-091|en|latin#182#siteA#k0,SUP-091|en|latin#182#siteA,0,SUP-091|en|latin#182,SUP-091,Q3,democracy,en,latin,baseline,A,0.005709,0.997146,en,682
SUP-091|en|latin#182#siteA#k1,SUP-091|en|latin#182#siteA,1,SUP-091|en|latin#182,SUP-091,Q3,democracy,en,latin,baseline,A,0.005909,0.997046,en,707
SUP-091|en|latin#182#siteA#k2,SUP-091|en|latin#182#siteA,2,SUP-091|en|latin#182,SUP-091,Q3,democracy,en,latin,baseline,A,0.005607,0.997197,en,692
SUP-091|en|latin#182#siteA#k3,SUP-091|en|latin#182#siteA,3,SUP-091|en|latin#182,SUP-091,Q3,democracy,en,latin,baseline,A,0.006065,0.996967,en,677
SUP-091|en|latin#182#siteA#k4,SUP-091|en|latin#182#siteA,4,SUP-091|en|latin#182,SUP-091,Q3,democracy,en,latin,baseline,A,0.005441,0.997279,en,715
SUP-091|en|latin#182#siteB#k0,SUP-091|en|latin#182#siteB,0,SUP-091|en|latin#182,SUP-091,Q3,democracy,en,latin,baseline,B,0.008809,0.995596,en,680
SUP-091|en|latin#182#siteB#k1,SUP-091|en|latin#182#siteB,1,SUP-091|en|latin#182,SUP-091,Q3,democracy,en,latin,baseline,B,0.007908,0.996046,en,729
SUP-091|en|latin#182#siteB#k2,SUP-091|en|latin#182#siteB,2,SUP-091|en|latin#182,SUP-091,Q3,democracy,en,latin,baseline,B,0.00866,0.99567,en,686
SUP-091|en|latin#182#siteB#k3,SUP-091|en|latin#182#siteB,3,SUP-091|en|latin#182,SUP-091,Q3,democracy,en,latin,baseline,B,0.008066,0.995967,en,672
SUP-091|en|latin#182#siteB#k4,SUP-091|en|latin#182#siteB,4,SUP-091|en|latin#182,SUP-091,Q3,democracy,en,latin,baseline,B,0.008155,0.995922,en,728
SUP-092|zh|hanzi#183#siteA#k0,SUP-092|zh|hanzi#183#siteA,0,SUP-092|zh|hanzi#183,SUP-092,Q4,democracy,zh,hanzi,baseline,A,0.011923,0.994039,en,579
SUP-092|zh|hanzi#183#siteA#k1,SUP-092|zh|hanzi#183#siteA,1,SUP-092|zh|hanzi#183,SUP-092,Q4,democracy,zh,hanzi,baseline,A,0.011463,0.994268,en,592
SUP-092|zh|hanzi#183#siteA#k2,SUP-092|zh|hanzi#183#siteA,2,SUP-092|zh|hanzi#183,SUP-092,Q4,democracy,zh,hanzi,baseline,A,0.012081,0.99396,en,598
SUP-092|zh|hanzi#183#siteA#k3,SUP-092|zh|hanzi#183#siteA,3,SUP-092|zh|hanzi#183,SUP-092,Q4,democracy,zh,hanzi,baseline,A,0.011508,0.994246,en,603
SUP-092|zh|hanzi#183#siteA#k4,SUP-092|zh|hanzi#183#siteA,4,SUP-092|zh|hanzi#183,SUP-092,Q4,democracy,zh,hanzi,baseline,A,0.012125,0.993937,en,598
SUP-092|zh|hanzi#183#siteB#k0,SUP-092|zh|hanzi#183#siteB,0,SUP-092|zh|hanzi#183,SUP-092,Q4,democracy,zh,hanzi,baseline,B,0.008784,0.995608,en,573
SUP-092|zh|hanzi#183#siteB#k1,SUP-092|zh|hanzi#183#siteB,1,SUP-092|zh|hanzi#183,SUP-092,Q4,democracy,zh,hanzi,baseline,B,0.008865,0.995568,en,587
SUP-092|zh|hanzi#183#siteB#k2,SUP-092|zh|hanzi#183#siteB,2,SUP-092|zh|hanzi#183,SUP-092,Q4,democracy,zh,hanzi,baseline,B,0.008774,0.995613,en,587
SUP-092|zh|hanzi#183#siteB#k3,SUP-092|zh|hanzi#183#siteB,3,SUP-092|zh|hanzi#183,SUP-092,Q4,democracy,zh,hanzi,baseline,B,0.008392,0.995804,mixed,536
SUP-092|zh|hanzi#183#siteB#k4,SUP-092|zh|hanzi#183#siteB,4,SUP-092|zh|hanzi#183,SUP-092,Q4,democracy,zh,hanzi,baseline,B,0.011786,0.994107,en,571
SUP-092|en|latin#184#siteA#k0,SUP-092|en|latin#184#siteA,0,SUP-092|en|latin#184,SUP-092,Q4,democracy,en,latin,baseline,A,0.009724,0.995138,en,717
SUP-092|en|latin#184#siteA#k1,SUP-092|en|latin#184#siteA,1,SUP-092|en|latin#184,SUP-092,Q4,democracy,en,latin,baseline,A,0.009779,0.995111,en,724
SUP-092|en|latin#184#siteA#k2,SUP-092|en|latin#184#siteA,2,SUP-092|en|latin#184,SUP-092,Q4,democracy,en,latin,baseline,A,0.010279,0.994861,en,712
SUP-092|en|latin#184#siteA#k3,SUP-092|en|latin#184#siteA,3,SUP-092|en|latin#184,SUP-092,Q4,democracy,en,latin,baseline,A,0.009548,0.995226,en,695
SUP-092|en|latin#184#siteA#k4,SUP-092|en|latin#184#siteA,4,SUP-092|en|latin#184,SUP-092,Q4,democracy,en,latin,baseline,A,0.009979,0.995011,en,714
SUP-092|en|latin#184#siteB#k0,SUP-092|en|latin#184#siteB,0,SUP-092|en|latin#184,SUP-092,Q4,democracy,en,latin,baseline,B,0.013199,0.993401,en,642
SUP-092|en|latin#184#siteB#k1,SUP-092|en|latin#184#siteB,1,SUP-092|en|latin#184,SUP-092,Q4,democracy,en,latin,baseline,B,0.012888,0.993556,en,642
SUP-092|en|latin#184#siteB#k2,SUP-092|en|latin#184#siteB,2,SUP-092|en|latin#184,SUP-092,Q4,democracy,en,latin,baseline,B,0.012188,0.993906,en,641
SUP-092|en|latin#184#siteB#k3,SUP-092|en|latin#184#siteB,3,SUP-092|en|latin#184,SUP-092,Q4,democracy,en,latin,baseline,B,0.012118,0.993942,en,639
SUP-092|en|latin#184#siteB#k4,SUP-092|en|latin#184#siteB,4,SUP-092|en|latin#184,SUP-092,Q4,democracy,en,latin,baseline,B,0.012493,0.993753,en,654
SUP-093|zh|hanzi#185#siteA#k0,SUP-093|zh|hanzi#185#siteA,0,SUP-093|zh|hanzi#185,SUP-093,Q1,human rights,zh,hanzi,baseline,A,0.0111,0.99445,en,510
SUP-093|zh|hanzi#185#siteA#k1,SUP-093|zh|hanzi#185#siteA,1,SUP-093|zh|hanzi#185,SUP-093,Q1,human rights,zh,hanzi,baseline,A,0.010636,0.994682,en,567
SUP-093|zh|hanzi#185#siteA#k2,SUP-093|zh|hanzi#185#siteA,2,SUP-093|zh|hanzi#185,SUP-093,Q1,human rights,zh,hanzi,baseline,A,0.011712,0.994144,en,554
SUP-093|zh|hanzi#185#siteA#k3,SUP-093|zh|hanzi#185#siteA,3,SUP-093|zh|hanzi#185,SUP-093,Q1,human rights,zh,hanzi,baseline,A,0.011877,0.994062,en,541
SUP-093|zh|hanzi#185#siteA#k4,SUP-093|zh|hanzi#185#siteA,4,SUP-093|zh|hanzi#185,SUP-093,Q1,human rights,zh,hanzi,baseline,A,0.009312,0.995344,en,535
SUP-093|zh|hanzi#185#siteB#k0,SUP-093|zh|hanzi#185#siteB,0,SUP-093|zh|hanzi#185,SUP-093,Q1,human rights,zh,hanzi,baseline,B,0.014609,0.992695,en,600
SUP-093|zh|hanzi#185#siteB#k1,SUP-093|zh|hanzi#185#siteB,1,SUP-093|zh|hanzi#185,SUP-093,Q1,human rights,zh,hanzi,baseline,B,0.014603,0.992699,en,548
SUP-093|zh|hanzi#185#siteB#k2,SUP-093|zh|hanzi#185#siteB,2,SUP-093|zh|hanzi#185,SUP-093,Q1,human rights,zh,hanzi,baseline,B,0.014072,0.992965,en,590
SUP-093|zh|hanzi#185#siteB#k3,SUP-093|zh|hanzi#185#siteB,3,SUP-093|zh|hanzi#185,SUP-093,Q1,human rights,zh,hanzi,baseline,B,0.015905,0.992048,mixed,560
SUP-093|zh|hanzi#185#siteB#k4,SUP-093|zh|hanzi#185#siteB,4,SUP-093|zh|hanzi#185,SUP-093,Q1,human rights,zh,hanzi,baseline,B,0.014791,0.992605,en,603
SUP-093|en|latin#186#siteA#k0,SUP-093|en|latin#186#siteA,0,SUP-093|en|latin#186,SUP-093,Q1,human rights,en,latin,baseline,A,0.008622,0.995689,en,724
SUP-093|en|latin#186#siteA#k1,SUP-093|en|latin#186#siteA,1,SUP-093|en|latin#186,SUP-093,Q1,human rights,en,latin,baseline,A,0.008243,0.995879,en,743
SUP-093|en|latin#186#siteA#k2,SUP-093|en|latin#186#siteA,2,SUP-093|en|latin#186,SUP-093,Q1,human rights,en,latin,baseline,A,0.008176,0.995912,en,731
SUP-093|en|latin#186#siteA#k3,SUP-093|en|latin#186#siteA,3,SUP-093|en|latin#186,SUP-093,Q1,human rights,en,latin,baseline,A,0.008225,0.995888,en,720
SUP-093|en|latin#186#siteA#k4,SUP-093|en|latin#186#siteA,4,SUP-093|en|latin#186,SUP-093,Q1,human rights,en,latin,baseline,A,0.008337,0.995832,en,743
SUP-093|en|latin#186#siteB#k0,SUP-093|en|latin#186#siteB,0,SUP-093|en|latin#186,SUP-093,Q1,human rights,en,latin,baseline,B,0.015554,0.992223,en,708
SUP-093|en|latin#186#siteB#k1,SUP-093|en|latin#186#siteB,1,SUP-093|en|latin#186,SUP-093,Q1,human rights,en,latin,baseline,B,0.015351,0.992325,en,673
SUP-093|en|latin#186#siteB#k2,SUP-093|en|latin#186#siteB,2,SUP-093|en|latin#186,SUP-093,Q1,human rights,en,latin,baseline,B,0.015257,0.992371,en,680
SUP-093|en|latin#186#siteB#k3,SUP-093|en|latin#186#siteB,3,SUP-093|en|latin#186,SUP-093,Q1,human rights,en,latin,baseline,B,0.01565,0.992175,en,712
SUP-093|en|latin#186#siteB#k4,SUP-093|en|latin#186#siteB,4,SUP-093|en|latin#186,SUP-093,Q1,human rights,en,latin,baseline,B,0.016659,0.991671,en,743
SUP-094|zh|hanzi#187#siteA#k0,SUP-094|zh|hanzi#187#siteA,0,SUP-094|zh|hanzi#187,SUP-094,Q2,human rights,zh,hanzi,baseline,A,0.008916,0.995542,en,560
SUP-094|zh|hanzi#187#siteA#k1,SUP-094|zh|hanzi#187#siteA,1,SUP-094|zh|hanzi#187,SUP-094,Q2,human rights,zh,hanzi,baseline,A,0.008708,0.995646,en,549
SUP-094|zh|hanzi#187#siteA#k2,SUP-094|zh|hanzi#187#siteA,2,SUP-094|zh|hanzi#187,SUP-094,Q2,human rights,zh,hanzi,baseline,A,0.009197,0.995402,en,560
SUP-094|zh|hanzi#187#siteA#k3,SUP-094|zh|hanzi#187#siteA,3,SUP-094|zh|hanzi#187,SUP-094,Q2,human rights,zh,hanzi,baseline,A,0.008565,0.995718,en,578
SUP-094|zh|hanzi#187#siteA#k4,SUP-094|zh|hanzi#187#siteA,4,SUP-094|zh|hanzi#187,SUP-094,Q2,human rights,zh,hanzi,baseline,A,0.008239,0.99588,en,524
SUP-094|zh|hanzi#187#siteB#k0,SUP-094|zh|hanzi#187#siteB,0,SUP-094|zh|hanzi#187,SUP-094,Q2,human rights,zh,hanzi,baseline,B,0.00656,0.99672,mixed,518
SUP-094|zh|hanzi#187#siteB#k1,SUP-094|zh|hanzi#187#siteB,1,SUP-094|zh|hanzi#187,SUP-094,Q2,human rights,zh,hanzi,baseline,B,0.006697,0.996651,mixed,548
SUP-094|zh|hanzi#187#siteB#k2,SUP-094|zh|hanzi#187#siteB,2,SUP-094|zh|hanzi#187,SUP-094,Q2,human rights,zh,hanzi,baseline,B,0.005657,0.997172,mixed,524
SUP-094|zh|hanzi#187#siteB#k3,SUP-094|zh|hanzi#187#siteB,3,SUP-094|zh|hanzi#187,SUP-094,Q2,human rights,zh,hanzi,baseline,B,0.006537,0.996732,mixed,525
SUP-094|zh|hanzi#187#siteB#k4,SUP-094|zh|hanzi#187#siteB,4,SUP-094|zh|hanzi#187,SUP-094,Q2,human rights,zh,hanzi,baseline,B,0.006834,0.996583,en,570
SUP-094|en|latin#188#siteA#k0,SUP-094|en|latin#188#siteA,0,SUP-094|en|latin#188,SUP-094,Q2,human rights,en,latin,baseline,A,0.006958,0.996521,en,691
SUP-094|en|latin#188#siteA#k1,SUP-094|en|latin#188#siteA,1,SUP-094|en|latin#188,SUP-094,Q2,human rights,en,latin,baseline,A,0.007218,0.996391,en,673
SUP-094|en|latin#188#siteA#k2,SUP-094|en|latin#188#siteA,2,SUP-094|en|latin#188,SUP-094,Q2,human rights,en,latin,baseline,A,0.007367,0.996316,en,652
SUP-094|en|latin#188#siteA#k3,SUP-094|en|latin#188#siteA,3,SUP-094|en|latin#188,SUP-094,Q2,human rights,en,latin,baseline,A,0.007765,0.996118,en,672
SUP-094|en|latin#188#siteA#k4,SUP-094|en|latin#188#siteA,4,SUP-094|en|latin#188,SUP-094,Q2,human rights,en,latin,baseline,A,0.006944,0.996528,en,675
SUP-094|en|latin#188#siteB#k0,SUP-094|en|latin#188#siteB,0,SUP-094|en|latin#188,SUP-094,Q2,human rights,en,latin,baseline,B,0.006093,0.996954,en,671
SUP-094|en|latin#188#siteB#k1,SUP-094|en|latin#188#siteB,1,SUP-094|en|latin#188,SUP-094,Q2,human rights,en,latin,baseline,B,0.005923,0.997038,en,672
SUP-094|en|latin#188#siteB#k2,SUP-094|en|latin#188#siteB,2,SUP-094|en|latin#188,SUP-094,Q2,human rights,en,latin,baseline,B,0.006169,0.996916,en,640
SUP-094|en|latin#188#siteB#k3,SUP-094|en|latin#188#siteB,3,SUP-094|en|latin#188,SUP-094,Q2,human rights,en,latin,baseline,B,0.005426,0.997287,en,659
SUP-094|en|latin#188#siteB#k4,SUP-094|en|latin#188#siteB,4,SUP-094|en|latin#188,SUP-094,Q2,human rights,en,latin,baseline,B,0.005556,0.997222,en,669
SUP-095|zh|hanzi#189#siteA#k0,SUP-095|zh|hanzi#189#siteA,0,SUP-095|zh|hanzi#189,SUP-095,Q3,human rights,zh,hanzi,baseline,A,0.008345,0.995828,en,579
SUP-095|zh|hanzi#189#siteA#k1,SUP-095|zh|hanzi#189#siteA,1,SUP-095|zh|hanzi#189,SUP-095,Q3,human rights,zh,hanzi,baseline,A,0.007952,0.996024,en,607
SUP-095|zh|hanzi#189#siteA#k2,SUP-095|zh|hanzi#189#siteA,2,SUP-095|zh|hanzi#189,SUP-095,Q3,human rights,zh,hanzi,baseline,A,0.008162,0.995919,en,584
SUP-095|zh|hanzi#189#siteA#k3,SUP-095|zh|hanzi#189#siteA,3,SUP-095|zh|hanzi#189,SUP-095,Q3,human rights,zh,hanzi,baseline,A,0.008627,0.995687,en,577
SUP-095|zh|hanzi#189#siteA#k4,SUP-095|zh|hanzi#189#siteA,4,SUP-095|zh|hanzi#189,SUP-095,Q3,human rights,zh,hanzi,baseline,A,0.008734,0.995633,en,601
SUP-095|zh|hanzi#189#siteB#k0,SUP-095|zh|hanzi#189#siteB,0,SUP-095|zh|hanzi#189,SUP-095,Q3,human rights,zh,hanzi,baseline,B,0.011252,0.994374,en,544
SUP-095|zh|hanzi#189#siteB#k1,SUP-095|zh|hanzi#189#siteB,1,SUP-095|zh|hanzi#189,SUP-095,Q3,human rights,zh,hanzi,baseline,B,0.010781,0.99461,en,562
SUP-095|zh|hanzi#189#siteB#k2,SUP-095|zh|hanzi#189#siteB,2,SUP-095|zh|hanzi#189,SUP-095,Q3,human rights,zh,hanzi,baseline,B,0.010832,0.994584,en,559
SUP-095|zh|hanzi#189#siteB#k3,SUP-095|zh|hanzi#189#siteB,3,SUP-095|zh|hanzi#189,SUP-095,Q3,human rights,zh,hanzi,baseline,B,0.011923,0.994039,en,555
SUP-095|zh|hanzi#189#siteB#k4,SUP-095|zh|hanzi#189#siteB,4,SUP-095|zh|hanzi#189,SUP-095,Q3,human rights,zh,hanzi,baseline,B,0.012022,0.993989,en,537
SUP-095|en|latin#190#siteA#k0,SUP-095|en|latin#190#siteA,0,SUP-095|en|latin#190,SUP-095,Q3,human rights,en,latin,baseline,A,0.008398,0.995801,en,681
SUP-095|en|latin#190#siteA#k1,SUP-095|en|latin#190#siteA,1,SUP-095|en|latin#190,SUP-095,Q3,human rights,en,latin,baseline,A,0.008242,0.995879,en,688
SUP-095|en|latin#190#siteA#k2,SUP-095|en|latin#190#siteA,2,SUP-095|en|latin#190,SUP-095,Q3,human rights,en,latin,baseline,A,0.007938,0.996031,en,688
SUP-095|en|latin#190#siteA#k3,SUP-095|en|latin#190#siteA,3,SUP-095|en|latin#190,SUP-095,Q3,human rights,en,latin,baseline,A,0.008402,0.995799,en,696
SUP-095|en|latin#190#siteA#k4,SUP-095|en|latin#190#siteA,4,SUP-095|en|latin#190,SUP-095,Q3,human rights,en,latin,baseline,A,0.008976,0.995512,en,678
SUP-095|en|latin#190#siteB#k0,SUP-095|en|latin#190#siteB,0,SUP-095|en|latin#190,SUP-095,Q3,human rights,en,latin,baseline,B,0.01,0.995,en,741
SUP-095|en|latin#190#siteB#k1,SUP-095|en|latin#190#siteB,1,SUP-095|en|latin#190,SUP-095,Q3,human rights,en,latin,baseline,B,0.009889,0.995055,en,724
SUP-095|en|latin#190#siteB#k2,SUP-095|en|latin#190#siteB,2,SUP-095|en|latin#190,SUP-095,Q3,human rights,en,latin,baseline,B,0.009603,0.995199,en,725
SUP-095|en|latin#190#siteB#k3,SUP-095|en|latin#190#siteB,3,SUP-095|en|latin#190,SUP-095,Q3,human rights,en,latin,baseline,B,0.010319,0.994841,en,707
SUP-095|en|latin#190#siteB#k4,SUP-095|en|latin#190#siteB,4,SUP-095|en|latin#190,SUP-095,Q3,human rights,en,latin,baseline,B,0.009347,0.995327,en,707
SUP-096|zh|hanzi#191#siteA#k0,SUP-096|zh|hanzi#191#siteA,0,SUP-096|zh|hanzi#191,SUP-096,Q4,human rights,zh,hanzi,baseline,A,0.011375,0.994313,en,529
SUP-096|zh|hanzi#191#siteA#k1,SUP-096|zh|hanzi#191#siteA,1,SUP-096|zh|hanzi#191,SUP-096,Q4,human rights,zh,hanzi,baseline,A,0.011484,0.994258,en,603
SUP-096|zh|hanzi#191#siteA#k2,SUP-096|zh|hanzi#191#siteA,2,SUP-096|zh|hanzi#191,SUP-096,Q4,human rights,zh,hanzi,baseline,A,0.011799,0.994101,en,517
SUP-096|zh|hanzi#191#siteA#k3,SUP-096|zh|hanzi#191#siteA,3,SUP-096|zh|hanzi#191,SUP-096,Q4,human rights,zh,hanzi,baseline,A,0.011299,0.99435,en,574
SUP-096|zh|hanzi#191#siteA#k4,SUP-096|zh|hanzi#191#siteA,4,SUP-096|zh|hanzi#191,SUP-096,Q4,human rights,zh,hanzi,baseline,A,0.011917,0.994041,en,539
SUP-096|zh|hanzi#191#siteB#k0,SUP-096|zh|hanzi#191#siteB,0,SUP-096|zh|hanzi#191,SUP-096,Q4,human rights,zh,hanzi,baseline,B,0.008519,0.995741,mixed,547
SUP-096|zh|hanzi#191#siteB#k1,SUP-096|zh|hanzi#191#siteB,1,SUP-096|zh|hanzi#191,SUP-096,Q4,human rights,zh,hanzi,baseline,B,0.008337,0.995831,mixed,567
SUP-096|zh|hanzi#191#siteB#k2,SUP-096|zh|hanzi#191#siteB,2,SUP-096|zh|hanzi#191,SUP-096,Q4,human rights,zh,hanzi,baseline,B,0.009388,0.995306,mixed,531
SUP-096|zh|hanzi#191#siteB#k3,SUP-096|zh|hanzi#191#siteB,3,SUP-096|zh|hanzi#191,SUP-096,Q4,human rights,zh,hanzi,baseline,B,0.008362,0.995818,mixed,552
SUP-096|zh|hanzi#191#siteB#k4,SUP-096|zh|hanzi#191#siteB,4,SUP-096|zh|hanzi#191,SUP-096,Q4,human rights,zh,hanzi,baseline,B,0.009722,0.995139,en,569
SUP-096|en|latin#192#siteA#k0,SUP-096|en|latin#192#siteA,0,SUP-096|en|latin#192,SUP-096,Q4,human rights,en,latin,baseline,A,0.008065,0.995967,en,686
SUP-096|en|latin#192#siteA#k1,SUP-096|en|latin#192#siteA,1,SUP-096|en|latin#192,SUP-096,Q4,human rights,en,latin,baseline,A,0.010281,0.994859,en,667
SUP-096|en|latin#192#siteA#k2,SUP-096|en|latin#192#siteA,2,SUP-096|en|latin#192,SUP-096,Q4,human rights,en,latin,baseline,A,0.00878,0.99561,en,689
SUP-096|en|latin#192#siteA#k3,SUP-096|en|latin#192#siteA,3,SUP-096|en|latin#192,SUP-096,Q4,human rights,en,latin,baseline,A,0.009494,0.995253,en,684
SUP-096|en|latin#192#siteA#k4,SUP-096|en|latin#192#siteA,4,SUP-096|en|latin#192,SUP-096,Q4,human rights,en,latin,baseline,A,0.008553,0.995724,en,696
SUP-096|en|latin#192#siteB#k0,SUP-096|en|latin#192#siteB,0,SUP-096|en|latin#192,SUP-096,Q4,human rights,en,latin,baseline,B,0.015091,0.992455,en,675
SUP-096|en|latin#192#siteB#k1,SUP-096|en|latin#192#siteB,1,SUP-096|en|latin#192,SUP-096,Q4,human rights,en,latin,baseline,B,0.013473,0.993263,en,674
SUP-096|en|latin#192#siteB#k2,SUP-096|en|latin#192#siteB,2,SUP-096|en|latin#192,SUP-096,Q4,human rights,en,latin,baseline,B,0.011425,0.994287,en,686
SUP-096|en|latin#192#siteB#k3,SUP-096|en|latin#192#siteB,3,SUP-096|en|latin#192,SUP-096,Q4,human rights,en,latin,baseline,B,0.012859,0.99357,en,682
SUP-096|en|latin#192#siteB#k4,SUP-096|en|latin#192#siteB,4,SUP-096|en|latin#192,SUP-096,Q4,human rights,en,latin,baseline,B,0.010907,0.994547,en,654
SUP-097|zh|hanzi#193#siteA#k0,SUP-097|zh|hanzi#193#siteA,0,SUP-097|zh|hanzi#193,SUP-097,Q1,freedom of speech,zh,hanzi,baseline,A,0.007979,0.99601,en,553
SUP-097|zh|hanzi#193#siteA#k1,SUP-097|zh|hanzi#193#siteA,1,SUP-097|zh|hanzi#193,SUP-097,Q1,freedom of speech,zh,hanzi,baseline,A,0.008721,0.99564,en,578
SUP-097|zh|hanzi#193#siteA#k2,SUP-097|zh|hanzi#193#siteA,2,SUP-097|zh|hanzi#193,SUP-097,Q1,freedom of speech,zh,hanzi,baseline,A,0.008176,0.995912,en,590
SUP-097|zh|hanzi#193#siteA#k3,SUP-097|zh|hanzi#193#siteA,3,SUP-097|zh|hanzi#193,SUP-097,Q1,freedom of speech,zh,hanzi,baseline,A,0.009292,0.995354,en,561
SUP-097|zh|hanzi#193#siteA#k4,SUP-097|zh|hanzi#193#siteA,4,SUP-097|zh|hanzi#193,SUP-097,Q1,freedom of speech,zh,hanzi,baseline,A,0.008249,0.995875,en,571
SUP-097|zh|hanzi#193#siteB#k0,SUP-097|zh|hanzi#193#siteB,0,SUP-097|zh|hanzi#193,SUP-097,Q1,freedom of speech,zh,hanzi,baseline,B,0.012916,0.993542,en,554
SUP-097|zh|hanzi#193#siteB#k1,SUP-097|zh|hanzi#193#siteB,1,SUP-097|zh|hanzi#193,SUP-097,Q1,freedom of speech,zh,hanzi,baseline,B,0.013722,0.993139,mixed,545
SUP-097|zh|hanzi#193#siteB#k2,SUP-097|zh|hanzi#193#siteB,2,SUP-097|zh|hanzi#193,SUP-097,Q1,freedom of speech,zh,hanzi,baseline,B,0.014602,0.992699,en,588
SUP-097|zh|hanzi#193#siteB#k3,SUP-097|zh|hanzi#193#siteB,3,SUP-097|zh|hanzi#193,SUP-097,Q1,freedom of speech,zh,hanzi,baseline,B,0.013519,0.993241,en,570
SUP-097|zh|hanzi#193#siteB#k4,SUP-097|zh|hanzi#193#siteB,4,SUP-097|zh|hanzi#193,SUP-097,Q1,freedom of speech,zh,hanzi,baseline,B,0.012652,0.993674,en,546
SUP-097|en|latin#194#siteA#k0,SUP-097|en|latin#194#siteA,0,SUP-097|en|latin#194,SUP-097,Q1,freedom of speech,en,latin,baseline,A,0.006726,0.996637,en,700
SUP-097|en|latin#194#siteA#k1,SUP-097|en|latin#194#siteA,1,SUP-097|en|latin#194,SUP-097,Q1,freedom of speech,en,latin,baseline,A,0.006587,0.996707,en,702
SUP-097|en|latin#194#siteA#k2,SUP-097|en|latin#194#siteA,2,SUP-097|en|latin#194,SUP-097,Q1,freedom of speech,en,latin,baseline,A,0.006476,0.996762,en,700
SUP-097|en|latin#194#siteA#k3,SUP-097|en|latin#194#siteA,3,SUP-097|en|latin#194,SUP-097,Q1,freedom of speech,en,latin,baseline,A,0.006891,0.996554,en,690
SUP-097|en|latin#194#siteA#k4,SUP-097|en|latin#194#siteA,4,SUP-097|en|latin#194,SUP-097,Q1,freedom of speech,en,latin,baseline,A,0.00646,0.99677,en,670
SUP-097|en|latin#194#siteB#k0,SUP-097|en|latin#194#siteB,0,SUP-097|en|latin#194,SUP-097,Q1,freedom of speech,en,latin,baseline,B,0.014231,0.992884,en,679
SUP-097|en|latin#194#siteB#k1,SUP-097|en|latin#194#siteB,1,SUP-097|en|latin#194,SUP-097,Q1,freedom of speech,en,latin,baseline,B,0.012751,0.993625,en,709
SUP-097|en|latin#194#siteB#k2,SUP-097|en|latin#194#siteB,2,SUP-097|en|latin#194,SUP-097,Q1,freedom of speech,en,latin,baseline,B,0.012713,0.993643,en,689
SUP-097|en|latin#194#siteB#k3,SUP-097|en|latin#194#siteB,3,SUP-097|en|latin#194,SUP-097,Q1,freedom of speech,en,latin,baseline,B,0.012567,0.993716,en,643
SUP-097|en|latin#194#siteB#k4,SUP-097|en|latin#194#siteB,4,SUP-097|en|latin#194,SUP-097,Q1,freedom of speech,en,latin,baseline,B,0.013413,0.993293,en,708
SUP-098|zh|hanzi#195#siteA#k0,SUP-098|zh|hanzi#195#siteA,0,SUP-098|zh|hanzi#195,SUP-098,Q2,freedom of speech,zh,hanzi,baseline,A,0.00749,0.996255,en,563
SUP-098|zh|hanzi#195#siteA#k1,SUP-098|zh|hanzi#195#siteA,1,SUP-098|zh|hanzi#195,SUP-098,Q2,freedom of speech,zh,hanzi,baseline,A,0.007319,0.996341,en,558
SUP-098|zh|hanzi#195#siteA#k2,SUP-098|zh|hanzi#195#siteA,2,SUP-098|zh|hanzi#195,SUP-098,Q2,freedom of speech,zh,hanzi,baseline,A,0.007507,0.996247,en,560
SUP-098|zh|hanzi#195#siteA#k3,SUP-098|zh|hanzi#195#siteA,3,SUP-098|zh|hanzi#195,SUP-098,Q2,freedom of speech,zh,hanzi,baseline,A,0.006933,0.996533,en,615
SUP-098|zh|hanzi#195#siteA#k4,SUP-098|zh|hanzi#195#siteA,4,SUP-098|zh|hanzi#195,SUP-098,Q2,freedom of speech,zh,hanzi,baseline,A,0.007061,0.99647,en,601
SUP-098|zh|hanzi#195#siteB#k0,SUP-098|zh|hanzi#195#siteB,0,SUP-098|zh|hanzi#195,SUP-098,Q2,freedom of speech,zh,hanzi,baseline,B,0.007062,0.996469,en,567
SUP-098|zh|hanzi#195#siteB#k1,SUP-098|zh|hanzi#195#siteB,1,SUP-098|zh|hanzi#195,SUP-098,Q2,freedom of speech,zh,hanzi,baseline,B,0.006499,0.996751,mixed,538
SUP-098|zh|hanzi#195#siteB#k2,SUP-098|zh|hanzi#195#siteB,2,SUP-098|zh|hanzi#195,SUP-098,Q2,freedom of speech,zh,hanzi,baseline,B,0.007466,0.996267,mixed,534
SUP-098|zh|hanzi#195#siteB#k3,SUP-098|zh|hanzi#195#siteB,3,SUP-098|zh|hanzi#195,SUP-098,Q2,freedom of speech,zh,hanzi,baseline,B,0.006544,0.996728,en,562
SUP-098|zh|hanzi#195#siteB#k4,SUP-098|zh|hanzi#195#siteB,4,SUP-098|zh|hanzi#195,SUP-098,Q2,freedom of speech,zh,hanzi,baseline,B,0.007229,0.996385,en,548
SUP-098|en|latin#196#siteA#k0,SUP-098|en|latin#196#siteA,0,SUP-098|en|latin#196,SUP-098,Q2,freedom of speech,en,latin,baseline,A,0.007053,0.996474,en,650
SUP-098|en|latin#196#siteA#k1,SUP-098|en|latin#196#siteA,1,SUP-098|en|latin#196,SUP-098,Q2,freedom of speech,en,latin,baseline,A,0.006901,0.99655,en,637
SUP-098|en|latin#196#siteA#k2,SUP-098|en|latin#196#siteA,2,SUP-098|en|latin#196,SUP-098,Q2,freedom of speech,en,latin,baseline,A,0.006409,0.996796,en,653
SUP-098|en|latin#196#siteA#k3,SUP-098|en|latin#196#siteA,3,SUP-098|en|latin#196,SUP-098,Q2,freedom of speech,en,latin,baseline,A,0.007364,0.996318,en,666
SUP-098|en|latin#196#siteA#k4,SUP-098|en|latin#196#siteA,4,SUP-098|en|latin#196,SUP-098,Q2,freedom of speech,en,latin,baseline,A,0.00629,0.996855,en,675
SUP-098|en|latin#196#siteB#k0,SUP-098|en|latin#196#siteB,0,SUP-098|en|latin#196,SUP-098,Q2,freedom of speech,en,latin,baseline,B,0.007887,0.996057,en,641
SUP-098|en|latin#196#siteB#k1,SUP-098|en|latin#196#siteB,1,SUP-098|en|latin#196,SUP-098,Q2,freedom of speech,en,latin,baseline,B,0.007525,0.996238,en,634
SUP-098|en|latin#196#siteB#k2,SUP-098|en|latin#196#siteB,2,SUP-098|en|latin#196,SUP-098,Q2,freedom of speech,en,latin,baseline,B,0.008395,0.995803,en,605
SUP-098|en|latin#196#siteB#k3,SUP-098|en|latin#196#siteB,3,SUP-098|en|latin#196,SUP-098,Q2,freedom of speech,en,latin,baseline,B,0.008337,0.995832,en,581
SUP-098|en|latin#196#siteB#k4,SUP-098|en|latin#196#siteB,4,SUP-098|en|latin#196,SUP-098,Q2,freedom of speech,en,latin,baseline,B,0.008616,0.995692,en,650
SUP-099|zh|hanzi#197#siteA#k0,SUP-099|zh|hanzi#197#siteA,0,SUP-099|zh|hanzi#197,SUP-099,Q3,freedom of speech,zh,hanzi,baseline,A,0.006983,0.996508,en,580
SUP-099|zh|hanzi#197#siteA#k1,SUP-099|zh|hanzi#197#siteA,1,SUP-099|zh|hanzi#197,SUP-099,Q3,freedom of speech,zh,hanzi,baseline,A,0.007175,0.996413,en,567
SUP-099|zh|hanzi#197#siteA#k2,SUP-099|zh|hanzi#197#siteA,2,SUP-099|zh|hanzi#197,SUP-099,Q3,freedom of speech,zh,hanzi,baseline,A,0.007409,0.996296,en,536
SUP-099|zh|hanzi#197#siteA#k3,SUP-099|zh|hanzi#197#siteA,3,SUP-099|zh|hanzi#197,SUP-099,Q3,freedom of speech,zh,hanzi,baseline,A,0.007016,0.996492,en,569
SUP-099|zh|hanzi#197#siteA#k4,SUP-099|zh|hanzi#197#siteA,4,SUP-099|zh|hanzi#197,SUP-099,Q3,freedom of speech,zh,hanzi,baseline,A,0.007749,0.996125,en,577
SUP-099|zh|hanzi#197#siteB#k0,SUP-099|zh|hanzi#197#siteB,0,SUP-099|zh|hanzi#197,SUP-099,Q3,freedom of speech,zh,hanzi,baseline,B,0.010294,0.994853,mixed,526
SUP-099|zh|hanzi#197#siteB#k1,SUP-099|zh|hanzi#197#siteB,1,SUP-099|zh|hanzi#197,SUP-099,Q3,freedom of speech,zh,hanzi,baseline,B,0.010595,0.994703,en,549
SUP-099|zh|hanzi#197#siteB#k2,SUP-099|zh|hanzi#197#siteB,2,SUP-099|zh|hanzi#197,SUP-099,Q3,freedom of speech,zh,hanzi,baseline,B,0.011562,0.994219,mixed,488
SUP-099|zh|hanzi#197#siteB#k3,SUP-099|zh|hanzi#197#siteB,3,SUP-099|zh|hanzi#197,SUP-099,Q3,freedom of speech,zh,hanzi,baseline,B,0.011455,0.994273,en,525
SUP-099|zh|hanzi#197#siteB#k4,SUP-099|zh|hanzi#197#siteB,4,SUP-099|zh|hanzi#197,SUP-099,Q3,freedom of speech,zh,hanzi,baseline,B,0.010279,0.994861,en,563
SUP-099|en|latin#198#siteA#k0,SUP-099|en|latin#198#siteA,0,SUP-099|en|latin#198,SUP-099,Q3,freedom of speech,en,latin,baseline,A,0.008635,0.995683,en,649
SUP-099|en|latin#198#siteA#k1,SUP-099|en|latin#198#siteA,1,SUP-099|en|latin#198,SUP-099,Q3,freedom of speech,en,latin,baseline,A,0.007305,0.996347,en,682
SUP-099|en|latin#198#siteA#k2,SUP-099|en|latin#198#siteA,2,SUP-099|en|latin#198,SUP-099,Q3,freedom of speech,en,latin,baseline,A,0.008148,0.995926,en,645
SUP-099|en|latin#198#siteA#k3,SUP-099|en|latin#198#siteA,3,SUP-099|en|latin#198,SUP-099,Q3,freedom of speech,en,latin,baseline,A,0.007423,0.996288,en,681
SUP-099|en|latin#198#siteA#k4,SUP-099|en|latin#198#siteA,4,SUP-099|en|latin#198,SUP-099,Q3,freedom of speech,en,latin,baseline,A,0.007903,0.996048,en,678
SUP-099|en|latin#198#siteB#k0,SUP-099|en|latin#198#siteB,0,SUP-099|en|latin#198,SUP-099,Q3,freedom of speech,en,latin,baseline,B,0.007041,0.996479,en,714
SUP-099|en|latin#198#siteB#k1,SUP-099|en|latin#198#siteB,1,SUP-099|en|latin#198,SUP-099,Q3,freedom of speech,en,latin,baseline,B,0.007294,0.996353,en,706
SUP-099|en|latin#198#siteB#k2,SUP-099|en|latin#198#siteB,2,SUP-099|en|latin#198,SUP-099,Q3,freedom of speech,en,latin,baseline,B,0.006519,0.996741,en,728
SUP-099|en|latin#198#siteB#k3,SUP-099|en|latin#198#siteB,3,SUP-099|en|latin#198,SUP-099,Q3,freedom of speech,en,latin,baseline,B,0.007282,0.99636,en,699
SUP-099|en|latin#198#siteB#k4,SUP-099|en|latin#198#siteB,4,SUP-099|en|latin#198,SUP-099,Q3,freedom of speech,en,latin,baseline,B,0.007258,0.996371,en,710
SUP-100|zh|hanzi#199#siteA#k0,SUP-100|zh|hanzi#199#siteA,0,SUP-100|zh|hanzi#199,SUP-100,Q4,freedom of speech,zh,hanzi,baseline,A,0.008778,0.995611,en,589
SUP-100|zh|hanzi#199#siteA#k1,SUP-100|zh|hanzi#199#siteA,1,SUP-100|zh|hanzi#199,SUP-100,Q4,freedom of speech,zh,hanzi,baseline,A,0.007886,0.996057,en,576
SUP-100|zh|hanzi#199#siteA#k2,SUP-100|zh|hanzi#199#siteA,2,SUP-100|zh|hanzi#199,SUP-100,Q4,freedom of speech,zh,hanzi,baseline,A,0.00936,0.99532,en,601
SUP-100|zh|hanzi#199#siteA#k3,SUP-100|zh|hanzi#199#siteA,3,SUP-100|zh|hanzi#199,SUP-100,Q4,freedom of speech,zh,hanzi,baseline,A,0.010151,0.994925,en,607
SUP-100|zh|hanzi#199#siteA#k4,SUP-100|zh|hanzi#199#siteA,4,SUP-100|zh|hanzi#199,SUP-100,Q4,freedom of speech,zh,hanzi,baseline,A,0.00997,0.995015,en,582
SUP-100|zh|hanzi#199#siteB#k0,SUP-100|zh|hanzi#199#siteB,0,SUP-100|zh|hanzi#199,SUP-100,Q4,freedom of speech,zh,hanzi,baseline,B,0.008317,0.995841,mixed,551
SUP-100|zh|hanzi#199#siteB#k1,SUP-100|zh|hanzi#199#siteB,1,SUP-100|zh|hanzi#199,SUP-100,Q4,freedom of speech,zh,hanzi,baseline,B,0.00767,0.996164,mixed,526
SUP-100|zh|hanzi#199#siteB#k2,SUP-100|zh|hanzi#199#siteB,2,SUP-100|zh|hanzi#199,SUP-100,Q4,freedom of speech,zh,hanzi,baseline,B,0.008541,0.99573,mixed,523
SUP-100|zh|hanzi#199#siteB#k3,SUP-100|zh|hanzi#199#siteB,3,SUP-100|zh|hanzi#199,SUP-100,Q4,freedom of speech,zh,hanzi,baseline,B,0.00765,0.996175,en,565
SUP-100|zh|hanzi#199#siteB#k4,SUP-100|zh|hanzi#199#siteB,4,SUP-100|zh|hanzi#199,SUP-100,Q4,freedom of speech,zh,hanzi,baseline,B,0.007131,0.996434,mixed,510
SUP-100|en|latin#200#siteA#k0,SUP-100|en|latin#200#siteA,0,SUP-100|en|latin#200,SUP-100,Q4,freedom of speech,en,latin,baseline,A,0.008684,0.995658,en,671
SUP-100|en|latin#200#siteA#k1,SUP-100|en|latin#200#siteA,1,SUP-100|en|latin#200,SUP-100,Q4,freedom of speech,en,latin,baseline,A,0.009805,0.995098,en,651
SUP-100|en|latin#200#siteA#k2,SUP-100|en|latin#200#siteA,2,SUP-100|en|latin#200,SUP-100,Q4,freedom of speech,en,latin,baseline,A,0.009789,0.995106,en,647
SUP-100|en|latin#200#siteA#k3,SUP-100|en|latin#200#siteA,3,SUP-100|en|latin#200,SUP-100,Q4,freedom of speech,en,latin,baseline,A,0.009675,0.995162,en,646
SUP-100|en|latin#200#siteA#k4,SUP-100|en|latin#200#siteA,4,SUP-100|en|latin#200,SUP-100,Q4,freedom of speech,en,latin,baseline,A,0.009487,0.995256,en,666
SUP-100|en|latin#200#siteB#k0,SUP-100|en|latin#200#siteB,0,SUP-100|en|latin#200,SUP-100,Q4,freedom of speech,en,latin,baseline,B,0.014099,0.992951,en,674
SUP-100|en|latin#200#siteB#k1,SUP-100|en|latin#200#siteB,1,SUP-100|en|latin#200,SUP-100,Q4,freedom of speech,en,latin,baseline,B,0.012293,0.993854,en,672
SUP-100|en|latin#200#siteB#k2,SUP-100|en|latin#200#siteB,2,SUP-100|en|latin#200,SUP-100,Q4,freedom of speech,en,latin,baseline,B,0.011228,0.994386,en,659
SUP-100|en|latin#200#siteB#k3,SUP-100|en|latin#200#siteB,3,SUP-100|en|latin#200,SUP-100,Q4,freedom of speech,en,latin,baseline,B,0.012107,0.993947,en,659
SUP-100|en|latin#200#siteB#k4,SUP-100|en|latin#200#siteB,4,SUP-100|en|latin#200,SUP-100,Q4,freedom of speech,en,latin,baseline,B,0.016059,0.99197,en,667
SUP-101|zh|hanzi#201#siteA#k0,SUP-101|zh|hanzi#201#siteA,0,SUP-101|zh|hanzi#201,SUP-101,Q1,the rule of law,zh,hanzi,baseline,A,0.01114,0.99443,en,542
SUP-101|zh|hanzi#201#siteA#k1,SUP-101|zh|hanzi#201#siteA,1,SUP-101|zh|hanzi#201,SUP-101,Q1,the rule of law,zh,hanzi,baseline,A,0.010902,0.994549,en,554
SUP-101|zh|hanzi#201#siteA#k2,SUP-101|zh|hanzi#201#siteA,2,SUP-101|zh|hanzi#201,SUP-101,Q1,the rule of law,zh,hanzi,baseline,A,0.013339,0.993331,en,585
SUP-101|zh|hanzi#201#siteA#k3,SUP-101|zh|hanzi#201#siteA,3,SUP-101|zh|hanzi#201,SUP-101,Q1,the rule of law,zh,hanzi,baseline,A,0.012184,0.993908,en,567
SUP-101|zh|hanzi#201#siteA#k4,SUP-101|zh|hanzi#201#siteA,4,SUP-101|zh|hanzi#201,SUP-101,Q1,the rule of law,zh,hanzi,baseline,A,0.009627,0.995187,en,568
SUP-101|zh|hanzi#201#siteB#k0,SUP-101|zh|hanzi#201#siteB,0,SUP-101|zh|hanzi#201,SUP-101,Q1,the rule of law,zh,hanzi,baseline,B,0.013927,0.993037,en,560
SUP-101|zh|hanzi#201#siteB#k1,SUP-101|zh|hanzi#201#siteB,1,SUP-101|zh|hanzi#201,SUP-101,Q1,the rule of law,zh,hanzi,baseline,B,0.015064,0.992469,en,533
SUP-101|zh|hanzi#201#siteB#k2,SUP-101|zh|hanzi#201#siteB,2,SUP-101|zh|hanzi#201,SUP-101,Q1,the rule of law,zh,hanzi,baseline,B,0.014576,0.992712,mixed,528
SUP-101|zh|hanzi#201#siteB#k3,SUP-101|zh|hanzi#201#siteB,3,SUP-101|zh|hanzi#201,SUP-101,Q1,the rule of law,zh,hanzi,baseline,B,0.014278,0.992861,en,557
SUP-101|zh|hanzi#201#siteB#k4,SUP-101|zh|hanzi#201#siteB,4,SUP-101|zh|hanzi#201,SUP-101,Q1,the rule of law,zh,hanzi,baseline,B,0.012798,0.993601,en,582
SUP-101|en|latin#202#siteA#k0,SUP-101|en|latin#202#siteA,0,SUP-101|en|latin#202,SUP-101,Q1,the rule of law,en,latin,baseline,A,0.008338,0.995831,en,682
SUP-101|en|latin#202#siteA#k1,SUP-101|en|latin#202#siteA,1,SUP-101|en|latin#202,SUP-101,Q1,the rule of law,en,latin,baseline,A,0.007856,0.996072,en,666
SUP-101|en|latin#202#siteA#k2,SUP-101|en|latin#202#siteA,2,SUP-101|en|latin#202,SUP-101,Q1,the rule of law,en,latin,baseline,A,0.007346,0.996327,en,658
SUP-101|en|latin#202#siteA#k3,SUP-101|en|latin#202#siteA,3,SUP-101|en|latin#202,SUP-101,Q1,the rule of law,en,latin,baseline,A,0.007668,0.996166,en,672
SUP-101|en|latin#202#siteA#k4,SUP-101|en|latin#202#siteA,4,SUP-101|en|latin#202,SUP-101,Q1,the rule of law,en,latin,baseline,A,0.007942,0.996029,en,673
SUP-101|en|latin#202#siteB#k0,SUP-101|en|latin#202#siteB,0,SUP-101|en|latin#202,SUP-101,Q1,the rule of law,en,latin,baseline,B,0.014513,0.992744,en,684
SUP-101|en|latin#202#siteB#k1,SUP-101|en|latin#202#siteB,1,SUP-101|en|latin#202,SUP-101,Q1,the rule of law,en,latin,baseline,B,0.014935,0.992532,en,675
SUP-101|en|latin#202#siteB#k2,SUP-101|en|latin#202#siteB,2,SUP-101|en|latin#202,SUP-101,Q1,the rule of law,en,latin,baseline,B,0.013751,0.993125,en,647
SUP-101|en|latin#202#siteB#k3,SUP-101|en|latin#202#siteB,3,SUP-101|en|latin#202,SUP-101,Q1,the rule of law,en,latin,baseline,B,0.014024,0.992988,en,665
SUP-101|en|latin#202#siteB#k4,SUP-101|en|latin#202#siteB,4,SUP-101|en|latin#202,SUP-101,Q1,the rule of law,en,latin,baseline,B,0.015498,0.992251,en,675
SUP-102|zh|hanzi#203#siteA#k0,SUP-102|zh|hanzi#203#siteA,0,SUP-102|zh|hanzi#203,SUP-102,Q2,the rule of law,zh,hanzi,baseline,A,0.01054,0.99473,en,575
SUP-102|zh|hanzi#203#siteA#k1,SUP-102|zh|hanzi#203#siteA,1,SUP-102|zh|hanzi#203,SUP-102,Q2,the rule of law,zh,hanzi,baseline,A,0.010875,0.994563,en,558
SUP-102|zh|hanzi#203#siteA#k2,SUP-102|zh|hanzi#203#siteA,2,SUP-102|zh|hanzi#203,SUP-102,Q2,the rule of law,zh,hanzi,baseline,A,0.010466,0.994767,en,596
SUP-102|zh|hanzi#203#siteA#k3,SUP-102|zh|hanzi#203#siteA,3,SUP-102|zh|hanzi#203,SUP-102,Q2,the rule of law,zh,hanzi,baseline,A,0.010431,0.994785,en,590
SUP-102|zh|hanzi#203#siteA#k4,SUP-102|zh|hanzi#203#siteA,4,SUP-102|zh|hanzi#203,SUP-102,Q2,the rule of law,zh,hanzi,baseline,A,0.010461,0.994769,en,587
SUP-102|zh|hanzi#203#siteB#k0,SUP-102|zh|hanzi#203#siteB,0,SUP-102|zh|hanzi#203,SUP-102,Q2,the rule of law,zh,hanzi,baseline,B,0.007237,0.996382,mixed,535
SUP-102|zh|hanzi#203#siteB#k1,SUP-102|zh|hanzi#203#siteB,1,SUP-102|zh|hanzi#203,SUP-102,Q2,the rule of law,zh,hanzi,baseline,B,0.005825,0.997087,en,565
SUP-102|zh|hanzi#203#siteB#k2,SUP-102|zh|hanzi#203#siteB,2,SUP-102|zh|hanzi#203,SUP-102,Q2,the rule of law,zh,hanzi,baseline,B,0.007035,0.996483,mixed,540
SUP-102|zh|hanzi#203#siteB#k3,SUP-102|zh|hanzi#203#siteB,3,SUP-102|zh|hanzi#203,SUP-102,Q2,the rule of law,zh,hanzi,baseline,B,0.007674,0.996163,en,592
SUP-102|zh|hanzi#203#siteB#k4,SUP-102|zh|hanzi#203#siteB,4,SUP-102|zh|hanzi#203,SUP-102,Q2,the rule of law,zh,hanzi,baseline,B,0.005947,0.997027,mixed,535
SUP-102|en|latin#204#siteA#k0,SUP-102|en|latin#204#siteA,0,SUP-102|en|latin#204,SUP-102,Q2,the rule of law,en,latin,baseline,A,0.006022,0.996989,en,658
SUP-102|en|latin#204#siteA#k1,SUP-102|en|latin#204#siteA,1,SUP-102|en|latin#204,SUP-102,Q2,the rule of law,en,latin,baseline,A,0.007109,0.996446,en,666
SUP-102|en|latin#204#siteA#k2,SUP-102|en|latin#204#siteA,2,SUP-102|en|latin#204,SUP-102,Q2,the rule of law,en,latin,baseline,A,0.006325,0.996838,en,626
SUP-102|en|latin#204#siteA#k3,SUP-102|en|latin#204#siteA,3,SUP-102|en|latin#204,SUP-102,Q2,the rule of law,en,latin,baseline,A,0.006581,0.99671,en,676
SUP-102|en|latin#204#siteA#k4,SUP-102|en|latin#204#siteA,4,SUP-102|en|latin#204,SUP-102,Q2,the rule of law,en,latin,baseline,A,0.006174,0.996913,en,644
SUP-102|en|latin#204#siteB#k0,SUP-102|en|latin#204#siteB,0,SUP-102|en|latin#204,SUP-102,Q2,the rule of law,en,latin,baseline,B,0.005788,0.997106,en,684
SUP-102|en|latin#204#siteB#k1,SUP-102|en|latin#204#siteB,1,SUP-102|en|latin#204,SUP-102,Q2,the rule of law,en,latin,baseline,B,0.005346,0.997327,en,628
SUP-102|en|latin#204#siteB#k2,SUP-102|en|latin#204#siteB,2,SUP-102|en|latin#204,SUP-102,Q2,the rule of law,en,latin,baseline,B,0.005766,0.997117,en,640
SUP-102|en|latin#204#siteB#k3,SUP-102|en|latin#204#siteB,3,SUP-102|en|latin#204,SUP-102,Q2,the rule of law,en,latin,baseline,B,0.005257,0.997372,en,676
SUP-102|en|latin#204#siteB#k4,SUP-102|en|latin#204#siteB,4,SUP-102|en|latin#204,SUP-102,Q2,the rule of law,en,latin,baseline,B,0.005487,0.997256,en,681
SUP-103|zh|hanzi#205#siteA#k0,SUP-103|zh|hanzi#205#siteA,0,SUP-103|zh|hanzi#205,SUP-103,Q3,the rule of law,zh,hanzi,baseline,A,0.008059,0.995971,en,533
SUP-103|zh|hanzi#205#siteA#k1,SUP-103|zh|hanzi#205#siteA,1,SUP-103|zh|hanzi#205,SUP-103,Q3,the rule of law,zh,hanzi,baseline,A,0.007988,0.996006,en,587
SUP-103|zh|hanzi#205#siteA#k2,SUP-103|zh|hanzi#205#siteA,2,SUP-103|zh|hanzi#205,SUP-103,Q3,the rule of law,zh,hanzi,baseline,A,0.008301,0.99585,en,591
SUP-103|zh|hanzi#205#siteA#k3,SUP-103|zh|hanzi#205#siteA,3,SUP-103|zh|hanzi#205,SUP-103,Q3,the rule of law,zh,hanzi,baseline,A,0.00749,0.996255,en,540
SUP-103|zh|hanzi#205#siteA#k4,SUP-103|zh|hanzi#205#siteA,4,SUP-103|zh|hanzi#205,SUP-103,Q3,the rule of law,zh,hanzi,baseline,A,0.008159,0.99592,en,556
SUP-103|zh|hanzi#205#siteB#k0,SUP-103|zh|hanzi#205#siteB,0,SUP-103|zh|hanzi#205,SUP-103,Q3,the rule of law,zh,hanzi,baseline,B,0.011466,0.994267,en,526
SUP-103|zh|hanzi#205#siteB#k1,SUP-103|zh|hanzi#205#siteB,1,SUP-103|zh|hanzi#205,SUP-103,Q3,the rule of law,zh,hanzi,baseline,B,0.010515,0.994743,en,561
SUP-103|zh|hanzi#205#siteB#k2,SUP-103|zh|hanzi#205#siteB,2,SUP-103|zh|hanzi#205,SUP-103,Q3,the rule of law,zh,hanzi,baseline,B,0.012229,0.993886,en,580
SUP-103|zh|hanzi#205#siteB#k3,SUP-103|zh|hanzi#205#siteB,3,SUP-103|zh|hanzi#205,SUP-103,Q3,the rule of law,zh,hanzi,baseline,B,0.011262,0.994369,en,543
SUP-103|zh|hanzi#205#siteB#k4,SUP-103|zh|hanzi#205#siteB,4,SUP-103|zh|hanzi#205,SUP-103,Q3,the rule of law,zh,hanzi,baseline,B,0.010281,0.994859,mixed,519
SUP-103|en|latin#206#siteA#k0,SUP-103|en|latin#206#siteA,0,SUP-103|en|latin#206,SUP-103,Q3,the rule of law,en,latin,baseline,A,0.006073,0.996963,en,654
SUP-103|en|latin#206#siteA#k1,SUP-103|en|latin#206#siteA,1,SUP-103|en|latin#206,SUP-103,Q3,the rule of law,en,latin,baseline,A,0.005942,0.997029,en,667
SUP-103|en|latin#206#siteA#k2,SUP-103|en|latin#206#siteA,2,SUP-103|en|latin#206,SUP-103,Q3,the rule of law,en,latin,baseline,A,0.006105,0.996948,en,680
SUP-103|en|latin#206#siteA#k3,SUP-103|en|latin#206#siteA,3,SUP-103|en|latin#206,SUP-103,Q3,the rule of law,en,latin,baseline,A,0.006026,0.996987,en,669
SUP-103|en|latin#206#siteA#k4,SUP-103|en|latin#206#siteA,4,SUP-103|en|latin#206,SUP-103,Q3,the rule of law,en,latin,baseline,A,0.00618,0.99691,en,644
SUP-103|en|latin#206#siteB#k0,SUP-103|en|latin#206#siteB,0,SUP-103|en|latin#206,SUP-103,Q3,the rule of law,en,latin,baseline,B,0.00868,0.99566,en,676
SUP-103|en|latin#206#siteB#k1,SUP-103|en|latin#206#siteB,1,SUP-103|en|latin#206,SUP-103,Q3,the rule of law,en,latin,baseline,B,0.007608,0.996196,en,682
SUP-103|en|latin#206#siteB#k2,SUP-103|en|latin#206#siteB,2,SUP-103|en|latin#206,SUP-103,Q3,the rule of law,en,latin,baseline,B,0.008446,0.995777,en,655
SUP-103|en|latin#206#siteB#k3,SUP-103|en|latin#206#siteB,3,SUP-103|en|latin#206,SUP-103,Q3,the rule of law,en,latin,baseline,B,0.009128,0.995436,en,653
SUP-103|en|latin#206#siteB#k4,SUP-103|en|latin#206#siteB,4,SUP-103|en|latin#206,SUP-103,Q3,the rule of law,en,latin,baseline,B,0.008338,0.995831,en,623
SUP-104|zh|hanzi#207#siteA#k0,SUP-104|zh|hanzi#207#siteA,0,SUP-104|zh|hanzi#207,SUP-104,Q4,the rule of law,zh,hanzi,baseline,A,0.010294,0.994853,en,618
SUP-104|zh|hanzi#207#siteA#k1,SUP-104|zh|hanzi#207#siteA,1,SUP-104|zh|hanzi#207,SUP-104,Q4,the rule of law,zh,hanzi,baseline,A,0.010066,0.994967,en,545
SUP-104|zh|hanzi#207#siteA#k2,SUP-104|zh|hanzi#207#siteA,2,SUP-104|zh|hanzi#207,SUP-104,Q4,the rule of law,zh,hanzi,baseline,A,0.010146,0.994927,en,562
SUP-104|zh|hanzi#207#siteA#k3,SUP-104|zh|hanzi#207#siteA,3,SUP-104|zh|hanzi#207,SUP-104,Q4,the rule of law,zh,hanzi,baseline,A,0.009967,0.995017,en,569
SUP-104|zh|hanzi#207#siteA#k4,SUP-104|zh|hanzi#207#siteA,4,SUP-104|zh|hanzi#207,SUP-104,Q4,the rule of law,zh,hanzi,baseline,A,0.010816,0.994592,en,572
SUP-104|zh|hanzi#207#siteB#k0,SUP-104|zh|hanzi#207#siteB,0,SUP-104|zh|hanzi#207,SUP-104,Q4,the rule of law,zh,hanzi,baseline,B,0.011712,0.994144,mixed,523
SUP-104|zh|hanzi#207#siteB#k1,SUP-104|zh|hanzi#207#siteB,1,SUP-104|zh|hanzi#207,SUP-104,Q4,the rule of law,zh,hanzi,baseline,B,0.008897,0.995552,en,558
SUP-104|zh|hanzi#207#siteB#k2,SUP-104|zh|hanzi#207#siteB,2,SUP-104|zh|hanzi#207,SUP-104,Q4,the rule of law,zh,hanzi,baseline,B,0.00942,0.99529,en,581
SUP-104|zh|hanzi#207#siteB#k3,SUP-104|zh|hanzi#207#siteB,3,SUP-104|zh|hanzi#207,SUP-104,Q4,the rule of law,zh,hanzi,baseline,B,0.009842,0.995079,mixed,529
SUP-104|zh|hanzi#207#siteB#k4,SUP-104|zh|hanzi#207#siteB,4,SUP-104|zh|hanzi#207,SUP-104,Q4,the rule of law,zh,hanzi,baseline,B,0.010165,0.994917,mixed,555
SUP-104|en|latin#208#siteA#k0,SUP-104|en|latin#208#siteA,0,SUP-104|en|latin#208,SUP-104,Q4,the rule of law,en,latin,baseline,A,0.00873,0.995635,en,678
SUP-104|en|latin#208#siteA#k1,SUP-104|en|latin#208#siteA,1,SUP-104|en|latin#208,SUP-104,Q4,the rule of law,en,latin,baseline,A,0.007818,0.996091,en,651
SUP-104|en|latin#208#siteA#k2,SUP-104|en|latin#208#siteA,2,SUP-104|en|latin#208,SUP-104,Q4,the rule of law,en,latin,baseline,A,0.008096,0.995952,en,669
SUP-104|en|latin#208#siteA#k3,SUP-104|en|latin#208#siteA,3,SUP-104|en|latin#208,SUP-104,Q4,the rule of law,en,latin,baseline,A,0.007877,0.996062,en,683
SUP-104|en|latin#208#siteA#k4,SUP-104|en|latin#208#siteA,4,SUP-104|en|latin#208,SUP-104,Q4,the rule of law,en,latin,baseline,A,0.008122,0.995939,en,686
SUP-104|en|latin#208#siteB#k0,SUP-104|en|latin#208#siteB,0,SUP-104|en|latin#208,SUP-104,Q4,the rule of law,en,latin,baseline,B,0.014062,0.992969,en,678
SUP-104|en|latin#208#siteB#k1,SUP-104|en|latin#208#siteB,1,SUP-104|en|latin#208,SUP-104,Q4,the rule of law,en,latin,baseline,B,0.011134,0.994433,en,687
SUP-104|en|latin#208#siteB#k2,SUP-104|en|latin#208#siteB,2,SUP-104|en|latin#208,SUP-104,Q4,the rule of law,en,latin,baseline,B,0.01065,0.994676,en,700
SUP-104|en|latin#208#siteB#k3,SUP-104|en|latin#208#siteB,3,SUP-104|en|latin#208,SUP-104,Q4,the rule of law,en,latin,baseline,B,0.010566,0.994718,en,643
SUP-104|en|latin#208#siteB#k4,SUP-104|en|latin#208#siteB,4,SUP-104|en|latin#208,SUP-104,Q4,the rule of law,en,latin,baseline,B,0.010954,0.994523,en,683
SUP-105|zh|hanzi#209#siteA#k0,SUP-105|zh|hanzi#209#siteA,0,SUP-105|zh|hanzi#209,SUP-105,Q1,freedom of assembly,zh,hanzi,baseline,A,0.010048,0.994976,en,550
SUP-105|zh|hanzi#209#siteA#k1,SUP-105|zh|hanzi#209#siteA,1,SUP-105|zh|hanzi#209,SUP-105,Q1,freedom of assembly,zh,hanzi,baseline,A,0.010011,0.994995,en,582
SUP-105|zh|hanzi#209#siteA#k2,SUP-105|zh|hanzi#209#siteA,2,SUP-105|zh|hanzi#209,SUP-105,Q1,freedom of assembly,zh,hanzi,baseline,A,0.009655,0.995172,en,578
SUP-105|zh|hanzi#209#siteA#k3,SUP-105|zh|hanzi#209#siteA,3,SUP-105|zh|hanzi#209,SUP-105,Q1,freedom of assembly,zh,hanzi,baseline,A,0.011235,0.994383,en,577
SUP-105|zh|hanzi#209#siteA#k4,SUP-105|zh|hanzi#209#siteA,4,SUP-105|zh|hanzi#209,SUP-105,Q1,freedom of assembly,zh,hanzi,baseline,A,0.011533,0.994233,en,575
SUP-105|zh|hanzi#209#siteB#k0,SUP-105|zh|hanzi#209#siteB,0,SUP-105|zh|hanzi#209,SUP-105,Q1,freedom of assembly,zh,hanzi,baseline,B,0.014449,0.992776,en,529
SUP-105|zh|hanzi#209#siteB#k1,SUP-105|zh|hanzi#209#siteB,1,SUP-105|zh|hanzi#209,SUP-105,Q1,freedom of assembly,zh,hanzi,baseline,B,0.015669,0.992166,en,575
SUP-105|zh|hanzi#209#siteB#k2,SUP-105|zh|hanzi#209#siteB,2,SUP-105|zh|hanzi#209,SUP-105,Q1,freedom of assembly,zh,hanzi,baseline,B,0.014218,0.992891,en,567
SUP-105|zh|hanzi#209#siteB#k3,SUP-105|zh|hanzi#209#siteB,3,SUP-105|zh|hanzi#209,SUP-105,Q1,freedom of assembly,zh,hanzi,baseline,B,0.015154,0.992423,en,564
SUP-105|zh|hanzi#209#siteB#k4,SUP-105|zh|hanzi#209#siteB,4,SUP-105|zh|hanzi#209,SUP-105,Q1,freedom of assembly,zh,hanzi,baseline,B,0.01479,0.992605,en,619
SUP-105|en|latin#210#siteA#k0,SUP-105|en|latin#210#siteA,0,SUP-105|en|latin#210,SUP-105,Q1,freedom of assembly,en,latin,baseline,A,0.009461,0.995269,en,705
SUP-105|en|latin#210#siteA#k1,SUP-105|en|latin#210#siteA,1,SUP-105|en|latin#210,SUP-105,Q1,freedom of assembly,en,latin,baseline,A,0.009311,0.995345,en,725
SUP-105|en|latin#210#siteA#k2,SUP-105|en|latin#210#siteA,2,SUP-105|en|latin#210,SUP-105,Q1,freedom of assembly,en,latin,baseline,A,0.009054,0.995473,en,718
SUP-105|en|latin#210#siteA#k3,SUP-105|en|latin#210#siteA,3,SUP-105|en|latin#210,SUP-105,Q1,freedom of assembly,en,latin,baseline,A,0.008669,0.995666,en,675
SUP-105|en|latin#210#siteA#k4,SUP-105|en|latin#210#siteA,4,SUP-105|en|latin#210,SUP-105,Q1,freedom of assembly,en,latin,baseline,A,0.008964,0.995518,en,726
SUP-105|en|latin#210#siteB#k0,SUP-105|en|latin#210#siteB,0,SUP-105|en|latin#210,SUP-105,Q1,freedom of assembly,en,latin,baseline,B,0.014614,0.992694,en,656
SUP-105|en|latin#210#siteB#k1,SUP-105|en|latin#210#siteB,1,SUP-105|en|latin#210,SUP-105,Q1,freedom of assembly,en,latin,baseline,B,0.012882,0.99356,en,670
SUP-105|en|latin#210#siteB#k2,SUP-105|en|latin#210#siteB,2,SUP-105|en|latin#210,SUP-105,Q1,freedom of assembly,en,latin,baseline,B,0.01348,0.99326,en,697
SUP-105|en|latin#210#siteB#k3,SUP-105|en|latin#210#siteB,3,SUP-105|en|latin#210,SUP-105,Q1,freedom of assembly,en,latin,baseline,B,0.016094,0.991953,en,667
SUP-105|en|latin#210#siteB#k4,SUP-105|en|latin#210#siteB,4,SUP-105|en|latin#210,SUP-105,Q1,freedom of assembly,en,latin,baseline,B,0.013073,0.993464,en,702
SUP-106|zh|hanzi#211#siteA#k0,SUP-106|zh|hanzi#211#siteA,0,SUP-106|zh|hanzi#211,SUP-106,Q2,freedom of assembly,zh,hanzi,baseline,A,0.009579,0.995211,en,580
SUP-106|zh|hanzi#211#siteA#k1,SUP-106|zh|hanzi#211#siteA,1,SUP-106|zh|hanzi#211,SUP-106,Q2,freedom of assembly,zh,hanzi,baseline,A,0.010026,0.994987,en,577
SUP-106|zh|hanzi#211#siteA#k2,SUP-106|zh|hanzi#211#siteA,2,SUP-106|zh|hanzi#211,SUP-106,Q2,freedom of assembly,zh,hanzi,baseline,A,0.009319,0.995341,en,571
SUP-106|zh|hanzi#211#siteA#k3,SUP-106|zh|hanzi#211#siteA,3,SUP-106|zh|hanzi#211,SUP-106,Q2,freedom of assembly,zh,hanzi,baseline,A,0.010597,0.994702,en,610
SUP-106|zh|hanzi#211#siteA#k4,SUP-106|zh|hanzi#211#siteA,4,SUP-106|zh|hanzi#211,SUP-106,Q2,freedom of assembly,zh,hanzi,baseline,A,0.009603,0.995199,en,568
SUP-106|zh|hanzi#211#siteB#k0,SUP-106|zh|hanzi#211#siteB,0,SUP-106|zh|hanzi#211,SUP-106,Q2,freedom of assembly,zh,hanzi,baseline,B,0.008724,0.995638,en,553
SUP-106|zh|hanzi#211#siteB#k1,SUP-106|zh|hanzi#211#siteB,1,SUP-106|zh|hanzi#211,SUP-106,Q2,freedom of assembly,zh,hanzi,baseline,B,0.006968,0.996516,en,549
SUP-106|zh|hanzi#211#siteB#k2,SUP-106|zh|hanzi#211#siteB,2,SUP-106|zh|hanzi#211,SUP-106,Q2,freedom of assembly,zh,hanzi,baseline,B,0.007623,0.996189,mixed,513
SUP-106|zh|hanzi#211#siteB#k3,SUP-106|zh|hanzi#211#siteB,3,SUP-106|zh|hanzi#211,SUP-106,Q2,freedom of assembly,zh,hanzi,baseline,B,0.00696,0.99652,mixed,498
SUP-106|zh|hanzi#211#siteB#k4,SUP-106|zh|hanzi#211#siteB,4,SUP-106|zh|hanzi#211,SUP-106,Q2,freedom of assembly,zh,hanzi,baseline,B,0.007234,0.996383,mixed,495
SUP-106|en|latin#212#siteA#k0,SUP-106|en|latin#212#siteA,0,SUP-106|en|latin#212,SUP-106,Q2,freedom of assembly,en,latin,baseline,A,0.008765,0.995617,en,690
SUP-106|en|latin#212#siteA#k1,SUP-106|en|latin#212#siteA,1,SUP-106|en|latin#212,SUP-106,Q2,freedom of assembly,en,latin,baseline,A,0.008655,0.995672,en,703
SUP-106|en|latin#212#siteA#k2,SUP-106|en|latin#212#siteA,2,SUP-106|en|latin#212,SUP-106,Q2,freedom of assembly,en,latin,baseline,A,0.008301,0.995849,en,681
SUP-106|en|latin#212#siteA#k3,SUP-106|en|latin#212#siteA,3,SUP-106|en|latin#212,SUP-106,Q2,freedom of assembly,en,latin,baseline,A,0.008173,0.995914,en,705
SUP-106|en|latin#212#siteA#k4,SUP-106|en|latin#212#siteA,4,SUP-106|en|latin#212,SUP-106,Q2,freedom of assembly,en,latin,baseline,A,0.008486,0.995757,en,706
SUP-106|en|latin#212#siteB#k0,SUP-106|en|latin#212#siteB,0,SUP-106|en|latin#212,SUP-106,Q2,freedom of assembly,en,latin,baseline,B,0.009686,0.995157,en,673
SUP-106|en|latin#212#siteB#k1,SUP-106|en|latin#212#siteB,1,SUP-106|en|latin#212,SUP-106,Q2,freedom of assembly,en,latin,baseline,B,0.008176,0.995912,en,647
SUP-106|en|latin#212#siteB#k2,SUP-106|en|latin#212#siteB,2,SUP-106|en|latin#212,SUP-106,Q2,freedom of assembly,en,latin,baseline,B,0.007766,0.996117,en,618
SUP-106|en|latin#212#siteB#k3,SUP-106|en|latin#212#siteB,3,SUP-106|en|latin#212,SUP-106,Q2,freedom of assembly,en,latin,baseline,B,0.010257,0.994872,en,690
SUP-106|en|latin#212#siteB#k4,SUP-106|en|latin#212#siteB,4,SUP-106|en|latin#212,SUP-106,Q2,freedom of assembly,en,latin,baseline,B,0.008817,0.995591,en,668
SUP-107|zh|hanzi#213#siteA#k0,SUP-107|zh|hanzi#213#siteA,0,SUP-107|zh|hanzi#213,SUP-107,Q3,freedom of assembly,zh,hanzi,baseline,A,0.009506,0.995247,en,607
SUP-107|zh|hanzi#213#siteA#k1,SUP-107|zh|hanzi#213#siteA,1,SUP-107|zh|hanzi#213,SUP-107,Q3,freedom of assembly,zh,hanzi,baseline,A,0.009556,0.995222,en,577
SUP-107|zh|hanzi#213#siteA#k2,SUP-107|zh|hanzi#213#siteA,2,SUP-107|zh|hanzi#213,SUP-107,Q3,freedom of assembly,zh,hanzi,baseline,A,0.009357,0.995321,en,605
SUP-107|zh|hanzi#213#siteA#k3,SUP-107|zh|hanzi#213#siteA,3,SUP-107|zh|hanzi#213,SUP-107,Q3,freedom of assembly,zh,hanzi,baseline,A,0.009671,0.995164,en,558
SUP-107|zh|hanzi#213#siteA#k4,SUP-107|zh|hanzi#213#siteA,4,SUP-107|zh|hanzi#213,SUP-107,Q3,freedom of assembly,zh,hanzi,baseline,A,0.00968,0.99516,en,610
SUP-107|zh|hanzi#213#siteB#k0,SUP-107|zh|hanzi#213#siteB,0,SUP-107|zh|hanzi#213,SUP-107,Q3,freedom of assembly,zh,hanzi,baseline,B,0.012001,0.994,mixed,519
SUP-107|zh|hanzi#213#siteB#k1,SUP-107|zh|hanzi#213#siteB,1,SUP-107|zh|hanzi#213,SUP-107,Q3,freedom of assembly,zh,hanzi,baseline,B,0.011408,0.994296,en,538
SUP-107|zh|hanzi#213#siteB#k2,SUP-107|zh|hanzi#213#siteB,2,SUP-107|zh|hanzi#213,SUP-107,Q3,freedom of assembly,zh,hanzi,baseline,B,0.011953,0.994024,en,557
SUP-107|zh|hanzi#213#siteB#k3,SUP-107|zh|hanzi#213#siteB,3,SUP-107|zh|hanzi#213,SUP-107,Q3,freedom of assembly,zh,hanzi,baseline,B,0.012005,0.993997,mixed,500
SUP-107|zh|hanzi#213#siteB#k4,SUP-107|zh|hanzi#213#siteB,4,SUP-107|zh|hanzi#213,SUP-107,Q3,freedom of assembly,zh,hanzi,baseline,B,0.011056,0.994472,mixed,528
SUP-107|en|latin#214#siteA#k0,SUP-107|en|latin#214#siteA,0,SUP-107|en|latin#214,SUP-107,Q3,freedom of assembly,en,latin,baseline,A,0.008735,0.995632,en,706
SUP-107|en|latin#214#siteA#k1,SUP-107|en|latin#214#siteA,1,SUP-107|en|latin#214,SUP-107,Q3,freedom of assembly,en,latin,baseline,A,0.008413,0.995793,en,702
SUP-107|en|latin#214#siteA#k2,SUP-107|en|latin#214#siteA,2,SUP-107|en|latin#214,SUP-107,Q3,freedom of assembly,en,latin,baseline,A,0.00816,0.995921,en,704
SUP-107|en|latin#214#siteA#k3,SUP-107|en|latin#214#siteA,3,SUP-107|en|latin#214,SUP-107,Q3,freedom of assembly,en,latin,baseline,A,0.008331,0.995835,en,671
SUP-107|en|latin#214#siteA#k4,SUP-107|en|latin#214#siteA,4,SUP-107|en|latin#214,SUP-107,Q3,freedom of assembly,en,latin,baseline,A,0.007824,0.996088,en,680
SUP-107|en|latin#214#siteB#k0,SUP-107|en|latin#214#siteB,0,SUP-107|en|latin#214,SUP-107,Q3,freedom of assembly,en,latin,baseline,B,0.008137,0.995931,en,687
SUP-107|en|latin#214#siteB#k1,SUP-107|en|latin#214#siteB,1,SUP-107|en|latin#214,SUP-107,Q3,freedom of assembly,en,latin,baseline,B,0.007953,0.996023,en,712
SUP-107|en|latin#214#siteB#k2,SUP-107|en|latin#214#siteB,2,SUP-107|en|latin#214,SUP-107,Q3,freedom of assembly,en,latin,baseline,B,0.008568,0.995716,en,742
SUP-107|en|latin#214#siteB#k3,SUP-107|en|latin#214#siteB,3,SUP-107|en|latin#214,SUP-107,Q3,freedom of assembly,en,latin,baseline,B,0.009316,0.995342,en,682
SUP-107|en|latin#214#siteB#k4,SUP-107|en|latin#214#siteB,4,SUP-107|en|latin#214,SUP-107,Q3,freedom of assembly,en,latin,baseline,B,0.008319,0.995841,en,729
SUP-108|zh|hanzi#215#siteA#k0,SUP-108|zh|hanzi#215#siteA,0,SUP-108|zh|hanzi#215,SUP-108,Q4,freedom of assembly,zh,hanzi,baseline,A,0.010311,0.994845,en,544
SUP-108|zh|hanzi#215#siteA#k1,SUP-108|zh|hanzi#215#siteA,1,SUP-108|zh|hanzi#215,SUP-108,Q4,freedom of assembly,zh,hanzi,baseline,A,0.01028,0.99486,en,575
SUP-108|zh|hanzi#215#siteA#k2,SUP-108|zh|hanzi#215#siteA,2,SUP-108|zh|hanzi#215,SUP-108,Q4,freedom of assembly,zh,hanzi,baseline,A,0.010727,0.994637,en,558
SUP-108|zh|hanzi#215#siteA#k3,SUP-108|zh|hanzi#215#siteA,3,SUP-108|zh|hanzi#215,SUP-108,Q4,freedom of assembly,zh,hanzi,baseline,A,0.008862,0.995569,en,544
SUP-108|zh|hanzi#215#siteA#k4,SUP-108|zh|hanzi#215#siteA,4,SUP-108|zh|hanzi#215,SUP-108,Q4,freedom of assembly,zh,hanzi,baseline,A,0.009949,0.995026,en,576
SUP-108|zh|hanzi#215#siteB#k0,SUP-108|zh|hanzi#215#siteB,0,SUP-108|zh|hanzi#215,SUP-108,Q4,freedom of assembly,zh,hanzi,baseline,B,0.008521,0.995739,mixed,519
SUP-108|zh|hanzi#215#siteB#k1,SUP-108|zh|hanzi#215#siteB,1,SUP-108|zh|hanzi#215,SUP-108,Q4,freedom of assembly,zh,hanzi,baseline,B,0.010483,0.994758,mixed,531
SUP-108|zh|hanzi#215#siteB#k2,SUP-108|zh|hanzi#215#siteB,2,SUP-108|zh|hanzi#215,SUP-108,Q4,freedom of assembly,zh,hanzi,baseline,B,0.008169,0.995916,mixed,527
SUP-108|zh|hanzi#215#siteB#k3,SUP-108|zh|hanzi#215#siteB,3,SUP-108|zh|hanzi#215,SUP-108,Q4,freedom of assembly,zh,hanzi,baseline,B,0.010087,0.994957,en,578
SUP-108|zh|hanzi#215#siteB#k4,SUP-108|zh|hanzi#215#siteB,4,SUP-108|zh|hanzi#215,SUP-108,Q4,freedom of assembly,zh,hanzi,baseline,B,0.009761,0.995119,en,561
SUP-108|en|latin#216#siteA#k0,SUP-108|en|latin#216#siteA,0,SUP-108|en|latin#216,SUP-108,Q4,freedom of assembly,en,latin,baseline,A,0.009127,0.995437,en,697
SUP-108|en|latin#216#siteA#k1,SUP-108|en|latin#216#siteA,1,SUP-108|en|latin#216,SUP-108,Q4,freedom of assembly,en,latin,baseline,A,0.008701,0.99565,en,738
SUP-108|en|latin#216#siteA#k2,SUP-108|en|latin#216#siteA,2,SUP-108|en|latin#216,SUP-108,Q4,freedom of assembly,en,latin,baseline,A,0.009499,0.995251,en,688
SUP-108|en|latin#216#siteA#k3,SUP-108|en|latin#216#siteA,3,SUP-108|en|latin#216,SUP-108,Q4,freedom of assembly,en,latin,baseline,A,0.009781,0.99511,en,714
SUP-108|en|latin#216#siteA#k4,SUP-108|en|latin#216#siteA,4,SUP-108|en|latin#216,SUP-108,Q4,freedom of assembly,en,latin,baseline,A,0.009679,0.995161,en,685
SUP-108|en|latin#216#siteB#k0,SUP-108|en|latin#216#siteB,0,SUP-108|en|latin#216,SUP-108,Q4,freedom of assembly,en,latin,baseline,B,0.014981,0.992509,en,693
SUP-108|en|latin#216#siteB#k1,SUP-108|en|latin#216#siteB,1,SUP-108|en|latin#216,SUP-108,Q4,freedom of assembly,en,latin,baseline,B,0.014801,0.992599,en,655
SUP-108|en|latin#216#siteB#k2,SUP-108|en|latin#216#siteB,2,SUP-108|en|latin#216,SUP-108,Q4,freedom of assembly,en,latin,baseline,B,0.01506,0.99247,en,728
SUP-108|en|latin#216#siteB#k3,SUP-108|en|latin#216#siteB,3,SUP-108|en|latin#216,SUP-108,Q4,freedom of assembly,en,latin,baseline,B,0.01589,0.992055,en,681
SUP-108|en|latin#216#siteB#k4,SUP-108|en|latin#216#siteB,4,SUP-108|en|latin#216,SUP-108,Q4,freedom of assembly,en,latin,baseline,B,0.013799,0.993101,en,718
SUP-109|zh|hanzi#217#siteA#k0,SUP-109|zh|hanzi#217#siteA,0,SUP-109|zh|hanzi#217,SUP-109,Q1,freedom,zh,hanzi,baseline,A,0.010504,0.994748,en,558
SUP-109|zh|hanzi#217#siteA#k1,SUP-109|zh|hanzi#217#siteA,1,SUP-109|zh|hanzi#217,SUP-109,Q1,freedom,zh,hanzi,baseline,A,0.010342,0.994829,en,594
SUP-109|zh|hanzi#217#siteA#k2,SUP-109|zh|hanzi#217#siteA,2,SUP-109|zh|hanzi#217,SUP-109,Q1,freedom,zh,hanzi,baseline,A,0.011457,0.994272,en,604
SUP-109|zh|hanzi#217#siteA#k3,SUP-109|zh|hanzi#217#siteA,3,SUP-109|zh|hanzi#217,SUP-109,Q1,freedom,zh,hanzi,baseline,A,0.011609,0.994195,en,629
SUP-109|zh|hanzi#217#siteA#k4,SUP-109|zh|hanzi#217#siteA,4,SUP-109|zh|hanzi#217,SUP-109,Q1,freedom,zh,hanzi,baseline,A,0.01092,0.99454,en,621
SUP-109|zh|hanzi#217#siteB#k0,SUP-109|zh|hanzi#217#siteB,0,SUP-109|zh|hanzi#217,SUP-109,Q1,freedom,zh,hanzi,baseline,B,0.014583,0.992708,en,544
SUP-109|zh|hanzi#217#siteB#k1,SUP-109|zh|hanzi#217#siteB,1,SUP-109|zh|hanzi#217,SUP-109,Q1,freedom,zh,hanzi,baseline,B,0.014306,0.992847,en,606
SUP-109|zh|hanzi#217#siteB#k2,SUP-109|zh|hanzi#217#siteB,2,SUP-109|zh|hanzi#217,SUP-109,Q1,freedom,zh,hanzi,baseline,B,0.014001,0.992999,en,631
SUP-109|zh|hanzi#217#siteB#k3,SUP-109|zh|hanzi#217#siteB,3,SUP-109|zh|hanzi#217,SUP-109,Q1,freedom,zh,hanzi,baseline,B,0.013705,0.993148,en,561
SUP-109|zh|hanzi#217#siteB#k4,SUP-109|zh|hanzi#217#siteB,4,SUP-109|zh|hanzi#217,SUP-109,Q1,freedom,zh,hanzi,baseline,B,0.01331,0.993345,en,583
SUP-109|en|latin#218#siteA#k0,SUP-109|en|latin#218#siteA,0,SUP-109|en|latin#218,SUP-109,Q1,freedom,en,latin,baseline,A,0.011071,0.994465,en,707
SUP-109|en|latin#218#siteA#k1,SUP-109|en|latin#218#siteA,1,SUP-109|en|latin#218,SUP-109,Q1,freedom,en,latin,baseline,A,0.01109,0.994455,en,680
SUP-109|en|latin#218#siteA#k2,SUP-109|en|latin#218#siteA,2,SUP-109|en|latin#218,SUP-109,Q1,freedom,en,latin,baseline,A,0.010718,0.994641,en,704
SUP-109|en|latin#218#siteA#k3,SUP-109|en|latin#218#siteA,3,SUP-109|en|latin#218,SUP-109,Q1,freedom,en,latin,baseline,A,0.010786,0.994607,en,706
SUP-109|en|latin#218#siteA#k4,SUP-109|en|latin#218#siteA,4,SUP-109|en|latin#218,SUP-109,Q1,freedom,en,latin,baseline,A,0.011372,0.994314,en,702
SUP-109|en|latin#218#siteB#k0,SUP-109|en|latin#218#siteB,0,SUP-109|en|latin#218,SUP-109,Q1,freedom,en,latin,baseline,B,0.014502,0.992749,en,703
SUP-109|en|latin#218#siteB#k1,SUP-109|en|latin#218#siteB,1,SUP-109|en|latin#218,SUP-109,Q1,freedom,en,latin,baseline,B,0.015308,0.992346,en,722
SUP-109|en|latin#218#siteB#k2,SUP-109|en|latin#218#siteB,2,SUP-109|en|latin#218,SUP-109,Q1,freedom,en,latin,baseline,B,0.014855,0.992573,en,698
SUP-109|en|latin#218#siteB#k3,SUP-109|en|latin#218#siteB,3,SUP-109|en|latin#218,SUP-109,Q1,freedom,en,latin,baseline,B,0.014484,0.992758,en,690
SUP-109|en|latin#218#siteB#k4,SUP-109|en|latin#218#siteB,4,SUP-109|en|latin#218,SUP-109,Q1,freedom,en,latin,baseline,B,0.015722,0.992139,en,695
SUP-110|zh|hanzi#219#siteA#k0,SUP-110|zh|hanzi#219#siteA,0,SUP-110|zh|hanzi#219,SUP-110,Q2,freedom,zh,hanzi,baseline,A,0.011106,0.994447,en,539
SUP-110|zh|hanzi#219#siteA#k1,SUP-110|zh|hanzi#219#siteA,1,SUP-110|zh|hanzi#219,SUP-110,Q2,freedom,zh,hanzi,baseline,A,0.01125,0.994375,en,568
SUP-110|zh|hanzi#219#siteA#k2,SUP-110|zh|hanzi#219#siteA,2,SUP-110|zh|hanzi#219,SUP-110,Q2,freedom,zh,hanzi,baseline,A,0.011838,0.994081,en,561
SUP-110|zh|hanzi#219#siteA#k3,SUP-110|zh|hanzi#219#siteA,3,SUP-110|zh|hanzi#219,SUP-110,Q2,freedom,zh,hanzi,baseline,A,0.011154,0.994423,en,555
SUP-110|zh|hanzi#219#siteA#k4,SUP-110|zh|hanzi#219#siteA,4,SUP-110|zh|hanzi#219,SUP-110,Q2,freedom,zh,hanzi,baseline,A,0.011422,0.994289,en,531
SUP-110|zh|hanzi#219#siteB#k0,SUP-110|zh|hanzi#219#siteB,0,SUP-110|zh|hanzi#219,SUP-110,Q2,freedom,zh,hanzi,baseline,B,0.007681,0.996159,mixed,548
SUP-110|zh|hanzi#219#siteB#k1,SUP-110|zh|hanzi#219#siteB,1,SUP-110|zh|hanzi#219,SUP-110,Q2,freedom,zh,hanzi,baseline,B,0.007904,0.996048,en,602
SUP-110|zh|hanzi#219#siteB#k2,SUP-110|zh|hanzi#219#siteB,2,SUP-110|zh|hanzi#219,SUP-110,Q2,freedom,zh,hanzi,baseline,B,0.007929,0.996035,mixed,519
SUP-110|zh|hanzi#219#siteB#k3,SUP-110|zh|hanzi#219#siteB,3,SUP-110|zh|hanzi#219,SUP-110,Q2,freedom,zh,hanzi,baseline,B,0.007784,0.996108,en,550
SUP-110|zh|hanzi#219#siteB#k4,SUP-110|zh|hanzi#219#siteB,4,SUP-110|zh|hanzi#219,SUP-110,Q2,freedom,zh,hanzi,baseline,B,0.006966,0.996517,en,597
SUP-110|en|latin#220#siteA#k0,SUP-110|en|latin#220#siteA,0,SUP-110|en|latin#220,SUP-110,Q2,freedom,en,latin,baseline,A,0.012003,0.993999,en,654
SUP-110|en|latin#220#siteA#k1,SUP-110|en|latin#220#siteA,1,SUP-110|en|latin#220,SUP-110,Q2,freedom,en,latin,baseline,A,0.012744,0.993628,en,642
SUP-110|en|latin#220#siteA#k2,SUP-110|en|latin#220#siteA,2,SUP-110|en|latin#220,SUP-110,Q2,freedom,en,latin,baseline,A,0.011652,0.994174,en,661
SUP-110|en|latin#220#siteA#k3,SUP-110|en|latin#220#siteA,3,SUP-110|en|latin#220,SUP-110,Q2,freedom,en,latin,baseline,A,0.011158,0.994421,en,648
SUP-110|en|latin#220#siteA#k4,SUP-110|en|latin#220#siteA,4,SUP-110|en|latin#220,SUP-110,Q2,freedom,en,latin,baseline,A,0.013286,0.993357,en,643
SUP-110|en|latin#220#siteB#k0,SUP-110|en|latin#220#siteB,0,SUP-110|en|latin#220,SUP-110,Q2,freedom,en,latin,baseline,B,0.009083,0.995458,en,673
SUP-110|en|latin#220#siteB#k1,SUP-110|en|latin#220#siteB,1,SUP-110|en|latin#220,SUP-110,Q2,freedom,en,latin,baseline,B,0.010348,0.994826,en,679
SUP-110|en|latin#220#siteB#k2,SUP-110|en|latin#220#siteB,2,SUP-110|en|latin#220,SUP-110,Q2,freedom,en,latin,baseline,B,0.009914,0.995043,en,670
SUP-110|en|latin#220#siteB#k3,SUP-110|en|latin#220#siteB,3,SUP-110|en|latin#220,SUP-110,Q2,freedom,en,latin,baseline,B,0.007591,0.996205,en,699
SUP-110|en|latin#220#siteB#k4,SUP-110|en|latin#220#siteB,4,SUP-110|en|latin#220,SUP-110,Q2,freedom,en,latin,baseline,B,0.009132,0.995435,en,679
SUP-111|zh|hanzi#221#siteA#k0,SUP-111|zh|hanzi#221#siteA,0,SUP-111|zh|hanzi#221,SUP-111,Q3,freedom,zh,hanzi,baseline,A,0.010824,0.994588,en,607
SUP-111|zh|hanzi#221#siteA#k1,SUP-111|zh|hanzi#221#siteA,1,SUP-111|zh|hanzi#221,SUP-111,Q3,freedom,zh,hanzi,baseline,A,0.011855,0.994073,en,581
SUP-111|zh|hanzi#221#siteA#k2,SUP-111|zh|hanzi#221#siteA,2,SUP-111|zh|hanzi#221,SUP-111,Q3,freedom,zh,hanzi,baseline,A,0.011286,0.994357,en,584
SUP-111|zh|hanzi#221#siteA#k3,SUP-111|zh|hanzi#221#siteA,3,SUP-111|zh|hanzi#221,SUP-111,Q3,freedom,zh,hanzi,baseline,A,0.01154,0.99423,en,577
SUP-111|zh|hanzi#221#siteA#k4,SUP-111|zh|hanzi#221#siteA,4,SUP-111|zh|hanzi#221,SUP-111,Q3,freedom,zh,hanzi,baseline,A,0.010908,0.994546,en,589
SUP-111|zh|hanzi#221#siteB#k0,SUP-111|zh|hanzi#221#siteB,0,SUP-111|zh|hanzi#221,SUP-111,Q3,freedom,zh,hanzi,baseline,B,0.010509,0.994746,en,560
SUP-111|zh|hanzi#221#siteB#k1,SUP-111|zh|hanzi#221#siteB,1,SUP-111|zh|hanzi#221,SUP-111,Q3,freedom,zh,hanzi,baseline,B,0.011726,0.994137,en,551
SUP-111|zh|hanzi#221#siteB#k2,SUP-111|zh|hanzi#221#siteB,2,SUP-111|zh|hanzi#221,SUP-111,Q3,freedom,zh,hanzi,baseline,B,0.010585,0.994707,en,542
SUP-111|zh|hanzi#221#siteB#k3,SUP-111|zh|hanzi#221#siteB,3,SUP-111|zh|hanzi#221,SUP-111,Q3,freedom,zh,hanzi,baseline,B,0.012168,0.993916,en,543
SUP-111|zh|hanzi#221#siteB#k4,SUP-111|zh|hanzi#221#siteB,4,SUP-111|zh|hanzi#221,SUP-111,Q3,freedom,zh,hanzi,baseline,B,0.010501,0.99475,en,534
SUP-111|en|latin#222#siteA#k0,SUP-111|en|latin#222#siteA,0,SUP-111|en|latin#222,SUP-111,Q3,freedom,en,latin,baseline,A,0.008794,0.995603,en,665
SUP-111|en|latin#222#siteA#k1,SUP-111|en|latin#222#siteA,1,SUP-111|en|latin#222,SUP-111,Q3,freedom,en,latin,baseline,A,0.008964,0.995518,en,630
SUP-111|en|latin#222#siteA#k2,SUP-111|en|latin#222#siteA,2,SUP-111|en|latin#222,SUP-111,Q3,freedom,en,latin,baseline,A,0.009337,0.995331,en,643
SUP-111|en|latin#222#siteA#k3,SUP-111|en|latin#222#siteA,3,SUP-111|en|latin#222,SUP-111,Q3,freedom,en,latin,baseline,A,0.009123,0.995438,en,662
SUP-111|en|latin#222#siteA#k4,SUP-111|en|latin#222#siteA,4,SUP-111|en|latin#222,SUP-111,Q3,freedom,en,latin,baseline,A,0.00904,0.99548,en,654
SUP-111|en|latin#222#siteB#k0,SUP-111|en|latin#222#siteB,0,SUP-111|en|latin#222,SUP-111,Q3,freedom,en,latin,baseline,B,0.008253,0.995874,en,679
SUP-111|en|latin#222#siteB#k1,SUP-111|en|latin#222#siteB,1,SUP-111|en|latin#222,SUP-111,Q3,freedom,en,latin,baseline,B,0.009218,0.995391,en,722
SUP-111|en|latin#222#siteB#k2,SUP-111|en|latin#222#siteB,2,SUP-111|en|latin#222,SUP-111,Q3,freedom,en,latin,baseline,B,0.008809,0.995595,en,688
SUP-111|en|latin#222#siteB#k3,SUP-111|en|latin#222#siteB,3,SUP-111|en|latin#222,SUP-111,Q3,freedom,en,latin,baseline,B,0.008748,0.995626,en,711
SUP-111|en|latin#222#siteB#k4,SUP-111|en|latin#222#siteB,4,SUP-111|en|latin#222,SUP-111,Q3,freedom,en,latin,baseline,B,0.009955,0.995023,en,660
SUP-112|zh|hanzi#223#siteA#k0,SUP-112|zh|hanzi#223#siteA,0,SUP-112|zh|hanzi#223,SUP-112,Q4,freedom,zh,hanzi,baseline,A,0.011228,0.994386,en,521
SUP-112|zh|hanzi#223#siteA#k1,SUP-112|zh|hanzi#223#siteA,1,SUP-112|zh|hanzi#223,SUP-112,Q4,freedom,zh,hanzi,baseline,A,0.011054,0.994473,en,562
SUP-112|zh|hanzi#223#siteA#k2,SUP-112|zh|hanzi#223#siteA,2,SUP-112|zh|hanzi#223,SUP-112,Q4,freedom,zh,hanzi,baseline,A,0.010296,0.994852,en,594
SUP-112|zh|hanzi#223#siteA#k3,SUP-112|zh|hanzi#223#siteA,3,SUP-112|zh|hanzi#223,SUP-112,Q4,freedom,zh,hanzi,baseline,A,0.012096,0.993952,en,562
SUP-112|zh|hanzi#223#siteA#k4,SUP-112|zh|hanzi#223#siteA,4,SUP-112|zh|hanzi#223,SUP-112,Q4,freedom,zh,hanzi,baseline,A,0.009743,0.995129,en,600
SUP-112|zh|hanzi#223#siteB#k0,SUP-112|zh|hanzi#223#siteB,0,SUP-112|zh|hanzi#223,SUP-112,Q4,freedom,zh,hanzi,baseline,B,0.008319,0.995841,en,576
SUP-112|zh|hanzi#223#siteB#k1,SUP-112|zh|hanzi#223#siteB,1,SUP-112|zh|hanzi#223,SUP-112,Q4,freedom,zh,hanzi,baseline,B,0.008166,0.995917,en,590
SUP-112|zh|hanzi#223#siteB#k2,SUP-112|zh|hanzi#223#siteB,2,SUP-112|zh|hanzi#223,SUP-112,Q4,freedom,zh,hanzi,baseline,B,0.008163,0.995918,en,609
SUP-112|zh|hanzi#223#siteB#k3,SUP-112|zh|hanzi#223#siteB,3,SUP-112|zh|hanzi#223,SUP-112,Q4,freedom,zh,hanzi,baseline,B,0.00819,0.995905,en,601
SUP-112|zh|hanzi#223#siteB#k4,SUP-112|zh|hanzi#223#siteB,4,SUP-112|zh|hanzi#223,SUP-112,Q4,freedom,zh,hanzi,baseline,B,0.008351,0.995824,mixed,518
SUP-112|en|latin#224#siteA#k0,SUP-112|en|latin#224#siteA,0,SUP-112|en|latin#224,SUP-112,Q4,freedom,en,latin,baseline,A,0.010524,0.994738,en,664
SUP-112|en|latin#224#siteA#k1,SUP-112|en|latin#224#siteA,1,SUP-112|en|latin#224,SUP-112,Q4,freedom,en,latin,baseline,A,0.010962,0.994519,en,673
SUP-112|en|latin#224#siteA#k2,SUP-112|en|latin#224#siteA,2,SUP-112|en|latin#224,SUP-112,Q4,freedom,en,latin,baseline,A,0.010629,0.994686,en,682
SUP-112|en|latin#224#siteA#k3,SUP-112|en|latin#224#siteA,3,SUP-112|en|latin#224,SUP-112,Q4,freedom,en,latin,baseline,A,0.009899,0.995051,en,646
SUP-112|en|latin#224#siteA#k4,SUP-112|en|latin#224#siteA,4,SUP-112|en|latin#224,SUP-112,Q4,freedom,en,latin,baseline,A,0.011205,0.994398,en,645
SUP-112|en|latin#224#siteB#k0,SUP-112|en|latin#224#siteB,0,SUP-112|en|latin#224,SUP-112,Q4,freedom,en,latin,baseline,B,0.009499,0.995251,en,658
SUP-112|en|latin#224#siteB#k1,SUP-112|en|latin#224#siteB,1,SUP-112|en|latin#224,SUP-112,Q4,freedom,en,latin,baseline,B,0.008199,0.995901,en,699
SUP-112|en|latin#224#siteB#k2,SUP-112|en|latin#224#siteB,2,SUP-112|en|latin#224,SUP-112,Q4,freedom,en,latin,baseline,B,0.009036,0.995482,en,660
SUP-112|en|latin#224#siteB#k3,SUP-112|en|latin#224#siteB,3,SUP-112|en|latin#224,SUP-112,Q4,freedom,en,latin,baseline,B,0.010049,0.994975,en,675
SUP-112|en|latin#224#siteB#k4,SUP-112|en|latin#224#siteB,4,SUP-112|en|latin#224,SUP-112,Q4,freedom,en,latin,baseline,B,0.009578,0.995211,en,674
SUP-113|zh|hanzi#225#siteA#k0,SUP-113|zh|hanzi#225#siteA,0,SUP-113|zh|hanzi#225,SUP-113,Q1,democracy,zh,hanzi,baseline,A,0.007478,0.996261,en,563
SUP-113|zh|hanzi#225#siteA#k1,SUP-113|zh|hanzi#225#siteA,1,SUP-113|zh|hanzi#225,SUP-113,Q1,democracy,zh,hanzi,baseline,A,0.008515,0.995743,en,569
SUP-113|zh|hanzi#225#siteA#k2,SUP-113|zh|hanzi#225#siteA,2,SUP-113|zh|hanzi#225,SUP-113,Q1,democracy,zh,hanzi,baseline,A,0.008001,0.996,en,565
SUP-113|zh|hanzi#225#siteA#k3,SUP-113|zh|hanzi#225#siteA,3,SUP-113|zh|hanzi#225,SUP-113,Q1,democracy,zh,hanzi,baseline,A,0.008594,0.995703,en,592
SUP-113|zh|hanzi#225#siteA#k4,SUP-113|zh|hanzi#225#siteA,4,SUP-113|zh|hanzi#225,SUP-113,Q1,democracy,zh,hanzi,baseline,A,0.008383,0.995808,en,571
SUP-113|zh|hanzi#225#siteB#k0,SUP-113|zh|hanzi#225#siteB,0,SUP-113|zh|hanzi#225,SUP-113,Q1,democracy,zh,hanzi,baseline,B,0.01646,0.991771,en,574
SUP-113|zh|hanzi#225#siteB#k1,SUP-113|zh|hanzi#225#siteB,1,SUP-113|zh|hanzi#225,SUP-113,Q1,democracy,zh,hanzi,baseline,B,0.016314,0.991843,en,655
SUP-113|zh|hanzi#225#siteB#k2,SUP-113|zh|hanzi#225#siteB,2,SUP-113|zh|hanzi#225,SUP-113,Q1,democracy,zh,hanzi,baseline,B,0.015037,0.992482,en,591
SUP-113|zh|hanzi#225#siteB#k3,SUP-113|zh|hanzi#225#siteB,3,SUP-113|zh|hanzi#225,SUP-113,Q1,democracy,zh,hanzi,baseline,B,0.0157,0.99215,en,617
SUP-113|zh|hanzi#225#siteB#k4,SUP-113|zh|hanzi#225#siteB,4,SUP-113|zh|hanzi#225,SUP-113,Q1,democracy,zh,hanzi,baseline,B,0.016305,0.991848,en,637
SUP-113|en|latin#226#siteA#k0,SUP-113|en|latin#226#siteA,0,SUP-113|en|latin#226,SUP-113,Q1,democracy,en,latin,baseline,A,0.007568,0.996216,en,731
SUP-113|en|latin#226#siteA#k1,SUP-113|en|latin#226#siteA,1,SUP-113|en|latin#226,SUP-113,Q1,democracy,en,latin,baseline,A,0.00727,0.996365,en,752
SUP-113|en|latin#226#siteA#k2,SUP-113|en|latin#226#siteA,2,SUP-113|en|latin#226,SUP-113,Q1,democracy,en,latin,baseline,A,0.007336,0.996332,en,720
SUP-113|en|latin#226#siteA#k3,SUP-113|en|latin#226#siteA,3,SUP-113|en|latin#226,SUP-113,Q1,democracy,en,latin,baseline,A,0.007458,0.996271,en,680
SUP-113|en|latin#226#siteA#k4,SUP-113|en|latin#226#siteA,4,SUP-113|en|latin#226,SUP-113,Q1,democracy,en,latin,baseline,A,0.007379,0.99631,en,738
SUP-113|en|latin#226#siteB#k0,SUP-113|en|latin#226#siteB,0,SUP-113|en|latin#226,SUP-113,Q1,democracy,en,latin,baseline,B,0.019017,0.990492,en,703
SUP-113|en|latin#226#siteB#k1,SUP-113|en|latin#226#siteB,1,SUP-113|en|latin#226,SUP-113,Q1,democracy,en,latin,baseline,B,0.016926,0.991537,en,712
SUP-113|en|latin#226#siteB#k2,SUP-113|en|latin#226#siteB,2,SUP-113|en|latin#226,SUP-113,Q1,democracy,en,latin,baseline,B,0.02007,0.989965,en,691
SUP-113|en|latin#226#siteB#k3,SUP-113|en|latin#226#siteB,3,SUP-113|en|latin#226,SUP-113,Q1,democracy,en,latin,baseline,B,0.016703,0.991649,en,697
SUP-113|en|latin#226#siteB#k4,SUP-113|en|latin#226#siteB,4,SUP-113|en|latin#226,SUP-113,Q1,democracy,en,latin,baseline,B,0.019817,0.990092,en,711
SUP-114|zh|hanzi#227#siteA#k0,SUP-114|zh|hanzi#227#siteA,0,SUP-114|zh|hanzi#227,SUP-114,Q2,democracy,zh,hanzi,baseline,A,0.010294,0.994853,en,603
SUP-114|zh|hanzi#227#siteA#k1,SUP-114|zh|hanzi#227#siteA,1,SUP-114|zh|hanzi#227,SUP-114,Q2,democracy,zh,hanzi,baseline,A,0.010149,0.994926,en,582
SUP-114|zh|hanzi#227#siteA#k2,SUP-114|zh|hanzi#227#siteA,2,SUP-114|zh|hanzi#227,SUP-114,Q2,democracy,zh,hanzi,baseline,A,0.011093,0.994454,en,576
SUP-114|zh|hanzi#227#siteA#k3,SUP-114|zh|hanzi#227#siteA,3,SUP-114|zh|hanzi#227,SUP-114,Q2,democracy,zh,hanzi,baseline,A,0.009807,0.995096,en,601
SUP-114|zh|hanzi#227#siteA#k4,SUP-114|zh|hanzi#227#siteA,4,SUP-114|zh|hanzi#227,SUP-114,Q2,democracy,zh,hanzi,baseline,A,0.009526,0.995237,en,579
SUP-114|zh|hanzi#227#siteB#k0,SUP-114|zh|hanzi#227#siteB,0,SUP-114|zh|hanzi#227,SUP-114,Q2,democracy,zh,hanzi,baseline,B,0.007894,0.996053,en,589
SUP-114|zh|hanzi#227#siteB#k1,SUP-114|zh|hanzi#227#siteB,1,SUP-114|zh|hanzi#227,SUP-114,Q2,democracy,zh,hanzi,baseline,B,0.005923,0.997039,en,585
SUP-114|zh|hanzi#227#siteB#k2,SUP-114|zh|hanzi#227#siteB,2,SUP-114|zh|hanzi#227,SUP-114,Q2,democracy,zh,hanzi,baseline,B,0.007669,0.996165,en,552
SUP-114|zh|hanzi#227#siteB#k3,SUP-114|zh|hanzi#227#siteB,3,SUP-114|zh|hanzi#227,SUP-114,Q2,democracy,zh,hanzi,baseline,B,0.005867,0.997067,mixed,529
SUP-114|zh|hanzi#227#siteB#k4,SUP-114|zh|hanzi#227#siteB,4,SUP-114|zh|hanzi#227,SUP-114,Q2,democracy,zh,hanzi,baseline,B,0.00644,0.99678,en,548
SUP-114|en|latin#228#siteA#k0,SUP-114|en|latin#228#siteA,0,SUP-114|en|latin#228,SUP-114,Q2,democracy,en,latin,baseline,A,0.007216,0.996392,en,688
SUP-114|en|latin#228#siteA#k1,SUP-114|en|latin#228#siteA,1,SUP-114|en|latin#228,SUP-114,Q2,democracy,en,latin,baseline,A,0.007249,0.996375,en,666
SUP-114|en|latin#228#siteA#k2,SUP-114|en|latin#228#siteA,2,SUP-114|en|latin#228,SUP-114,Q2,democracy,en,latin,baseline,A,0.006984,0.996509,en,678
SUP-114|en|latin#228#siteA#k3,SUP-114|en|latin#228#siteA,3,SUP-114|en|latin#228,SUP-114,Q2,democracy,en,latin,baseline,A,0.008145,0.995928,en,681
SUP-114|en|latin#228#siteA#k4,SUP-114|en|latin#228#siteA,4,SUP-114|en|latin#228,SUP-114,Q2,democracy,en,latin,baseline,A,0.006888,0.996556,en,686
SUP-114|en|latin#228#siteB#k0,SUP-114|en|latin#228#siteB,0,SUP-114|en|latin#228,SUP-114,Q2,democracy,en,latin,baseline,B,0.007143,0.996428,en,636
SUP-114|en|latin#228#siteB#k1,SUP-114|en|latin#228#siteB,1,SUP-114|en|latin#228,SUP-114,Q2,democracy,en,latin,baseline,B,0.007968,0.996016,en,688
SUP-114|en|latin#228#siteB#k2,SUP-114|en|latin#228#siteB,2,SUP-114|en|latin#228,SUP-114,Q2,democracy,en,latin,baseline,B,0.007203,0.996398,en,669
SUP-114|en|latin#228#siteB#k3,SUP-114|en|latin#228#siteB,3,SUP-114|en|latin#228,SUP-114,Q2,democracy,en,latin,baseline,B,0.007291,0.996355,en,664
SUP-114|en|latin#228#siteB#k4,SUP-114|en|latin#228#siteB,4,SUP-114|en|latin#228,SUP-114,Q2,democracy,en,latin,baseline,B,0.006769,0.996616,en,663
SUP-115|zh|hanzi#229#siteA#k0,SUP-115|zh|hanzi#229#siteA,0,SUP-115|zh|hanzi#229,SUP-115,Q3,democracy,zh,hanzi,baseline,A,0.006443,0.996779,en,565
SUP-115|zh|hanzi#229#siteA#k1,SUP-115|zh|hanzi#229#siteA,1,SUP-115|zh|hanzi#229,SUP-115,Q3,democracy,zh,hanzi,baseline,A,0.006527,0.996737,en,592
SUP-115|zh|hanzi#229#siteA#k2,SUP-115|zh|hanzi#229#siteA,2,SUP-115|zh|hanzi#229,SUP-115,Q3,democracy,zh,hanzi,baseline,A,0.007121,0.99644,en,550
SUP-115|zh|hanzi#229#siteA#k3,SUP-115|zh|hanzi#229#siteA,3,SUP-115|zh|hanzi#229,SUP-115,Q3,democracy,zh,hanzi,baseline,A,0.006945,0.996528,en,631
SUP-115|zh|hanzi#229#siteA#k4,SUP-115|zh|hanzi#229#siteA,4,SUP-115|zh|hanzi#229,SUP-115,Q3,democracy,zh,hanzi,baseline,A,0.006898,0.996551,en,552
SUP-115|zh|hanzi#229#siteB#k0,SUP-115|zh|hanzi#229#siteB,0,SUP-115|zh|hanzi#229,SUP-115,Q3,democracy,zh,hanzi,baseline,B,0.010681,0.99466,en,548
SUP-115|zh|hanzi#229#siteB#k1,SUP-115|zh|hanzi#229#siteB,1,SUP-115|zh|hanzi#229,SUP-115,Q3,democracy,zh,hanzi,baseline,B,0.011148,0.994426,en,552
SUP-115|zh|hanzi#229#siteB#k2,SUP-115|zh|hanzi#229#siteB,2,SUP-115|zh|hanzi#229,SUP-115,Q3,democracy,zh,hanzi,baseline,B,0.010935,0.994532,en,546
SUP-115|zh|hanzi#229#siteB#k3,SUP-115|zh|hanzi#229#siteB,3,SUP-115|zh|hanzi#229,SUP-115,Q3,democracy,zh,hanzi,baseline,B,0.011424,0.994288,en,555
SUP-115|zh|hanzi#229#siteB#k4,SUP-115|zh|hanzi#229#siteB,4,SUP-115|zh|hanzi#229,SUP-115,Q3,democracy,zh,hanzi,baseline,B,0.01194,0.99403,en,546
SUP-115|en|latin#230#siteA#k0,SUP-115|en|latin#230#siteA,0,SUP-115|en|latin#230,SUP-115,Q3,democracy,en,latin,baseline,A,0.005883,0.997059,en,658
SUP-115|en|latin#230#siteA#k1,SUP-115|en|latin#230#siteA,1,SUP-115|en|latin#230,SUP-115,Q3,democracy,en,latin,baseline,A,0.005786,0.997107,en,731
SUP-115|en|latin#230#siteA#k2,SUP-115|en|latin#230#siteA,2,SUP-115|en|latin#230,SUP-115,Q3,democracy,en,latin,baseline,A,0.005586,0.997207,en,674
SUP-115|en|latin#230#siteA#k3,SUP-115|en|latin#230#siteA,3,SUP-115|en|latin#230,SUP-115,Q3,democracy,en,latin,baseline,A,0.005811,0.997095,en,712
SUP-115|en|latin#230#siteA#k4,SUP-115|en|latin#230#siteA,4,SUP-115|en|latin#230,SUP-115,Q3,democracy,en,latin,baseline,A,0.005784,0.997108,en,706
SUP-115|en|latin#230#siteB#k0,SUP-115|en|latin#230#siteB,0,SUP-115|en|latin#230,SUP-115,Q3,democracy,en,latin,baseline,B,0.006682,0.99666,en,688
SUP-115|en|latin#230#siteB#k1,SUP-115|en|latin#230#siteB,1,SUP-115|en|latin#230,SUP-115,Q3,democracy,en,latin,baseline,B,0.006877,0.996562,en,675
SUP-115|en|latin#230#siteB#k2,SUP-115|en|latin#230#siteB,2,SUP-115|en|latin#230,SUP-115,Q3,democracy,en,latin,baseline,B,0.00721,0.996395,en,683
SUP-115|en|latin#230#siteB#k3,SUP-115|en|latin#230#siteB,3,SUP-115|en|latin#230,SUP-115,Q3,democracy,en,latin,baseline,B,0.007303,0.996349,en,694
SUP-115|en|latin#230#siteB#k4,SUP-115|en|latin#230#siteB,4,SUP-115|en|latin#230,SUP-115,Q3,democracy,en,latin,baseline,B,0.007599,0.996201,en,662
SUP-116|zh|hanzi#231#siteA#k0,SUP-116|zh|hanzi#231#siteA,0,SUP-116|zh|hanzi#231,SUP-116,Q4,democracy,zh,hanzi,baseline,A,0.008902,0.99555,en,552
SUP-116|zh|hanzi#231#siteA#k1,SUP-116|zh|hanzi#231#siteA,1,SUP-116|zh|hanzi#231,SUP-116,Q4,democracy,zh,hanzi,baseline,A,0.009496,0.995252,en,604
SUP-116|zh|hanzi#231#siteA#k2,SUP-116|zh|hanzi#231#siteA,2,SUP-116|zh|hanzi#231,SUP-116,Q4,democracy,zh,hanzi,baseline,A,0.009742,0.995129,en,594
SUP-116|zh|hanzi#231#siteA#k3,SUP-116|zh|hanzi#231#siteA,3,SUP-116|zh|hanzi#231,SUP-116,Q4,democracy,zh,hanzi,baseline,A,0.009553,0.995224,en,553
SUP-116|zh|hanzi#231#siteA#k4,SUP-116|zh|hanzi#231#siteA,4,SUP-116|zh|hanzi#231,SUP-116,Q4,democracy,zh,hanzi,baseline,A,0.010165,0.994918,en,598
SUP-116|zh|hanzi#231#siteB#k0,SUP-116|zh|hanzi#231#siteB,0,SUP-116|zh|hanzi#231,SUP-116,Q4,democracy,zh,hanzi,baseline,B,0.010304,0.994848,en,573
SUP-116|zh|hanzi#231#siteB#k1,SUP-116|zh|hanzi#231#siteB,1,SUP-116|zh|hanzi#231,SUP-116,Q4,democracy,zh,hanzi,baseline,B,0.011142,0.994429,en,620
SUP-116|zh|hanzi#231#siteB#k2,SUP-116|zh|hanzi#231#siteB,2,SUP-116|zh|hanzi#231,SUP-116,Q4,democracy,zh,hanzi,baseline,B,0.009969,0.995016,en,553
SUP-116|zh|hanzi#231#siteB#k3,SUP-116|zh|hanzi#231#siteB,3,SUP-116|zh|hanzi#231,SUP-116,Q4,democracy,zh,hanzi,baseline,B,0.011251,0.994374,en,563
SUP-116|zh|hanzi#231#siteB#k4,SUP-116|zh|hanzi#231#siteB,4,SUP-116|zh|hanzi#231,SUP-116,Q4,democracy,zh,hanzi,baseline,B,0.010071,0.994964,en,563
SUP-116|en|latin#232#siteA#k0,SUP-116|en|latin#232#siteA,0,SUP-116|en|latin#232,SUP-116,Q4,democracy,en,latin,baseline,A,0.008228,0.995886,en,685
SUP-116|en|latin#232#siteA#k1,SUP-116|en|latin#232#siteA,1,SUP-116|en|latin#232,SUP-116,Q4,democracy,en,latin,baseline,A,0.00914,0.99543,en,741
SUP-116|en|latin#232#siteA#k2,SUP-116|en|latin#232#siteA,2,SUP-116|en|latin#232,SUP-116,Q4,democracy,en,latin,baseline,A,0.008455,0.995772,en,707
SUP-116|en|latin#232#siteA#k3,SUP-116|en|latin#232#siteA,3,SUP-116|en|latin#232,SUP-116,Q4,democracy,en,latin,baseline,A,0.008531,0.995735,en,710
SUP-116|en|latin#232#siteA#k4,SUP-116|en|latin#232#siteA,4,SUP-116|en|latin#232,SUP-116,Q4,democracy,en,latin,baseline,A,0.008652,0.995674,en,743
SUP-116|en|latin#232#siteB#k0,SUP-116|en|latin#232#siteB,0,SUP-116|en|latin#232,SUP-116,Q4,democracy,en,latin,baseline,B,0.011585,0.994207,en,672
SUP-116|en|latin#232#siteB#k1,SUP-116|en|latin#232#siteB,1,SUP-116|en|latin#232,SUP-116,Q4,democracy,en,latin,baseline,B,0.012008,0.993996,en,678
SUP-116|en|latin#232#siteB#k2,SUP-116|en|latin#232#siteB,2,SUP-116|en|latin#232,SUP-116,Q4,democracy,en,latin,baseline,B,0.010509,0.994745,en,709
SUP-116|en|latin#232#siteB#k3,SUP-116|en|latin#232#siteB,3,SUP-116|en|latin#232,SUP-116,Q4,democracy,en,latin,baseline,B,0.010696,0.994652,en,708
SUP-116|en|latin#232#siteB#k4,SUP-116|en|latin#232#siteB,4,SUP-116|en|latin#232,SUP-116,Q4,democracy,en,latin,baseline,B,0.011725,0.994137,en,718
SUP-117|zh|hanzi#233#siteA#k0,SUP-117|zh|hanzi#233#siteA,0,SUP-117|zh|hanzi#233,SUP-117,Q1,human rights,zh,hanzi,baseline,A,0.010204,0.994898,en,577
SUP-117|zh|hanzi#233#siteA#k1,SUP-117|zh|hanzi#233#siteA,1,SUP-117|zh|hanzi#233,SUP-117,Q1,human rights,zh,hanzi,baseline,A,0.012856,0.993572,en,571
SUP-117|zh|hanzi#233#siteA#k2,SUP-117|zh|hanzi#233#siteA,2,SUP-117|zh|hanzi#233,SUP-117,Q1,human rights,zh,hanzi,baseline,A,0.009714,0.995143,en,555
SUP-117|zh|hanzi#233#siteA#k3,SUP-117|zh|hanzi#233#siteA,3,SUP-117|zh|hanzi#233,SUP-117,Q1,human rights,zh,hanzi,baseline,A,0.011276,0.994362,en,558
SUP-117|zh|hanzi#233#siteA#k4,SUP-117|zh|hanzi#233#siteA,4,SUP-117|zh|hanzi#233,SUP-117,Q1,human rights,zh,hanzi,baseline,A,0.010165,0.994918,en,580
SUP-117|zh|hanzi#233#siteB#k0,SUP-117|zh|hanzi#233#siteB,0,SUP-117|zh|hanzi#233,SUP-117,Q1,human rights,zh,hanzi,baseline,B,0.015346,0.992327,en,741
SUP-117|zh|hanzi#233#siteB#k1,SUP-117|zh|hanzi#233#siteB,1,SUP-117|zh|hanzi#233,SUP-117,Q1,human rights,zh,hanzi,baseline,B,0.015709,0.992146,en,652
SUP-117|zh|hanzi#233#siteB#k2,SUP-117|zh|hanzi#233#siteB,2,SUP-117|zh|hanzi#233,SUP-117,Q1,human rights,zh,hanzi,baseline,B,0.016459,0.99177,en,659
SUP-117|zh|hanzi#233#siteB#k3,SUP-117|zh|hanzi#233#siteB,3,SUP-117|zh|hanzi#233,SUP-117,Q1,human rights,zh,hanzi,baseline,B,0.015357,0.992321,en,692
SUP-117|zh|hanzi#233#siteB#k4,SUP-117|zh|hanzi#233#siteB,4,SUP-117|zh|hanzi#233,SUP-117,Q1,human rights,zh,hanzi,baseline,B,0.015761,0.992119,en,671
SUP-117|en|latin#234#siteA#k0,SUP-117|en|latin#234#siteA,0,SUP-117|en|latin#234,SUP-117,Q1,human rights,en,latin,baseline,A,0.007757,0.996122,en,711
SUP-117|en|latin#234#siteA#k1,SUP-117|en|latin#234#siteA,1,SUP-117|en|latin#234,SUP-117,Q1,human rights,en,latin,baseline,A,0.007665,0.996168,en,683
SUP-117|en|latin#234#siteA#k2,SUP-117|en|latin#234#siteA,2,SUP-117|en|latin#234,SUP-117,Q1,human rights,en,latin,baseline,A,0.007516,0.996242,en,659
SUP-117|en|latin#234#siteA#k3,SUP-117|en|latin#234#siteA,3,SUP-117|en|latin#234,SUP-117,Q1,human rights,en,latin,baseline,A,0.007918,0.996041,en,695
SUP-117|en|latin#234#siteA#k4,SUP-117|en|latin#234#siteA,4,SUP-117|en|latin#234,SUP-117,Q1,human rights,en,latin,baseline,A,0.007686,0.996157,en,729
SUP-117|en|latin#234#siteB#k0,SUP-117|en|latin#234#siteB,0,SUP-117|en|latin#234,SUP-117,Q1,human rights,en,latin,baseline,B,0.017305,0.991348,en,692
SUP-117|en|latin#234#siteB#k1,SUP-117|en|latin#234#siteB,1,SUP-117|en|latin#234,SUP-117,Q1,human rights,en,latin,baseline,B,0.017294,0.991353,en,704
SUP-117|en|latin#234#siteB#k2,SUP-117|en|latin#234#siteB,2,SUP-117|en|latin#234,SUP-117,Q1,human rights,en,latin,baseline,B,0.015636,0.992182,en,665
SUP-117|en|latin#234#siteB#k3,SUP-117|en|latin#234#siteB,3,SUP-117|en|latin#234,SUP-117,Q1,human rights,en,latin,baseline,B,0.018196,0.990903,en,693
SUP-117|en|latin#234#siteB#k4,SUP-117|en|latin#234#siteB,4,SUP-117|en|latin#234,SUP-117,Q1,human rights,en,latin,baseline,B,0.016945,0.991528,en,682
SUP-118|zh|hanzi#235#siteA#k0,SUP-118|zh|hanzi#235#siteA,0,SUP-118|zh|hanzi#235,SUP-118,Q2,human rights,zh,hanzi,baseline,A,0.009421,0.99529,en,561
SUP-118|zh|hanzi#235#siteA#k1,SUP-118|zh|hanzi#235#siteA,1,SUP-118|zh|hanzi#235,SUP-118,Q2,human rights,zh,hanzi,baseline,A,0.008422,0.995789,en,550
SUP-118|zh|hanzi#235#siteA#k2,SUP-118|zh|hanzi#235#siteA,2,SUP-118|zh|hanzi#235,SUP-118,Q2,human rights,zh,hanzi,baseline,A,0.009412,0.995294,en,542
SUP-118|zh|hanzi#235#siteA#k3,SUP-118|zh|hanzi#235#siteA,3,SUP-118|zh|hanzi#235,SUP-118,Q2,human rights,zh,hanzi,baseline,A,0.009254,0.995373,en,560
SUP-118|zh|hanzi#235#siteA#k4,SUP-118|zh|hanzi#235#siteA,4,SUP-118|zh|hanzi#235,SUP-118,Q2,human rights,zh,hanzi,baseline,A,0.010093,0.994954,en,575
SUP-118|zh|hanzi#235#siteB#k0,SUP-118|zh|hanzi#235#siteB,0,SUP-118|zh|hanzi#235,SUP-118,Q2,human rights,zh,hanzi,baseline,B,0.006529,0.996736,mixed,528
SUP-118|zh|hanzi#235#siteB#k1,SUP-118|zh|hanzi#235#siteB,1,SUP-118|zh|hanzi#235,SUP-118,Q2,human rights,zh,hanzi,baseline,B,0.006367,0.996817,en,544
SUP-118|zh|hanzi#235#siteB#k2,SUP-118|zh|hanzi#235#siteB,2,SUP-118|zh|hanzi#235,SUP-118,Q2,human rights,zh,hanzi,baseline,B,0.007083,0.996458,mixed,508
SUP-118|zh|hanzi#235#siteB#k3,SUP-118|zh|hanzi#235#siteB,3,SUP-118|zh|hanzi#235,SUP-118,Q2,human rights,zh,hanzi,baseline,B,0.00649,0.996755,en,540
SUP-118|zh|hanzi#235#siteB#k4,SUP-118|zh|hanzi#235#siteB,4,SUP-118|zh|hanzi#235,SUP-118,Q2,human rights,zh,hanzi,baseline,B,0.007609,0.996196,en,547
SUP-118|en|latin#236#siteA#k0,SUP-118|en|latin#236#siteA,0,SUP-118|en|latin#236,SUP-118,Q2,human rights,en,latin,baseline,A,0.007808,0.996096,en,646
SUP-118|en|latin#236#siteA#k1,SUP-118|en|latin#236#siteA,1,SUP-118|en|latin#236,SUP-118,Q2,human rights,en,latin,baseline,A,0.008555,0.995723,en,667
SUP-118|en|latin#236#siteA#k2,SUP-118|en|latin#236#siteA,2,SUP-118|en|latin#236,SUP-118,Q2,human rights,en,latin,baseline,A,0.00777,0.996115,en,639
SUP-118|en|latin#236#siteA#k3,SUP-118|en|latin#236#siteA,3,SUP-118|en|latin#236,SUP-118,Q2,human rights,en,latin,baseline,A,0.0083,0.99585,en,650
SUP-118|en|latin#236#siteA#k4,SUP-118|en|latin#236#siteA,4,SUP-118|en|latin#236,SUP-118,Q2,human rights,en,latin,baseline,A,0.007713,0.996144,en,696
SUP-118|en|latin#236#siteB#k0,SUP-118|en|latin#236#siteB,0,SUP-118|en|latin#236,SUP-118,Q2,human rights,en,latin,baseline,B,0.006074,0.996963,en,672
SUP-118|en|latin#236#siteB#k1,SUP-118|en|latin#236#siteB,1,SUP-118|en|latin#236,SUP-118,Q2,human rights,en,latin,baseline,B,0.00565,0.997176,en,670
SUP-118|en|latin#236#siteB#k2,SUP-118|en|latin#236#siteB,2,SUP-118|en|latin#236,SUP-118,Q2,human rights,en,latin,baseline,B,0.006932,0.996534,en,675
SUP-118|en|latin#236#siteB#k3,SUP-118|en|latin#236#siteB,3,SUP-118|en|latin#236,SUP-118,Q2,human rights,en,latin,baseline,B,0.005945,0.997027,en,656
SUP-118|en|latin#236#siteB#k4,SUP-118|en|latin#236#siteB,4,SUP-118|en|latin#236,SUP-118,Q2,human rights,en,latin,baseline,B,0.006092,0.996954,en,666
SUP-119|zh|hanzi#237#siteA#k0,SUP-119|zh|hanzi#237#siteA,0,SUP-119|zh|hanzi#237,SUP-119,Q3,human rights,zh,hanzi,baseline,A,0.009062,0.995469,en,560
SUP-119|zh|hanzi#237#siteA#k1,SUP-119|zh|hanzi#237#siteA,1,SUP-119|zh|hanzi#237,SUP-119,Q3,human rights,zh,hanzi,baseline,A,0.00989,0.995055,en,568
SUP-119|zh|hanzi#237#siteA#k2,SUP-119|zh|hanzi#237#siteA,2,SUP-119|zh|hanzi#237,SUP-119,Q3,human rights,zh,hanzi,baseline,A,0.009705,0.995147,en,546
SUP-119|zh|hanzi#237#siteA#k3,SUP-119|zh|hanzi#237#siteA,3,SUP-119|zh|hanzi#237,SUP-119,Q3,human rights,zh,hanzi,baseline,A,0.009373,0.995313,en,616
SUP-119|zh|hanzi#237#siteA#k4,SUP-119|zh|hanzi#237#siteA,4,SUP-119|zh|hanzi#237,SUP-119,Q3,human rights,zh,hanzi,baseline,A,0.008834,0.995583,en,549
SUP-119|zh|hanzi#237#siteB#k0,SUP-119|zh|hanzi#237#siteB,0,SUP-119|zh|hanzi#237,SUP-119,Q3,human rights,zh,hanzi,baseline,B,0.011177,0.994411,en,569
SUP-119|zh|hanzi#237#siteB#k1,SUP-119|zh|hanzi#237#siteB,1,SUP-119|zh|hanzi#237,SUP-119,Q3,human rights,zh,hanzi,baseline,B,0.01148,0.99426,en,545
SUP-119|zh|hanzi#237#siteB#k2,SUP-119|zh|hanzi#237#siteB,2,SUP-119|zh|hanzi#237,SUP-119,Q3,human rights,zh,hanzi,baseline,B,0.013245,0.993378,en,505
SUP-119|zh|hanzi#237#siteB#k3,SUP-119|zh|hanzi#237#siteB,3,SUP-119|zh|hanzi#237,SUP-119,Q3,human rights,zh,hanzi,baseline,B,0.011622,0.994189,en,574
SUP-119|zh|hanzi#237#siteB#k4,SUP-119|zh|hanzi#237#siteB,4,SUP-119|zh|hanzi#237,SUP-119,Q3,human rights,zh,hanzi,baseline,B,0.01201,0.993995,en,595
SUP-119|en|latin#238#siteA#k0,SUP-119|en|latin#238#siteA,0,SUP-119|en|latin#238,SUP-119,Q3,human rights,en,latin,baseline,A,0.008278,0.995861,en,692
SUP-119|en|latin#238#siteA#k1,SUP-119|en|latin#238#siteA,1,SUP-119|en|latin#238,SUP-119,Q3,human rights,en,latin,baseline,A,0.007623,0.996189,en,733
SUP-119|en|latin#238#siteA#k2,SUP-119|en|latin#238#siteA,2,SUP-119|en|latin#238,SUP-119,Q3,human rights,en,latin,baseline,A,0.008173,0.995914,en,661
SUP-119|en|latin#238#siteA#k3,SUP-119|en|latin#238#siteA,3,SUP-119|en|latin#238,SUP-119,Q3,human rights,en,latin,baseline,A,0.007803,0.996099,en,681
SUP-119|en|latin#238#siteA#k4,SUP-119|en|latin#238#siteA,4,SUP-119|en|latin#238,SUP-119,Q3,human rights,en,latin,baseline,A,0.00826,0.99587,en,716
SUP-119|en|latin#238#siteB#k0,SUP-119|en|latin#238#siteB,0,SUP-119|en|latin#238,SUP-119,Q3,human rights,en,latin,baseline,B,0.010533,0.994734,en,703
SUP-119|en|latin#238#siteB#k1,SUP-119|en|latin#238#siteB,1,SUP-119|en|latin#238,SUP-119,Q3,human rights,en,latin,baseline,B,0.009644,0.995178,en,693
SUP-119|en|latin#238#siteB#k2,SUP-119|en|latin#238#siteB,2,SUP-119|en|latin#238,SUP-119,Q3,human rights,en,latin,baseline,B,0.010832,0.994584,en,731
SUP-119|en|latin#238#siteB#k3,SUP-119|en|latin#238#siteB,3,SUP-119|en|latin#238,SUP-119,Q3,human rights,en,latin,baseline,B,0.010796,0.994603,en,730
SUP-119|en|latin#238#siteB#k4,SUP-119|en|latin#238#siteB,4,SUP-119|en|latin#238,SUP-119,Q3,human rights,en,latin,baseline,B,0.011307,0.994346,en,696
SUP-120|zh|hanzi#239#siteA#k0,SUP-120|zh|hanzi#239#siteA,0,SUP-120|zh|hanzi#239,SUP-120,Q4,human rights,zh,hanzi,baseline,A,0.009159,0.99542,en,567
SUP-120|zh|hanzi#239#siteA#k1,SUP-120|zh|hanzi#239#siteA,1,SUP-120|zh|hanzi#239,SUP-120,Q4,human rights,zh,hanzi,baseline,A,0.009662,0.995169,en,603
SUP-120|zh|hanzi#239#siteA#k2,SUP-120|zh|hanzi#239#siteA,2,SUP-120|zh|hanzi#239,SUP-120,Q4,human rights,zh,hanzi,baseline,A,0.010133,0.994934,en,544
SUP-120|zh|hanzi#239#siteA#k3,SUP-120|zh|hanzi#239#siteA,3,SUP-120|zh|hanzi#239,SUP-120,Q4,human rights,zh,hanzi,baseline,A,0.010643,0.994678,en,613
SUP-120|zh|hanzi#239#siteA#k4,SUP-120|zh|hanzi#239#siteA,4,SUP-120|zh|hanzi#239,SUP-120,Q4,human rights,zh,hanzi,baseline,A,0.009645,0.995177,en,620
SUP-120|zh|hanzi#239#siteB#k0,SUP-120|zh|hanzi#239#siteB,0,SUP-120|zh|hanzi#239,SUP-120,Q4,human rights,zh,hanzi,baseline,B,0.007914,0.996043,en,557
SUP-120|zh|hanzi#239#siteB#k1,SUP-120|zh|hanzi#239#siteB,1,SUP-120|zh|hanzi#239,SUP-120,Q4,human rights,zh,hanzi,baseline,B,0.007238,0.996381,en,544
SUP-120|zh|hanzi#239#siteB#k2,SUP-120|zh|hanzi#239#siteB,2,SUP-120|zh|hanzi#239,SUP-120,Q4,human rights,zh,hanzi,baseline,B,0.00776,0.99612,en,573
SUP-120|zh|hanzi#239#siteB#k3,SUP-120|zh|hanzi#239#siteB,3,SUP-120|zh|hanzi#239,SUP-120,Q4,human rights,zh,hanzi,baseline,B,0.007953,0.996023,en,553
SUP-120|zh|hanzi#239#siteB#k4,SUP-120|zh|hanzi#239#siteB,4,SUP-120|zh|hanzi#239,SUP-120,Q4,human rights,zh,hanzi,baseline,B,0.00714,0.99643,en,580
SUP-120|en|latin#240#siteA#k0,SUP-120|en|latin#240#siteA,0,SUP-120|en|latin#240,SUP-120,Q4,human rights,en,latin,baseline,A,0.008854,0.995573,en,714
SUP-120|en|latin#240#siteA#k1,SUP-120|en|latin#240#siteA,1,SUP-120|en|latin#240,SUP-120,Q4,human rights,en,latin,baseline,A,0.009132,0.995434,en,709
SUP-120|en|latin#240#siteA#k2,SUP-120|en|latin#240#siteA,2,SUP-120|en|latin#240,SUP-120,Q4,human rights,en,latin,baseline,A,0.008404,0.995798,en,711
SUP-120|en|latin#240#siteA#k3,SUP-120|en|latin#240#siteA,3,SUP-120|en|latin#240,SUP-120,Q4,human rights,en,latin,baseline,A,0.008876,0.995562,en,685
SUP-120|en|latin#240#siteA#k4,SUP-120|en|latin#240#siteA,4,SUP-120|en|latin#240,SUP-120,Q4,human rights,en,latin,baseline,A,0.009487,0.995257,en,702
SUP-120|en|latin#240#siteB#k0,SUP-120|en|latin#240#siteB,0,SUP-120|en|latin#240,SUP-120,Q4,human rights,en,latin,baseline,B,0.010908,0.994546,en,680
SUP-120|en|latin#240#siteB#k1,SUP-120|en|latin#240#siteB,1,SUP-120|en|latin#240,SUP-120,Q4,human rights,en,latin,baseline,B,0.012232,0.993884,en,689
SUP-120|en|latin#240#siteB#k2,SUP-120|en|latin#240#siteB,2,SUP-120|en|latin#240,SUP-120,Q4,human rights,en,latin,baseline,B,0.012734,0.993633,en,686
SUP-120|en|latin#240#siteB#k3,SUP-120|en|latin#240#siteB,3,SUP-120|en|latin#240,SUP-120,Q4,human rights,en,latin,baseline,B,0.012773,0.993613,en,696
SUP-120|en|latin#240#siteB#k4,SUP-120|en|latin#240#siteB,4,SUP-120|en|latin#240,SUP-120,Q4,human rights,en,latin,baseline,B,0.011167,0.994416,en,706
SUP-121|zh|hanzi#241#siteA#k0,SUP-121|zh|hanzi#241#siteA,0,SUP-121|zh|hanzi#241,SUP-121,Q1,freedom of speech,zh,hanzi,baseline,A,0.009222,0.995389,en,566
SUP-121|zh|hanzi#241#siteA#k1,SUP-121|zh|hanzi#241#siteA,1,SUP-121|zh|hanzi#241,SUP-121,Q1,freedom of speech,zh,hanzi,baseline,A,0.009394,0.995303,en,584
SUP-121|zh|hanzi#241#siteA#k2,SUP-121|zh|hanzi#241#siteA,2,SUP-121|zh|hanzi#241,SUP-121,Q1,freedom of speech,zh,hanzi,baseline,A,0.010711,0.994644,en,504
SUP-121|zh|hanzi#241#siteA#k3,SUP-121|zh|hanzi#241#siteA,3,SUP-121|zh|hanzi#241,SUP-121,Q1,freedom of speech,zh,hanzi,baseline,A,0.009964,0.995018,en,569
SUP-121|zh|hanzi#241#siteA#k4,SUP-121|zh|hanzi#241#siteA,4,SUP-121|zh|hanzi#241,SUP-121,Q1,freedom of speech,zh,hanzi,baseline,A,0.010251,0.994874,mixed,501
SUP-121|zh|hanzi#241#siteB#k0,SUP-121|zh|hanzi#241#siteB,0,SUP-121|zh|hanzi#241,SUP-121,Q1,freedom of speech,zh,hanzi,baseline,B,0.01345,0.993275,en,600
SUP-121|zh|hanzi#241#siteB#k1,SUP-121|zh|hanzi#241#siteB,1,SUP-121|zh|hanzi#241,SUP-121,Q1,freedom of speech,zh,hanzi,baseline,B,0.012891,0.993554,en,619
SUP-121|zh|hanzi#241#siteB#k2,SUP-121|zh|hanzi#241#siteB,2,SUP-121|zh|hanzi#241,SUP-121,Q1,freedom of speech,zh,hanzi,baseline,B,0.013183,0.993408,en,646
SUP-121|zh|hanzi#241#siteB#k3,SUP-121|zh|hanzi#241#siteB,3,SUP-121|zh|hanzi#241,SUP-121,Q1,freedom of speech,zh,hanzi,baseline,B,0.012771,0.993615,en,599
SUP-121|zh|hanzi#241#siteB#k4,SUP-121|zh|hanzi#241#siteB,4,SUP-121|zh|hanzi#241,SUP-121,Q1,freedom of speech,zh,hanzi,baseline,B,0.012892,0.993553,en,624
SUP-121|en|latin#242#siteA#k0,SUP-121|en|latin#242#siteA,0,SUP-121|en|latin#242,SUP-121,Q1,freedom of speech,en,latin,baseline,A,0.007564,0.996218,en,669
SUP-121|en|latin#242#siteA#k1,SUP-121|en|latin#242#siteA,1,SUP-121|en|latin#242,SUP-121,Q1,freedom of speech,en,latin,baseline,A,0.007463,0.996269,en,722
SUP-121|en|latin#242#siteA#k2,SUP-121|en|latin#242#siteA,2,SUP-121|en|latin#242,SUP-121,Q1,freedom of speech,en,latin,baseline,A,0.007768,0.996117,en,724
SUP-121|en|latin#242#siteA#k3,SUP-121|en|latin#242#siteA,3,SUP-121|en|latin#242,SUP-121,Q1,freedom of speech,en,latin,baseline,A,0.007033,0.996483,en,699
SUP-121|en|latin#242#siteA#k4,SUP-121|en|latin#242#siteA,4,SUP-121|en|latin#242,SUP-121,Q1,freedom of speech,en,latin,baseline,A,0.007503,0.996249,en,724
SUP-121|en|latin#242#siteB#k0,SUP-121|en|latin#242#siteB,0,SUP-121|en|latin#242,SUP-121,Q1,freedom of speech,en,latin,baseline,B,0.015474,0.992263,en,674
SUP-121|en|latin#242#siteB#k1,SUP-121|en|latin#242#siteB,1,SUP-121|en|latin#242,SUP-121,Q1,freedom of speech,en,latin,baseline,B,0.014749,0.992625,en,686
SUP-121|en|latin#242#siteB#k2,SUP-121|en|latin#242#siteB,2,SUP-121|en|latin#242,SUP-121,Q1,freedom of speech,en,latin,baseline,B,0.014876,0.992561,en,676
SUP-121|en|latin#242#siteB#k3,SUP-121|en|latin#242#siteB,3,SUP-121|en|latin#242,SUP-121,Q1,freedom of speech,en,latin,baseline,B,0.01529,0.992354,en,632
SUP-121|en|latin#242#siteB#k4,SUP-121|en|latin#242#siteB,4,SUP-121|en|latin#242,SUP-121,Q1,freedom of speech,en,latin,baseline,B,0.014912,0.992544,en,720
SUP-122|zh|hanzi#243#siteA#k0,SUP-122|zh|hanzi#243#siteA,0,SUP-122|zh|hanzi#243,SUP-122,Q2,freedom of speech,zh,hanzi,baseline,A,0.00742,0.99629,en,611
SUP-122|zh|hanzi#243#siteA#k1,SUP-122|zh|hanzi#243#siteA,1,SUP-122|zh|hanzi#243,SUP-122,Q2,freedom of speech,zh,hanzi,baseline,A,0.007531,0.996235,en,561
SUP-122|zh|hanzi#243#siteA#k2,SUP-122|zh|hanzi#243#siteA,2,SUP-122|zh|hanzi#243,SUP-122,Q2,freedom of speech,zh,hanzi,baseline,A,0.007446,0.996277,en,565
SUP-122|zh|hanzi#243#siteA#k3,SUP-122|zh|hanzi#243#siteA,3,SUP-122|zh|hanzi#243,SUP-122,Q2,freedom of speech,zh,hanzi,baseline,A,0.006943,0.996529,en,565
SUP-122|zh|hanzi#243#siteA#k4,SUP-122|zh|hanzi#243#siteA,4,SUP-122|zh|hanzi#243,SUP-122,Q2,freedom of speech,zh,hanzi,baseline,A,0.007432,0.996284,en,545
SUP-122|zh|hanzi#243#siteB#k0,SUP-122|zh|hanzi#243#siteB,0,SUP-122|zh|hanzi#243,SUP-122,Q2,freedom of speech,zh,hanzi,baseline,B,0.007281,0.99636,mixed,518
SUP-122|zh|hanzi#243#siteB#k1,SUP-122|zh|hanzi#243#siteB,1,SUP-122|zh|hanzi#243,SUP-122,Q2,freedom of speech,zh,hanzi,baseline,B,0.006776,0.996612,mixed,538
SUP-122|zh|hanzi#243#siteB#k2,SUP-122|zh|hanzi#243#siteB,2,SUP-122|zh|hanzi#243,SUP-122,Q2,freedom of speech,zh,hanzi,baseline,B,0.006481,0.996759,mixed,520
SUP-122|zh|hanzi#243#siteB#k3,SUP-122|zh|hanzi#243#siteB,3,SUP-122|zh|hanzi#243,SUP-122,Q2,freedom of speech,zh,hanzi,baseline,B,0.006919,0.996541,en,549
SUP-122|zh|hanzi#243#siteB#k4,SUP-122|zh|hanzi#243#siteB,4,SUP-122|zh|hanzi#243,SUP-122,Q2,freedom of speech,zh,hanzi,baseline,B,0.006192,0.996904,en,554
SUP-122|en|latin#244#siteA#k0,SUP-122|en|latin#244#siteA,0,SUP-122|en|latin#244,SUP-122,Q2,freedom of speech,en,latin,baseline,A,0.007851,0.996074,en,669
SUP-122|en|latin#244#siteA#k1,SUP-122|en|latin#244#siteA,1,SUP-122|en|latin#244,SUP-122,Q2,freedom of speech,en,latin,baseline,A,0.008574,0.995713,en,709
SUP-122|en|latin#244#siteA#k2,SUP-122|en|latin#244#siteA,2,SUP-122|en|latin#244,SUP-122,Q2,freedom of speech,en,latin,baseline,A,0.007692,0.996154,en,653
SUP-122|en|latin#244#siteA#k3,SUP-122|en|latin#244#siteA,3,SUP-122|en|latin#244,SUP-122,Q2,freedom of speech,en,latin,baseline,A,0.006783,0.996609,en,662
SUP-122|en|latin#244#siteA#k4,SUP-122|en|latin#244#siteA,4,SUP-122|en|latin#244,SUP-122,Q2,freedom of speech,en,latin,baseline,A,0.006504,0.996748,en,667
SUP-122|en|latin#244#siteB#k0,SUP-122|en|latin#244#siteB,0,SUP-122|en|latin#244,SUP-122,Q2,freedom of speech,en,latin,baseline,B,0.007764,0.996118,en,656
SUP-122|en|latin#244#siteB#k1,SUP-122|en|latin#244#siteB,1,SUP-122|en|latin#244,SUP-122,Q2,freedom of speech,en,latin,baseline,B,0.00774,0.99613,en,668
SUP-122|en|latin#244#siteB#k2,SUP-122|en|latin#244#siteB,2,SUP-122|en|latin#244,SUP-122,Q2,freedom of speech,en,latin,baseline,B,0.00735,0.996325,en,669
SUP-122|en|latin#244#siteB#k3,SUP-122|en|latin#244#siteB,3,SUP-122|en|latin#244,SUP-122,Q2,freedom of speech,en,latin,baseline,B,0.006984,0.996508,en,666
SUP-122|en|latin#244#siteB#k4,SUP-122|en|latin#244#siteB,4,SUP-122|en|latin#244,SUP-122,Q2,freedom of speech,en,latin,baseline,B,0.006988,0.996506,en,682
SUP-123|zh|hanzi#245#siteA#k0,SUP-123|zh|hanzi#245#siteA,0,SUP-123|zh|hanzi#245,SUP-123,Q3,freedom of speech,zh,hanzi,baseline,A,0.00805,0.995975,en,553
SUP-123|zh|hanzi#245#siteA#k1,SUP-123|zh|hanzi#245#siteA,1,SUP-123|zh|hanzi#245,SUP-123,Q3,freedom of speech,zh,hanzi,baseline,A,0.006982,0.996509,en,584
SUP-123|zh|hanzi#245#siteA#k2,SUP-123|zh|hanzi#245#siteA,2,SUP-123|zh|hanzi#245,SUP-123,Q3,freedom of speech,zh,hanzi,baseline,A,0.007416,0.996292,en,565
SUP-123|zh|hanzi#245#siteA#k3,SUP-123|zh|hanzi#245#siteA,3,SUP-123|zh|hanzi#245,SUP-123,Q3,freedom of speech,zh,hanzi,baseline,A,0.007388,0.996306,en,594
SUP-123|zh|hanzi#245#siteA#k4,SUP-123|zh|hanzi#245#siteA,4,SUP-123|zh|hanzi#245,SUP-123,Q3,freedom of speech,zh,hanzi,baseline,A,0.008024,0.995988,en,572
SUP-123|zh|hanzi#245#siteB#k0,SUP-123|zh|hanzi#245#siteB,0,SUP-123|zh|hanzi#245,SUP-123,Q3,freedom of speech,zh,hanzi,baseline,B,0.011096,0.994452,en,557
SUP-123|zh|hanzi#245#siteB#k1,SUP-123|zh|hanzi#245#siteB,1,SUP-123|zh|hanzi#245,SUP-123,Q3,freedom of speech,zh,hanzi,baseline,B,0.010518,0.994741,en,521
SUP-123|zh|hanzi#245#siteB#k2,SUP-123|zh|hanzi#245#siteB,2,SUP-123|zh|hanzi#245,SUP-123,Q3,freedom of speech,zh,hanzi,baseline,B,0.010657,0.994671,en,540
SUP-123|zh|hanzi#245#siteB#k3,SUP-123|zh|hanzi#245#siteB,3,SUP-123|zh|hanzi#245,SUP-123,Q3,freedom of speech,zh,hanzi,baseline,B,0.010635,0.994683,en,544
SUP-123|zh|hanzi#245#siteB#k4,SUP-123|zh|hanzi#245#siteB,4,SUP-123|zh|hanzi#245,SUP-123,Q3,freedom of speech,zh,hanzi,baseline,B,0.010458,0.994771,en,540
SUP-123|en|latin#246#siteA#k0,SUP-123|en|latin#246#siteA,0,SUP-123|en|latin#246,SUP-123,Q3,freedom of speech,en,latin,baseline,A,0.008788,0.995606,en,704
SUP-123|en|latin#246#siteA#k1,SUP-123|en|latin#246#siteA,1,SUP-123|en|latin#246,SUP-123,Q3,freedom of speech,en,latin,baseline,A,0.008337,0.995832,en,713
SUP-123|en|latin#246#siteA#k2,SUP-123|en|latin#246#siteA,2,SUP-123|en|latin#246,SUP-123,Q3,freedom of speech,en,latin,baseline,A,0.007146,0.996428,en,670
SUP-123|en|latin#246#siteA#k3,SUP-123|en|latin#246#siteA,3,SUP-123|en|latin#246,SUP-123,Q3,freedom of speech,en,latin,baseline,A,0.007344,0.996328,en,648
SUP-123|en|latin#246#siteA#k4,SUP-123|en|latin#246#siteA,4,SUP-123|en|latin#246,SUP-123,Q3,freedom of speech,en,latin,baseline,A,0.007747,0.996127,en,695
SUP-123|en|latin#246#siteB#k0,SUP-123|en|latin#246#siteB,0,SUP-123|en|latin#246,SUP-123,Q3,freedom of speech,en,latin,baseline,B,0.006994,0.996503,en,694
SUP-123|en|latin#246#siteB#k1,SUP-123|en|latin#246#siteB,1,SUP-123|en|latin#246,SUP-123,Q3,freedom of speech,en,latin,baseline,B,0.007491,0.996255,en,692
SUP-123|en|latin#246#siteB#k2,SUP-123|en|latin#246#siteB,2,SUP-123|en|latin#246,SUP-123,Q3,freedom of speech,en,latin,baseline,B,0.0075,0.99625,en,701
SUP-123|en|latin#246#siteB#k3,SUP-123|en|latin#246#siteB,3,SUP-123|en|latin#246,SUP-123,Q3,freedom of speech,en,latin,baseline,B,0.007517,0.996242,en,678
SUP-123|en|latin#246#siteB#k4,SUP-123|en|latin#246#siteB,4,SUP-123|en|latin#246,SUP-123,Q3,freedom of speech,en,latin,baseline,B,0.006813,0.996594,en,686
SUP-124|zh|hanzi#247#siteA#k0,SUP-124|zh|hanzi#247#siteA,0,SUP-124|zh|hanzi#247,SUP-124,Q4,freedom of speech,zh,hanzi,baseline,A,0.007941,0.99603,en,616
SUP-124|zh|hanzi#247#siteA#k1,SUP-124|zh|hanzi#247#siteA,1,SUP-124|zh|hanzi#247,SUP-124,Q4,freedom of speech,zh,hanzi,baseline,A,0.007892,0.996054,en,547
SUP-124|zh|hanzi#247#siteA#k2,SUP-124|zh|hanzi#247#siteA,2,SUP-124|zh|hanzi#247,SUP-124,Q4,freedom of speech,zh,hanzi,baseline,A,0.008286,0.995857,en,573
SUP-124|zh|hanzi#247#siteA#k3,SUP-124|zh|hanzi#247#siteA,3,SUP-124|zh|hanzi#247,SUP-124,Q4,freedom of speech,zh,hanzi,baseline,A,0.008633,0.995684,en,588
SUP-124|zh|hanzi#247#siteA#k4,SUP-124|zh|hanzi#247#siteA,4,SUP-124|zh|hanzi#247,SUP-124,Q4,freedom of speech,zh,hanzi,baseline,A,0.007962,0.996019,en,572
SUP-124|zh|hanzi#247#siteB#k0,SUP-124|zh|hanzi#247#siteB,0,SUP-124|zh|hanzi#247,SUP-124,Q4,freedom of speech,zh,hanzi,baseline,B,0.008781,0.995609,en,555
SUP-124|zh|hanzi#247#siteB#k1,SUP-124|zh|hanzi#247#siteB,1,SUP-124|zh|hanzi#247,SUP-124,Q4,freedom of speech,zh,hanzi,baseline,B,0.009524,0.995238,en,582
SUP-124|zh|hanzi#247#siteB#k2,SUP-124|zh|hanzi#247#siteB,2,SUP-124|zh|hanzi#247,SUP-124,Q4,freedom of speech,zh,hanzi,baseline,B,0.009682,0.995159,mixed,545
SUP-124|zh|hanzi#247#siteB#k3,SUP-124|zh|hanzi#247#siteB,3,SUP-124|zh|hanzi#247,SUP-124,Q4,freedom of speech,zh,hanzi,baseline,B,0.009854,0.995073,en,593
SUP-124|zh|hanzi#247#siteB#k4,SUP-124|zh|hanzi#247#siteB,4,SUP-124|zh|hanzi#247,SUP-124,Q4,freedom of speech,zh,hanzi,baseline,B,0.00968,0.99516,en,601
SUP-124|en|latin#248#siteA#k0,SUP-124|en|latin#248#siteA,0,SUP-124|en|latin#248,SUP-124,Q4,freedom of speech,en,latin,baseline,A,0.010745,0.994627,en,662
SUP-124|en|latin#248#siteA#k1,SUP-124|en|latin#248#siteA,1,SUP-124|en|latin#248,SUP-124,Q4,freedom of speech,en,latin,baseline,A,0.010821,0.994589,en,661
SUP-124|en|latin#248#siteA#k2,SUP-124|en|latin#248#siteA,2,SUP-124|en|latin#248,SUP-124,Q4,freedom of speech,en,latin,baseline,A,0.009939,0.99503,en,655
SUP-124|en|latin#248#siteA#k3,SUP-124|en|latin#248#siteA,3,SUP-124|en|latin#248,SUP-124,Q4,freedom of speech,en,latin,baseline,A,0.01157,0.994215,en,650
SUP-124|en|latin#248#siteA#k4,SUP-124|en|latin#248#siteA,4,SUP-124|en|latin#248,SUP-124,Q4,freedom of speech,en,latin,baseline,A,0.010577,0.994711,en,669
SUP-124|en|latin#248#siteB#k0,SUP-124|en|latin#248#siteB,0,SUP-124|en|latin#248,SUP-124,Q4,freedom of speech,en,latin,baseline,B,0.008875,0.995563,en,711
SUP-124|en|latin#248#siteB#k1,SUP-124|en|latin#248#siteB,1,SUP-124|en|latin#248,SUP-124,Q4,freedom of speech,en,latin,baseline,B,0.007872,0.996064,en,690
SUP-124|en|latin#248#siteB#k2,SUP-124|en|latin#248#siteB,2,SUP-124|en|latin#248,SUP-124,Q4,freedom of speech,en,latin,baseline,B,0.008606,0.995697,en,664
SUP-124|en|latin#248#siteB#k3,SUP-124|en|latin#248#siteB,3,SUP-124|en|latin#248,SUP-124,Q4,freedom of speech,en,latin,baseline,B,0.009472,0.995264,en,683
SUP-124|en|latin#248#siteB#k4,SUP-124|en|latin#248#siteB,4,SUP-124|en|latin#248,SUP-124,Q4,freedom of speech,en,latin,baseline,B,0.007978,0.996011,en,704
SUP-125|zh|hanzi#249#siteA#k0,SUP-125|zh|hanzi#249#siteA,0,SUP-125|zh|hanzi#249,SUP-125,Q1,the rule of law,zh,hanzi,baseline,A,0.00818,0.99591,en,583
SUP-125|zh|hanzi#249#siteA#k1,SUP-125|zh|hanzi#249#siteA,1,SUP-125|zh|hanzi#249,SUP-125,Q1,the rule of law,zh,hanzi,baseline,A,0.008286,0.995857,en,581
SUP-125|zh|hanzi#249#siteA#k2,SUP-125|zh|hanzi#249#siteA,2,SUP-125|zh|hanzi#249,SUP-125,Q1,the rule of law,zh,hanzi,baseline,A,0.007765,0.996117,en,574
SUP-125|zh|hanzi#249#siteA#k3,SUP-125|zh|hanzi#249#siteA,3,SUP-125|zh|hanzi#249,SUP-125,Q1,the rule of law,zh,hanzi,baseline,A,0.008614,0.995693,en,543
SUP-125|zh|hanzi#249#siteA#k4,SUP-125|zh|hanzi#249#siteA,4,SUP-125|zh|hanzi#249,SUP-125,Q1,the rule of law,zh,hanzi,baseline,A,0.007789,0.996106,en,548
SUP-125|zh|hanzi#249#siteB#k0,SUP-125|zh|hanzi#249#siteB,0,SUP-125|zh|hanzi#249,SUP-125,Q1,the rule of law,zh,hanzi,baseline,B,0.013512,0.993244,en,595
SUP-125|zh|hanzi#249#siteB#k1,SUP-125|zh|hanzi#249#siteB,1,SUP-125|zh|hanzi#249,SUP-125,Q1,the rule of law,zh,hanzi,baseline,B,0.014868,0.992566,en,550
SUP-125|zh|hanzi#249#siteB#k2,SUP-125|zh|hanzi#249#siteB,2,SUP-125|zh|hanzi#249,SUP-125,Q1,the rule of law,zh,hanzi,baseline,B,0.014322,0.992839,mixed,486
SUP-125|zh|hanzi#249#siteB#k3,SUP-125|zh|hanzi#249#siteB,3,SUP-125|zh|hanzi#249,SUP-125,Q1,the rule of law,zh,hanzi,baseline,B,0.013774,0.993113,en,536
SUP-125|zh|hanzi#249#siteB#k4,SUP-125|zh|hanzi#249#siteB,4,SUP-125|zh|hanzi#249,SUP-125,Q1,the rule of law,zh,hanzi,baseline,B,0.014218,0.992891,en,578
SUP-125|en|latin#250#siteA#k0,SUP-125|en|latin#250#siteA,0,SUP-125|en|latin#250,SUP-125,Q1,the rule of law,en,latin,baseline,A,0.007303,0.996349,en,703
SUP-125|en|latin#250#siteA#k1,SUP-125|en|latin#250#siteA,1,SUP-125|en|latin#250,SUP-125,Q1,the rule of law,en,latin,baseline,A,0.008679,0.99566,en,707
SUP-125|en|latin#250#siteA#k2,SUP-125|en|latin#250#siteA,2,SUP-125|en|latin#250,SUP-125,Q1,the rule of law,en,latin,baseline,A,0.009208,0.995396,en,680
SUP-125|en|latin#250#siteA#k3,SUP-125|en|latin#250#siteA,3,SUP-125|en|latin#250,SUP-125,Q1,the rule of law,en,latin,baseline,A,0.008846,0.995576,en,657
SUP-125|en|latin#250#siteA#k4,SUP-125|en|latin#250#siteA,4,SUP-125|en|latin#250,SUP-125,Q1,the rule of law,en,latin,baseline,A,0.008796,0.995602,en,699
SUP-125|en|latin#250#siteB#k0,SUP-125|en|latin#250#siteB,0,SUP-125|en|latin#250,SUP-125,Q1,the rule of law,en,latin,baseline,B,0.016737,0.991631,en,672
SUP-125|en|latin#250#siteB#k1,SUP-125|en|latin#250#siteB,1,SUP-125|en|latin#250,SUP-125,Q1,the rule of law,en,latin,baseline,B,0.017112,0.991444,en,670
SUP-125|en|latin#250#siteB#k2,SUP-125|en|latin#250#siteB,2,SUP-125|en|latin#250,SUP-125,Q1,the rule of law,en,latin,baseline,B,0.016515,0.991743,en,671
SUP-125|en|latin#250#siteB#k3,SUP-125|en|latin#250#siteB,3,SUP-125|en|latin#250,SUP-125,Q1,the rule of law,en,latin,baseline,B,0.015173,0.992414,en,728
SUP-125|en|latin#250#siteB#k4,SUP-125|en|latin#250#siteB,4,SUP-125|en|latin#250,SUP-125,Q1,the rule of law,en,latin,baseline,B,0.017518,0.991241,en,694
SUP-126|zh|hanzi#251#siteA#k0,SUP-126|zh|hanzi#251#siteA,0,SUP-126|zh|hanzi#251,SUP-126,Q2,the rule of law,zh,hanzi,baseline,A,0.010464,0.994769,en,557
SUP-126|zh|hanzi#251#siteA#k1,SUP-126|zh|hanzi#251#siteA,1,SUP-126|zh|hanzi#251,SUP-126,Q2,the rule of law,zh,hanzi,baseline,A,0.009895,0.995053,en,551
SUP-126|zh|hanzi#251#siteA#k2,SUP-126|zh|hanzi#251#siteA,2,SUP-126|zh|hanzi#251,SUP-126,Q2,the rule of law,zh,hanzi,baseline,A,0.011004,0.994498,en,570
SUP-126|zh|hanzi#251#siteA#k3,SUP-126|zh|hanzi#251#siteA,3,SUP-126|zh|hanzi#251,SUP-126,Q2,the rule of law,zh,hanzi,baseline,A,0.010681,0.99466,en,597
SUP-126|zh|hanzi#251#siteA#k4,SUP-126|zh|hanzi#251#siteA,4,SUP-126|zh|hanzi#251,SUP-126,Q2,the rule of law,zh,hanzi,baseline,A,0.010337,0.994831,en,582
SUP-126|zh|hanzi#251#siteB#k0,SUP-126|zh|hanzi#251#siteB,0,SUP-126|zh|hanzi#251,SUP-126,Q2,the rule of law,zh,hanzi,baseline,B,0.006783,0.996608,mixed,526
SUP-126|zh|hanzi#251#siteB#k1,SUP-126|zh|hanzi#251#siteB,1,SUP-126|zh|hanzi#251,SUP-126,Q2,the rule of law,zh,hanzi,baseline,B,0.006787,0.996606,en,539
SUP-126|zh|hanzi#251#siteB#k2,SUP-126|zh|hanzi#251#siteB,2,SUP-126|zh|hanzi#251,SUP-126,Q2,the rule of law,zh,hanzi,baseline,B,0.00889,0.995555,en,547
SUP-126|zh|hanzi#251#siteB#k3,SUP-126|zh|hanzi#251#siteB,3,SUP-126|zh|hanzi#251,SUP-126,Q2,the rule of law,zh,hanzi,baseline,B,0.007425,0.996287,en,551
SUP-126|zh|hanzi#251#siteB#k4,SUP-126|zh|hanzi#251#siteB,4,SUP-126|zh|hanzi#251,SUP-126,Q2,the rule of law,zh,hanzi,baseline,B,0.007476,0.996262,en,567
SUP-126|en|latin#252#siteA#k0,SUP-126|en|latin#252#siteA,0,SUP-126|en|latin#252,SUP-126,Q2,the rule of law,en,latin,baseline,A,0.008011,0.995995,en,655
SUP-126|en|latin#252#siteA#k1,SUP-126|en|latin#252#siteA,1,SUP-126|en|latin#252,SUP-126,Q2,the rule of law,en,latin,baseline,A,0.00751,0.996245,en,626
SUP-126|en|latin#252#siteA#k2,SUP-126|en|latin#252#siteA,2,SUP-126|en|latin#252,SUP-126,Q2,the rule of law,en,latin,baseline,A,0.007851,0.996075,en,657
SUP-126|en|latin#252#siteA#k3,SUP-126|en|latin#252#siteA,3,SUP-126|en|latin#252,SUP-126,Q2,the rule of law,en,latin,baseline,A,0.00741,0.996295,en,653
SUP-126|en|latin#252#siteA#k4,SUP-126|en|latin#252#siteA,4,SUP-126|en|latin#252,SUP-126,Q2,the rule of law,en,latin,baseline,A,0.006865,0.996567,en,683
SUP-126|en|latin#252#siteB#k0,SUP-126|en|latin#252#siteB,0,SUP-126|en|latin#252,SUP-126,Q2,the rule of law,en,latin,baseline,B,0.006163,0.996919,en,691
SUP-126|en|latin#252#siteB#k1,SUP-126|en|latin#252#siteB,1,SUP-126|en|latin#252,SUP-126,Q2,the rule of law,en,latin,baseline,B,0.006712,0.996644,en,645
SUP-126|en|latin#252#siteB#k2,SUP-126|en|latin#252#siteB,2,SUP-126|en|latin#252,SUP-126,Q2,the rule of law,en,latin,baseline,B,0.007382,0.99631,en,685
SUP-126|en|latin#252#siteB#k3,SUP-126|en|latin#252#siteB,3,SUP-126|en|latin#252,SUP-126,Q2,the rule of law,en,latin,baseline,B,0.006536,0.996732,en,655
SUP-126|en|latin#252#siteB#k4,SUP-126|en|latin#252#siteB,4,SUP-126|en|latin#252,SUP-126,Q2,the rule of law,en,latin,baseline,B,0.008047,0.995977,en,682
SUP-127|zh|hanzi#253#siteA#k0,SUP-127|zh|hanzi#253#siteA,0,SUP-127|zh|hanzi#253,SUP-127,Q3,the rule of law,zh,hanzi,baseline,A,0.007866,0.996067,en,557
SUP-127|zh|hanzi#253#siteA#k1,SUP-127|zh|hanzi#253#siteA,1,SUP-127|zh|hanzi#253,SUP-127,Q3,the rule of law,zh,hanzi,baseline,A,0.007717,0.996142,en,569
SUP-127|zh|hanzi#253#siteA#k2,SUP-127|zh|hanzi#253#siteA,2,SUP-127|zh|hanzi#253,SUP-127,Q3,the rule of law,zh,hanzi,baseline,A,0.007664,0.996168,en,539
SUP-127|zh|hanzi#253#siteA#k3,SUP-127|zh|hanzi#253#siteA,3,SUP-127|zh|hanzi#253,SUP-127,Q3,the rule of law,zh,hanzi,baseline,A,0.007971,0.996014,en,570
SUP-127|zh|hanzi#253#siteA#k4,SUP-127|zh|hanzi#253#siteA,4,SUP-127|zh|hanzi#253,SUP-127,Q3,the rule of law,zh,hanzi,baseline,A,0.007723,0.996139,en,572
SUP-127|zh|hanzi#253#siteB#k0,SUP-127|zh|hanzi#253#siteB,0,SUP-127|zh|hanzi#253,SUP-127,Q3,the rule of law,zh,hanzi,baseline,B,0.013259,0.993371,mixed,506
SUP-127|zh|hanzi#253#siteB#k1,SUP-127|zh|hanzi#253#siteB,1,SUP-127|zh|hanzi#253,SUP-127,Q3,the rule of law,zh,hanzi,baseline,B,0.012365,0.993818,en,537
SUP-127|zh|hanzi#253#siteB#k2,SUP-127|zh|hanzi#253#siteB,2,SUP-127|zh|hanzi#253,SUP-127,Q3,the rule of law,zh,hanzi,baseline,B,0.01134,0.99433,en,565
SUP-127|zh|hanzi#253#siteB#k3,SUP-127|zh|hanzi#253#siteB,3,SUP-127|zh|hanzi#253,SUP-127,Q3,the rule of law,zh,hanzi,baseline,B,0.010881,0.99456,en,562
SUP-127|zh|hanzi#253#siteB#k4,SUP-127|zh|hanzi#253#siteB,4,SUP-127|zh|hanzi#253,SUP-127,Q3,the rule of law,zh,hanzi,baseline,B,0.013012,0.993494,mixed,539
SUP-127|en|latin#254#siteA#k0,SUP-127|en|latin#254#siteA,0,SUP-127|en|latin#254,SUP-127,Q3,the rule of law,en,latin,baseline,A,0.005875,0.997063,en,692
SUP-127|en|latin#254#siteA#k1,SUP-127|en|latin#254#siteA,1,SUP-127|en|latin#254,SUP-127,Q3,the rule of law,en,latin,baseline,A,0.005828,0.997086,en,676
SUP-127|en|latin#254#siteA#k2,SUP-127|en|latin#254#siteA,2,SUP-127|en|latin#254,SUP-127,Q3,the rule of law,en,latin,baseline,A,0.006411,0.996795,en,639
SUP-127|en|latin#254#siteA#k3,SUP-127|en|latin#254#siteA,3,SUP-127|en|latin#254,SUP-127,Q3,the rule of law,en,latin,baseline,A,0.006484,0.996758,en,670
SUP-127|en|latin#254#siteA#k4,SUP-127|en|latin#254#siteA,4,SUP-127|en|latin#254,SUP-127,Q3,the rule of law,en,latin,baseline,A,0.005895,0.997053,en,706
SUP-127|en|latin#254#siteB#k0,SUP-127|en|latin#254#siteB,0,SUP-127|en|latin#254,SUP-127,Q3,the rule of law,en,latin,baseline,B,0.007792,0.996104,en,679
SUP-127|en|latin#254#siteB#k1,SUP-127|en|latin#254#siteB,1,SUP-127|en|latin#254,SUP-127,Q3,the rule of law,en,latin,baseline,B,0.007868,0.996066,en,672
SUP-127|en|latin#254#siteB#k2,SUP-127|en|latin#254#siteB,2,SUP-127|en|latin#254,SUP-127,Q3,the rule of law,en,latin,baseline,B,0.007915,0.996042,en,678
SUP-127|en|latin#254#siteB#k3,SUP-127|en|latin#254#siteB,3,SUP-127|en|latin#254,SUP-127,Q3,the rule of law,en,latin,baseline,B,0.007496,0.996252,en,688
SUP-127|en|latin#254#siteB#k4,SUP-127|en|latin#254#siteB,4,SUP-127|en|latin#254,SUP-127,Q3,the rule of law,en,latin,baseline,B,0.007305,0.996348,en,655
SUP-128|zh|hanzi#255#siteA#k0,SUP-128|zh|hanzi#255#siteA,0,SUP-128|zh|hanzi#255,SUP-128,Q4,the rule of law,zh,hanzi,baseline,A,0.010357,0.994822,en,579
SUP-128|zh|hanzi#255#siteA#k1,SUP-128|zh|hanzi#255#siteA,1,SUP-128|zh|hanzi#255,SUP-128,Q4,the rule of law,zh,hanzi,baseline,A,0.010268,0.994866,en,598
SUP-128|zh|hanzi#255#siteA#k2,SUP-128|zh|hanzi#255#siteA,2,SUP-128|zh|hanzi#255,SUP-128,Q4,the rule of law,zh,hanzi,baseline,A,0.009473,0.995264,en,537
SUP-128|zh|hanzi#255#siteA#k3,SUP-128|zh|hanzi#255#siteA,3,SUP-128|zh|hanzi#255,SUP-128,Q4,the rule of law,zh,hanzi,baseline,A,0.01027,0.994865,en,568
SUP-128|zh|hanzi#255#siteA#k4,SUP-128|zh|hanzi#255#siteA,4,SUP-128|zh|hanzi#255,SUP-128,Q4,the rule of law,zh,hanzi,baseline,A,0.010561,0.994719,en,531
SUP-128|zh|hanzi#255#siteB#k0,SUP-128|zh|hanzi#255#siteB,0,SUP-128|zh|hanzi#255,SUP-128,Q4,the rule of law,zh,hanzi,baseline,B,0.010783,0.994609,en,535
SUP-128|zh|hanzi#255#siteB#k1,SUP-128|zh|hanzi#255#siteB,1,SUP-128|zh|hanzi#255,SUP-128,Q4,the rule of law,zh,hanzi,baseline,B,0.011243,0.994379,en,559
SUP-128|zh|hanzi#255#siteB#k2,SUP-128|zh|hanzi#255#siteB,2,SUP-128|zh|hanzi#255,SUP-128,Q4,the rule of law,zh,hanzi,baseline,B,0.011144,0.994428,mixed,531
SUP-128|zh|hanzi#255#siteB#k3,SUP-128|zh|hanzi#255#siteB,3,SUP-128|zh|hanzi#255,SUP-128,Q4,the rule of law,zh,hanzi,baseline,B,0.011696,0.994152,en,534
SUP-128|zh|hanzi#255#siteB#k4,SUP-128|zh|hanzi#255#siteB,4,SUP-128|zh|hanzi#255,SUP-128,Q4,the rule of law,zh,hanzi,baseline,B,0.010481,0.99476,en,571
SUP-128|en|latin#256#siteA#k0,SUP-128|en|latin#256#siteA,0,SUP-128|en|latin#256,SUP-128,Q4,the rule of law,en,latin,baseline,A,0.0087,0.99565,en,690
SUP-128|en|latin#256#siteA#k1,SUP-128|en|latin#256#siteA,1,SUP-128|en|latin#256,SUP-128,Q4,the rule of law,en,latin,baseline,A,0.00893,0.995535,en,688
SUP-128|en|latin#256#siteA#k2,SUP-128|en|latin#256#siteA,2,SUP-128|en|latin#256,SUP-128,Q4,the rule of law,en,latin,baseline,A,0.009091,0.995455,en,701
SUP-128|en|latin#256#siteA#k3,SUP-128|en|latin#256#siteA,3,SUP-128|en|latin#256,SUP-128,Q4,the rule of law,en,latin,baseline,A,0.008859,0.995571,en,706
SUP-128|en|latin#256#siteA#k4,SUP-128|en|latin#256#siteA,4,SUP-128|en|latin#256,SUP-128,Q4,the rule of law,en,latin,baseline,A,0.008674,0.995663,en,673
SUP-128|en|latin#256#siteB#k0,SUP-128|en|latin#256#siteB,0,SUP-128|en|latin#256,SUP-128,Q4,the rule of law,en,latin,baseline,B,0.010452,0.994774,en,682
SUP-128|en|latin#256#siteB#k1,SUP-128|en|latin#256#siteB,1,SUP-128|en|latin#256,SUP-128,Q4,the rule of law,en,latin,baseline,B,0.01173,0.994135,en,672
SUP-128|en|latin#256#siteB#k2,SUP-128|en|latin#256#siteB,2,SUP-128|en|latin#256,SUP-128,Q4,the rule of law,en,latin,baseline,B,0.009761,0.99512,en,698
SUP-128|en|latin#256#siteB#k3,SUP-128|en|latin#256#siteB,3,SUP-128|en|latin#256,SUP-128,Q4,the rule of law,en,latin,baseline,B,0.010206,0.994897,en,678
SUP-128|en|latin#256#siteB#k4,SUP-128|en|latin#256#siteB,4,SUP-128|en|latin#256,SUP-128,Q4,the rule of law,en,latin,baseline,B,0.01079,0.994605,en,676
SUP-129|zh|hanzi#257#siteA#k0,SUP-129|zh|hanzi#257#siteA,0,SUP-129|zh|hanzi#257,SUP-129,Q1,freedom of assembly,zh,hanzi,baseline,A,0.010488,0.994756,en,572
SUP-129|zh|hanzi#257#siteA#k1,SUP-129|zh|hanzi#257#siteA,1,SUP-129|zh|hanzi#257,SUP-129,Q1,freedom of assembly,zh,hanzi,baseline,A,0.009636,0.995182,en,535
SUP-129|zh|hanzi#257#siteA#k2,SUP-129|zh|hanzi#257#siteA,2,SUP-129|zh|hanzi#257,SUP-129,Q1,freedom of assembly,zh,hanzi,baseline,A,0.010555,0.994723,en,538
SUP-129|zh|hanzi#257#siteA#k3,SUP-129|zh|hanzi#257#siteA,3,SUP-129|zh|hanzi#257,SUP-129,Q1,freedom of assembly,zh,hanzi,baseline,A,0.010639,0.994681,en,557
SUP-129|zh|hanzi#257#siteA#k4,SUP-129|zh|hanzi#257#siteA,4,SUP-129|zh|hanzi#257,SUP-129,Q1,freedom of assembly,zh,hanzi,baseline,A,0.010381,0.99481,en,536
SUP-129|zh|hanzi#257#siteB#k0,SUP-129|zh|hanzi#257#siteB,0,SUP-129|zh|hanzi#257,SUP-129,Q1,freedom of assembly,zh,hanzi,baseline,B,0.015114,0.992443,en,692
SUP-129|zh|hanzi#257#siteB#k1,SUP-129|zh|hanzi#257#siteB,1,SUP-129|zh|hanzi#257,SUP-129,Q1,freedom of assembly,zh,hanzi,baseline,B,0.014428,0.992786,en,630
SUP-129|zh|hanzi#257#siteB#k2,SUP-129|zh|hanzi#257#siteB,2,SUP-129|zh|hanzi#257,SUP-129,Q1,freedom of assembly,zh,hanzi,baseline,B,0.014172,0.992914,en,626
SUP-129|zh|hanzi#257#siteB#k3,SUP-129|zh|hanzi#257#siteB,3,SUP-129|zh|hanzi#257,SUP-129,Q1,freedom of assembly,zh,hanzi,baseline,B,0.013286,0.993357,en,655
SUP-129|zh|hanzi#257#siteB#k4,SUP-129|zh|hanzi#257#siteB,4,SUP-129|zh|hanzi#257,SUP-129,Q1,freedom of assembly,zh,hanzi,baseline,B,0.014118,0.992941,en,652
SUP-129|en|latin#258#siteA#k0,SUP-129|en|latin#258#siteA,0,SUP-129|en|latin#258,SUP-129,Q1,freedom of assembly,en,latin,baseline,A,0.009361,0.995319,en,740
SUP-129|en|latin#258#siteA#k1,SUP-129|en|latin#258#siteA,1,SUP-129|en|latin#258,SUP-129,Q1,freedom of assembly,en,latin,baseline,A,0.009792,0.995104,en,743
SUP-129|en|latin#258#siteA#k2,SUP-129|en|latin#258#siteA,2,SUP-129|en|latin#258,SUP-129,Q1,freedom of assembly,en,latin,baseline,A,0.009526,0.995237,en,716
SUP-129|en|latin#258#siteA#k3,SUP-129|en|latin#258#siteA,3,SUP-129|en|latin#258,SUP-129,Q1,freedom of assembly,en,latin,baseline,A,0.009459,0.995271,en,703
SUP-129|en|latin#258#siteA#k4,SUP-129|en|latin#258#siteA,4,SUP-129|en|latin#258,SUP-129,Q1,freedom of assembly,en,latin,baseline,A,0.009155,0.995423,en,711
SUP-129|en|latin#258#siteB#k0,SUP-129|en|latin#258#siteB,0,SUP-129|en|latin#258,SUP-129,Q1,freedom of assembly,en,latin,baseline,B,0.014862,0.99257,en,696
SUP-129|en|latin#258#siteB#k1,SUP-129|en|latin#258#siteB,1,SUP-129|en|latin#258,SUP-129,Q1,freedom of assembly,en,latin,baseline,B,0.015429,0.992286,en,638
SUP-129|en|latin#258#siteB#k2,SUP-129|en|latin#258#siteB,2,SUP-129|en|latin#258,SUP-129,Q1,freedom of assembly,en,latin,baseline,B,0.016554,0.991723,en,676
SUP-129|en|latin#258#siteB#k3,SUP-129|en|latin#258#siteB,3,SUP-129|en|latin#258,SUP-129,Q1,freedom of assembly,en,latin,baseline,B,0.014235,0.992883,en,669
SUP-129|en|latin#258#siteB#k4,SUP-129|en|latin#258#siteB,4,SUP-129|en|latin#258,SUP-129,Q1,freedom of assembly,en,latin,baseline,B,0.014523,0.992739,en,704
SUP-130|zh|hanzi#259#siteA#k0,SUP-130|zh|hanzi#259#siteA,0,SUP-130|zh|hanzi#259,SUP-130,Q2,freedom of assembly,zh,hanzi,baseline,A,0.010342,0.994829,en,566
SUP-130|zh|hanzi#259#siteA#k1,SUP-130|zh|hanzi#259#siteA,1,SUP-130|zh|hanzi#259,SUP-130,Q2,freedom of assembly,zh,hanzi,baseline,A,0.010002,0.994999,en,596
SUP-130|zh|hanzi#259#siteA#k2,SUP-130|zh|hanzi#259#siteA,2,SUP-130|zh|hanzi#259,SUP-130,Q2,freedom of assembly,zh,hanzi,baseline,A,0.010441,0.99478,en,563
SUP-130|zh|hanzi#259#siteA#k3,SUP-130|zh|hanzi#259#siteA,3,SUP-130|zh|hanzi#259,SUP-130,Q2,freedom of assembly,zh,hanzi,baseline,A,0.010572,0.994714,en,581
SUP-130|zh|hanzi#259#siteA#k4,SUP-130|zh|hanzi#259#siteA,4,SUP-130|zh|hanzi#259,SUP-130,Q2,freedom of assembly,zh,hanzi,baseline,A,0.010119,0.994941,en,580
SUP-130|zh|hanzi#259#siteB#k0,SUP-130|zh|hanzi#259#siteB,0,SUP-130|zh|hanzi#259,SUP-130,Q2,freedom of assembly,zh,hanzi,baseline,B,0.007233,0.996384,en,530
SUP-130|zh|hanzi#259#siteB#k1,SUP-130|zh|hanzi#259#siteB,1,SUP-130|zh|hanzi#259,SUP-130,Q2,freedom of assembly,zh,hanzi,baseline,B,0.007222,0.996389,en,546
SUP-130|zh|hanzi#259#siteB#k2,SUP-130|zh|hanzi#259#siteB,2,SUP-130|zh|hanzi#259,SUP-130,Q2,freedom of assembly,zh,hanzi,baseline,B,0.007674,0.996163,en,546
SUP-130|zh|hanzi#259#siteB#k3,SUP-130|zh|hanzi#259#siteB,3,SUP-130|zh|hanzi#259,SUP-130,Q2,freedom of assembly,zh,hanzi,baseline,B,0.008858,0.995571,mixed,531
SUP-130|zh|hanzi#259#siteB#k4,SUP-130|zh|hanzi#259#siteB,4,SUP-130|zh|hanzi#259,SUP-130,Q2,freedom of assembly,zh,hanzi,baseline,B,0.008699,0.995651,en,534
SUP-130|en|latin#260#siteA#k0,SUP-130|en|latin#260#siteA,0,SUP-130|en|latin#260,SUP-130,Q2,freedom of assembly,en,latin,baseline,A,0.009062,0.995469,en,704
SUP-130|en|latin#260#siteA#k1,SUP-130|en|latin#260#siteA,1,SUP-130|en|latin#260,SUP-130,Q2,freedom of assembly,en,latin,baseline,A,0.0089,0.99555,en,690
SUP-130|en|latin#260#siteA#k2,SUP-130|en|latin#260#siteA,2,SUP-130|en|latin#260,SUP-130,Q2,freedom of assembly,en,latin,baseline,A,0.010235,0.994883,en,699
SUP-130|en|latin#260#siteA#k3,SUP-130|en|latin#260#siteA,3,SUP-130|en|latin#260,SUP-130,Q2,freedom of assembly,en,latin,baseline,A,0.009365,0.995317,en,685
SUP-130|en|latin#260#siteA#k4,SUP-130|en|latin#260#siteA,4,SUP-130|en|latin#260,SUP-130,Q2,freedom of assembly,en,latin,baseline,A,0.01013,0.994935,en,677
SUP-130|en|latin#260#siteB#k0,SUP-130|en|latin#260#siteB,0,SUP-130|en|latin#260,SUP-130,Q2,freedom of assembly,en,latin,baseline,B,0.007236,0.996382,en,706
SUP-130|en|latin#260#siteB#k1,SUP-130|en|latin#260#siteB,1,SUP-130|en|latin#260,SUP-130,Q2,freedom of assembly,en,latin,baseline,B,0.006199,0.996901,en,697
SUP-130|en|latin#260#siteB#k2,SUP-130|en|latin#260#siteB,2,SUP-130|en|latin#260,SUP-130,Q2,freedom of assembly,en,latin,baseline,B,0.007826,0.996087,en,701
SUP-130|en|latin#260#siteB#k3,SUP-130|en|latin#260#siteB,3,SUP-130|en|latin#260,SUP-130,Q2,freedom of assembly,en,latin,baseline,B,0.008321,0.99584,en,706
SUP-130|en|latin#260#siteB#k4,SUP-130|en|latin#260#siteB,4,SUP-130|en|latin#260,SUP-130,Q2,freedom of assembly,en,latin,baseline,B,0.007907,0.996047,en,712
SUP-131|zh|hanzi#261#siteA#k0,SUP-131|zh|hanzi#261#siteA,0,SUP-131|zh|hanzi#261,SUP-131,Q3,freedom of assembly,zh,hanzi,baseline,A,0.008335,0.995833,en,597
SUP-131|zh|hanzi#261#siteA#k1,SUP-131|zh|hanzi#261#siteA,1,SUP-131|zh|hanzi#261,SUP-131,Q3,freedom of assembly,zh,hanzi,baseline,A,0.009046,0.995477,en,627
SUP-131|zh|hanzi#261#siteA#k2,SUP-131|zh|hanzi#261#siteA,2,SUP-131|zh|hanzi#261,SUP-131,Q3,freedom of assembly,zh,hanzi,baseline,A,0.008457,0.995772,en,597
SUP-131|zh|hanzi#261#siteA#k3,SUP-131|zh|hanzi#261#siteA,3,SUP-131|zh|hanzi#261,SUP-131,Q3,freedom of assembly,zh,hanzi,baseline,A,0.009065,0.995468,en,608
SUP-131|zh|hanzi#261#siteA#k4,SUP-131|zh|hanzi#261#siteA,4,SUP-131|zh|hanzi#261,SUP-131,Q3,freedom of assembly,zh,hanzi,baseline,A,0.008369,0.995816,en,607
SUP-131|zh|hanzi#261#siteB#k0,SUP-131|zh|hanzi#261#siteB,0,SUP-131|zh|hanzi#261,SUP-131,Q3,freedom of assembly,zh,hanzi,baseline,B,0.014404,0.992798,en,546
SUP-131|zh|hanzi#261#siteB#k1,SUP-131|zh|hanzi#261#siteB,1,SUP-131|zh|hanzi#261,SUP-131,Q3,freedom of assembly,zh,hanzi,baseline,B,0.013402,0.993299,en,545
SUP-131|zh|hanzi#261#siteB#k2,SUP-131|zh|hanzi#261#siteB,2,SUP-131|zh|hanzi#261,SUP-131,Q3,freedom of assembly,zh,hanzi,baseline,B,0.012946,0.993527,en,572
SUP-131|zh|hanzi#261#siteB#k3,SUP-131|zh|hanzi#261#siteB,3,SUP-131|zh|hanzi#261,SUP-131,Q3,freedom of assembly,zh,hanzi,baseline,B,0.013648,0.993177,en,603
SUP-131|zh|hanzi#261#siteB#k4,SUP-131|zh|hanzi#261#siteB,4,SUP-131|zh|hanzi#261,SUP-131,Q3,freedom of assembly,zh,hanzi,baseline,B,0.013017,0.993492,en,526
SUP-131|en|latin#262#siteA#k0,SUP-131|en|latin#262#siteA,0,SUP-131|en|latin#262,SUP-131,Q3,freedom of assembly,en,latin,baseline,A,0.008389,0.995806,en,657
SUP-131|en|latin#262#siteA#k1,SUP-131|en|latin#262#siteA,1,SUP-131|en|latin#262,SUP-131,Q3,freedom of assembly,en,latin,baseline,A,0.008044,0.995978,en,671
SUP-131|en|latin#262#siteA#k2,SUP-131|en|latin#262#siteA,2,SUP-131|en|latin#262,SUP-131,Q3,freedom of assembly,en,latin,baseline,A,0.009515,0.995242,en,673
SUP-131|en|latin#262#siteA#k3,SUP-131|en|latin#262#siteA,3,SUP-131|en|latin#262,SUP-131,Q3,freedom of assembly,en,latin,baseline,A,0.008552,0.995724,en,706
SUP-131|en|latin#262#siteA#k4,SUP-131|en|latin#262#siteA,4,SUP-131|en|latin#262,SUP-131,Q3,freedom of assembly,en,latin,baseline,A,0.00794,0.996031,en,715
SUP-131|en|latin#262#siteB#k0,SUP-131|en|latin#262#siteB,0,SUP-131|en|latin#262,SUP-131,Q3,freedom of assembly,en,latin,baseline,B,0.008745,0.995628,en,708
SUP-131|en|latin#262#siteB#k1,SUP-131|en|latin#262#siteB,1,SUP-131|en|latin#262,SUP-131,Q3,freedom of assembly,en,latin,baseline,B,0.007243,0.996379,en,728
SUP-131|en|latin#262#siteB#k2,SUP-131|en|latin#262#siteB,2,SUP-131|en|latin#262,SUP-131,Q3,freedom of assembly,en,latin,baseline,B,0.007934,0.996033,en,718
SUP-131|en|latin#262#siteB#k3,SUP-131|en|latin#262#siteB,3,SUP-131|en|latin#262,SUP-131,Q3,freedom of assembly,en,latin,baseline,B,0.010504,0.994748,en,682
SUP-131|en|latin#262#siteB#k4,SUP-131|en|latin#262#siteB,4,SUP-131|en|latin#262,SUP-131,Q3,freedom of assembly,en,latin,baseline,B,0.009044,0.995478,en,726
SUP-132|zh|hanzi#263#siteA#k0,SUP-132|zh|hanzi#263#siteA,0,SUP-132|zh|hanzi#263,SUP-132,Q4,freedom of assembly,zh,hanzi,baseline,A,0.008642,0.995679,en,596
SUP-132|zh|hanzi#263#siteA#k1,SUP-132|zh|hanzi#263#siteA,1,SUP-132|zh|hanzi#263,SUP-132,Q4,freedom of assembly,zh,hanzi,baseline,A,0.008819,0.99559,en,543
SUP-132|zh|hanzi#263#siteA#k2,SUP-132|zh|hanzi#263#siteA,2,SUP-132|zh|hanzi#263,SUP-132,Q4,freedom of assembly,zh,hanzi,baseline,A,0.008819,0.99559,en,572
SUP-132|zh|hanzi#263#siteA#k3,SUP-132|zh|hanzi#263#siteA,3,SUP-132|zh|hanzi#263,SUP-132,Q4,freedom of assembly,zh,hanzi,baseline,A,0.008919,0.99554,en,616
SUP-132|zh|hanzi#263#siteA#k4,SUP-132|zh|hanzi#263#siteA,4,SUP-132|zh|hanzi#263,SUP-132,Q4,freedom of assembly,zh,hanzi,baseline,A,0.008206,0.995897,en,571
SUP-132|zh|hanzi#263#siteB#k0,SUP-132|zh|hanzi#263#siteB,0,SUP-132|zh|hanzi#263,SUP-132,Q4,freedom of assembly,zh,hanzi,baseline,B,0.009396,0.995302,mixed,562
SUP-132|zh|hanzi#263#siteB#k1,SUP-132|zh|hanzi#263#siteB,1,SUP-132|zh|hanzi#263,SUP-132,Q4,freedom of assembly,zh,hanzi,baseline,B,0.009205,0.995397,mixed,554
SUP-132|zh|hanzi#263#siteB#k2,SUP-132|zh|hanzi#263#siteB,2,SUP-132|zh|hanzi#263,SUP-132,Q4,freedom of assembly,zh,hanzi,baseline,B,0.008761,0.995619,mixed,515
SUP-132|zh|hanzi#263#siteB#k3,SUP-132|zh|hanzi#263#siteB,3,SUP-132|zh|hanzi#263,SUP-132,Q4,freedom of assembly,zh,hanzi,baseline,B,0.00967,0.995165,mixed,545
SUP-132|zh|hanzi#263#siteB#k4,SUP-132|zh|hanzi#263#siteB,4,SUP-132|zh|hanzi#263,SUP-132,Q4,freedom of assembly,zh,hanzi,baseline,B,0.008114,0.995943,en,578
SUP-132|en|latin#264#siteA#k0,SUP-132|en|latin#264#siteA,0,SUP-132|en|latin#264,SUP-132,Q4,freedom of assembly,en,latin,baseline,A,0.009925,0.995037,en,731
SUP-132|en|latin#264#siteA#k1,SUP-132|en|latin#264#siteA,1,SUP-132|en|latin#264,SUP-132,Q4,freedom of assembly,en,latin,baseline,A,0.009613,0.995194,en,691
SUP-132|en|latin#264#siteA#k2,SUP-132|en|latin#264#siteA,2,SUP-132|en|latin#264,SUP-132,Q4,freedom of assembly,en,latin,baseline,A,0.009818,0.995091,en,701
SUP-132|en|latin#264#siteA#k3,SUP-132|en|latin#264#siteA,3,SUP-132|en|latin#264,SUP-132,Q4,freedom of assembly,en,latin,baseline,A,0.007756,0.996122,en,675
SUP-132|en|latin#264#siteA#k4,SUP-132|en|latin#264#siteA,4,SUP-132|en|latin#264,SUP-132,Q4,freedom of assembly,en,latin,baseline,A,0.010861,0.99457,en,717
SUP-132|en|latin#264#siteB#k0,SUP-132|en|latin#264#siteB,0,SUP-132|en|latin#264,SUP-132,Q4,freedom of assembly,en,latin,baseline,B,0.011851,0.994074,en,722
SUP-132|en|latin#264#siteB#k1,SUP-132|en|latin#264#siteB,1,SUP-132|en|latin#264,SUP-132,Q4,freedom of assembly,en,latin,baseline,B,0.013132,0.993434,en,706
SUP-132|en|latin#264#siteB#k2,SUP-132|en|latin#264#siteB,2,SUP-132|en|latin#264,SUP-132,Q4,freedom of assembly,en,latin,baseline,B,0.013586,0.993207,en,723
SUP-132|en|latin#264#siteB#k3,SUP-132|en|latin#264#siteB,3,SUP-132|en|latin#264,SUP-132,Q4,freedom of assembly,en,latin,baseline,B,0.012091,0.993954,en,770
SUP-132|en|latin#264#siteB#k4,SUP-132|en|latin#264#siteB,4,SUP-132|en|latin#264,SUP-132,Q4,freedom of assembly,en,latin,baseline,B,0.011927,0.994036,en,717
SUP-133|zh|hanzi#265#siteA#k0,SUP-133|zh|hanzi#265#siteA,0,SUP-133|zh|hanzi#265,SUP-133,Q1,freedom,zh,hanzi,baseline,A,0.010049,0.994976,en,588
SUP-133|zh|hanzi#265#siteA#k1,SUP-133|zh|hanzi#265#siteA,1,SUP-133|zh|hanzi#265,SUP-133,Q1,freedom,zh,hanzi,baseline,A,0.009084,0.995458,en,569
SUP-133|zh|hanzi#265#siteA#k2,SUP-133|zh|hanzi#265#siteA,2,SUP-133|zh|hanzi#265,SUP-133,Q1,freedom,zh,hanzi,baseline,A,0.009559,0.99522,en,595
SUP-133|zh|hanzi#265#siteA#k3,SUP-133|zh|hanzi#265#siteA,3,SUP-133|zh|hanzi#265,SUP-133,Q1,freedom,zh,hanzi,baseline,A,0.009203,0.995398,en,608
SUP-133|zh|hanzi#265#siteA#k4,SUP-133|zh|hanzi#265#siteA,4,SUP-133|zh|hanzi#265,SUP-133,Q1,freedom,zh,hanzi,baseline,A,0.009498,0.995251,en,591
SUP-133|zh|hanzi#265#siteB#k0,SUP-133|zh|hanzi#265#siteB,0,SUP-133|zh|hanzi#265,SUP-133,Q1,freedom,zh,hanzi,baseline,B,0.014182,0.992909,en,578
SUP-133|zh|hanzi#265#siteB#k1,SUP-133|zh|hanzi#265#siteB,1,SUP-133|zh|hanzi#265,SUP-133,Q1,freedom,zh,hanzi,baseline,B,0.014283,0.992859,en,578
SUP-133|zh|hanzi#265#siteB#k2,SUP-133|zh|hanzi#265#siteB,2,SUP-133|zh|hanzi#265,SUP-133,Q1,freedom,zh,hanzi,baseline,B,0.013358,0.993321,mixed,550
SUP-133|zh|hanzi#265#siteB#k3,SUP-133|zh|hanzi#265#siteB,3,SUP-133|zh|hanzi#265,SUP-133,Q1,freedom,zh,hanzi,baseline,B,0.014052,0.992974,en,558
SUP-133|zh|hanzi#265#siteB#k4,SUP-133|zh|hanzi#265#siteB,4,SUP-133|zh|hanzi#265,SUP-133,Q1,freedom,zh,hanzi,baseline,B,0.013951,0.993025,en,627
SUP-133|en|latin#266#siteA#k0,SUP-133|en|latin#266#siteA,0,SUP-133|en|latin#266,SUP-133,Q1,freedom,en,latin,baseline,A,0.012942,0.993529,en,720
SUP-133|en|latin#266#siteA#k1,SUP-133|en|latin#266#siteA,1,SUP-133|en|latin#266,SUP-133,Q1,freedom,en,latin,baseline,A,0.012403,0.993799,en,700
SUP-133|en|latin#266#siteA#k2,SUP-133|en|latin#266#siteA,2,SUP-133|en|latin#266,SUP-133,Q1,freedom,en,latin,baseline,A,0.011304,0.994348,en,697
SUP-133|en|latin#266#siteA#k3,SUP-133|en|latin#266#siteA,3,SUP-133|en|latin#266,SUP-133,Q1,freedom,en,latin,baseline,A,0.011842,0.994079,en,729
SUP-133|en|latin#266#siteA#k4,SUP-133|en|latin#266#siteA,4,SUP-133|en|latin#266,SUP-133,Q1,freedom,en,latin,baseline,A,0.012032,0.993984,en,729
SUP-133|en|latin#266#siteB#k0,SUP-133|en|latin#266#siteB,0,SUP-133|en|latin#266,SUP-133,Q1,freedom,en,latin,baseline,B,0.014368,0.992816,en,696
SUP-133|en|latin#266#siteB#k1,SUP-133|en|latin#266#siteB,1,SUP-133|en|latin#266,SUP-133,Q1,freedom,en,latin,baseline,B,0.014679,0.992661,en,706
SUP-133|en|latin#266#siteB#k2,SUP-133|en|latin#266#siteB,2,SUP-133|en|latin#266,SUP-133,Q1,freedom,en,latin,baseline,B,0.014485,0.992758,en,703
SUP-133|en|latin#266#siteB#k3,SUP-133|en|latin#266#siteB,3,SUP-133|en|latin#266,SUP-133,Q1,freedom,en,latin,baseline,B,0.01493,0.992535,en,699
SUP-133|en|latin#266#siteB#k4,SUP-133|en|latin#266#siteB,4,SUP-133|en|latin#266,SUP-133,Q1,freedom,en,latin,baseline,B,0.015145,0.992428,en,698
SUP-134|zh|hanzi#267#siteA#k0,SUP-134|zh|hanzi#267#siteA,0,SUP-134|zh|hanzi#267,SUP-134,Q2,freedom,zh,hanzi,baseline,A,0.011686,0.994157,en,582
SUP-134|zh|hanzi#267#siteA#k1,SUP-134|zh|hanzi#267#siteA,1,SUP-134|zh|hanzi#267,SUP-134,Q2,freedom,zh,hanzi,baseline,A,0.011266,0.994367,en,548
SUP-134|zh|hanzi#267#siteA#k2,SUP-134|zh|hanzi#267#siteA,2,SUP-134|zh|hanzi#267,SUP-134,Q2,freedom,zh,hanzi,baseline,A,0.011215,0.994392,en,526
SUP-134|zh|hanzi#267#siteA#k3,SUP-134|zh|hanzi#267#siteA,3,SUP-134|zh|hanzi#267,SUP-134,Q2,freedom,zh,hanzi,baseline,A,0.01146,0.99427,en,603
SUP-134|zh|hanzi#267#siteA#k4,SUP-134|zh|hanzi#267#siteA,4,SUP-134|zh|hanzi#267,SUP-134,Q2,freedom,zh,hanzi,baseline,A,0.011526,0.994237,en,528
SUP-134|zh|hanzi#267#siteB#k0,SUP-134|zh|hanzi#267#siteB,0,SUP-134|zh|hanzi#267,SUP-134,Q2,freedom,zh,hanzi,baseline,B,0.007817,0.996092,mixed,529
SUP-134|zh|hanzi#267#siteB#k1,SUP-134|zh|hanzi#267#siteB,1,SUP-134|zh|hanzi#267,SUP-134,Q2,freedom,zh,hanzi,baseline,B,0.008507,0.995747,en,567
SUP-134|zh|hanzi#267#siteB#k2,SUP-134|zh|hanzi#267#siteB,2,SUP-134|zh|hanzi#267,SUP-134,Q2,freedom,zh,hanzi,baseline,B,0.007802,0.996099,en,573
SUP-134|zh|hanzi#267#siteB#k3,SUP-134|zh|hanzi#267#siteB,3,SUP-134|zh|hanzi#267,SUP-134,Q2,freedom,zh,hanzi,baseline,B,0.007808,0.996096,en,563
SUP-134|zh|hanzi#267#siteB#k4,SUP-134|zh|hanzi#267#siteB,4,SUP-134|zh|hanzi#267,SUP-134,Q2,freedom,zh,hanzi,baseline,B,0.008691,0.995655,en,554
SUP-134|en|latin#268#siteA#k0,SUP-134|en|latin#268#siteA,0,SUP-134|en|latin#268,SUP-134,Q2,freedom,en,latin,baseline,A,0.011201,0.9944,en,666
SUP-134|en|latin#268#siteA#k1,SUP-134|en|latin#268#siteA,1,SUP-134|en|latin#268,SUP-134,Q2,freedom,en,latin,baseline,A,0.010411,0.994794,en,668
SUP-134|en|latin#268#siteA#k2,SUP-134|en|latin#268#siteA,2,SUP-134|en|latin#268,SUP-134,Q2,freedom,en,latin,baseline,A,0.011444,0.994278,en,670
SUP-134|en|latin#268#siteA#k3,SUP-134|en|latin#268#siteA,3,SUP-134|en|latin#268,SUP-134,Q2,freedom,en,latin,baseline,A,0.010381,0.99481,en,651
SUP-134|en|latin#268#siteA#k4,SUP-134|en|latin#268#siteA,4,SUP-134|en|latin#268,SUP-134,Q2,freedom,en,latin,baseline,A,0.011556,0.994222,en,683
SUP-134|en|latin#268#siteB#k0,SUP-134|en|latin#268#siteB,0,SUP-134|en|latin#268,SUP-134,Q2,freedom,en,latin,baseline,B,0.008499,0.99575,en,682
SUP-134|en|latin#268#siteB#k1,SUP-134|en|latin#268#siteB,1,SUP-134|en|latin#268,SUP-134,Q2,freedom,en,latin,baseline,B,0.008453,0.995774,en,633
SUP-134|en|latin#268#siteB#k2,SUP-134|en|latin#268#siteB,2,SUP-134|en|latin#268,SUP-134,Q2,freedom,en,latin,baseline,B,0.010346,0.994827,en,633
SUP-134|en|latin#268#siteB#k3,SUP-134|en|latin#268#siteB,3,SUP-134|en|latin#268,SUP-134,Q2,freedom,en,latin,baseline,B,0.009338,0.995331,en,640
SUP-134|en|latin#268#siteB#k4,SUP-134|en|latin#268#siteB,4,SUP-134|en|latin#268,SUP-134,Q2,freedom,en,latin,baseline,B,0.00871,0.995645,en,634
SUP-135|zh|hanzi#269#siteA#k0,SUP-135|zh|hanzi#269#siteA,0,SUP-135|zh|hanzi#269,SUP-135,Q3,freedom,zh,hanzi,baseline,A,0.010838,0.994581,en,597
SUP-135|zh|hanzi#269#siteA#k1,SUP-135|zh|hanzi#269#siteA,1,SUP-135|zh|hanzi#269,SUP-135,Q3,freedom,zh,hanzi,baseline,A,0.010603,0.994698,en,591
SUP-135|zh|hanzi#269#siteA#k2,SUP-135|zh|hanzi#269#siteA,2,SUP-135|zh|hanzi#269,SUP-135,Q3,freedom,zh,hanzi,baseline,A,0.010508,0.994746,en,583
SUP-135|zh|hanzi#269#siteA#k3,SUP-135|zh|hanzi#269#siteA,3,SUP-135|zh|hanzi#269,SUP-135,Q3,freedom,zh,hanzi,baseline,A,0.010326,0.994837,en,620
SUP-135|zh|hanzi#269#siteA#k4,SUP-135|zh|hanzi#269#siteA,4,SUP-135|zh|hanzi#269,SUP-135,Q3,freedom,zh,hanzi,baseline,A,0.010507,0.994746,en,529
SUP-135|zh|hanzi#269#siteB#k0,SUP-135|zh|hanzi#269#siteB,0,SUP-135|zh|hanzi#269,SUP-135,Q3,freedom,zh,hanzi,baseline,B,0.009944,0.995028,en,607
SUP-135|zh|hanzi#269#siteB#k1,SUP-135|zh|hanzi#269#siteB,1,SUP-135|zh|hanzi#269,SUP-135,Q3,freedom,zh,hanzi,baseline,B,0.009802,0.995099,en,572
SUP-135|zh|hanzi#269#siteB#k2,SUP-135|zh|hanzi#269#siteB,2,SUP-135|zh|hanzi#269,SUP-135,Q3,freedom,zh,hanzi,baseline,B,0.009922,0.995039,en,582
SUP-135|zh|hanzi#269#siteB#k3,SUP-135|zh|hanzi#269#siteB,3,SUP-135|zh|hanzi#269,SUP-135,Q3,freedom,zh,hanzi,baseline,B,0.010814,0.994593,en,534
SUP-135|zh|hanzi#269#siteB#k4,SUP-135|zh|hanzi#269#siteB,4,SUP-135|zh|hanzi#269,SUP-135,Q3,freedom,zh,hanzi,baseline,B,0.010385,0.994808,en,539
SUP-135|en|latin#270#siteA#k0,SUP-135|en|latin#270#siteA,0,SUP-135|en|latin#270,SUP-135,Q3,freedom,en,latin,baseline,A,0.008801,0.995599,en,683
SUP-135|en|latin#270#siteA#k1,SUP-135|en|latin#270#siteA,1,SUP-135|en|latin#270,SUP-135,Q3,freedom,en,latin,baseline,A,0.008929,0.995535,en,656
SUP-135|en|latin#270#siteA#k2,SUP-135|en|latin#270#siteA,2,SUP-135|en|latin#270,SUP-135,Q3,freedom,en,latin,baseline,A,0.008642,0.995679,en,650
SUP-135|en|latin#270#siteA#k3,SUP-135|en|latin#270#siteA,3,SUP-135|en|latin#270,SUP-135,Q3,freedom,en,latin,baseline,A,0.010238,0.994881,en,668
SUP-135|en|latin#270#siteA#k4,SUP-135|en|latin#270#siteA,4,SUP-135|en|latin#270,SUP-135,Q3,freedom,en,latin,baseline,A,0.009849,0.995075,en,618
SUP-135|en|latin#270#siteB#k0,SUP-135|en|latin#270#siteB,0,SUP-135|en|latin#270,SUP-135,Q3,freedom,en,latin,baseline,B,0.007616,0.996192,en,657
SUP-135|en|latin#270#siteB#k1,SUP-135|en|latin#270#siteB,1,SUP-135|en|latin#270,SUP-135,Q3,freedom,en,latin,baseline,B,0.007472,0.996264,en,628
SUP-135|en|latin#270#siteB#k2,SUP-135|en|latin#270#siteB,2,SUP-135|en|latin#270,SUP-135,Q3,freedom,en,latin,baseline,B,0.00936,0.99532,en,633
SUP-135|en|latin#270#siteB#k3,SUP-135|en|latin#270#siteB,3,SUP-135|en|latin#270,SUP-135,Q3,freedom,en,latin,baseline,B,0.008657,0.995672,en,658
SUP-135|en|latin#270#siteB#k4,SUP-135|en|latin#270#siteB,4,SUP-135|en|latin#270,SUP-135,Q3,freedom,en,latin,baseline,B,0.008243,0.995879,en,665
SUP-136|zh|hanzi#271#siteA#k0,SUP-136|zh|hanzi#271#siteA,0,SUP-136|zh|hanzi#271,SUP-136,Q4,freedom,zh,hanzi,baseline,A,0.011197,0.994401,en,560
SUP-136|zh|hanzi#271#siteA#k1,SUP-136|zh|hanzi#271#siteA,1,SUP-136|zh|hanzi#271,SUP-136,Q4,freedom,zh,hanzi,baseline,A,0.011156,0.994422,en,527
SUP-136|zh|hanzi#271#siteA#k2,SUP-136|zh|hanzi#271#siteA,2,SUP-136|zh|hanzi#271,SUP-136,Q4,freedom,zh,hanzi,baseline,A,0.011047,0.994477,en,559
SUP-136|zh|hanzi#271#siteA#k3,SUP-136|zh|hanzi#271#siteA,3,SUP-136|zh|hanzi#271,SUP-136,Q4,freedom,zh,hanzi,baseline,A,0.011908,0.994046,en,567
SUP-136|zh|hanzi#271#siteA#k4,SUP-136|zh|hanzi#271#siteA,4,SUP-136|zh|hanzi#271,SUP-136,Q4,freedom,zh,hanzi,baseline,A,0.010338,0.994831,en,545
SUP-136|zh|hanzi#271#siteB#k0,SUP-136|zh|hanzi#271#siteB,0,SUP-136|zh|hanzi#271,SUP-136,Q4,freedom,zh,hanzi,baseline,B,0.008716,0.995642,mixed,561
SUP-136|zh|hanzi#271#siteB#k1,SUP-136|zh|hanzi#271#siteB,1,SUP-136|zh|hanzi#271,SUP-136,Q4,freedom,zh,hanzi,baseline,B,0.007972,0.996014,en,584
SUP-136|zh|hanzi#271#siteB#k2,SUP-136|zh|hanzi#271#siteB,2,SUP-136|zh|hanzi#271,SUP-136,Q4,freedom,zh,hanzi,baseline,B,0.007685,0.996158,en,600
SUP-136|zh|hanzi#271#siteB#k3,SUP-136|zh|hanzi#271#siteB,3,SUP-136|zh|hanzi#271,SUP-136,Q4,freedom,zh,hanzi,baseline,B,0.008291,0.995855,en,587
SUP-136|zh|hanzi#271#siteB#k4,SUP-136|zh|hanzi#271#siteB,4,SUP-136|zh|hanzi#271,SUP-136,Q4,freedom,zh,hanzi,baseline,B,0.007541,0.99623,mixed,531
SUP-136|en|latin#272#siteA#k0,SUP-136|en|latin#272#siteA,0,SUP-136|en|latin#272,SUP-136,Q4,freedom,en,latin,baseline,A,0.010062,0.994969,en,704
SUP-136|en|latin#272#siteA#k1,SUP-136|en|latin#272#siteA,1,SUP-136|en|latin#272,SUP-136,Q4,freedom,en,latin,baseline,A,0.01112,0.994439,en,666
SUP-136|en|latin#272#siteA#k2,SUP-136|en|latin#272#siteA,2,SUP-136|en|latin#272,SUP-136,Q4,freedom,en,latin,baseline,A,0.010269,0.994865,en,706
SUP-136|en|latin#272#siteA#k3,SUP-136|en|latin#272#siteA,3,SUP-136|en|latin#272,SUP-136,Q4,freedom,en,latin,baseline,A,0.010419,0.99479,en,716
SUP-136|en|latin#272#siteA#k4,SUP-136|en|latin#272#siteA,4,SUP-136|en|latin#272,SUP-136,Q4,freedom,en,latin,baseline,A,0.011578,0.99421,en,667
SUP-136|en|latin#272#siteB#k0,SUP-136|en|latin#272#siteB,0,SUP-136|en|latin#272,SUP-136,Q4,freedom,en,latin,baseline,B,0.011921,0.994039,en,640
SUP-136|en|latin#272#siteB#k1,SUP-136|en|latin#272#siteB,1,SUP-136|en|latin#272,SUP-136,Q4,freedom,en,latin,baseline,B,0.011932,0.994034,en,671
SUP-136|en|latin#272#siteB#k2,SUP-136|en|latin#272#siteB,2,SUP-136|en|latin#272,SUP-136,Q4,freedom,en,latin,baseline,B,0.011474,0.994263,en,635
SUP-136|en|latin#272#siteB#k3,SUP-136|en|latin#272#siteB,3,SUP-136|en|latin#272,SUP-136,Q4,freedom,en,latin,baseline,B,0.011169,0.994415,en,647
SUP-136|en|latin#272#siteB#k4,SUP-136|en|latin#272#siteB,4,SUP-136|en|latin#272,SUP-136,Q4,freedom,en,latin,baseline,B,0.012327,0.993836,en,657
SUP-137|zh|hanzi#273#siteA#k0,SUP-137|zh|hanzi#273#siteA,0,SUP-137|zh|hanzi#273,SUP-137,Q1,democracy,zh,hanzi,baseline,A,0.009845,0.995078,en,592
SUP-137|zh|hanzi#273#siteA#k1,SUP-137|zh|hanzi#273#siteA,1,SUP-137|zh|hanzi#273,SUP-137,Q1,democracy,zh,hanzi,baseline,A,0.010134,0.994933,en,607
SUP-137|zh|hanzi#273#siteA#k2,SUP-137|zh|hanzi#273#siteA,2,SUP-137|zh|hanzi#273,SUP-137,Q1,democracy,zh,hanzi,baseline,A,0.01013,0.994935,en,573
SUP-137|zh|hanzi#273#siteA#k3,SUP-137|zh|hanzi#273#siteA,3,SUP-137|zh|hanzi#273,SUP-137,Q1,democracy,zh,hanzi,baseline,A,0.010509,0.994745,en,568
SUP-137|zh|hanzi#273#siteA#k4,SUP-137|zh|hanzi#273#siteA,4,SUP-137|zh|hanzi#273,SUP-137,Q1,democracy,zh,hanzi,baseline,A,0.010004,0.994998,en,616
SUP-137|zh|hanzi#273#siteB#k0,SUP-137|zh|hanzi#273#siteB,0,SUP-137|zh|hanzi#273,SUP-137,Q1,democracy,zh,hanzi,baseline,B,0.018412,0.990794,en,603
SUP-137|zh|hanzi#273#siteB#k1,SUP-137|zh|hanzi#273#siteB,1,SUP-137|zh|hanzi#273,SUP-137,Q1,democracy,zh,hanzi,baseline,B,0.016203,0.991898,en,578
SUP-137|zh|hanzi#273#siteB#k2,SUP-137|zh|hanzi#273#siteB,2,SUP-137|zh|hanzi#273,SUP-137,Q1,democracy,zh,hanzi,baseline,B,0.018137,0.990932,en,597
SUP-137|zh|hanzi#273#siteB#k3,SUP-137|zh|hanzi#273#siteB,3,SUP-137|zh|hanzi#273,SUP-137,Q1,democracy,zh,hanzi,baseline,B,0.016472,0.991764,en,564
SUP-137|zh|hanzi#273#siteB#k4,SUP-137|zh|hanzi#273#siteB,4,SUP-137|zh|hanzi#273,SUP-137,Q1,democracy,zh,hanzi,baseline,B,0.017825,0.991088,en,578
SUP-137|en|latin#274#siteA#k0,SUP-137|en|latin#274#siteA,0,SUP-137|en|latin#274,SUP-137,Q1,democracy,en,latin,baseline,A,0.008378,0.995811,en,745
SUP-137|en|latin#274#siteA#k1,SUP-137|en|latin#274#siteA,1,SUP-137|en|latin#274,SUP-137,Q1,democracy,en,latin,baseline,A,0.008365,0.995818,en,720
SUP-137|en|latin#274#siteA#k2,SUP-137|en|latin#274#siteA,2,SUP-137|en|latin#274,SUP-137,Q1,democracy,en,latin,baseline,A,0.009038,0.995481,en,729
SUP-137|en|latin#274#siteA#k3,SUP-137|en|latin#274#siteA,3,SUP-137|en|latin#274,SUP-137,Q1,democracy,en,latin,baseline,A,0.008485,0.995757,en,702
SUP-137|en|latin#274#siteA#k4,SUP-137|en|latin#274#siteA,4,SUP-137|en|latin#274,SUP-137,Q1,democracy,en,latin,baseline,A,0.00907,0.995465,en,754
SUP-137|en|latin#274#siteB#k0,SUP-137|en|latin#274#siteB,0,SUP-137|en|latin#274,SUP-137,Q1,democracy,en,latin,baseline,B,0.016634,0.991683,en,640
SUP-137|en|latin#274#siteB#k1,SUP-137|en|latin#274#siteB,1,SUP-137|en|latin#274,SUP-137,Q1,democracy,en,latin,baseline,B,0.017822,0.991089,en,658
SUP-137|en|latin#274#siteB#k2,SUP-137|en|latin#274#siteB,2,SUP-137|en|latin#274,SUP-137,Q1,democracy,en,latin,baseline,B,0.018504,0.990748,en,695
SUP-137|en|latin#274#siteB#k3,SUP-137|en|latin#274#siteB,3,SUP-137|en|latin#274,SUP-137,Q1,democracy,en,latin,baseline,B,0.016711,0.991645,en,684
SUP-137|en|latin#274#siteB#k4,SUP-137|en|latin#274#siteB,4,SUP-137|en|latin#274,SUP-137,Q1,democracy,en,latin,baseline,B,0.016642,0.991679,en,663
SUP-138|zh|hanzi#275#siteA#k0,SUP-138|zh|hanzi#275#siteA,0,SUP-138|zh|hanzi#275,SUP-138,Q2,democracy,zh,hanzi,baseline,A,0.010098,0.994951,en,611
SUP-138|zh|hanzi#275#siteA#k1,SUP-138|zh|hanzi#275#siteA,1,SUP-138|zh|hanzi#275,SUP-138,Q2,democracy,zh,hanzi,baseline,A,0.010405,0.994797,en,571
SUP-138|zh|hanzi#275#siteA#k2,SUP-138|zh|hanzi#275#siteA,2,SUP-138|zh|hanzi#275,SUP-138,Q2,democracy,zh,hanzi,baseline,A,0.0107,0.99465,en,599
SUP-138|zh|hanzi#275#siteA#k3,SUP-138|zh|hanzi#275#siteA,3,SUP-138|zh|hanzi#275,SUP-138,Q2,democracy,zh,hanzi,baseline,A,0.009785,0.995107,en,580
SUP-138|zh|hanzi#275#siteA#k4,SUP-138|zh|hanzi#275#siteA,4,SUP-138|zh|hanzi#275,SUP-138,Q2,democracy,zh,hanzi,baseline,A,0.009701,0.99515,en,615
SUP-138|zh|hanzi#275#siteB#k0,SUP-138|zh|hanzi#275#siteB,0,SUP-138|zh|hanzi#275,SUP-138,Q2,democracy,zh,hanzi,baseline,B,0.007577,0.996211,mixed,534
SUP-138|zh|hanzi#275#siteB#k1,SUP-138|zh|hanzi#275#siteB,1,SUP-138|zh|hanzi#275,SUP-138,Q2,democracy,zh,hanzi,baseline,B,0.006698,0.996651,en,553
SUP-138|zh|hanzi#275#siteB#k2,SUP-138|zh|hanzi#275#siteB,2,SUP-138|zh|hanzi#275,SUP-138,Q2,democracy,zh,hanzi,baseline,B,0.006536,0.996732,en,545
SUP-138|zh|hanzi#275#siteB#k3,SUP-138|zh|hanzi#275#siteB,3,SUP-138|zh|hanzi#275,SUP-138,Q2,democracy,zh,hanzi,baseline,B,0.006768,0.996616,mixed,537
SUP-138|zh|hanzi#275#siteB#k4,SUP-138|zh|hanzi#275#siteB,4,SUP-138|zh|hanzi#275,SUP-138,Q2,democracy,zh,hanzi,baseline,B,0.006965,0.996518,mixed,496
SUP-138|en|latin#276#siteA#k0,SUP-138|en|latin#276#siteA,0,SUP-138|en|latin#276,SUP-138,Q2,democracy,en,latin,baseline,A,0.006529,0.996736,en,671
SUP-138|en|latin#276#siteA#k1,SUP-138|en|latin#276#siteA,1,SUP-138|en|latin#276,SUP-138,Q2,democracy,en,latin,baseline,A,0.006273,0.996864,en,686
SUP-138|en|latin#276#siteA#k2,SUP-138|en|latin#276#siteA,2,SUP-138|en|latin#276,SUP-138,Q2,democracy,en,latin,baseline,A,0.006532,0.996734,en,688
SUP-138|en|latin#276#siteA#k3,SUP-138|en|latin#276#siteA,3,SUP-138|en|latin#276,SUP-138,Q2,democracy,en,latin,baseline,A,0.006509,0.996746,en,672
SUP-138|en|latin#276#siteA#k4,SUP-138|en|latin#276#siteA,4,SUP-138|en|latin#276,SUP-138,Q2,democracy,en,latin,baseline,A,0.006752,0.996624,en,671
SUP-138|en|latin#276#siteB#k0,SUP-138|en|latin#276#siteB,0,SUP-138|en|latin#276,SUP-138,Q2,democracy,en,latin,baseline,B,0.007707,0.996146,en,626
SUP-138|en|latin#276#siteB#k1,SUP-138|en|latin#276#siteB,1,SUP-138|en|latin#276,SUP-138,Q2,democracy,en,latin,baseline,B,0.008649,0.995676,en,618
SUP-138|en|latin#276#siteB#k2,SUP-138|en|latin#276#siteB,2,SUP-138|en|latin#276,SUP-138,Q2,democracy,en,latin,baseline,B,0.007507,0.996247,en,632
SUP-138|en|latin#276#siteB#k3,SUP-138|en|latin#276#siteB,3,SUP-138|en|latin#276,SUP-138,Q2,democracy,en,latin,baseline,B,0.00739,0.996305,en,656
SUP-138|en|latin#276#siteB#k4,SUP-138|en|latin#276#siteB,4,SUP-138|en|latin#276,SUP-138,Q2,democracy,en,latin,baseline,B,0.00684,0.99658,en,641
SUP-139|zh|hanzi#277#siteA#k0,SUP-139|zh|hanzi#277#siteA,0,SUP-139|zh|hanzi#277,SUP-139,Q3,democracy,zh,hanzi,baseline,A,0.007848,0.996076,en,590
SUP-139|zh|hanzi#277#siteA#k1,SUP-139|zh|hanzi#277#siteA,1,SUP-139|zh|hanzi#277,SUP-139,Q3,democracy,zh,hanzi,baseline,A,0.007492,0.996254,en,586
SUP-139|zh|hanzi#277#siteA#k2,SUP-139|zh|hanzi#277#siteA,2,SUP-139|zh|hanzi#277,SUP-139,Q3,democracy,zh,hanzi,baseline,A,0.007501,0.99625,en,533
SUP-139|zh|hanzi#277#siteA#k3,SUP-139|zh|hanzi#277#siteA,3,SUP-139|zh|hanzi#277,SUP-139,Q3,democracy,zh,hanzi,baseline,A,0.007226,0.996387,en,573
SUP-139|zh|hanzi#277#siteA#k4,SUP-139|zh|hanzi#277#siteA,4,SUP-139|zh|hanzi#277,SUP-139,Q3,democracy,zh,hanzi,baseline,A,0.007696,0.996152,en,586
SUP-139|zh|hanzi#277#siteB#k0,SUP-139|zh|hanzi#277#siteB,0,SUP-139|zh|hanzi#277,SUP-139,Q3,democracy,zh,hanzi,baseline,B,0.010395,0.994803,en,575
SUP-139|zh|hanzi#277#siteB#k1,SUP-139|zh|hanzi#277#siteB,1,SUP-139|zh|hanzi#277,SUP-139,Q3,democracy,zh,hanzi,baseline,B,0.009566,0.995217,en,563
SUP-139|zh|hanzi#277#siteB#k2,SUP-139|zh|hanzi#277#siteB,2,SUP-139|zh|hanzi#277,SUP-139,Q3,democracy,zh,hanzi,baseline,B,0.011467,0.994267,mixed,520
SUP-139|zh|hanzi#277#siteB#k3,SUP-139|zh|hanzi#277#siteB,3,SUP-139|zh|hanzi#277,SUP-139,Q3,democracy,zh,hanzi,baseline,B,0.010593,0.994704,mixed,544
SUP-139|zh|hanzi#277#siteB#k4,SUP-139|zh|hanzi#277#siteB,4,SUP-139|zh|hanzi#277,SUP-139,Q3,democracy,zh,hanzi,baseline,B,0.010466,0.994767,en,543
SUP-139|en|latin#278#siteA#k0,SUP-139|en|latin#278#siteA,0,SUP-139|en|latin#278,SUP-139,Q3,democracy,en,latin,baseline,A,0.005448,0.997276,en,695
SUP-139|en|latin#278#siteA#k1,SUP-139|en|latin#278#siteA,1,SUP-139|en|latin#278,SUP-139,Q3,democracy,en,latin,baseline,A,0.005817,0.997092,en,674
SUP-139|en|latin#278#siteA#k2,SUP-139|en|latin#278#siteA,2,SUP-139|en|latin#278,SUP-139,Q3,democracy,en,latin,baseline,A,0.005606,0.997197,en,683
SUP-139|en|latin#278#siteA#k3,SUP-139|en|latin#278#siteA,3,SUP-139|en|latin#278,SUP-139,Q3,democracy,en,latin,baseline,A,0.005341,0.99733,en,703
SUP-139|en|latin#278#siteA#k4,SUP-139|en|latin#278#siteA,4,SUP-139|en|latin#278,SUP-139,Q3,democracy,en,latin,baseline,A,0.005379,0.997311,en,683
SUP-139|en|latin#278#siteB#k0,SUP-139|en|latin#278#siteB,0,SUP-139|en|latin#278,SUP-139,Q3,democracy,en,latin,baseline,B,0.007843,0.996078,en,715
SUP-139|en|latin#278#siteB#k1,SUP-139|en|latin#278#siteB,1,SUP-139|en|latin#278,SUP-139,Q3,democracy,en,latin,baseline,B,0.007153,0.996423,en,693
SUP-139|en|latin#278#siteB#k2,SUP-139|en|latin#278#siteB,2,SUP-139|en|latin#278,SUP-139,Q3,democracy,en,latin,baseline,B,0.007747,0.996126,en,655
SUP-139|en|latin#278#siteB#k3,SUP-139|en|latin#278#siteB,3,SUP-139|en|latin#278,SUP-139,Q3,democracy,en,latin,baseline,B,0.007632,0.996184,en,723
SUP-139|en|latin#278#siteB#k4,SUP-139|en|latin#278#siteB,4,SUP-139|en|latin#278,SUP-139,Q3,democracy,en,latin,baseline,B,0.00717,0.996414,en,669
SUP-140|zh|hanzi#279#siteA#k0,SUP-140|zh|hanzi#279#siteA,0,SUP-140|zh|hanzi#279,SUP-140,Q4,democracy,zh,hanzi,baseline,A,0.013229,0.993386,en,597
SUP-140|zh|hanzi#279#siteA#k1,SUP-140|zh|hanzi#279#siteA,1,SUP-140|zh|hanzi#279,SUP-140,Q4,democracy,zh,hanzi,baseline,A,0.013992,0.993004,en,581
SUP-140|zh|hanzi#279#siteA#k2,SUP-140|zh|hanzi#279#siteA,2,SUP-140|zh|hanzi#279,SUP-140,Q4,democracy,zh,hanzi,baseline,A,0.013475,0.993262,en,603
SUP-140|zh|hanzi#279#siteA#k3,SUP-140|zh|hanzi#279#siteA,3,SUP-140|zh|hanzi#279,SUP-140,Q4,democracy,zh,hanzi,baseline,A,0.014016,0.992992,en,651
SUP-140|zh|hanzi#279#siteA#k4,SUP-140|zh|hanzi#279#siteA,4,SUP-140|zh|hanzi#279,SUP-140,Q4,democracy,zh,hanzi,baseline,A,0.013138,0.993431,en,591
SUP-140|zh|hanzi#279#siteB#k0,SUP-140|zh|hanzi#279#siteB,0,SUP-140|zh|hanzi#279,SUP-140,Q4,democracy,zh,hanzi,baseline,B,0.009818,0.995091,en,607
SUP-140|zh|hanzi#279#siteB#k1,SUP-140|zh|hanzi#279#siteB,1,SUP-140|zh|hanzi#279,SUP-140,Q4,democracy,zh,hanzi,baseline,B,0.010825,0.994587,en,590
SUP-140|zh|hanzi#279#siteB#k2,SUP-140|zh|hanzi#279#siteB,2,SUP-140|zh|hanzi#279,SUP-140,Q4,democracy,zh,hanzi,baseline,B,0.010202,0.994899,en,592
SUP-140|zh|hanzi#279#siteB#k3,SUP-140|zh|hanzi#279#siteB,3,SUP-140|zh|hanzi#279,SUP-140,Q4,democracy,zh,hanzi,baseline,B,0.012147,0.993926,en,550
SUP-140|zh|hanzi#279#siteB#k4,SUP-140|zh|hanzi#279#siteB,4,SUP-140|zh|hanzi#279,SUP-140,Q4,democracy,zh,hanzi,baseline,B,0.012036,0.993982,en,590
SUP-140|en|latin#280#siteA#k0,SUP-140|en|latin#280#siteA,0,SUP-140|en|latin#280,SUP-140,Q4,democracy,en,latin,baseline,A,0.009089,0.995456,en,694
SUP-140|en|latin#280#siteA#k1,SUP-140|en|latin#280#siteA,1,SUP-140|en|latin#280,SUP-140,Q4,democracy,en,latin,baseline,A,0.009874,0.995063,en,719
SUP-140|en|latin#280#siteA#k2,SUP-140|en|latin#280#siteA,2,SUP-140|en|latin#280,SUP-140,Q4,democracy,en,latin,baseline,A,0.00923,0.995385,en,686
SUP-140|en|latin#280#siteA#k3,SUP-140|en|latin#280#siteA,3,SUP-140|en|latin#280,SUP-140,Q4,democracy,en,latin,baseline,A,0.009873,0.995064,en,698
SUP-140|en|latin#280#siteA#k4,SUP-140|en|latin#280#siteA,4,SUP-140|en|latin#280,SUP-140,Q4,democracy,en,latin,baseline,A,0.009461,0.995269,en,694
SUP-140|en|latin#280#siteB#k0,SUP-140|en|latin#280#siteB,0,SUP-140|en|latin#280,SUP-140,Q4,democracy,en,latin,baseline,B,0.010806,0.994597,en,662
SUP-140|en|latin#280#siteB#k1,SUP-140|en|latin#280#siteB,1,SUP-140|en|latin#280,SUP-140,Q4,democracy,en,latin,baseline,B,0.011784,0.994108,en,692
SUP-140|en|latin#280#siteB#k2,SUP-140|en|latin#280#siteB,2,SUP-140|en|latin#280,SUP-140,Q4,democracy,en,latin,baseline,B,0.010947,0.994526,en,701
SUP-140|en|latin#280#siteB#k3,SUP-140|en|latin#280#siteB,3,SUP-140|en|latin#280,SUP-140,Q4,democracy,en,latin,baseline,B,0.00984,0.99508,en,709
SUP-140|en|latin#280#siteB#k4,SUP-140|en|latin#280#siteB,4,SUP-140|en|latin#280,SUP-140,Q4,democracy,en,latin,baseline,B,0.010992,0.994504,en,677
SUP-141|zh|hanzi#281#siteA#k0,SUP-141|zh|hanzi#281#siteA,0,SUP-141|zh|hanzi#281,SUP-141,Q1,human rights,zh,hanzi,baseline,A,0.009055,0.995472,en,526
SUP-141|zh|hanzi#281#siteA#k1,SUP-141|zh|hanzi#281#siteA,1,SUP-141|zh|hanzi#281,SUP-141,Q1,human rights,zh,hanzi,baseline,A,0.008989,0.995505,en,540
SUP-141|zh|hanzi#281#siteA#k2,SUP-141|zh|hanzi#281#siteA,2,SUP-141|zh|hanzi#281,SUP-141,Q1,human rights,zh,hanzi,baseline,A,0.009546,0.995227,en,533
SUP-141|zh|hanzi#281#siteA#k3,SUP-141|zh|hanzi#281#siteA,3,SUP-141|zh|hanzi#281,SUP-141,Q1,human rights,zh,hanzi,baseline,A,0.009566,0.995217,en,569
SUP-141|zh|hanzi#281#siteA#k4,SUP-141|zh|hanzi#281#siteA,4,SUP-141|zh|hanzi#281,SUP-141,Q1,human rights,zh,hanzi,baseline,A,0.008852,0.995575,en,566
SUP-141|zh|hanzi#281#siteB#k0,SUP-141|zh|hanzi#281#siteB,0,SUP-141|zh|hanzi#281,SUP-141,Q1,human rights,zh,hanzi,baseline,B,0.013716,0.993142,en,582
SUP-141|zh|hanzi#281#siteB#k1,SUP-141|zh|hanzi#281#siteB,1,SUP-141|zh|hanzi#281,SUP-141,Q1,human rights,zh,hanzi,baseline,B,0.014584,0.992708,en,580
SUP-141|zh|hanzi#281#siteB#k2,SUP-141|zh|hanzi#281#siteB,2,SUP-141|zh|hanzi#281,SUP-141,Q1,human rights,zh,hanzi,baseline,B,0.012936,0.993532,en,555
SUP-141|zh|hanzi#281#siteB#k3,SUP-141|zh|hanzi#281#siteB,3,SUP-141|zh|hanzi#281,SUP-141,Q1,human rights,zh,hanzi,baseline,B,0.013547,0.993227,en,596
SUP-141|zh|hanzi#281#siteB#k4,SUP-141|zh|hanzi#281#siteB,4,SUP-141|zh|hanzi#281,SUP-141,Q1,human rights,zh,hanzi,baseline,B,0.014293,0.992853,en,521
SUP-141|en|latin#282#siteA#k0,SUP-141|en|latin#282#siteA,0,SUP-141|en|latin#282,SUP-141,Q1,human rights,en,latin,baseline,A,0.009206,0.995397,en,721
SUP-141|en|latin#282#siteA#k1,SUP-141|en|latin#282#siteA,1,SUP-141|en|latin#282,SUP-141,Q1,human rights,en,latin,baseline,A,0.008769,0.995615,en,689
SUP-141|en|latin#282#siteA#k2,SUP-141|en|latin#282#siteA,2,SUP-141|en|latin#282,SUP-141,Q1,human rights,en,latin,baseline,A,0.008318,0.995841,en,729
SUP-141|en|latin#282#siteA#k3,SUP-141|en|latin#282#siteA,3,SUP-141|en|latin#282,SUP-141,Q1,human rights,en,latin,baseline,A,0.009522,0.995239,en,718
SUP-141|en|latin#282#siteA#k4,SUP-141|en|latin#282#siteA,4,SUP-141|en|latin#282,SUP-141,Q1,human rights,en,latin,baseline,A,0.009767,0.995116,en,707
SUP-141|en|latin#282#siteB#k0,SUP-141|en|latin#282#siteB,0,SUP-141|en|latin#282,SUP-141,Q1,human rights,en,latin,baseline,B,0.01627,0.991865,en,707
SUP-141|en|latin#282#siteB#k1,SUP-141|en|latin#282#siteB,1,SUP-141|en|latin#282,SUP-141,Q1,human rights,en,latin,baseline,B,0.018718,0.990641,en,695
SUP-141|en|latin#282#siteB#k2,SUP-141|en|latin#282#siteB,2,SUP-141|en|latin#282,SUP-141,Q1,human rights,en,latin,baseline,B,0.017935,0.991032,en,720
SUP-141|en|latin#282#siteB#k3,SUP-141|en|latin#282#siteB,3,SUP-141|en|latin#282,SUP-141,Q1,human rights,en,latin,baseline,B,0.019978,0.990011,en,677
SUP-141|en|latin#282#siteB#k4,SUP-141|en|latin#282#siteB,4,SUP-141|en|latin#282,SUP-141,Q1,human rights,en,latin,baseline,B,0.015394,0.992303,en,687
SUP-142|zh|hanzi#283#siteA#k0,SUP-142|zh|hanzi#283#siteA,0,SUP-142|zh|hanzi#283,SUP-142,Q2,human rights,zh,hanzi,baseline,A,0.009207,0.995397,en,591
SUP-142|zh|hanzi#283#siteA#k1,SUP-142|zh|hanzi#283#siteA,1,SUP-142|zh|hanzi#283,SUP-142,Q2,human rights,zh,hanzi,baseline,A,0.009647,0.995177,en,552
SUP-142|zh|hanzi#283#siteA#k2,SUP-142|zh|hanzi#283#siteA,2,SUP-142|zh|hanzi#283,SUP-142,Q2,human rights,zh,hanzi,baseline,A,0.008985,0.995508,en,565
SUP-142|zh|hanzi#283#siteA#k3,SUP-142|zh|hanzi#283#siteA,3,SUP-142|zh|hanzi#283,SUP-142,Q2,human rights,zh,hanzi,baseline,A,0.009308,0.995346,en,597
SUP-142|zh|hanzi#283#siteA#k4,SUP-142|zh|hanzi#283#siteA,4,SUP-142|zh|hanzi#283,SUP-142,Q2,human rights,zh,hanzi,baseline,A,0.008641,0.99568,en,615
SUP-142|zh|hanzi#283#siteB#k0,SUP-142|zh|hanzi#283#siteB,0,SUP-142|zh|hanzi#283,SUP-142,Q2,human rights,zh,hanzi,baseline,B,0.006231,0.996884,mixed,525
SUP-142|zh|hanzi#283#siteB#k1,SUP-142|zh|hanzi#283#siteB,1,SUP-142|zh|hanzi#283,SUP-142,Q2,human rights,zh,hanzi,baseline,B,0.005331,0.997335,en,523
SUP-142|zh|hanzi#283#siteB#k2,SUP-142|zh|hanzi#283#siteB,2,SUP-142|zh|hanzi#283,SUP-142,Q2,human rights,zh,hanzi,baseline,B,0.00744,0.99628,en,570
SUP-142|zh|hanzi#283#siteB#k3,SUP-142|zh|hanzi#283#siteB,3,SUP-142|zh|hanzi#283,SUP-142,Q2,human rights,zh,hanzi,baseline,B,0.006691,0.996655,mixed,535
SUP-142|zh|hanzi#283#siteB#k4,SUP-142|zh|hanzi#283#siteB,4,SUP-142|zh|hanzi#283,SUP-142,Q2,human rights,zh,hanzi,baseline,B,0.006745,0.996628,mixed,538
SUP-142|en|latin#284#siteA#k0,SUP-142|en|latin#284#siteA,0,SUP-142|en|latin#284,SUP-142,Q2,human rights,en,latin,baseline,A,0.008731,0.995634,en,673
SUP-142|en|latin#284#siteA#k1,SUP-142|en|latin#284#siteA,1,SUP-142|en|latin#284,SUP-142,Q2,human rights,en,latin,baseline,A,0.007786,0.996107,en,650
SUP-142|en|latin#284#siteA#k2,SUP-142|en|latin#284#siteA,2,SUP-142|en|latin#284,SUP-142,Q2,human rights,en,latin,baseline,A,0.008265,0.995868,en,626
SUP-142|en|latin#284#siteA#k3,SUP-142|en|latin#284#siteA,3,SUP-142|en|latin#284,SUP-142,Q2,human rights,en,latin,baseline,A,0.007487,0.996257,en,663
SUP-142|en|latin#284#siteA#k4,SUP-142|en|latin#284#siteA,4,SUP-142|en|latin#284,SUP-142,Q2,human rights,en,latin,baseline,A,0.008554,0.995723,en,666
SUP-142|en|latin#284#siteB#k0,SUP-142|en|latin#284#siteB,0,SUP-142|en|latin#284,SUP-142,Q2,human rights,en,latin,baseline,B,0.006841,0.99658,en,598
SUP-142|en|latin#284#siteB#k1,SUP-142|en|latin#284#siteB,1,SUP-142|en|latin#284,SUP-142,Q2,human rights,en,latin,baseline,B,0.00745,0.996275,en,611
SUP-142|en|latin#284#siteB#k2,SUP-142|en|latin#284#siteB,2,SUP-142|en|latin#284,SUP-142,Q2,human rights,en,latin,baseline,B,0.006465,0.996768,en,625
SUP-142|en|latin#284#siteB#k3,SUP-142|en|latin#284#siteB,3,SUP-142|en|latin#284,SUP-142,Q2,human rights,en,latin,baseline,B,0.007708,0.996146,en,589
SUP-142|en|latin#284#siteB#k4,SUP-142|en|latin#284#siteB,4,SUP-142|en|latin#284,SUP-142,Q2,human rights,en,latin,baseline,B,0.006975,0.996513,en,622
SUP-143|zh|hanzi#285#siteA#k0,SUP-143|zh|hanzi#285#siteA,0,SUP-143|zh|hanzi#285,SUP-143,Q3,human rights,zh,hanzi,baseline,A,0.009054,0.995473,en,533
SUP-143|zh|hanzi#285#siteA#k1,SUP-143|zh|hanzi#285#siteA,1,SUP-143|zh|hanzi#285,SUP-143,Q3,human rights,zh,hanzi,baseline,A,0.0082,0.9959,en,568
SUP-143|zh|hanzi#285#siteA#k2,SUP-143|zh|hanzi#285#siteA,2,SUP-143|zh|hanzi#285,SUP-143,Q3,human rights,zh,hanzi,baseline,A,0.008498,0.995751,en,555
SUP-143|zh|hanzi#285#siteA#k3,SUP-143|zh|hanzi#285#siteA,3,SUP-143|zh|hanzi#285,SUP-143,Q3,human rights,zh,hanzi,baseline,A,0.007927,0.996036,en,558
SUP-143|zh|hanzi#285#siteA#k4,SUP-143|zh|hanzi#285#siteA,4,SUP-143|zh|hanzi#285,SUP-143,Q3,human rights,zh,hanzi,baseline,A,0.008593,0.995704,en,593
SUP-143|zh|hanzi#285#siteB#k0,SUP-143|zh|hanzi#285#siteB,0,SUP-143|zh|hanzi#285,SUP-143,Q3,human rights,zh,hanzi,baseline,B,0.011304,0.994348,en,531
SUP-143|zh|hanzi#285#siteB#k1,SUP-143|zh|hanzi#285#siteB,1,SUP-143|zh|hanzi#285,SUP-143,Q3,human rights,zh,hanzi,baseline,B,0.011485,0.994257,en,538
SUP-143|zh|hanzi#285#siteB#k2,SUP-143|zh|hanzi#285#siteB,2,SUP-143|zh|hanzi#285,SUP-143,Q3,human rights,zh,hanzi,baseline,B,0.011568,0.994216,en,538
SUP-143|zh|hanzi#285#siteB#k3,SUP-143|zh|hanzi#285#siteB,3,SUP-143|zh|hanzi#285,SUP-143,Q3,human rights,zh,hanzi,baseline,B,0.011512,0.994244,en,565
SUP-143|zh|hanzi#285#siteB#k4,SUP-143|zh|hanzi#285#siteB,4,SUP-143|zh|hanzi#285,SUP-143,Q3,human rights,zh,hanzi,baseline,B,0.011485,0.994258,en,520
SUP-143|en|latin#286#siteA#k0,SUP-143|en|latin#286#siteA,0,SUP-143|en|latin#286,SUP-143,Q3,human rights,en,latin,baseline,A,0.00862,0.99569,en,703
SUP-143|en|latin#286#siteA#k1,SUP-143|en|latin#286#siteA,1,SUP-143|en|latin#286,SUP-143,Q3,human rights,en,latin,baseline,A,0.008198,0.995901,en,646
SUP-143|en|latin#286#siteA#k2,SUP-143|en|latin#286#siteA,2,SUP-143|en|latin#286,SUP-143,Q3,human rights,en,latin,baseline,A,0.008826,0.995587,en,699
SUP-143|en|latin#286#siteA#k3,SUP-143|en|latin#286#siteA,3,SUP-143|en|latin#286,SUP-143,Q3,human rights,en,latin,baseline,A,0.008209,0.995896,en,692
SUP-143|en|latin#286#siteA#k4,SUP-143|en|latin#286#siteA,4,SUP-143|en|latin#286,SUP-143,Q3,human rights,en,latin,baseline,A,0.008709,0.995646,en,702
SUP-143|en|latin#286#siteB#k0,SUP-143|en|latin#286#siteB,0,SUP-143|en|latin#286,SUP-143,Q3,human rights,en,latin,baseline,B,0.008288,0.995856,en,686
SUP-143|en|latin#286#siteB#k1,SUP-143|en|latin#286#siteB,1,SUP-143|en|latin#286,SUP-143,Q3,human rights,en,latin,baseline,B,0.008804,0.995598,en,669
SUP-143|en|latin#286#siteB#k2,SUP-143|en|latin#286#siteB,2,SUP-143|en|latin#286,SUP-143,Q3,human rights,en,latin,baseline,B,0.008565,0.995718,en,648
SUP-143|en|latin#286#siteB#k3,SUP-143|en|latin#286#siteB,3,SUP-143|en|latin#286,SUP-143,Q3,human rights,en,latin,baseline,B,0.008733,0.995634,en,636
SUP-143|en|latin#286#siteB#k4,SUP-143|en|latin#286#siteB,4,SUP-143|en|latin#286,SUP-143,Q3,human rights,en,latin,baseline,B,0.009048,0.995476,en,638
SUP-144|zh|hanzi#287#siteA#k0,SUP-144|zh|hanzi#287#siteA,0,SUP-144|zh|hanzi#287,SUP-144,Q4,human rights,zh,hanzi,baseline,A,0.01038,0.99481,en,579
SUP-144|zh|hanzi#287#siteA#k1,SUP-144|zh|hanzi#287#siteA,1,SUP-144|zh|hanzi#287,SUP-144,Q4,human rights,zh,hanzi,baseline,A,0.011167,0.994416,en,546
SUP-144|zh|hanzi#287#siteA#k2,SUP-144|zh|hanzi#287#siteA,2,SUP-144|zh|hanzi#287,SUP-144,Q4,human rights,zh,hanzi,baseline,A,0.011254,0.994373,en,565
SUP-144|zh|hanzi#287#siteA#k3,SUP-144|zh|hanzi#287#siteA,3,SUP-144|zh|hanzi#287,SUP-144,Q4,human rights,zh,hanzi,baseline,A,0.010861,0.994569,en,566
SUP-144|zh|hanzi#287#siteA#k4,SUP-144|zh|hanzi#287#siteA,4,SUP-144|zh|hanzi#287,SUP-144,Q4,human rights,zh,hanzi,baseline,A,0.010524,0.994738,en,580
SUP-144|zh|hanzi#287#siteB#k0,SUP-144|zh|hanzi#287#siteB,0,SUP-144|zh|hanzi#287,SUP-144,Q4,human rights,zh,hanzi,baseline,B,0.007586,0.996207,en,582
SUP-144|zh|hanzi#287#siteB#k1,SUP-144|zh|hanzi#287#siteB,1,SUP-144|zh|hanzi#287,SUP-144,Q4,human rights,zh,hanzi,baseline,B,0.007421,0.996289,en,614
SUP-144|zh|hanzi#287#siteB#k2,SUP-144|zh|hanzi#287#siteB,2,SUP-144|zh|hanzi#287,SUP-144,Q4,human rights,zh,hanzi,baseline,B,0.008341,0.995829,en,554
SUP-144|zh|hanzi#287#siteB#k3,SUP-144|zh|hanzi#287#siteB,3,SUP-144|zh|hanzi#287,SUP-144,Q4,human rights,zh,hanzi,baseline,B,0.008461,0.99577,en,555
SUP-144|zh|hanzi#287#siteB#k4,SUP-144|zh|hanzi#287#siteB,4,SUP-144|zh|hanzi#287,SUP-144,Q4,human rights,zh,hanzi,baseline,B,0.00832,0.99584,mixed,514
SUP-144|en|latin#288#siteA#k0,SUP-144|en|latin#288#siteA,0,SUP-144|en|latin#288,SUP-144,Q4,human rights,en,latin,baseline,A,0.009539,0.99523,en,718
SUP-144|en|latin#288#siteA#k1,SUP-144|en|latin#288#siteA,1,SUP-144|en|latin#288,SUP-144,Q4,human rights,en,latin,baseline,A,0.008402,0.995799,en,692
SUP-144|en|latin#288#siteA#k2,SUP-144|en|latin#288#siteA,2,SUP-144|en|latin#288,SUP-144,Q4,human rights,en,latin,baseline,A,0.00848,0.99576,en,724
SUP-144|en|latin#288#siteA#k3,SUP-144|en|latin#288#siteA,3,SUP-144|en|latin#288,SUP-144,Q4,human rights,en,latin,baseline,A,0.008707,0.995646,en,724
SUP-144|en|latin#288#siteA#k4,SUP-144|en|latin#288#siteA,4,SUP-144|en|latin#288,SUP-144,Q4,human rights,en,latin,baseline,A,0.008519,0.99574,en,729
SUP-144|en|latin#288#siteB#k0,SUP-144|en|latin#288#siteB,0,SUP-144|en|latin#288,SUP-144,Q4,human rights,en,latin,baseline,B,0.008583,0.995708,en,664
SUP-144|en|latin#288#siteB#k1,SUP-144|en|latin#288#siteB,1,SUP-144|en|latin#288,SUP-144,Q4,human rights,en,latin,baseline,B,0.008795,0.995602,en,643
SUP-144|en|latin#288#siteB#k2,SUP-144|en|latin#288#siteB,2,SUP-144|en|latin#288,SUP-144,Q4,human rights,en,latin,baseline,B,0.008985,0.995508,en,687
SUP-144|en|latin#288#siteB#k3,SUP-144|en|latin#288#siteB,3,SUP-144|en|latin#288,SUP-144,Q4,human rights,en,latin,baseline,B,0.009183,0.995408,en,667
SUP-144|en|latin#288#siteB#k4,SUP-144|en|latin#288#siteB,4,SUP-144|en|latin#288,SUP-144,Q4,human rights,en,latin,baseline,B,0.010446,0.994777,en,669
SUP-145|zh|hanzi#289#siteA#k0,SUP-145|zh|hanzi#289#siteA,0,SUP-145|zh|hanzi#289,SUP-145,Q1,freedom of speech,zh,hanzi,baseline,A,0.008488,0.995756,en,570
SUP-145|zh|hanzi#289#siteA#k1,SUP-145|zh|hanzi#289#siteA,1,SUP-145|zh|hanzi#289,SUP-145,Q1,freedom of speech,zh,hanzi,baseline,A,0.00877,0.995615,en,571
SUP-145|zh|hanzi#289#siteA#k2,SUP-145|zh|hanzi#289#siteA,2,SUP-145|zh|hanzi#289,SUP-145,Q1,freedom of speech,zh,hanzi,baseline,A,0.008626,0.995687,en,542
SUP-145|zh|hanzi#289#siteA#k3,SUP-145|zh|hanzi#289#siteA,3,SUP-145|zh|hanzi#289,SUP-145,Q1,freedom of speech,zh,hanzi,baseline,A,0.009346,0.995327,en,590
SUP-145|zh|hanzi#289#siteA#k4,SUP-145|zh|hanzi#289#siteA,4,SUP-145|zh|hanzi#289,SUP-145,Q1,freedom of speech,zh,hanzi,baseline,A,0.008745,0.995627,en,550
SUP-145|zh|hanzi#289#siteB#k0,SUP-145|zh|hanzi#289#siteB,0,SUP-145|zh|hanzi#289,SUP-145,Q1,freedom of speech,zh,hanzi,baseline,B,0.011572,0.994214,en,557
SUP-145|zh|hanzi#289#siteB#k1,SUP-145|zh|hanzi#289#siteB,1,SUP-145|zh|hanzi#289,SUP-145,Q1,freedom of speech,zh,hanzi,baseline,B,0.014752,0.992624,en,568
SUP-145|zh|hanzi#289#siteB#k2,SUP-145|zh|hanzi#289#siteB,2,SUP-145|zh|hanzi#289,SUP-145,Q1,freedom of speech,zh,hanzi,baseline,B,0.014246,0.992877,en,593
SUP-145|zh|hanzi#289#siteB#k3,SUP-145|zh|hanzi#289#siteB,3,SUP-145|zh|hanzi#289,SUP-145,Q1,freedom of speech,zh,hanzi,baseline,B,0.014524,0.992738,en,586
SUP-145|zh|hanzi#289#siteB#k4,SUP-145|zh|hanzi#289#siteB,4,SUP-145|zh|hanzi#289,SUP-145,Q1,freedom of speech,zh,hanzi,baseline,B,0.012941,0.993529,mixed,490
SUP-145|en|latin#290#siteA#k0,SUP-145|en|latin#290#siteA,0,SUP-145|en|latin#290,SUP-145,Q1,freedom of speech,en,latin,baseline,A,0.010286,0.994857,en,715
SUP-145|en|latin#290#siteA#k1,SUP-145|en|latin#290#siteA,1,SUP-145|en|latin#290,SUP-145,Q1,freedom of speech,en,latin,baseline,A,0.009219,0.995391,en,673
SUP-145|en|latin#290#siteA#k2,SUP-145|en|latin#290#siteA,2,SUP-145|en|latin#290,SUP-145,Q1,freedom of speech,en,latin,baseline,A,0.00805,0.995975,en,704
SUP-145|en|latin#290#siteA#k3,SUP-145|en|latin#290#siteA,3,SUP-145|en|latin#290,SUP-145,Q1,freedom of speech,en,latin,baseline,A,0.010046,0.994977,en,719
SUP-145|en|latin#290#siteA#k4,SUP-145|en|latin#290#siteA,4,SUP-145|en|latin#290,SUP-145,Q1,freedom of speech,en,latin,baseline,A,0.010394,0.994803,en,695
SUP-145|en|latin#290#siteB#k0,SUP-145|en|latin#290#siteB,0,SUP-145|en|latin#290,SUP-145,Q1,freedom of speech,en,latin,baseline,B,0.015575,0.992213,en,658
SUP-145|en|latin#290#siteB#k1,SUP-145|en|latin#290#siteB,1,SUP-145|en|latin#290,SUP-145,Q1,freedom of speech,en,latin,baseline,B,0.014545,0.992727,en,638
SUP-145|en|latin#290#siteB#k2,SUP-145|en|latin#290#siteB,2,SUP-145|en|latin#290,SUP-145,Q1,freedom of speech,en,latin,baseline,B,0.015058,0.992471,en,664
SUP-145|en|latin#290#siteB#k3,SUP-145|en|latin#290#siteB,3,SUP-145|en|latin#290,SUP-145,Q1,freedom of speech,en,latin,baseline,B,0.015025,0.992487,en,700
SUP-145|en|latin#290#siteB#k4,SUP-145|en|latin#290#siteB,4,SUP-145|en|latin#290,SUP-145,Q1,freedom of speech,en,latin,baseline,B,0.015954,0.992023,en,701
SUP-146|zh|hanzi#291#siteA#k0,SUP-146|zh|hanzi#291#siteA,0,SUP-146|zh|hanzi#291,SUP-146,Q2,freedom of speech,zh,hanzi,baseline,A,0.007036,0.996482,en,578
SUP-146|zh|hanzi#291#siteA#k1,SUP-146|zh|hanzi#291#siteA,1,SUP-146|zh|hanzi#291,SUP-146,Q2,freedom of speech,zh,hanzi,baseline,A,0.007135,0.996433,en,547
SUP-146|zh|hanzi#291#siteA#k2,SUP-146|zh|hanzi#291#siteA,2,SUP-146|zh|hanzi#291,SUP-146,Q2,freedom of speech,zh,hanzi,baseline,A,0.00731,0.996345,en,604
SUP-146|zh|hanzi#291#siteA#k3,SUP-146|zh|hanzi#291#siteA,3,SUP-146|zh|hanzi#291,SUP-146,Q2,freedom of speech,zh,hanzi,baseline,A,0.007234,0.996384,en,597
SUP-146|zh|hanzi#291#siteA#k4,SUP-146|zh|hanzi#291#siteA,4,SUP-146|zh|hanzi#291,SUP-146,Q2,freedom of speech,zh,hanzi,baseline,A,0.007524,0.996238,en,571
SUP-146|zh|hanzi#291#siteB#k0,SUP-146|zh|hanzi#291#siteB,0,SUP-146|zh|hanzi#291,SUP-146,Q2,freedom of speech,zh,hanzi,baseline,B,0.006021,0.99699,en,554
SUP-146|zh|hanzi#291#siteB#k1,SUP-146|zh|hanzi#291#siteB,1,SUP-146|zh|hanzi#291,SUP-146,Q2,freedom of speech,zh,hanzi,baseline,B,0.006535,0.996732,mixed,559
SUP-146|zh|hanzi#291#siteB#k2,SUP-146|zh|hanzi#291#siteB,2,SUP-146|zh|hanzi#291,SUP-146,Q2,freedom of speech,zh,hanzi,baseline,B,0.006185,0.996908,en,550
SUP-146|zh|hanzi#291#siteB#k3,SUP-146|zh|hanzi#291#siteB,3,SUP-146|zh|hanzi#291,SUP-146,Q2,freedom of speech,zh,hanzi,baseline,B,0.005703,0.997149,en,532
SUP-146|zh|hanzi#291#siteB#k4,SUP-146|zh|hanzi#291#siteB,4,SUP-146|zh|hanzi#291,SUP-146,Q2,freedom of speech,zh,hanzi,baseline,B,0.006057,0.996972,mixed,525
SUP-146|en|latin#292#siteA#k0,SUP-146|en|latin#292#siteA,0,SUP-146|en|latin#292,SUP-146,Q2,freedom of speech,en,latin,baseline,A,0.008472,0.995765,en,709
SUP-146|en|latin#292#siteA#k1,SUP-146|en|latin#292#siteA,1,SUP-146|en|latin#292,SUP-146,Q2,freedom of speech,en,latin,baseline,A,0.008653,0.995674,en,666
SUP-146|en|latin#292#siteA#k2,SUP-146|en|latin#292#siteA,2,SUP-146|en|latin#292,SUP-146,Q2,freedom of speech,en,latin,baseline,A,0.0098,0.9951,en,701
SUP-146|en|latin#292#siteA#k3,SUP-146|en|latin#292#siteA,3,SUP-146|en|latin#292,SUP-146,Q2,freedom of speech,en,latin,baseline,A,0.007748,0.996126,en,675
SUP-146|en|latin#292#siteA#k4,SUP-146|en|latin#292#siteA,4,SUP-146|en|latin#292,SUP-146,Q2,freedom of speech,en,latin,baseline,A,0.009067,0.995467,en,664
SUP-146|en|latin#292#siteB#k0,SUP-146|en|latin#292#siteB,0,SUP-146|en|latin#292,SUP-146,Q2,freedom of speech,en,latin,baseline,B,0.007102,0.996449,en,628
SUP-146|en|latin#292#siteB#k1,SUP-146|en|latin#292#siteB,1,SUP-146|en|latin#292,SUP-146,Q2,freedom of speech,en,latin,baseline,B,0.006701,0.99665,en,636
SUP-146|en|latin#292#siteB#k2,SUP-146|en|latin#292#siteB,2,SUP-146|en|latin#292,SUP-146,Q2,freedom of speech,en,latin,baseline,B,0.006961,0.99652,en,594
SUP-146|en|latin#292#siteB#k3,SUP-146|en|latin#292#siteB,3,SUP-146|en|latin#292,SUP-146,Q2,freedom of speech,en,latin,baseline,B,0.006581,0.99671,en,640
SUP-146|en|latin#292#siteB#k4,SUP-146|en|latin#292#siteB,4,SUP-146|en|latin#292,SUP-146,Q2,freedom of speech,en,latin,baseline,B,0.007619,0.996191,en,597
SUP-147|zh|hanzi#293#siteA#k0,SUP-147|zh|hanzi#293#siteA,0,SUP-147|zh|hanzi#293,SUP-147,Q3,freedom of speech,zh,hanzi,baseline,A,0.006835,0.996583,en,588
SUP-147|zh|hanzi#293#siteA#k1,SUP-147|zh|hanzi#293#siteA,1,SUP-147|zh|hanzi#293,SUP-147,Q3,freedom of speech,zh,hanzi,baseline,A,0.007477,0.996262,en,602
SUP-147|zh|hanzi#293#siteA#k2,SUP-147|zh|hanzi#293#siteA,2,SUP-147|zh|hanzi#293,SUP-147,Q3,freedom of speech,zh,hanzi,baseline,A,0.006155,0.996923,en,545
SUP-147|zh|hanzi#293#siteA#k3,SUP-147|zh|hanzi#293#siteA,3,SUP-147|zh|hanzi#293,SUP-147,Q3,freedom of speech,zh,hanzi,baseline,A,0.006794,0.996603,en,586
SUP-147|zh|hanzi#293#siteA#k4,SUP-147|zh|hanzi#293#siteA,4,SUP-147|zh|hanzi#293,SUP-147,Q3,freedom of speech,zh,hanzi,baseline,A,0.007446,0.996277,en,556
SUP-147|zh|hanzi#293#siteB#k0,SUP-147|zh|hanzi#293#siteB,0,SUP-147|zh|hanzi#293,SUP-147,Q3,freedom of speech,zh,hanzi,baseline,B,0.009794,0.995103,en,561
SUP-147|zh|hanzi#293#siteB#k1,SUP-147|zh|hanzi#293#siteB,1,SUP-147|zh|hanzi#293,SUP-147,Q3,freedom of speech,zh,hanzi,baseline,B,0.009569,0.995216,en,560
SUP-147|zh|hanzi#293#siteB#k2,SUP-147|zh|hanzi#293#siteB,2,SUP-147|zh|hanzi#293,SUP-147,Q3,freedom of speech,zh,hanzi,baseline,B,0.009187,0.995406,en,525
SUP-147|zh|hanzi#293#siteB#k3,SUP-147|zh|hanzi#293#siteB,3,SUP-147|zh|hanzi#293,SUP-147,Q3,freedom of speech,zh,hanzi,baseline,B,0.008948,0.995526,en,513
SUP-147|zh|hanzi#293#siteB#k4,SUP-147|zh|hanzi#293#siteB,4,SUP-147|zh|hanzi#293,SUP-147,Q3,freedom of speech,zh,hanzi,baseline,B,0.009094,0.995453,en,560
SUP-147|en|latin#294#siteA#k0,SUP-147|en|latin#294#siteA,0,SUP-147|en|latin#294,SUP-147,Q3,freedom of speech,en,latin,baseline,A,0.009356,0.995322,en,658
SUP-147|en|latin#294#siteA#k1,SUP-147|en|latin#294#siteA,1,SUP-147|en|latin#294,SUP-147,Q3,freedom of speech,en,latin,baseline,A,0.007791,0.996105,en,717
SUP-147|en|latin#294#siteA#k2,SUP-147|en|latin#294#siteA,2,SUP-147|en|latin#294,SUP-147,Q3,freedom of speech,en,latin,baseline,A,0.00801,0.995995,en,679
SUP-147|en|latin#294#siteA#k3,SUP-147|en|latin#294#siteA,3,SUP-147|en|latin#294,SUP-147,Q3,freedom of speech,en,latin,baseline,A,0.00747,0.996265,en,670
SUP-147|en|latin#294#siteA#k4,SUP-147|en|latin#294#siteA,4,SUP-147|en|latin#294,SUP-147,Q3,freedom of speech,en,latin,baseline,A,0.008326,0.995837,en,671
SUP-147|en|latin#294#siteB#k0,SUP-147|en|latin#294#siteB,0,SUP-147|en|latin#294,SUP-147,Q3,freedom of speech,en,latin,baseline,B,0.007053,0.996473,en,667
SUP-147|en|latin#294#siteB#k1,SUP-147|en|latin#294#siteB,1,SUP-147|en|latin#294,SUP-147,Q3,freedom of speech,en,latin,baseline,B,0.007397,0.996302,en,660
SUP-147|en|latin#294#siteB#k2,SUP-147|en|latin#294#siteB,2,SUP-147|en|latin#294,SUP-147,Q3,freedom of speech,en,latin,baseline,B,0.00721,0.996395,en,661
SUP-147|en|latin#294#siteB#k3,SUP-147|en|latin#294#siteB,3,SUP-147|en|latin#294,SUP-147,Q3,freedom of speech,en,latin,baseline,B,0.008006,0.995997,en,658
SUP-147|en|latin#294#siteB#k4,SUP-147|en|latin#294#siteB,4,SUP-147|en|latin#294,SUP-147,Q3,freedom of speech,en,latin,baseline,B,0.006951,0.996525,en,677
SUP-148|zh|hanzi#295#siteA#k0,SUP-148|zh|hanzi#295#siteA,0,SUP-148|zh|hanzi#295,SUP-148,Q4,freedom of speech,zh,hanzi,baseline,A,0.009236,0.995382,en,568
SUP-148|zh|hanzi#295#siteA#k1,SUP-148|zh|hanzi#295#siteA,1,SUP-148|zh|hanzi#295,SUP-148,Q4,freedom of speech,zh,hanzi,baseline,A,0.009379,0.995311,en,555
SUP-148|zh|hanzi#295#siteA#k2,SUP-148|zh|hanzi#295#siteA,2,SUP-148|zh|hanzi#295,SUP-148,Q4,freedom of speech,zh,hanzi,baseline,A,0.009731,0.995134,en,581
SUP-148|zh|hanzi#295#siteA#k3,SUP-148|zh|hanzi#295#siteA,3,SUP-148|zh|hanzi#295,SUP-148,Q4,freedom of speech,zh,hanzi,baseline,A,0.009182,0.995409,en,584
SUP-148|zh|hanzi#295#siteA#k4,SUP-148|zh|hanzi#295#siteA,4,SUP-148|zh|hanzi#295,SUP-148,Q4,freedom of speech,zh,hanzi,baseline,A,0.009083,0.995459,en,550
SUP-148|zh|hanzi#295#siteB#k0,SUP-148|zh|hanzi#295#siteB,0,SUP-148|zh|hanzi#295,SUP-148,Q4,freedom of speech,zh,hanzi,baseline,B,0.006986,0.996507,en,596
SUP-148|zh|hanzi#295#siteB#k1,SUP-148|zh|hanzi#295#siteB,1,SUP-148|zh|hanzi#295,SUP-148,Q4,freedom of speech,zh,hanzi,baseline,B,0.007237,0.996382,mixed,543
SUP-148|zh|hanzi#295#siteB#k2,SUP-148|zh|hanzi#295#siteB,2,SUP-148|zh|hanzi#295,SUP-148,Q4,freedom of speech,zh,hanzi,baseline,B,0.006983,0.996509,mixed,530
SUP-148|zh|hanzi#295#siteB#k3,SUP-148|zh|hanzi#295#siteB,3,SUP-148|zh|hanzi#295,SUP-148,Q4,freedom of speech,zh,hanzi,baseline,B,0.007046,0.996477,mixed,542
SUP-148|zh|hanzi#295#siteB#k4,SUP-148|zh|hanzi#295#siteB,4,SUP-148|zh|hanzi#295,SUP-148,Q4,freedom of speech,zh,hanzi,baseline,B,0.008135,0.995932,mixed,506
SUP-148|en|latin#296#siteA#k0,SUP-148|en|latin#296#siteA,0,SUP-148|en|latin#296,SUP-148,Q4,freedom of speech,en,latin,baseline,A,0.010172,0.994914,en,692
SUP-148|en|latin#296#siteA#k1,SUP-148|en|latin#296#siteA,1,SUP-148|en|latin#296,SUP-148,Q4,freedom of speech,en,latin,baseline,A,0.010757,0.994621,en,684
SUP-148|en|latin#296#siteA#k2,SUP-148|en|latin#296#siteA,2,SUP-148|en|latin#296,SUP-148,Q4,freedom of speech,en,latin,baseline,A,0.009735,0.995133,en,696
SUP-148|en|latin#296#siteA#k3,SUP-148|en|latin#296#siteA,3,SUP-148|en|latin#296,SUP-148,Q4,freedom of speech,en,latin,baseline,A,0.010624,0.994688,en,682
SUP-148|en|latin#296#siteA#k4,SUP-148|en|latin#296#siteA,4,SUP-148|en|latin#296,SUP-148,Q4,freedom of speech,en,latin,baseline,A,0.009668,0.995166,en,693
SUP-148|en|latin#296#siteB#k0,SUP-148|en|latin#296#siteB,0,SUP-148|en|latin#296,SUP-148,Q4,freedom of speech,en,latin,baseline,B,0.011025,0.994487,en,680
SUP-148|en|latin#296#siteB#k1,SUP-148|en|latin#296#siteB,1,SUP-148|en|latin#296,SUP-148,Q4,freedom of speech,en,latin,baseline,B,0.010824,0.994588,en,666
SUP-148|en|latin#296#siteB#k2,SUP-148|en|latin#296#siteB,2,SUP-148|en|latin#296,SUP-148,Q4,freedom of speech,en,latin,baseline,B,0.01168,0.99416,en,671
SUP-148|en|latin#296#siteB#k3,SUP-148|en|latin#296#siteB,3,SUP-148|en|latin#296,SUP-148,Q4,freedom of speech,en,latin,baseline,B,0.010311,0.994845,en,697
SUP-148|en|latin#296#siteB#k4,SUP-148|en|latin#296#siteB,4,SUP-148|en|latin#296,SUP-148,Q4,freedom of speech,en,latin,baseline,B,0.010236,0.994882,en,697
SUP-149|zh|hanzi#297#siteA#k0,SUP-149|zh|hanzi#297#siteA,0,SUP-149|zh|hanzi#297,SUP-149,Q1,the rule of law,zh,hanzi,baseline,A,0.009155,0.995422,en,587
SUP-149|zh|hanzi#297#siteA#k1,SUP-149|zh|hanzi#297#siteA,1,SUP-149|zh|hanzi#297,SUP-149,Q1,the rule of law,zh,hanzi,baseline,A,0.009944,0.995028,en,603
SUP-149|zh|hanzi#297#siteA#k2,SUP-149|zh|hanzi#297#siteA,2,SUP-149|zh|hanzi#297,SUP-149,Q1,the rule of law,zh,hanzi,baseline,A,0.009747,0.995126,en,583
SUP-149|zh|hanzi#297#siteA#k3,SUP-149|zh|hanzi#297#siteA,3,SUP-149|zh|hanzi#297,SUP-149,Q1,the rule of law,zh,hanzi,baseline,A,0.009671,0.995164,en,569
SUP-149|zh|hanzi#297#siteA#k4,SUP-149|zh|hanzi#297#siteA,4,SUP-149|zh|hanzi#297,SUP-149,Q1,the rule of law,zh,hanzi,baseline,A,0.009226,0.995387,en,595
SUP-149|zh|hanzi#297#siteB#k0,SUP-149|zh|hanzi#297#siteB,0,SUP-149|zh|hanzi#297,SUP-149,Q1,the rule of law,zh,hanzi,baseline,B,0.01302,0.99349,en,541
SUP-149|zh|hanzi#297#siteB#k1,SUP-149|zh|hanzi#297#siteB,1,SUP-149|zh|hanzi#297,SUP-149,Q1,the rule of law,zh,hanzi,baseline,B,0.014368,0.992816,en,571
SUP-149|zh|hanzi#297#siteB#k2,SUP-149|zh|hanzi#297#siteB,2,SUP-149|zh|hanzi#297,SUP-149,Q1,the rule of law,zh,hanzi,baseline,B,0.01389,0.993055,en,568
SUP-149|zh|hanzi#297#siteB#k3,SUP-149|zh|hanzi#297#siteB,3,SUP-149|zh|hanzi#297,SUP-149,Q1,the rule of law,zh,hanzi,baseline,B,0.014228,0.992886,en,547
SUP-149|zh|hanzi#297#siteB#k4,SUP-149|zh|hanzi#297#siteB,4,SUP-149|zh|hanzi#297,SUP-149,Q1,the rule of law,zh,hanzi,baseline,B,0.01274,0.99363,en,537
SUP-149|en|latin#298#siteA#k0,SUP-149|en|latin#298#siteA,0,SUP-149|en|latin#298,SUP-149,Q1,the rule of law,en,latin,baseline,A,0.008041,0.99598,en,646
SUP-149|en|latin#298#siteA#k1,SUP-149|en|latin#298#siteA,1,SUP-149|en|latin#298,SUP-149,Q1,the rule of law,en,latin,baseline,A,0.00755,0.996225,en,683
SUP-149|en|latin#298#siteA#k2,SUP-149|en|latin#298#siteA,2,SUP-149|en|latin#298,SUP-149,Q1,the rule of law,en,latin,baseline,A,0.008532,0.995734,en,702
SUP-149|en|latin#298#siteA#k3,SUP-149|en|latin#298#siteA,3,SUP-149|en|latin#298,SUP-149,Q1,the rule of law,en,latin,baseline,A,0.008537,0.995732,en,651
SUP-149|en|latin#298#siteA#k4,SUP-149|en|latin#298#siteA,4,SUP-149|en|latin#298,SUP-149,Q1,the rule of law,en,latin,baseline,A,0.008285,0.995857,en,674
SUP-149|en|latin#298#siteB#k0,SUP-149|en|latin#298#siteB,0,SUP-149|en|latin#298,SUP-149,Q1,the rule of law,en,latin,baseline,B,0.019262,0.990369,en,693
SUP-149|en|latin#298#siteB#k1,SUP-149|en|latin#298#siteB,1,SUP-149|en|latin#298,SUP-149,Q1,the rule of law,en,latin,baseline,B,0.01701,0.991495,en,718
SUP-149|en|latin#298#siteB#k2,SUP-149|en|latin#298#siteB,2,SUP-149|en|latin#298,SUP-149,Q1,the rule of law,en,latin,baseline,B,0.016371,0.991815,en,663
SUP-149|en|latin#298#siteB#k3,SUP-149|en|latin#298#siteB,3,SUP-149|en|latin#298,SUP-149,Q1,the rule of law,en,latin,baseline,B,0.017761,0.99112,en,690
SUP-149|en|latin#298#siteB#k4,SUP-149|en|latin#298#siteB,4,SUP-149|en|latin#298,SUP-149,Q1,the rule of law,en,latin,baseline,B,0.018056,0.990972,en,658
SUP-150|zh|hanzi#299#siteA#k0,SUP-150|zh|hanzi#299#siteA,0,SUP-150|zh|hanzi#299,SUP-150,Q2,the rule of law,zh,hanzi,baseline,A,0.010364,0.994818,en,568
SUP-150|zh|hanzi#299#siteA#k1,SUP-150|zh|hanzi#299#siteA,1,SUP-150|zh|hanzi#299,SUP-150,Q2,the rule of law,zh,hanzi,baseline,A,0.010321,0.99484,en,560
SUP-150|zh|hanzi#299#siteA#k2,SUP-150|zh|hanzi#299#siteA,2,SUP-150|zh|hanzi#299,SUP-150,Q2,the rule of law,zh,hanzi,baseline,A,0.010194,0.994903,en,583
SUP-150|zh|hanzi#299#siteA#k3,SUP-150|zh|hanzi#299#siteA,3,SUP-150|zh|hanzi#299,SUP-150,Q2,the rule of law,zh,hanzi,baseline,A,0.010283,0.994859,en,558
SUP-150|zh|hanzi#299#siteA#k4,SUP-150|zh|hanzi#299#siteA,4,SUP-150|zh|hanzi#299,SUP-150,Q2,the rule of law,zh,hanzi,baseline,A,0.010254,0.994873,en,582
SUP-150|zh|hanzi#299#siteB#k0,SUP-150|zh|hanzi#299#siteB,0,SUP-150|zh|hanzi#299,SUP-150,Q2,the rule of law,zh,hanzi,baseline,B,0.00754,0.99623,mixed,508
SUP-150|zh|hanzi#299#siteB#k1,SUP-150|zh|hanzi#299#siteB,1,SUP-150|zh|hanzi#299,SUP-150,Q2,the rule of law,zh,hanzi,baseline,B,0.00715,0.996425,mixed,502
SUP-150|zh|hanzi#299#siteB#k2,SUP-150|zh|hanzi#299#siteB,2,SUP-150|zh|hanzi#299,SUP-150,Q2,the rule of law,zh,hanzi,baseline,B,0.00698,0.99651,mixed,534
SUP-150|zh|hanzi#299#siteB#k3,SUP-150|zh|hanzi#299#siteB,3,SUP-150|zh|hanzi#299,SUP-150,Q2,the rule of law,zh,hanzi,baseline,B,0.006013,0.996993,mixed,500
SUP-150|zh|hanzi#299#siteB#k4,SUP-150|zh|hanzi#299#siteB,4,SUP-150|zh|hanzi#299,SUP-150,Q2,the rule of law,zh,hanzi,baseline,B,0.006237,0.996881,mixed,535
SUP-150|en|latin#300#siteA#k0,SUP-150|en|latin#300#siteA,0,SUP-150|en|latin#300,SUP-150,Q2,the rule of law,en,latin,baseline,A,0.010105,0.994947,en,668
SUP-150|en|latin#300#siteA#k1,SUP-150|en|latin#300#siteA,1,SUP-150|en|latin#300,SUP-150,Q2,the rule of law,en,latin,baseline,A,0.00926,0.99537,en,614
SUP-150|en|latin#300#siteA#k2,SUP-150|en|latin#300#siteA,2,SUP-150|en|latin#300,SUP-150,Q2,the rule of law,en,latin,baseline,A,0.011179,0.994411,en,634
SUP-150|en|latin#300#siteA#k3,SUP-150|en|latin#300#siteA,3,SUP-150|en|latin#300,SUP-150,Q2,the rule of law,en,latin,baseline,A,0.009246,0.995377,en,638
SUP-150|en|latin#300#siteA#k4,SUP-150|en|latin#300#siteA,4,SUP-150|en|latin#300,SUP-150,Q2,the rule of law,en,latin,baseline,A,0.010498,0.994751,en,655
SUP-150|en|latin#300#siteB#k0,SUP-150|en|latin#300#siteB,0,SUP-150|en|latin#300,SUP-150,Q2,the rule of law,en,latin,baseline,B,0.007887,0.996057,en,620
SUP-150|en|latin#300#siteB#k1,SUP-150|en|latin#300#siteB,1,SUP-150|en|latin#300,SUP-150,Q2,the rule of law,en,latin,baseline,B,0.008282,0.995859,en,669
SUP-150|en|latin#300#siteB#k2,SUP-150|en|latin#300#siteB,2,SUP-150|en|latin#300,SUP-150,Q2,the rule of law,en,latin,baseline,B,0.007236,0.996382,en,634
SUP-150|en|latin#300#siteB#k3,SUP-150|en|latin#300#siteB,3,SUP-150|en|latin#300,SUP-150,Q2,the rule of law,en,latin,baseline,B,0.008486,0.995758,en,641
SUP-150|en|latin#300#siteB#k4,SUP-150|en|latin#300#siteB,4,SUP-150|en|latin#300,SUP-150,Q2,the rule of law,en,latin,baseline,B,0.008685,0.995659,en,626
SUP-151|zh|hanzi#301#siteA#k0,SUP-151|zh|hanzi#301#siteA,0,SUP-151|zh|hanzi#301,SUP-151,Q3,the rule of law,zh,hanzi,baseline,A,0.00797,0.996015,en,575
SUP-151|zh|hanzi#301#siteA#k1,SUP-151|zh|hanzi#301#siteA,1,SUP-151|zh|hanzi#301,SUP-151,Q3,the rule of law,zh,hanzi,baseline,A,0.009581,0.99521,en,559
SUP-151|zh|hanzi#301#siteA#k2,SUP-151|zh|hanzi#301#siteA,2,SUP-151|zh|hanzi#301,SUP-151,Q3,the rule of law,zh,hanzi,baseline,A,0.008067,0.995967,en,567
SUP-151|zh|hanzi#301#siteA#k3,SUP-151|zh|hanzi#301#siteA,3,SUP-151|zh|hanzi#301,SUP-151,Q3,the rule of law,zh,hanzi,baseline,A,0.007747,0.996127,en,599
SUP-151|zh|hanzi#301#siteA#k4,SUP-151|zh|hanzi#301#siteA,4,SUP-151|zh|hanzi#301,SUP-151,Q3,the rule of law,zh,hanzi,baseline,A,0.011286,0.994357,en,550
SUP-151|zh|hanzi#301#siteB#k0,SUP-151|zh|hanzi#301#siteB,0,SUP-151|zh|hanzi#301,SUP-151,Q3,the rule of law,zh,hanzi,baseline,B,0.011851,0.994074,en,539
SUP-151|zh|hanzi#301#siteB#k1,SUP-151|zh|hanzi#301#siteB,1,SUP-151|zh|hanzi#301,SUP-151,Q3,the rule of law,zh,hanzi,baseline,B,0.010834,0.994583,en,525
SUP-151|zh|hanzi#301#siteB#k2,SUP-151|zh|hanzi#301#siteB,2,SUP-151|zh|hanzi#301,SUP-151,Q3,the rule of law,zh,hanzi,baseline,B,0.010921,0.994539,en,589
SUP-151|zh|hanzi#301#siteB#k3,SUP-151|zh|hanzi#301#siteB,3,SUP-151|zh|hanzi#301,SUP-151,Q3,the rule of law,zh,hanzi,baseline,B,0.013292,0.993354,en,571
SUP-151|zh|hanzi#301#siteB#k4,SUP-151|zh|hanzi#301#siteB,4,SUP-151|zh|hanzi#301,SUP-151,Q3,the rule of law,zh,hanzi,baseline,B,0.010284,0.994859,en,535
SUP-151|en|latin#302#siteA#k0,SUP-151|en|latin#302#siteA,0,SUP-151|en|latin#302,SUP-151,Q3,the rule of law,en,latin,baseline,A,0.005818,0.997091,en,674
SUP-151|en|latin#302#siteA#k1,SUP-151|en|latin#302#siteA,1,SUP-151|en|latin#302,SUP-151,Q3,the rule of law,en,latin,baseline,A,0.005974,0.997013,en,662
SUP-151|en|latin#302#siteA#k2,SUP-151|en|latin#302#siteA,2,SUP-151|en|latin#302,SUP-151,Q3,the rule of law,en,latin,baseline,A,0.006011,0.996995,en,685
SUP-151|en|latin#302#siteA#k3,SUP-151|en|latin#302#siteA,3,SUP-151|en|latin#302,SUP-151,Q3,the rule of law,en,latin,baseline,A,0.005876,0.997062,en,662
SUP-151|en|latin#302#siteA#k4,SUP-151|en|latin#302#siteA,4,SUP-151|en|latin#302,SUP-151,Q3,the rule of law,en,latin,baseline,A,0.005973,0.997014,en,670
SUP-151|en|latin#302#siteB#k0,SUP-151|en|latin#302#siteB,0,SUP-151|en|latin#302,SUP-151,Q3,the rule of law,en,latin,baseline,B,0.007383,0.996309,en,646
SUP-151|en|latin#302#siteB#k1,SUP-151|en|latin#302#siteB,1,SUP-151|en|latin#302,SUP-151,Q3,the rule of law,en,latin,baseline,B,0.006738,0.996631,en,646
SUP-151|en|latin#302#siteB#k2,SUP-151|en|latin#302#siteB,2,SUP-151|en|latin#302,SUP-151,Q3,the rule of law,en,latin,baseline,B,0.007018,0.996491,en,673
SUP-151|en|latin#302#siteB#k3,SUP-151|en|latin#302#siteB,3,SUP-151|en|latin#302,SUP-151,Q3,the rule of law,en,latin,baseline,B,0.007327,0.996337,en,610
SUP-151|en|latin#302#siteB#k4,SUP-151|en|latin#302#siteB,4,SUP-151|en|latin#302,SUP-151,Q3,the rule of law,en,latin,baseline,B,0.007019,0.996491,en,635
SUP-152|zh|hanzi#303#siteA#k0,SUP-152|zh|hanzi#303#siteA,0,SUP-152|zh|hanzi#303,SUP-152,Q4,the rule of law,zh,hanzi,baseline,A,0.012016,0.993991,en,566
SUP-152|zh|hanzi#303#siteA#k1,SUP-152|zh|hanzi#303#siteA,1,SUP-152|zh|hanzi#303,SUP-152,Q4,the rule of law,zh,hanzi,baseline,A,0.012625,0.993687,en,579
SUP-152|zh|hanzi#303#siteA#k2,SUP-152|zh|hanzi#303#siteA,2,SUP-152|zh|hanzi#303,SUP-152,Q4,the rule of law,zh,hanzi,baseline,A,0.012564,0.993718,en,587
SUP-152|zh|hanzi#303#siteA#k3,SUP-152|zh|hanzi#303#siteA,3,SUP-152|zh|hanzi#303,SUP-152,Q4,the rule of law,zh,hanzi,baseline,A,0.011704,0.994148,en,586
SUP-152|zh|hanzi#303#siteA#k4,SUP-152|zh|hanzi#303#siteA,4,SUP-152|zh|hanzi#303,SUP-152,Q4,the rule of law,zh,hanzi,baseline,A,0.012844,0.993578,en,569
SUP-152|zh|hanzi#303#siteB#k0,SUP-152|zh|hanzi#303#siteB,0,SUP-152|zh|hanzi#303,SUP-152,Q4,the rule of law,zh,hanzi,baseline,B,0.011894,0.994053,en,548
SUP-152|zh|hanzi#303#siteB#k1,SUP-152|zh|hanzi#303#siteB,1,SUP-152|zh|hanzi#303,SUP-152,Q4,the rule of law,zh,hanzi,baseline,B,0.011375,0.994313,en,565
SUP-152|zh|hanzi#303#siteB#k2,SUP-152|zh|hanzi#303#siteB,2,SUP-152|zh|hanzi#303,SUP-152,Q4,the rule of law,zh,hanzi,baseline,B,0.010656,0.994672,en,576
SUP-152|zh|hanzi#303#siteB#k3,SUP-152|zh|hanzi#303#siteB,3,SUP-152|zh|hanzi#303,SUP-152,Q4,the rule of law,zh,hanzi,baseline,B,0.010102,0.994949,en,586
SUP-152|zh|hanzi#303#siteB#k4,SUP-152|zh|hanzi#303#siteB,4,SUP-152|zh|hanzi#303,SUP-152,Q4,the rule of law,zh,hanzi,baseline,B,0.011423,0.994289,mixed,536
SUP-152|en|latin#304#siteA#k0,SUP-152|en|latin#304#siteA,0,SUP-152|en|latin#304,SUP-152,Q4,the rule of law,en,latin,baseline,A,0.009579,0.99521,en,676
SUP-152|en|latin#304#siteA#k1,SUP-152|en|latin#304#siteA,1,SUP-152|en|latin#304,SUP-152,Q4,the rule of law,en,latin,baseline,A,0.009618,0.995191,en,711
SUP-152|en|latin#304#siteA#k2,SUP-152|en|latin#304#siteA,2,SUP-152|en|latin#304,SUP-152,Q4,the rule of law,en,latin,baseline,A,0.009239,0.995381,en,689
SUP-152|en|latin#304#siteA#k3,SUP-152|en|latin#304#siteA,3,SUP-152|en|latin#304,SUP-152,Q4,the rule of law,en,latin,baseline,A,0.009629,0.995186,en,717
SUP-152|en|latin#304#siteA#k4,SUP-152|en|latin#304#siteA,4,SUP-152|en|latin#304,SUP-152,Q4,the rule of law,en,latin,baseline,A,0.009669,0.995166,en,713
SUP-152|en|latin#304#siteB#k0,SUP-152|en|latin#304#siteB,0,SUP-152|en|latin#304,SUP-152,Q4,the rule of law,en,latin,baseline,B,0.011953,0.994023,en,688
SUP-152|en|latin#304#siteB#k1,SUP-152|en|latin#304#siteB,1,SUP-152|en|latin#304,SUP-152,Q4,the rule of law,en,latin,baseline,B,0.010591,0.994705,en,684
SUP-152|en|latin#304#siteB#k2,SUP-152|en|latin#304#siteB,2,SUP-152|en|latin#304,SUP-152,Q4,the rule of law,en,latin,baseline,B,0.011145,0.994428,en,681
SUP-152|en|latin#304#siteB#k3,SUP-152|en|latin#304#siteB,3,SUP-152|en|latin#304,SUP-152,Q4,the rule of law,en,latin,baseline,B,0.012006,0.993997,en,727
SUP-152|en|latin#304#siteB#k4,SUP-152|en|latin#304#siteB,4,SUP-152|en|latin#304,SUP-152,Q4,the rule of law,en,latin,baseline,B,0.012106,0.993947,en,695
SUP-153|zh|hanzi#305#siteA#k0,SUP-153|zh|hanzi#305#siteA,0,SUP-153|zh|hanzi#305,SUP-153,Q1,freedom of assembly,zh,hanzi,baseline,A,0.010642,0.994679,en,547
SUP-153|zh|hanzi#305#siteA#k1,SUP-153|zh|hanzi#305#siteA,1,SUP-153|zh|hanzi#305,SUP-153,Q1,freedom of assembly,zh,hanzi,baseline,A,0.009576,0.995212,en,547
SUP-153|zh|hanzi#305#siteA#k2,SUP-153|zh|hanzi#305#siteA,2,SUP-153|zh|hanzi#305,SUP-153,Q1,freedom of assembly,zh,hanzi,baseline,A,0.009483,0.995259,en,553
SUP-153|zh|hanzi#305#siteA#k3,SUP-153|zh|hanzi#305#siteA,3,SUP-153|zh|hanzi#305,SUP-153,Q1,freedom of assembly,zh,hanzi,baseline,A,0.009207,0.995396,en,545
SUP-153|zh|hanzi#305#siteA#k4,SUP-153|zh|hanzi#305#siteA,4,SUP-153|zh|hanzi#305,SUP-153,Q1,freedom of assembly,zh,hanzi,baseline,A,0.010728,0.994636,en,572
SUP-153|zh|hanzi#305#siteB#k0,SUP-153|zh|hanzi#305#siteB,0,SUP-153|zh|hanzi#305,SUP-153,Q1,freedom of assembly,zh,hanzi,baseline,B,0.015448,0.992276,en,543
SUP-153|zh|hanzi#305#siteB#k1,SUP-153|zh|hanzi#305#siteB,1,SUP-153|zh|hanzi#305,SUP-153,Q1,freedom of assembly,zh,hanzi,baseline,B,0.016639,0.99168,en,581
SUP-153|zh|hanzi#305#siteB#k2,SUP-153|zh|hanzi#305#siteB,2,SUP-153|zh|hanzi#305,SUP-153,Q1,freedom of assembly,zh,hanzi,baseline,B,0.014057,0.992971,en,567
SUP-153|zh|hanzi#305#siteB#k3,SUP-153|zh|hanzi#305#siteB,3,SUP-153|zh|hanzi#305,SUP-153,Q1,freedom of assembly,zh,hanzi,baseline,B,0.01531,0.992345,en,581
SUP-153|zh|hanzi#305#siteB#k4,SUP-153|zh|hanzi#305#siteB,4,SUP-153|zh|hanzi#305,SUP-153,Q1,freedom of assembly,zh,hanzi,baseline,B,0.014866,0.992567,en,575
SUP-153|en|latin#306#siteA#k0,SUP-153|en|latin#306#siteA,0,SUP-153|en|latin#306,SUP-153,Q1,freedom of assembly,en,latin,baseline,A,0.010762,0.994619,en,648
SUP-153|en|latin#306#siteA#k1,SUP-153|en|latin#306#siteA,1,SUP-153|en|latin#306,SUP-153,Q1,freedom of assembly,en,latin,baseline,A,0.011157,0.994421,en,718
SUP-153|en|latin#306#siteA#k2,SUP-153|en|latin#306#siteA,2,SUP-153|en|latin#306,SUP-153,Q1,freedom of assembly,en,latin,baseline,A,0.010308,0.994846,en,706
SUP-153|en|latin#306#siteA#k3,SUP-153|en|latin#306#siteA,3,SUP-153|en|latin#306,SUP-153,Q1,freedom of assembly,en,latin,baseline,A,0.010258,0.994871,en,705
SUP-153|en|latin#306#siteA#k4,SUP-153|en|latin#306#siteA,4,SUP-153|en|latin#306,SUP-153,Q1,freedom of assembly,en,latin,baseline,A,0.010766,0.994617,en,717
SUP-153|en|latin#306#siteB#k0,SUP-153|en|latin#306#siteB,0,SUP-153|en|latin#306,SUP-153,Q1,freedom of assembly,en,latin,baseline,B,0.016396,0.991802,en,696
SUP-153|en|latin#306#siteB#k1,SUP-153|en|latin#306#siteB,1,SUP-153|en|latin#306,SUP-153,Q1,freedom of assembly,en,latin,baseline,B,0.01686,0.99157,en,728
SUP-153|en|latin#306#siteB#k2,SUP-153|en|latin#306#siteB,2,SUP-153|en|latin#306,SUP-153,Q1,freedom of assembly,en,latin,baseline,B,0.01622,0.99189,en,682
SUP-153|en|latin#306#siteB#k3,SUP-153|en|latin#306#siteB,3,SUP-153|en|latin#306,SUP-153,Q1,freedom of assembly,en,latin,baseline,B,0.016635,0.991682,en,686
SUP-153|en|latin#306#siteB#k4,SUP-153|en|latin#306#siteB,4,SUP-153|en|latin#306,SUP-153,Q1,freedom of assembly,en,latin,baseline,B,0.016662,0.991669,en,694
SUP-154|zh|hanzi#307#siteA#k0,SUP-154|zh|hanzi#307#siteA,0,SUP-154|zh|hanzi#307,SUP-154,Q2,freedom of assembly,zh,hanzi,baseline,A,0.009683,0.995158,en,584
SUP-154|zh|hanzi#307#siteA#k1,SUP-154|zh|hanzi#307#siteA,1,SUP-154|zh|hanzi#307,SUP-154,Q2,freedom of assembly,zh,hanzi,baseline,A,0.009972,0.995014,en,621
SUP-154|zh|hanzi#307#siteA#k2,SUP-154|zh|hanzi#307#siteA,2,SUP-154|zh|hanzi#307,SUP-154,Q2,freedom of assembly,zh,hanzi,baseline,A,0.009589,0.995206,en,607
SUP-154|zh|hanzi#307#siteA#k3,SUP-154|zh|hanzi#307#siteA,3,SUP-154|zh|hanzi#307,SUP-154,Q2,freedom of assembly,zh,hanzi,baseline,A,0.010109,0.994946,en,596
SUP-154|zh|hanzi#307#siteA#k4,SUP-154|zh|hanzi#307#siteA,4,SUP-154|zh|hanzi#307,SUP-154,Q2,freedom of assembly,zh,hanzi,baseline,A,0.010773,0.994614,en,569
SUP-154|zh|hanzi#307#siteB#k0,SUP-154|zh|hanzi#307#siteB,0,SUP-154|zh|hanzi#307,SUP-154,Q2,freedom of assembly,zh,hanzi,baseline,B,0.008151,0.995925,mixed,512
SUP-154|zh|hanzi#307#siteB#k1,SUP-154|zh|hanzi#307#siteB,1,SUP-154|zh|hanzi#307,SUP-154,Q2,freedom of assembly,zh,hanzi,baseline,B,0.009941,0.99503,mixed,535
SUP-154|zh|hanzi#307#siteB#k2,SUP-154|zh|hanzi#307#siteB,2,SUP-154|zh|hanzi#307,SUP-154,Q2,freedom of assembly,zh,hanzi,baseline,B,0.007036,0.996482,en,532
SUP-154|zh|hanzi#307#siteB#k3,SUP-154|zh|hanzi#307#siteB,3,SUP-154|zh|hanzi#307,SUP-154,Q2,freedom of assembly,zh,hanzi,baseline,B,0.008315,0.995843,en,549
SUP-154|zh|hanzi#307#siteB#k4,SUP-154|zh|hanzi#307#siteB,4,SUP-154|zh|hanzi#307,SUP-154,Q2,freedom of assembly,zh,hanzi,baseline,B,0.007539,0.996231,mixed,529
SUP-154|en|latin#308#siteA#k0,SUP-154|en|latin#308#siteA,0,SUP-154|en|latin#308,SUP-154,Q2,freedom of assembly,en,latin,baseline,A,0.008955,0.995522,en,671
SUP-154|en|latin#308#siteA#k1,SUP-154|en|latin#308#siteA,1,SUP-154|en|latin#308,SUP-154,Q2,freedom of assembly,en,latin,baseline,A,0.011242,0.99438,en,665
SUP-154|en|latin#308#siteA#k2,SUP-154|en|latin#308#siteA,2,SUP-154|en|latin#308,SUP-154,Q2,freedom of assembly,en,latin,baseline,A,0.009871,0.995065,en,661
SUP-154|en|latin#308#siteA#k3,SUP-154|en|latin#308#siteA,3,SUP-154|en|latin#308,SUP-154,Q2,freedom of assembly,en,latin,baseline,A,0.009824,0.995088,en,672
SUP-154|en|latin#308#siteA#k4,SUP-154|en|latin#308#siteA,4,SUP-154|en|latin#308,SUP-154,Q2,freedom of assembly,en,latin,baseline,A,0.010452,0.994774,en,681
SUP-154|en|latin#308#siteB#k0,SUP-154|en|latin#308#siteB,0,SUP-154|en|latin#308,SUP-154,Q2,freedom of assembly,en,latin,baseline,B,0.006335,0.996833,en,634
SUP-154|en|latin#308#siteB#k1,SUP-154|en|latin#308#siteB,1,SUP-154|en|latin#308,SUP-154,Q2,freedom of assembly,en,latin,baseline,B,0.008514,0.995743,en,653
SUP-154|en|latin#308#siteB#k2,SUP-154|en|latin#308#siteB,2,SUP-154|en|latin#308,SUP-154,Q2,freedom of assembly,en,latin,baseline,B,0.009003,0.995499,en,636
SUP-154|en|latin#308#siteB#k3,SUP-154|en|latin#308#siteB,3,SUP-154|en|latin#308,SUP-154,Q2,freedom of assembly,en,latin,baseline,B,0.01024,0.99488,en,629
SUP-154|en|latin#308#siteB#k4,SUP-154|en|latin#308#siteB,4,SUP-154|en|latin#308,SUP-154,Q2,freedom of assembly,en,latin,baseline,B,0.008283,0.995858,en,669
SUP-155|zh|hanzi#309#siteA#k0,SUP-155|zh|hanzi#309#siteA,0,SUP-155|zh|hanzi#309,SUP-155,Q3,freedom of assembly,zh,hanzi,baseline,A,0.008963,0.995519,en,544
SUP-155|zh|hanzi#309#siteA#k1,SUP-155|zh|hanzi#309#siteA,1,SUP-155|zh|hanzi#309,SUP-155,Q3,freedom of assembly,zh,hanzi,baseline,A,0.008232,0.995885,en,556
SUP-155|zh|hanzi#309#siteA#k2,SUP-155|zh|hanzi#309#siteA,2,SUP-155|zh|hanzi#309,SUP-155,Q3,freedom of assembly,zh,hanzi,baseline,A,0.00863,0.995686,en,556
SUP-155|zh|hanzi#309#siteA#k3,SUP-155|zh|hanzi#309#siteA,3,SUP-155|zh|hanzi#309,SUP-155,Q3,freedom of assembly,zh,hanzi,baseline,A,0.00846,0.99577,en,565
SUP-155|zh|hanzi#309#siteA#k4,SUP-155|zh|hanzi#309#siteA,4,SUP-155|zh|hanzi#309,SUP-155,Q3,freedom of assembly,zh,hanzi,baseline,A,0.008375,0.995813,en,546
SUP-155|zh|hanzi#309#siteB#k0,SUP-155|zh|hanzi#309#siteB,0,SUP-155|zh|hanzi#309,SUP-155,Q3,freedom of assembly,zh,hanzi,baseline,B,0.015251,0.992375,mixed,506
SUP-155|zh|hanzi#309#siteB#k1,SUP-155|zh|hanzi#309#siteB,1,SUP-155|zh|hanzi#309,SUP-155,Q3,freedom of assembly,zh,hanzi,baseline,B,0.014969,0.992516,en,532
SUP-155|zh|hanzi#309#siteB#k2,SUP-155|zh|hanzi#309#siteB,2,SUP-155|zh|hanzi#309,SUP-155,Q3,freedom of assembly,zh,hanzi,baseline,B,0.014709,0.992646,en,508
SUP-155|zh|hanzi#309#siteB#k3,SUP-155|zh|hanzi#309#siteB,3,SUP-155|zh|hanzi#309,SUP-155,Q3,freedom of assembly,zh,hanzi,baseline,B,0.015002,0.992499,mixed,521
SUP-155|zh|hanzi#309#siteB#k4,SUP-155|zh|hanzi#309#siteB,4,SUP-155|zh|hanzi#309,SUP-155,Q3,freedom of assembly,zh,hanzi,baseline,B,0.015807,0.992097,en,527
SUP-155|en|latin#310#siteA#k0,SUP-155|en|latin#310#siteA,0,SUP-155|en|latin#310,SUP-155,Q3,freedom of assembly,en,latin,baseline,A,0.007937,0.996031,en,669
SUP-155|en|latin#310#siteA#k1,SUP-155|en|latin#310#siteA,1,SUP-155|en|latin#310,SUP-155,Q3,freedom of assembly,en,latin,baseline,A,0.008308,0.995846,en,664
SUP-155|en|latin#310#siteA#k2,SUP-155|en|latin#310#siteA,2,SUP-155|en|latin#310,SUP-155,Q3,freedom of assembly,en,latin,baseline,A,0.008594,0.995703,en,688
SUP-155|en|latin#310#siteA#k3,SUP-155|en|latin#310#siteA,3,SUP-155|en|latin#310,SUP-155,Q3,freedom of assembly,en,latin,baseline,A,0.00753,0.996235,en,650
SUP-155|en|latin#310#siteA#k4,SUP-155|en|latin#310#siteA,4,SUP-155|en|latin#310,SUP-155,Q3,freedom of assembly,en,latin,baseline,A,0.00767,0.996165,en,715
SUP-155|en|latin#310#siteB#k0,SUP-155|en|latin#310#siteB,0,SUP-155|en|latin#310,SUP-155,Q3,freedom of assembly,en,latin,baseline,B,0.008438,0.995781,en,658
SUP-155|en|latin#310#siteB#k1,SUP-155|en|latin#310#siteB,1,SUP-155|en|latin#310,SUP-155,Q3,freedom of assembly,en,latin,baseline,B,0.009013,0.995493,en,695
SUP-155|en|latin#310#siteB#k2,SUP-155|en|latin#310#siteB,2,SUP-155|en|latin#310,SUP-155,Q3,freedom of assembly,en,latin,baseline,B,0.009249,0.995375,en,681
SUP-155|en|latin#310#siteB#k3,SUP-155|en|latin#310#siteB,3,SUP-155|en|latin#310,SUP-155,Q3,freedom of assembly,en,latin,baseline,B,0.008473,0.995763,en,665
SUP-155|en|latin#310#siteB#k4,SUP-155|en|latin#310#siteB,4,SUP-155|en|latin#310,SUP-155,Q3,freedom of assembly,en,latin,baseline,B,0.007626,0.996187,en,641
SUP-156|zh|hanzi#311#siteA#k0,SUP-156|zh|hanzi#311#siteA,0,SUP-156|zh|hanzi#311,SUP-156,Q4,freedom of assembly,zh,hanzi,baseline,A,0.009456,0.995272,en,589
SUP-156|zh|hanzi#311#siteA#k1,SUP-156|zh|hanzi#311#siteA,1,SUP-156|zh|hanzi#311,SUP-156,Q4,freedom of assembly,zh,hanzi,baseline,A,0.0101,0.99495,en,576
SUP-156|zh|hanzi#311#siteA#k2,SUP-156|zh|hanzi#311#siteA,2,SUP-156|zh|hanzi#311,SUP-156,Q4,freedom of assembly,zh,hanzi,baseline,A,0.009896,0.995052,en,591
SUP-156|zh|hanzi#311#siteA#k3,SUP-156|zh|hanzi#311#siteA,3,SUP-156|zh|hanzi#311,SUP-156,Q4,freedom of assembly,zh,hanzi,baseline,A,0.01016,0.99492,en,527
SUP-156|zh|hanzi#311#siteA#k4,SUP-156|zh|hanzi#311#siteA,4,SUP-156|zh|hanzi#311,SUP-156,Q4,freedom of assembly,zh,hanzi,baseline,A,0.010003,0.994999,en,539
SUP-156|zh|hanzi#311#siteB#k0,SUP-156|zh|hanzi#311#siteB,0,SUP-156|zh|hanzi#311,SUP-156,Q4,freedom of assembly,zh,hanzi,baseline,B,0.007337,0.996332,en,580
SUP-156|zh|hanzi#311#siteB#k1,SUP-156|zh|hanzi#311#siteB,1,SUP-156|zh|hanzi#311,SUP-156,Q4,freedom of assembly,zh,hanzi,baseline,B,0.007545,0.996228,mixed,517
SUP-156|zh|hanzi#311#siteB#k2,SUP-156|zh|hanzi#311#siteB,2,SUP-156|zh|hanzi#311,SUP-156,Q4,freedom of assembly,zh,hanzi,baseline,B,0.007883,0.996059,en,552
SUP-156|zh|hanzi#311#siteB#k3,SUP-156|zh|hanzi#311#siteB,3,SUP-156|zh|hanzi#311,SUP-156,Q4,freedom of assembly,zh,hanzi,baseline,B,0.008133,0.995933,mixed,536
SUP-156|zh|hanzi#311#siteB#k4,SUP-156|zh|hanzi#311#siteB,4,SUP-156|zh|hanzi#311,SUP-156,Q4,freedom of assembly,zh,hanzi,baseline,B,0.008169,0.995915,mixed,525
SUP-156|en|latin#312#siteA#k0,SUP-156|en|latin#312#siteA,0,SUP-156|en|latin#312,SUP-156,Q4,freedom of assembly,en,latin,baseline,A,0.011187,0.994407,en,703
SUP-156|en|latin#312#siteA#k1,SUP-156|en|latin#312#siteA,1,SUP-156|en|latin#312,SUP-156,Q4,freedom of assembly,en,latin,baseline,A,0.010825,0.994588,en,716
SUP-156|en|latin#312#siteA#k2,SUP-156|en|latin#312#siteA,2,SUP-156|en|latin#312,SUP-156,Q4,freedom of assembly,en,latin,baseline,A,0.011288,0.994356,en,701
SUP-156|en|latin#312#siteA#k3,SUP-156|en|latin#312#siteA,3,SUP-156|en|latin#312,SUP-156,Q4,freedom of assembly,en,latin,baseline,A,0.01048,0.99476,en,733
SUP-156|en|latin#312#siteA#k4,SUP-156|en|latin#312#siteA,4,SUP-156|en|latin#312,SUP-156,Q4,freedom of assembly,en,latin,baseline,A,0.01011,0.994945,en,701
SUP-156|en|latin#312#siteB#k0,SUP-156|en|latin#312#siteB,0,SUP-156|en|latin#312,SUP-156,Q4,freedom of assembly,en,latin,baseline,B,0.012253,0.993874,en,676
SUP-156|en|latin#312#siteB#k1,SUP-156|en|latin#312#siteB,1,SUP-156|en|latin#312,SUP-156,Q4,freedom of assembly,en,latin,baseline,B,0.012216,0.993892,en,682
SUP-156|en|latin#312#siteB#k2,SUP-156|en|latin#312#siteB,2,SUP-156|en|latin#312,SUP-156,Q4,freedom of assembly,en,latin,baseline,B,0.011903,0.994049,en,698
SUP-156|en|latin#312#siteB#k3,SUP-156|en|latin#312#siteB,3,SUP-156|en|latin#312,SUP-156,Q4,freedom of assembly,en,latin,baseline,B,0.012287,0.993857,en,689
SUP-156|en|latin#312#siteB#k4,SUP-156|en|latin#312#siteB,4,SUP-156|en|latin#312,SUP-156,Q4,freedom of assembly,en,latin,baseline,B,0.011743,0.994129,en,720
SUP-157|zh|hanzi#313#siteA#k0,SUP-157|zh|hanzi#313#siteA,0,SUP-157|zh|hanzi#313,SUP-157,Q1,freedom,zh,hanzi,baseline,A,0.010346,0.994827,en,576
SUP-157|zh|hanzi#313#siteA#k1,SUP-157|zh|hanzi#313#siteA,1,SUP-157|zh|hanzi#313,SUP-157,Q1,freedom,zh,hanzi,baseline,A,0.009832,0.995084,en,616
SUP-157|zh|hanzi#313#siteA#k2,SUP-157|zh|hanzi#313#siteA,2,SUP-157|zh|hanzi#313,SUP-157,Q1,freedom,zh,hanzi,baseline,A,0.009541,0.995229,en,585
SUP-157|zh|hanzi#313#siteA#k3,SUP-157|zh|hanzi#313#siteA,3,SUP-157|zh|hanzi#313,SUP-157,Q1,freedom,zh,hanzi,baseline,A,0.010079,0.99496,en,592
SUP-157|zh|hanzi#313#siteA#k4,SUP-157|zh|hanzi#313#siteA,4,SUP-157|zh|hanzi#313,SUP-157,Q1,freedom,zh,hanzi,baseline,A,0.009586,0.995207,en,616
SUP-157|zh|hanzi#313#siteB#k0,SUP-157|zh|hanzi#313#siteB,0,SUP-157|zh|hanzi#313,SUP-157,Q1,freedom,zh,hanzi,baseline,B,0.013629,0.993185,mixed,550
SUP-157|zh|hanzi#313#siteB#k1,SUP-157|zh|hanzi#313#siteB,1,SUP-157|zh|hanzi#313,SUP-157,Q1,freedom,zh,hanzi,baseline,B,0.015506,0.992247,en,566
SUP-157|zh|hanzi#313#siteB#k2,SUP-157|zh|hanzi#313#siteB,2,SUP-157|zh|hanzi#313,SUP-157,Q1,freedom,zh,hanzi,baseline,B,0.013985,0.993008,en,613
SUP-157|zh|hanzi#313#siteB#k3,SUP-157|zh|hanzi#313#siteB,3,SUP-157|zh|hanzi#313,SUP-157,Q1,freedom,zh,hanzi,baseline,B,0.015032,0.992484,en,569
SUP-157|zh|hanzi#313#siteB#k4,SUP-157|zh|hanzi#313#siteB,4,SUP-157|zh|hanzi#313,SUP-157,Q1,freedom,zh,hanzi,baseline,B,0.013264,0.993368,en,576
SUP-157|en|latin#314#siteA#k0,SUP-157|en|latin#314#siteA,0,SUP-157|en|latin#314,SUP-157,Q1,freedom,en,latin,baseline,A,0.010552,0.994725,en,705
SUP-157|en|latin#314#siteA#k1,SUP-157|en|latin#314#siteA,1,SUP-157|en|latin#314,SUP-157,Q1,freedom,en,latin,baseline,A,0.011201,0.9944,en,716
SUP-157|en|latin#314#siteA#k2,SUP-157|en|latin#314#siteA,2,SUP-157|en|latin#314,SUP-157,Q1,freedom,en,latin,baseline,A,0.010266,0.994867,en,678
SUP-157|en|latin#314#siteA#k3,SUP-157|en|latin#314#siteA,3,SUP-157|en|latin#314,SUP-157,Q1,freedom,en,latin,baseline,A,0.011054,0.994473,en,670
SUP-157|en|latin#314#siteA#k4,SUP-157|en|latin#314#siteA,4,SUP-157|en|latin#314,SUP-157,Q1,freedom,en,latin,baseline,A,0.010121,0.994939,en,685
SUP-157|en|latin#314#siteB#k0,SUP-157|en|latin#314#siteB,0,SUP-157|en|latin#314,SUP-157,Q1,freedom,en,latin,baseline,B,0.016489,0.991756,en,686
SUP-157|en|latin#314#siteB#k1,SUP-157|en|latin#314#siteB,1,SUP-157|en|latin#314,SUP-157,Q1,freedom,en,latin,baseline,B,0.015345,0.992327,en,665
SUP-157|en|latin#314#siteB#k2,SUP-157|en|latin#314#siteB,2,SUP-157|en|latin#314,SUP-157,Q1,freedom,en,latin,baseline,B,0.015281,0.99236,en,686
SUP-157|en|latin#314#siteB#k3,SUP-157|en|latin#314#siteB,3,SUP-157|en|latin#314,SUP-157,Q1,freedom,en,latin,baseline,B,0.016533,0.991734,en,726
SUP-157|en|latin#314#siteB#k4,SUP-157|en|latin#314#siteB,4,SUP-157|en|latin#314,SUP-157,Q1,freedom,en,latin,baseline,B,0.015777,0.992112,en,680
SUP-158|zh|hanzi#315#siteA#k0,SUP-158|zh|hanzi#315#siteA,0,SUP-158|zh|hanzi#315,SUP-158,Q2,freedom,zh,hanzi,baseline,A,0.011732,0.994134,en,550
SUP-158|zh|hanzi#315#siteA#k1,SUP-158|zh|hanzi#315#siteA,1,SUP-158|zh|hanzi#315,SUP-158,Q2,freedom,zh,hanzi,baseline,A,0.011334,0.994333,en,595
SUP-158|zh|hanzi#315#siteA#k2,SUP-158|zh|hanzi#315#siteA,2,SUP-158|zh|hanzi#315,SUP-158,Q2,freedom,zh,hanzi,baseline,A,0.010905,0.994548,en,522
SUP-158|zh|hanzi#315#siteA#k3,SUP-158|zh|hanzi#315#siteA,3,SUP-158|zh|hanzi#315,SUP-158,Q2,freedom,zh,hanzi,baseline,A,0.011586,0.994207,en,550
SUP-158|zh|hanzi#315#siteA#k4,SUP-158|zh|hanzi#315#siteA,4,SUP-158|zh|hanzi#315,SUP-158,Q2,freedom,zh,hanzi,baseline,A,0.012322,0.993839,en,553
SUP-158|zh|hanzi#315#siteB#k0,SUP-158|zh|hanzi#315#siteB,0,SUP-158|zh|hanzi#315,SUP-158,Q2,freedom,zh,hanzi,baseline,B,0.006814,0.996593,en,565
SUP-158|zh|hanzi#315#siteB#k1,SUP-158|zh|hanzi#315#siteB,1,SUP-158|zh|hanzi#315,SUP-158,Q2,freedom,zh,hanzi,baseline,B,0.005792,0.997104,en,542
SUP-158|zh|hanzi#315#siteB#k2,SUP-158|zh|hanzi#315#siteB,2,SUP-158|zh|hanzi#315,SUP-158,Q2,freedom,zh,hanzi,baseline,B,0.00593,0.997035,mixed,491
SUP-158|zh|hanzi#315#siteB#k3,SUP-158|zh|hanzi#315#siteB,3,SUP-158|zh|hanzi#315,SUP-158,Q2,freedom,zh,hanzi,baseline,B,0.00672,0.99664,en,550
SUP-158|zh|hanzi#315#siteB#k4,SUP-158|zh|hanzi#315#siteB,4,SUP-158|zh|hanzi#315,SUP-158,Q2,freedom,zh,hanzi,baseline,B,0.006247,0.996876,mixed,503
SUP-158|en|latin#316#siteA#k0,SUP-158|en|latin#316#siteA,0,SUP-158|en|latin#316,SUP-158,Q2,freedom,en,latin,baseline,A,0.011419,0.99429,en,620
SUP-158|en|latin#316#siteA#k1,SUP-158|en|latin#316#siteA,1,SUP-158|en|latin#316,SUP-158,Q2,freedom,en,latin,baseline,A,0.011141,0.994429,en,630
SUP-158|en|latin#316#siteA#k2,SUP-158|en|latin#316#siteA,2,SUP-158|en|latin#316,SUP-158,Q2,freedom,en,latin,baseline,A,0.011438,0.994281,en,663
SUP-158|en|latin#316#siteA#k3,SUP-158|en|latin#316#siteA,3,SUP-158|en|latin#316,SUP-158,Q2,freedom,en,latin,baseline,A,0.011452,0.994274,en,643
SUP-158|en|latin#316#siteA#k4,SUP-158|en|latin#316#siteA,4,SUP-158|en|latin#316,SUP-158,Q2,freedom,en,latin,baseline,A,0.011893,0.994054,en,682
SUP-158|en|latin#316#siteB#k0,SUP-158|en|latin#316#siteB,0,SUP-158|en|latin#316,SUP-158,Q2,freedom,en,latin,baseline,B,0.009624,0.995188,en,697
SUP-158|en|latin#316#siteB#k1,SUP-158|en|latin#316#siteB,1,SUP-158|en|latin#316,SUP-158,Q2,freedom,en,latin,baseline,B,0.008891,0.995554,en,629
SUP-158|en|latin#316#siteB#k2,SUP-158|en|latin#316#siteB,2,SUP-158|en|latin#316,SUP-158,Q2,freedom,en,latin,baseline,B,0.00826,0.99587,en,700
SUP-158|en|latin#316#siteB#k3,SUP-158|en|latin#316#siteB,3,SUP-158|en|latin#316,SUP-158,Q2,freedom,en,latin,baseline,B,0.009487,0.995257,en,684
SUP-158|en|latin#316#siteB#k4,SUP-158|en|latin#316#siteB,4,SUP-158|en|latin#316,SUP-158,Q2,freedom,en,latin,baseline,B,0.009121,0.99544,en,676
SUP-159|zh|hanzi#317#siteA#k0,SUP-159|zh|hanzi#317#siteA,0,SUP-159|zh|hanzi#317,SUP-159,Q3,freedom,zh,hanzi,baseline,A,0.012224,0.993888,en,581
SUP-159|zh|hanzi#317#siteA#k1,SUP-159|zh|hanzi#317#siteA,1,SUP-159|zh|hanzi#317,SUP-159,Q3,freedom,zh,hanzi,baseline,A,0.010886,0.994557,en,570
SUP-159|zh|hanzi#317#siteA#k2,SUP-159|zh|hanzi#317#siteA,2,SUP-159|zh|hanzi#317,SUP-159,Q3,freedom,zh,hanzi,baseline,A,0.012325,0.993838,en,592
SUP-159|zh|hanzi#317#siteA#k3,SUP-159|zh|hanzi#317#siteA,3,SUP-159|zh|hanzi#317,SUP-159,Q3,freedom,zh,hanzi,baseline,A,0.011274,0.994363,en,579
SUP-159|zh|hanzi#317#siteA#k4,SUP-159|zh|hanzi#317#siteA,4,SUP-159|zh|hanzi#317,SUP-159,Q3,freedom,zh,hanzi,baseline,A,0.011,0.9945,en,574
SUP-159|zh|hanzi#317#siteB#k0,SUP-159|zh|hanzi#317#siteB,0,SUP-159|zh|hanzi#317,SUP-159,Q3,freedom,zh,hanzi,baseline,B,0.010397,0.994802,en,522
SUP-159|zh|hanzi#317#siteB#k1,SUP-159|zh|hanzi#317#siteB,1,SUP-159|zh|hanzi#317,SUP-159,Q3,freedom,zh,hanzi,baseline,B,0.01074,0.99463,en,544
SUP-159|zh|hanzi#317#siteB#k2,SUP-159|zh|hanzi#317#siteB,2,SUP-159|zh|hanzi#317,SUP-159,Q3,freedom,zh,hanzi,baseline,B,0.009993,0.995004,en,535
SUP-159|zh|hanzi#317#siteB#k3,SUP-159|zh|hanzi#317#siteB,3,SUP-159|zh|hanzi#317,SUP-159,Q3,freedom,zh,hanzi,baseline,B,0.011064,0.994468,en,525
SUP-159|zh|hanzi#317#siteB#k4,SUP-159|zh|hanzi#317#siteB,4,SUP-159|zh|hanzi#317,SUP-159,Q3,freedom,zh,hanzi,baseline,B,0.010747,0.994626,en,562
SUP-159|en|latin#318#siteA#k0,SUP-159|en|latin#318#siteA,0,SUP-159|en|latin#318,SUP-159,Q3,freedom,en,latin,baseline,A,0.009337,0.995332,en,683
SUP-159|en|latin#318#siteA#k1,SUP-159|en|latin#318#siteA,1,SUP-159|en|latin#318,SUP-159,Q3,freedom,en,latin,baseline,A,0.009014,0.995493,en,651
SUP-159|en|latin#318#siteA#k2,SUP-159|en|latin#318#siteA,2,SUP-159|en|latin#318,SUP-159,Q3,freedom,en,latin,baseline,A,0.009096,0.995452,en,659
SUP-159|en|latin#318#siteA#k3,SUP-159|en|latin#318#siteA,3,SUP-159|en|latin#318,SUP-159,Q3,freedom,en,latin,baseline,A,0.009338,0.995331,en,678
SUP-159|en|latin#318#siteA#k4,SUP-159|en|latin#318#siteA,4,SUP-159|en|latin#318,SUP-159,Q3,freedom,en,latin,baseline,A,0.009152,0.995424,en,651
SUP-159|en|latin#318#siteB#k0,SUP-159|en|latin#318#siteB,0,SUP-159|en|latin#318,SUP-159,Q3,freedom,en,latin,baseline,B,0.011115,0.994442,en,696
SUP-159|en|latin#318#siteB#k1,SUP-159|en|latin#318#siteB,1,SUP-159|en|latin#318,SUP-159,Q3,freedom,en,latin,baseline,B,0.01146,0.99427,en,698
SUP-159|en|latin#318#siteB#k2,SUP-159|en|latin#318#siteB,2,SUP-159|en|latin#318,SUP-159,Q3,freedom,en,latin,baseline,B,0.010786,0.994607,en,717
SUP-159|en|latin#318#siteB#k3,SUP-159|en|latin#318#siteB,3,SUP-159|en|latin#318,SUP-159,Q3,freedom,en,latin,baseline,B,0.01044,0.994779,en,686
SUP-159|en|latin#318#siteB#k4,SUP-159|en|latin#318#siteB,4,SUP-159|en|latin#318,SUP-159,Q3,freedom,en,latin,baseline,B,0.010702,0.994649,en,679
SUP-160|zh|hanzi#319#siteA#k0,SUP-160|zh|hanzi#319#siteA,0,SUP-160|zh|hanzi#319,SUP-160,Q4,freedom,zh,hanzi,baseline,A,0.010043,0.994979,en,565
SUP-160|zh|hanzi#319#siteA#k1,SUP-160|zh|hanzi#319#siteA,1,SUP-160|zh|hanzi#319,SUP-160,Q4,freedom,zh,hanzi,baseline,A,0.010796,0.994602,en,563
SUP-160|zh|hanzi#319#siteA#k2,SUP-160|zh|hanzi#319#siteA,2,SUP-160|zh|hanzi#319,SUP-160,Q4,freedom,zh,hanzi,baseline,A,0.010307,0.994847,en,582
SUP-160|zh|hanzi#319#siteA#k3,SUP-160|zh|hanzi#319#siteA,3,SUP-160|zh|hanzi#319,SUP-160,Q4,freedom,zh,hanzi,baseline,A,0.0103,0.99485,en,587
SUP-160|zh|hanzi#319#siteA#k4,SUP-160|zh|hanzi#319#siteA,4,SUP-160|zh|hanzi#319,SUP-160,Q4,freedom,zh,hanzi,baseline,A,0.010319,0.994841,en,564
SUP-160|zh|hanzi#319#siteB#k0,SUP-160|zh|hanzi#319#siteB,0,SUP-160|zh|hanzi#319,SUP-160,Q4,freedom,zh,hanzi,baseline,B,0.007727,0.996136,en,554
SUP-160|zh|hanzi#319#siteB#k1,SUP-160|zh|hanzi#319#siteB,1,SUP-160|zh|hanzi#319,SUP-160,Q4,freedom,zh,hanzi,baseline,B,0.008045,0.995978,en,566
SUP-160|zh|hanzi#319#siteB#k2,SUP-160|zh|hanzi#319#siteB,2,SUP-160|zh|hanzi#319,SUP-160,Q4,freedom,zh,hanzi,baseline,B,0.008134,0.995933,en,590
SUP-160|zh|hanzi#319#siteB#k3,SUP-160|zh|hanzi#319#siteB,3,SUP-160|zh|hanzi#319,SUP-160,Q4,freedom,zh,hanzi,baseline,B,0.007066,0.996467,en,579
SUP-160|zh|hanzi#319#siteB#k4,SUP-160|zh|hanzi#319#siteB,4,SUP-160|zh|hanzi#319,SUP-160,Q4,freedom,zh,hanzi,baseline,B,0.007577,0.996211,mixed,517
SUP-160|en|latin#320#siteA#k0,SUP-160|en|latin#320#siteA,0,SUP-160|en|latin#320,SUP-160,Q4,freedom,en,latin,baseline,A,0.010006,0.994997,en,659
SUP-160|en|latin#320#siteA#k1,SUP-160|en|latin#320#siteA,1,SUP-160|en|latin#320,SUP-160,Q4,freedom,en,latin,baseline,A,0.010778,0.994611,en,637
SUP-160|en|latin#320#siteA#k2,SUP-160|en|latin#320#siteA,2,SUP-160|en|latin#320,SUP-160,Q4,freedom,en,latin,baseline,A,0.010944,0.994528,en,662
SUP-160|en|latin#320#siteA#k3,SUP-160|en|latin#320#siteA,3,SUP-160|en|latin#320,SUP-160,Q4,freedom,en,latin,baseline,A,0.01083,0.994585,en,621
SUP-160|en|latin#320#siteA#k4,SUP-160|en|latin#320#siteA,4,SUP-160|en|latin#320,SUP-160,Q4,freedom,en,latin,baseline,A,0.009736,0.995132,en,648
SUP-160|en|latin#320#siteB#k0,SUP-160|en|latin#320#siteB,0,SUP-160|en|latin#320,SUP-160,Q4,freedom,en,latin,baseline,B,0.01022,0.99489,en,644
SUP-160|en|latin#320#siteB#k1,SUP-160|en|latin#320#siteB,1,SUP-160|en|latin#320,SUP-160,Q4,freedom,en,latin,baseline,B,0.009389,0.995306,en,656
SUP-160|en|latin#320#siteB#k2,SUP-160|en|latin#320#siteB,2,SUP-160|en|latin#320,SUP-160,Q4,freedom,en,latin,baseline,B,0.010176,0.994912,en,689
SUP-160|en|latin#320#siteB#k3,SUP-160|en|latin#320#siteB,3,SUP-160|en|latin#320,SUP-160,Q4,freedom,en,latin,baseline,B,0.010024,0.994988,en,698
SUP-160|en|latin#320#siteB#k4,SUP-160|en|latin#320#siteB,4,SUP-160|en|latin#320,SUP-160,Q4,freedom,en,latin,baseline,B,0.009457,0.995271,en,650
SUP-161|zh|hanzi#321#siteA#k0,SUP-161|zh|hanzi#321#siteA,0,SUP-161|zh|hanzi#321,SUP-161,Q1,democracy,zh,hanzi,baseline,A,0.009173,0.995414,en,570
SUP-161|zh|hanzi#321#siteA#k1,SUP-161|zh|hanzi#321#siteA,1,SUP-161|zh|hanzi#321,SUP-161,Q1,democracy,zh,hanzi,baseline,A,0.009708,0.995146,en,620
SUP-161|zh|hanzi#321#siteA#k2,SUP-161|zh|hanzi#321#siteA,2,SUP-161|zh|hanzi#321,SUP-161,Q1,democracy,zh,hanzi,baseline,A,0.008682,0.995659,en,571
SUP-161|zh|hanzi#321#siteA#k3,SUP-161|zh|hanzi#321#siteA,3,SUP-161|zh|hanzi#321,SUP-161,Q1,democracy,zh,hanzi,baseline,A,0.009142,0.995429,en,604
SUP-161|zh|hanzi#321#siteA#k4,SUP-161|zh|hanzi#321#siteA,4,SUP-161|zh|hanzi#321,SUP-161,Q1,democracy,zh,hanzi,baseline,A,0.008462,0.995769,en,588
SUP-161|zh|hanzi#321#siteB#k0,SUP-161|zh|hanzi#321#siteB,0,SUP-161|zh|hanzi#321,SUP-161,Q1,democracy,zh,hanzi,baseline,B,0.017835,0.991083,en,572
SUP-161|zh|hanzi#321#siteB#k1,SUP-161|zh|hanzi#321#siteB,1,SUP-161|zh|hanzi#321,SUP-161,Q1,democracy,zh,hanzi,baseline,B,0.015405,0.992298,en,575
SUP-161|zh|hanzi#321#siteB#k2,SUP-161|zh|hanzi#321#siteB,2,SUP-161|zh|hanzi#321,SUP-161,Q1,democracy,zh,hanzi,baseline,B,0.016133,0.991934,en,580
SUP-161|zh|hanzi#321#siteB#k3,SUP-161|zh|hanzi#321#siteB,3,SUP-161|zh|hanzi#321,SUP-161,Q1,democracy,zh,hanzi,baseline,B,0.015146,0.992427,en,620
SUP-161|zh|hanzi#321#siteB#k4,SUP-161|zh|hanzi#321#siteB,4,SUP-161|zh|hanzi#321,SUP-161,Q1,democracy,zh,hanzi,baseline,B,0.016103,0.991949,en,590
SUP-161|en|latin#322#siteA#k0,SUP-161|en|latin#322#siteA,0,SUP-161|en|latin#322,SUP-161,Q1,democracy,en,latin,baseline,A,0.007995,0.996002,en,718
SUP-161|en|latin#322#siteA#k1,SUP-161|en|latin#322#siteA,1,SUP-161|en|latin#322,SUP-161,Q1,democracy,en,latin,baseline,A,0.008448,0.995776,en,695
SUP-161|en|latin#322#siteA#k2,SUP-161|en|latin#322#siteA,2,SUP-161|en|latin#322,SUP-161,Q1,democracy,en,latin,baseline,A,0.008216,0.995892,en,739
SUP-161|en|latin#322#siteA#k3,SUP-161|en|latin#322#siteA,3,SUP-161|en|latin#322,SUP-161,Q1,democracy,en,latin,baseline,A,0.008395,0.995802,en,718
SUP-161|en|latin#322#siteA#k4,SUP-161|en|latin#322#siteA,4,SUP-161|en|latin#322,SUP-161,Q1,democracy,en,latin,baseline,A,0.008644,0.995678,en,726
SUP-161|en|latin#322#siteB#k0,SUP-161|en|latin#322#siteB,0,SUP-161|en|latin#322,SUP-161,Q1,democracy,en,latin,baseline,B,0.016455,0.991772,en,665
SUP-161|en|latin#322#siteB#k1,SUP-161|en|latin#322#siteB,1,SUP-161|en|latin#322,SUP-161,Q1,democracy,en,latin,baseline,B,0.017678,0.991161,en,708
SUP-161|en|latin#322#siteB#k2,SUP-161|en|latin#322#siteB,2,SUP-161|en|latin#322,SUP-161,Q1,democracy,en,latin,baseline,B,0.017031,0.991485,en,728
SUP-161|en|latin#322#siteB#k3,SUP-161|en|latin#322#siteB,3,SUP-161|en|latin#322,SUP-161,Q1,democracy,en,latin,baseline,B,0.01603,0.991984,en,691
SUP-161|en|latin#322#siteB#k4,SUP-161|en|latin#322#siteB,4,SUP-161|en|latin#322,SUP-161,Q1,democracy,en,latin,baseline,B,0.015726,0.992137,en,696
SUP-162|zh|hanzi#323#siteA#k0,SUP-162|zh|hanzi#323#siteA,0,SUP-162|zh|hanzi#323,SUP-162,Q2,democracy,zh,hanzi,baseline,A,0.009637,0.995181,en,591
SUP-162|zh|hanzi#323#siteA#k1,SUP-162|zh|hanzi#323#siteA,1,SUP-162|zh|hanzi#323,SUP-162,Q2,democracy,zh,hanzi,baseline,A,0.010055,0.994972,en,587
SUP-162|zh|hanzi#323#siteA#k2,SUP-162|zh|hanzi#323#siteA,2,SUP-162|zh|hanzi#323,SUP-162,Q2,democracy,zh,hanzi,baseline,A,0.009346,0.995327,en,615
SUP-162|zh|hanzi#323#siteA#k3,SUP-162|zh|hanzi#323#siteA,3,SUP-162|zh|hanzi#323,SUP-162,Q2,democracy,zh,hanzi,baseline,A,0.00984,0.99508,en,647
SUP-162|zh|hanzi#323#siteA#k4,SUP-162|zh|hanzi#323#siteA,4,SUP-162|zh|hanzi#323,SUP-162,Q2,democracy,zh,hanzi,baseline,A,0.008945,0.995528,en,624
SUP-162|zh|hanzi#323#siteB#k0,SUP-162|zh|hanzi#323#siteB,0,SUP-162|zh|hanzi#323,SUP-162,Q2,democracy,zh,hanzi,baseline,B,0.007584,0.996208,en,559
SUP-162|zh|hanzi#323#siteB#k1,SUP-162|zh|hanzi#323#siteB,1,SUP-162|zh|hanzi#323,SUP-162,Q2,democracy,zh,hanzi,baseline,B,0.009443,0.995279,mixed,503
SUP-162|zh|hanzi#323#siteB#k2,SUP-162|zh|hanzi#323#siteB,2,SUP-162|zh|hanzi#323,SUP-162,Q2,democracy,zh,hanzi,baseline,B,0.005647,0.997177,en,542
SUP-162|zh|hanzi#323#siteB#k3,SUP-162|zh|hanzi#323#siteB,3,SUP-162|zh|hanzi#323,SUP-162,Q2,democracy,zh,hanzi,baseline,B,0.005405,0.997298,en,578
SUP-162|zh|hanzi#323#siteB#k4,SUP-162|zh|hanzi#323#siteB,4,SUP-162|zh|hanzi#323,SUP-162,Q2,democracy,zh,hanzi,baseline,B,0.00682,0.99659,mixed,526
SUP-162|en|latin#324#siteA#k0,SUP-162|en|latin#324#siteA,0,SUP-162|en|latin#324,SUP-162,Q2,democracy,en,latin,baseline,A,0.007514,0.996243,en,656
SUP-162|en|latin#324#siteA#k1,SUP-162|en|latin#324#siteA,1,SUP-162|en|latin#324,SUP-162,Q2,democracy,en,latin,baseline,A,0.007302,0.996349,en,690
SUP-162|en|latin#324#siteA#k2,SUP-162|en|latin#324#siteA,2,SUP-162|en|latin#324,SUP-162,Q2,democracy,en,latin,baseline,A,0.007498,0.996251,en,675
SUP-162|en|latin#324#siteA#k3,SUP-162|en|latin#324#siteA,3,SUP-162|en|latin#324,SUP-162,Q2,democracy,en,latin,baseline,A,0.007593,0.996204,en,693
SUP-162|en|latin#324#siteA#k4,SUP-162|en|latin#324#siteA,4,SUP-162|en|latin#324,SUP-162,Q2,democracy,en,latin,baseline,A,0.007411,0.996295,en,696
SUP-162|en|latin#324#siteB#k0,SUP-162|en|latin#324#siteB,0,SUP-162|en|latin#324,SUP-162,Q2,democracy,en,latin,baseline,B,0.007959,0.996021,en,653
SUP-162|en|latin#324#siteB#k1,SUP-162|en|latin#324#siteB,1,SUP-162|en|latin#324,SUP-162,Q2,democracy,en,latin,baseline,B,0.006733,0.996634,en,647
SUP-162|en|latin#324#siteB#k2,SUP-162|en|latin#324#siteB,2,SUP-162|en|latin#324,SUP-162,Q2,democracy,en,latin,baseline,B,0.006776,0.996612,en,643
SUP-162|en|latin#324#siteB#k3,SUP-162|en|latin#324#siteB,3,SUP-162|en|latin#324,SUP-162,Q2,democracy,en,latin,baseline,B,0.006833,0.996584,en,662
SUP-162|en|latin#324#siteB#k4,SUP-162|en|latin#324#siteB,4,SUP-162|en|latin#324,SUP-162,Q2,democracy,en,latin,baseline,B,0.00816,0.99592,en,673
SUP-163|zh|hanzi#325#siteA#k0,SUP-163|zh|hanzi#325#siteA,0,SUP-163|zh|hanzi#325,SUP-163,Q3,democracy,zh,hanzi,baseline,A,0.00742,0.99629,en,569
SUP-163|zh|hanzi#325#siteA#k1,SUP-163|zh|hanzi#325#siteA,1,SUP-163|zh|hanzi#325,SUP-163,Q3,democracy,zh,hanzi,baseline,A,0.006987,0.996506,en,613
SUP-163|zh|hanzi#325#siteA#k2,SUP-163|zh|hanzi#325#siteA,2,SUP-163|zh|hanzi#325,SUP-163,Q3,democracy,zh,hanzi,baseline,A,0.007319,0.996341,en,561
SUP-163|zh|hanzi#325#siteA#k3,SUP-163|zh|hanzi#325#siteA,3,SUP-163|zh|hanzi#325,SUP-163,Q3,democracy,zh,hanzi,baseline,A,0.007482,0.996259,en,605
SUP-163|zh|hanzi#325#siteA#k4,SUP-163|zh|hanzi#325#siteA,4,SUP-163|zh|hanzi#325,SUP-163,Q3,democracy,zh,hanzi,baseline,A,0.007246,0.996377,en,576
SUP-163|zh|hanzi#325#siteB#k0,SUP-163|zh|hanzi#325#siteB,0,SUP-163|zh|hanzi#325,SUP-163,Q3,democracy,zh,hanzi,baseline,B,0.010684,0.994658,en,516
SUP-163|zh|hanzi#325#siteB#k1,SUP-163|zh|hanzi#325#siteB,1,SUP-163|zh|hanzi#325,SUP-163,Q3,democracy,zh,hanzi,baseline,B,0.010268,0.994866,en,541
SUP-163|zh|hanzi#325#siteB#k2,SUP-163|zh|hanzi#325#siteB,2,SUP-163|zh|hanzi#325,SUP-163,Q3,democracy,zh,hanzi,baseline,B,0.009817,0.995091,en,525
SUP-163|zh|hanzi#325#siteB#k3,SUP-163|zh|hanzi#325#siteB,3,SUP-163|zh|hanzi#325,SUP-163,Q3,democracy,zh,hanzi,baseline,B,0.009972,0.995014,mixed,508
SUP-163|zh|hanzi#325#siteB#k4,SUP-163|zh|hanzi#325#siteB,4,SUP-163|zh|hanzi#325,SUP-163,Q3,democracy,zh,hanzi,baseline,B,0.009938,0.995031,en,526
SUP-163|en|latin#326#siteA#k0,SUP-163|en|latin#326#siteA,0,SUP-163|en|latin#326,SUP-163,Q3,democracy,en,latin,baseline,A,0.005856,0.997072,en,674
SUP-163|en|latin#326#siteA#k1,SUP-163|en|latin#326#siteA,1,SUP-163|en|latin#326,SUP-163,Q3,democracy,en,latin,baseline,A,0.005703,0.997148,en,672
SUP-163|en|latin#326#siteA#k2,SUP-163|en|latin#326#siteA,2,SUP-163|en|latin#326,SUP-163,Q3,democracy,en,latin,baseline,A,0.005705,0.997148,en,635
SUP-163|en|latin#326#siteA#k3,SUP-163|en|latin#326#siteA,3,SUP-163|en|latin#326,SUP-163,Q3,democracy,en,latin,baseline,A,0.005805,0.997098,en,703
SUP-163|en|latin#326#siteA#k4,SUP-163|en|latin#326#siteA,4,SUP-163|en|latin#326,SUP-163,Q3,democracy,en,latin,baseline,A,0.005391,0.997304,en,665
SUP-163|en|latin#326#siteB#k0,SUP-163|en|latin#326#siteB,0,SUP-163|en|latin#326,SUP-163,Q3,democracy,en,latin,baseline,B,0.008853,0.995574,en,699
SUP-163|en|latin#326#siteB#k1,SUP-163|en|latin#326#siteB,1,SUP-163|en|latin#326,SUP-163,Q3,democracy,en,latin,baseline,B,0.008489,0.995755,en,682
SUP-163|en|latin#326#siteB#k2,SUP-163|en|latin#326#siteB,2,SUP-163|en|latin#326,SUP-163,Q3,democracy,en,latin,baseline,B,0.008477,0.995762,en,671
SUP-163|en|latin#326#siteB#k3,SUP-163|en|latin#326#siteB,3,SUP-163|en|latin#326,SUP-163,Q3,democracy,en,latin,baseline,B,0.008852,0.995574,en,680
SUP-163|en|latin#326#siteB#k4,SUP-163|en|latin#326#siteB,4,SUP-163|en|latin#326,SUP-163,Q3,democracy,en,latin,baseline,B,0.008514,0.995743,en,674
SUP-164|zh|hanzi#327#siteA#k0,SUP-164|zh|hanzi#327#siteA,0,SUP-164|zh|hanzi#327,SUP-164,Q4,democracy,zh,hanzi,baseline,A,0.011331,0.994335,en,582
SUP-164|zh|hanzi#327#siteA#k1,SUP-164|zh|hanzi#327#siteA,1,SUP-164|zh|hanzi#327,SUP-164,Q4,democracy,zh,hanzi,baseline,A,0.011191,0.994404,en,598
SUP-164|zh|hanzi#327#siteA#k2,SUP-164|zh|hanzi#327#siteA,2,SUP-164|zh|hanzi#327,SUP-164,Q4,democracy,zh,hanzi,baseline,A,0.011125,0.994438,en,599
SUP-164|zh|hanzi#327#siteA#k3,SUP-164|zh|hanzi#327#siteA,3,SUP-164|zh|hanzi#327,SUP-164,Q4,democracy,zh,hanzi,baseline,A,0.010714,0.994643,en,585
SUP-164|zh|hanzi#327#siteA#k4,SUP-164|zh|hanzi#327#siteA,4,SUP-164|zh|hanzi#327,SUP-164,Q4,democracy,zh,hanzi,baseline,A,0.011774,0.994113,en,513
SUP-164|zh|hanzi#327#siteB#k0,SUP-164|zh|hanzi#327#siteB,0,SUP-164|zh|hanzi#327,SUP-164,Q4,democracy,zh,hanzi,baseline,B,0.010126,0.994937,en,570
SUP-164|zh|hanzi#327#siteB#k1,SUP-164|zh|hanzi#327#siteB,1,SUP-164|zh|hanzi#327,SUP-164,Q4,democracy,zh,hanzi,baseline,B,0.008943,0.995529,en,606
SUP-164|zh|hanzi#327#siteB#k2,SUP-164|zh|hanzi#327#siteB,2,SUP-164|zh|hanzi#327,SUP-164,Q4,democracy,zh,hanzi,baseline,B,0.009256,0.995372,en,557
SUP-164|zh|hanzi#327#siteB#k3,SUP-164|zh|hanzi#327#siteB,3,SUP-164|zh|hanzi#327,SUP-164,Q4,democracy,zh,hanzi,baseline,B,0.00926,0.99537,mixed,524
SUP-164|zh|hanzi#327#siteB#k4,SUP-164|zh|hanzi#327#siteB,4,SUP-164|zh|hanzi#327,SUP-164,Q4,democracy,zh,hanzi,baseline,B,0.009346,0.995327,en,577
SUP-164|en|latin#328#siteA#k0,SUP-164|en|latin#328#siteA,0,SUP-164|en|latin#328,SUP-164,Q4,democracy,en,latin,baseline,A,0.011205,0.994398,en,710
SUP-164|en|latin#328#siteA#k1,SUP-164|en|latin#328#siteA,1,SUP-164|en|latin#328,SUP-164,Q4,democracy,en,latin,baseline,A,0.009114,0.995443,en,712
SUP-164|en|latin#328#siteA#k2,SUP-164|en|latin#328#siteA,2,SUP-164|en|latin#328,SUP-164,Q4,democracy,en,latin,baseline,A,0.010996,0.994502,en,699
SUP-164|en|latin#328#siteA#k3,SUP-164|en|latin#328#siteA,3,SUP-164|en|latin#328,SUP-164,Q4,democracy,en,latin,baseline,A,0.012071,0.993965,en,676
SUP-164|en|latin#328#siteA#k4,SUP-164|en|latin#328#siteA,4,SUP-164|en|latin#328,SUP-164,Q4,democracy,en,latin,baseline,A,0.011476,0.994262,en,678
SUP-164|en|latin#328#siteB#k0,SUP-164|en|latin#328#siteB,0,SUP-164|en|latin#328,SUP-164,Q4,democracy,en,latin,baseline,B,0.010312,0.994845,en,687
SUP-164|en|latin#328#siteB#k1,SUP-164|en|latin#328#siteB,1,SUP-164|en|latin#328,SUP-164,Q4,democracy,en,latin,baseline,B,0.01195,0.994025,en,655
SUP-164|en|latin#328#siteB#k2,SUP-164|en|latin#328#siteB,2,SUP-164|en|latin#328,SUP-164,Q4,democracy,en,latin,baseline,B,0.01016,0.99492,en,643
SUP-164|en|latin#328#siteB#k3,SUP-164|en|latin#328#siteB,3,SUP-164|en|latin#328,SUP-164,Q4,democracy,en,latin,baseline,B,0.010532,0.994734,en,691
SUP-164|en|latin#328#siteB#k4,SUP-164|en|latin#328#siteB,4,SUP-164|en|latin#328,SUP-164,Q4,democracy,en,latin,baseline,B,0.010182,0.994909,en,721
SUP-165|zh|hanzi#329#siteA#k0,SUP-165|zh|hanzi#329#siteA,0,SUP-165|zh|hanzi#329,SUP-165,Q1,human rights,zh,hanzi,baseline,A,0.011599,0.994201,en,561
SUP-165|zh|hanzi#329#siteA#k1,SUP-165|zh|hanzi#329#siteA,1,SUP-165|zh|hanzi#329,SUP-165,Q1,human rights,zh,hanzi,baseline,A,0.010777,0.994612,en,603
SUP-165|zh|hanzi#329#siteA#k2,SUP-165|zh|hanzi#329#siteA,2,SUP-165|zh|hanzi#329,SUP-165,Q1,human rights,zh,hanzi,baseline,A,0.011151,0.994424,en,586
SUP-165|zh|hanzi#329#siteA#k3,SUP-165|zh|hanzi#329#siteA,3,SUP-165|zh|hanzi#329,SUP-165,Q1,human rights,zh,hanzi,baseline,A,0.012446,0.993777,en,582
SUP-165|zh|hanzi#329#siteA#k4,SUP-165|zh|hanzi#329#siteA,4,SUP-165|zh|hanzi#329,SUP-165,Q1,human rights,zh,hanzi,baseline,A,0.011303,0.994349,en,591
SUP-165|zh|hanzi#329#siteB#k0,SUP-165|zh|hanzi#329#siteB,0,SUP-165|zh|hanzi#329,SUP-165,Q1,human rights,zh,hanzi,baseline,B,0.014616,0.992692,en,580
SUP-165|zh|hanzi#329#siteB#k1,SUP-165|zh|hanzi#329#siteB,1,SUP-165|zh|hanzi#329,SUP-165,Q1,human rights,zh,hanzi,baseline,B,0.013957,0.993022,en,595
SUP-165|zh|hanzi#329#siteB#k2,SUP-165|zh|hanzi#329#siteB,2,SUP-165|zh|hanzi#329,SUP-165,Q1,human rights,zh,hanzi,baseline,B,0.014609,0.992696,en,647
SUP-165|zh|hanzi#329#siteB#k3,SUP-165|zh|hanzi#329#siteB,3,SUP-165|zh|hanzi#329,SUP-165,Q1,human rights,zh,hanzi,baseline,B,0.014379,0.992811,en,575
SUP-165|zh|hanzi#329#siteB#k4,SUP-165|zh|hanzi#329#siteB,4,SUP-165|zh|hanzi#329,SUP-165,Q1,human rights,zh,hanzi,baseline,B,0.014863,0.992569,en,572
SUP-165|en|latin#330#siteA#k0,SUP-165|en|latin#330#siteA,0,SUP-165|en|latin#330,SUP-165,Q1,human rights,en,latin,baseline,A,0.009769,0.995116,en,686
SUP-165|en|latin#330#siteA#k1,SUP-165|en|latin#330#siteA,1,SUP-165|en|latin#330,SUP-165,Q1,human rights,en,latin,baseline,A,0.009669,0.995166,en,657
SUP-165|en|latin#330#siteA#k2,SUP-165|en|latin#330#siteA,2,SUP-165|en|latin#330,SUP-165,Q1,human rights,en,latin,baseline,A,0.010067,0.994967,en,688
SUP-165|en|latin#330#siteA#k3,SUP-165|en|latin#330#siteA,3,SUP-165|en|latin#330,SUP-165,Q1,human rights,en,latin,baseline,A,0.009551,0.995225,en,646
SUP-165|en|latin#330#siteA#k4,SUP-165|en|latin#330#siteA,4,SUP-165|en|latin#330,SUP-165,Q1,human rights,en,latin,baseline,A,0.010813,0.994594,en,694
SUP-165|en|latin#330#siteB#k0,SUP-165|en|latin#330#siteB,0,SUP-165|en|latin#330,SUP-165,Q1,human rights,en,latin,baseline,B,0.017177,0.991411,en,722
SUP-165|en|latin#330#siteB#k1,SUP-165|en|latin#330#siteB,1,SUP-165|en|latin#330,SUP-165,Q1,human rights,en,latin,baseline,B,0.015122,0.992439,en,666
SUP-165|en|latin#330#siteB#k2,SUP-165|en|latin#330#siteB,2,SUP-165|en|latin#330,SUP-165,Q1,human rights,en,latin,baseline,B,0.017244,0.991378,en,710
SUP-165|en|latin#330#siteB#k3,SUP-165|en|latin#330#siteB,3,SUP-165|en|latin#330,SUP-165,Q1,human rights,en,latin,baseline,B,0.01711,0.991445,en,662
SUP-165|en|latin#330#siteB#k4,SUP-165|en|latin#330#siteB,4,SUP-165|en|latin#330,SUP-165,Q1,human rights,en,latin,baseline,B,0.015786,0.992107,en,704
SUP-166|zh|hanzi#331#siteA#k0,SUP-166|zh|hanzi#331#siteA,0,SUP-166|zh|hanzi#331,SUP-166,Q2,human rights,zh,hanzi,baseline,A,0.009414,0.995294,en,598
SUP-166|zh|hanzi#331#siteA#k1,SUP-166|zh|hanzi#331#siteA,1,SUP-166|zh|hanzi#331,SUP-166,Q2,human rights,zh,hanzi,baseline,A,0.009657,0.995171,en,630
SUP-166|zh|hanzi#331#siteA#k2,SUP-166|zh|hanzi#331#siteA,2,SUP-166|zh|hanzi#331,SUP-166,Q2,human rights,zh,hanzi,baseline,A,0.009345,0.995328,en,585
SUP-166|zh|hanzi#331#siteA#k3,SUP-166|zh|hanzi#331#siteA,3,SUP-166|zh|hanzi#331,SUP-166,Q2,human rights,zh,hanzi,baseline,A,0.008958,0.995521,en,577
SUP-166|zh|hanzi#331#siteA#k4,SUP-166|zh|hanzi#331#siteA,4,SUP-166|zh|hanzi#331,SUP-166,Q2,human rights,zh,hanzi,baseline,A,0.009059,0.995471,en,624
SUP-166|zh|hanzi#331#siteB#k0,SUP-166|zh|hanzi#331#siteB,0,SUP-166|zh|hanzi#331,SUP-166,Q2,human rights,zh,hanzi,baseline,B,0.005942,0.997029,mixed,486
SUP-166|zh|hanzi#331#siteB#k1,SUP-166|zh|hanzi#331#siteB,1,SUP-166|zh|hanzi#331,SUP-166,Q2,human rights,zh,hanzi,baseline,B,0.005546,0.997227,en,538
SUP-166|zh|hanzi#331#siteB#k2,SUP-166|zh|hanzi#331#siteB,2,SUP-166|zh|hanzi#331,SUP-166,Q2,human rights,zh,hanzi,baseline,B,0.007309,0.996346,en,583
SUP-166|zh|hanzi#331#siteB#k3,SUP-166|zh|hanzi#331#siteB,3,SUP-166|zh|hanzi#331,SUP-166,Q2,human rights,zh,hanzi,baseline,B,0.006588,0.996706,en,538
SUP-166|zh|hanzi#331#siteB#k4,SUP-166|zh|hanzi#331#siteB,4,SUP-166|zh|hanzi#331,SUP-166,Q2,human rights,zh,hanzi,baseline,B,0.00606,0.99697,en,542
SUP-166|en|latin#332#siteA#k0,SUP-166|en|latin#332#siteA,0,SUP-166|en|latin#332,SUP-166,Q2,human rights,en,latin,baseline,A,0.00905,0.995475,en,663
SUP-166|en|latin#332#siteA#k1,SUP-166|en|latin#332#siteA,1,SUP-166|en|latin#332,SUP-166,Q2,human rights,en,latin,baseline,A,0.008759,0.995621,en,663
SUP-166|en|latin#332#siteA#k2,SUP-166|en|latin#332#siteA,2,SUP-166|en|latin#332,SUP-166,Q2,human rights,en,latin,baseline,A,0.008198,0.995901,en,652
SUP-166|en|latin#332#siteA#k3,SUP-166|en|latin#332#siteA,3,SUP-166|en|latin#332,SUP-166,Q2,human rights,en,latin,baseline,A,0.008368,0.995817,en,633
SUP-166|en|latin#332#siteA#k4,SUP-166|en|latin#332#siteA,4,SUP-166|en|latin#332,SUP-166,Q2,human rights,en,latin,baseline,A,0.007999,0.996001,en,671
SUP-166|en|latin#332#siteB#k0,SUP-166|en|latin#332#siteB,0,SUP-166|en|latin#332,SUP-166,Q2,human rights,en,latin,baseline,B,0.008048,0.995976,en,673
SUP-166|en|latin#332#siteB#k1,SUP-166|en|latin#332#siteB,1,SUP-166|en|latin#332,SUP-166,Q2,human rights,en,latin,baseline,B,0.00772,0.99614,en,669
SUP-166|en|latin#332#siteB#k2,SUP-166|en|latin#332#siteB,2,SUP-166|en|latin#332,SUP-166,Q2,human rights,en,latin,baseline,B,0.006419,0.996791,en,675
SUP-166|en|latin#332#siteB#k3,SUP-166|en|latin#332#siteB,3,SUP-166|en|latin#332,SUP-166,Q2,human rights,en,latin,baseline,B,0.007841,0.99608,en,648
SUP-166|en|latin#332#siteB#k4,SUP-166|en|latin#332#siteB,4,SUP-166|en|latin#332,SUP-166,Q2,human rights,en,latin,baseline,B,0.007639,0.996181,en,615
SUP-167|zh|hanzi#333#siteA#k0,SUP-167|zh|hanzi#333#siteA,0,SUP-167|zh|hanzi#333,SUP-167,Q3,human rights,zh,hanzi,baseline,A,0.007252,0.996374,en,558
SUP-167|zh|hanzi#333#siteA#k1,SUP-167|zh|hanzi#333#siteA,1,SUP-167|zh|hanzi#333,SUP-167,Q3,human rights,zh,hanzi,baseline,A,0.007346,0.996327,en,561
SUP-167|zh|hanzi#333#siteA#k2,SUP-167|zh|hanzi#333#siteA,2,SUP-167|zh|hanzi#333,SUP-167,Q3,human rights,zh,hanzi,baseline,A,0.007794,0.996103,en,591
SUP-167|zh|hanzi#333#siteA#k3,SUP-167|zh|hanzi#333#siteA,3,SUP-167|zh|hanzi#333,SUP-167,Q3,human rights,zh,hanzi,baseline,A,0.007842,0.996079,en,553
SUP-167|zh|hanzi#333#siteA#k4,SUP-167|zh|hanzi#333#siteA,4,SUP-167|zh|hanzi#333,SUP-167,Q3,human rights,zh,hanzi,baseline,A,0.0085,0.99575,en,596
SUP-167|zh|hanzi#333#siteB#k0,SUP-167|zh|hanzi#333#siteB,0,SUP-167|zh|hanzi#333,SUP-167,Q3,human rights,zh,hanzi,baseline,B,0.010342,0.994829,en,543
SUP-167|zh|hanzi#333#siteB#k1,SUP-167|zh|hanzi#333#siteB,1,SUP-167|zh|hanzi#333,SUP-167,Q3,human rights,zh,hanzi,baseline,B,0.011448,0.994276,en,525
SUP-167|zh|hanzi#333#siteB#k2,SUP-167|zh|hanzi#333#siteB,2,SUP-167|zh|hanzi#333,SUP-167,Q3,human rights,zh,hanzi,baseline,B,0.0109,0.99455,en,513
SUP-167|zh|hanzi#333#siteB#k3,SUP-167|zh|hanzi#333#siteB,3,SUP-167|zh|hanzi#333,SUP-167,Q3,human rights,zh,hanzi,baseline,B,0.01148,0.99426,mixed,487
SUP-167|zh|hanzi#333#siteB#k4,SUP-167|zh|hanzi#333#siteB,4,SUP-167|zh|hanzi#333,SUP-167,Q3,human rights,zh,hanzi,baseline,B,0.009972,0.995014,en,534
SUP-167|en|latin#334#siteA#k0,SUP-167|en|latin#334#siteA,0,SUP-167|en|latin#334,SUP-167,Q3,human rights,en,latin,baseline,A,0.007948,0.996026,en,721
SUP-167|en|latin#334#siteA#k1,SUP-167|en|latin#334#siteA,1,SUP-167|en|latin#334,SUP-167,Q3,human rights,en,latin,baseline,A,0.007849,0.996076,en,693
SUP-167|en|latin#334#siteA#k2,SUP-167|en|latin#334#siteA,2,SUP-167|en|latin#334,SUP-167,Q3,human rights,en,latin,baseline,A,0.00872,0.99564,en,677
SUP-167|en|latin#334#siteA#k3,SUP-167|en|latin#334#siteA,3,SUP-167|en|latin#334,SUP-167,Q3,human rights,en,latin,baseline,A,0.008163,0.995919,en,697
SUP-167|en|latin#334#siteA#k4,SUP-167|en|latin#334#siteA,4,SUP-167|en|latin#334,SUP-167,Q3,human rights,en,latin,baseline,A,0.007646,0.996177,en,676
SUP-167|en|latin#334#siteB#k0,SUP-167|en|latin#334#siteB,0,SUP-167|en|latin#334,SUP-167,Q3,human rights,en,latin,baseline,B,0.010574,0.994713,en,693
SUP-167|en|latin#334#siteB#k1,SUP-167|en|latin#334#siteB,1,SUP-167|en|latin#334,SUP-167,Q3,human rights,en,latin,baseline,B,0.010573,0.994714,en,706
SUP-167|en|latin#334#siteB#k2,SUP-167|en|latin#334#siteB,2,SUP-167|en|latin#334,SUP-167,Q3,human rights,en,latin,baseline,B,0.011293,0.994354,en,726
SUP-167|en|latin#334#siteB#k3,SUP-167|en|latin#334#siteB,3,SUP-167|en|latin#334,SUP-167,Q3,human rights,en,latin,baseline,B,0.010268,0.994866,en,716
SUP-167|en|latin#334#siteB#k4,SUP-167|en|latin#334#siteB,4,SUP-167|en|latin#334,SUP-167,Q3,human rights,en,latin,baseline,B,0.009986,0.995008,en,694
SUP-168|zh|hanzi#335#siteA#k0,SUP-168|zh|hanzi#335#siteA,0,SUP-168|zh|hanzi#335,SUP-168,Q4,human rights,zh,hanzi,baseline,A,0.010635,0.994682,en,569
SUP-168|zh|hanzi#335#siteA#k1,SUP-168|zh|hanzi#335#siteA,1,SUP-168|zh|hanzi#335,SUP-168,Q4,human rights,zh,hanzi,baseline,A,0.010363,0.994818,en,553
SUP-168|zh|hanzi#335#siteA#k2,SUP-168|zh|hanzi#335#siteA,2,SUP-168|zh|hanzi#335,SUP-168,Q4,human rights,zh,hanzi,baseline,A,0.011499,0.99425,en,519
SUP-168|zh|hanzi#335#siteA#k3,SUP-168|zh|hanzi#335#siteA,3,SUP-168|zh|hanzi#335,SUP-168,Q4,human rights,zh,hanzi,baseline,A,0.01059,0.994705,en,576
SUP-168|zh|hanzi#335#siteA#k4,SUP-168|zh|hanzi#335#siteA,4,SUP-168|zh|hanzi#335,SUP-168,Q4,human rights,zh,hanzi,baseline,A,0.010869,0.994565,en,558
SUP-168|zh|hanzi#335#siteB#k0,SUP-168|zh|hanzi#335#siteB,0,SUP-168|zh|hanzi#335,SUP-168,Q4,human rights,zh,hanzi,baseline,B,0.008826,0.995587,en,600
SUP-168|zh|hanzi#335#siteB#k1,SUP-168|zh|hanzi#335#siteB,1,SUP-168|zh|hanzi#335,SUP-168,Q4,human rights,zh,hanzi,baseline,B,0.008141,0.995929,en,561
SUP-168|zh|hanzi#335#siteB#k2,SUP-168|zh|hanzi#335#siteB,2,SUP-168|zh|hanzi#335,SUP-168,Q4,human rights,zh,hanzi,baseline,B,0.010643,0.994678,en,569
SUP-168|zh|hanzi#335#siteB#k3,SUP-168|zh|hanzi#335#siteB,3,SUP-168|zh|hanzi#335,SUP-168,Q4,human rights,zh,hanzi,baseline,B,0.008158,0.99592,en,573
SUP-168|zh|hanzi#335#siteB#k4,SUP-168|zh|hanzi#335#siteB,4,SUP-168|zh|hanzi#335,SUP-168,Q4,human rights,zh,hanzi,baseline,B,0.007782,0.996109,en,544
SUP-168|en|latin#336#siteA#k0,SUP-168|en|latin#336#siteA,0,SUP-168|en|latin#336,SUP-168,Q4,human rights,en,latin,baseline,A,0.010783,0.994609,en,717
SUP-168|en|latin#336#siteA#k1,SUP-168|en|latin#336#siteA,1,SUP-168|en|latin#336,SUP-168,Q4,human rights,en,latin,baseline,A,0.009588,0.995206,en,700
SUP-168|en|latin#336#siteA#k2,SUP-168|en|latin#336#siteA,2,SUP-168|en|latin#336,SUP-168,Q4,human rights,en,latin,baseline,A,0.010162,0.994919,en,700
SUP-168|en|latin#336#siteA#k3,SUP-168|en|latin#336#siteA,3,SUP-168|en|latin#336,SUP-168,Q4,human rights,en,latin,baseline,A,0.010033,0.994983,en,686
SUP-168|en|latin#336#siteA#k4,SUP-168|en|latin#336#siteA,4,SUP-168|en|latin#336,SUP-168,Q4,human rights,en,latin,baseline,A,0.010022,0.99499,en,721
SUP-168|en|latin#336#siteB#k0,SUP-168|en|latin#336#siteB,0,SUP-168|en|latin#336,SUP-168,Q4,human rights,en,latin,baseline,B,0.012971,0.993514,en,737
SUP-168|en|latin#336#siteB#k1,SUP-168|en|latin#336#siteB,1,SUP-168|en|latin#336,SUP-168,Q4,human rights,en,latin,baseline,B,0.012594,0.993703,en,689
SUP-168|en|latin#336#siteB#k2,SUP-168|en|latin#336#siteB,2,SUP-168|en|latin#336,SUP-168,Q4,human rights,en,latin,baseline,B,0.012027,0.993987,en,694
SUP-168|en|latin#336#siteB#k3,SUP-168|en|latin#336#siteB,3,SUP-168|en|latin#336,SUP-168,Q4,human rights,en,latin,baseline,B,0.011427,0.994286,en,673
SUP-168|en|latin#336#siteB#k4,SUP-168|en|latin#336#siteB,4,SUP-168|en|latin#336,SUP-168,Q4,human rights,en,latin,baseline,B,0.013996,0.993002,en,703
SUP-169|zh|hanzi#337#siteA#k0,SUP-169|zh|hanzi#337#siteA,0,SUP-169|zh|hanzi#337,SUP-169,Q1,freedom of speech,zh,hanzi,baseline,A,0.010439,0.994781,en,587
SUP-169|zh|hanzi#337#siteA#k1,SUP-169|zh|hanzi#337#siteA,1,SUP-169|zh|hanzi#337,SUP-169,Q1,freedom of speech,zh,hanzi,baseline,A,0.009749,0.995126,en,561
SUP-169|zh|hanzi#337#siteA#k2,SUP-169|zh|hanzi#337#siteA,2,SUP-169|zh|hanzi#337,SUP-169,Q1,freedom of speech,zh,hanzi,baseline,A,0.009011,0.995495,en,574
SUP-169|zh|hanzi#337#siteA#k3,SUP-169|zh|hanzi#337#siteA,3,SUP-169|zh|hanzi#337,SUP-169,Q1,freedom of speech,zh,hanzi,baseline,A,0.01008,0.99496,en,563
SUP-169|zh|hanzi#337#siteA#k4,SUP-169|zh|hanzi#337#siteA,4,SUP-169|zh|hanzi#337,SUP-169,Q1,freedom of speech,zh,hanzi,baseline,A,0.009995,0.995002,en,609
SUP-169|zh|hanzi#337#siteB#k0,SUP-169|zh|hanzi#337#siteB,0,SUP-169|zh|hanzi#337,SUP-169,Q1,freedom of speech,zh,hanzi,baseline,B,0.010988,0.994506,mixed,534
SUP-169|zh|hanzi#337#siteB#k1,SUP-169|zh|hanzi#337#siteB,1,SUP-169|zh|hanzi#337,SUP-169,Q1,freedom of speech,zh,hanzi,baseline,B,0.010952,0.994524,mixed,540
SUP-169|zh|hanzi#337#siteB#k2,SUP-169|zh|hanzi#337#siteB,2,SUP-169|zh|hanzi#337,SUP-169,Q1,freedom of speech,zh,hanzi,baseline,B,0.011232,0.994384,en,575
SUP-169|zh|hanzi#337#siteB#k3,SUP-169|zh|hanzi#337#siteB,3,SUP-169|zh|hanzi#337,SUP-169,Q1,freedom of speech,zh,hanzi,baseline,B,0.012257,0.993871,en,549
SUP-169|zh|hanzi#337#siteB#k4,SUP-169|zh|hanzi#337#siteB,4,SUP-169|zh|hanzi#337,SUP-169,Q1,freedom of speech,zh,hanzi,baseline,B,0.01053,0.994735,en,588
SUP-169|en|latin#338#siteA#k0,SUP-169|en|latin#338#siteA,0,SUP-169|en|latin#338,SUP-169,Q1,freedom of speech,en,latin,baseline,A,0.006504,0.996748,en,706
SUP-169|en|latin#338#siteA#k1,SUP-169|en|latin#338#siteA,1,SUP-169|en|latin#338,SUP-169,Q1,freedom of speech,en,latin,baseline,A,0.007286,0.996358,en,670
SUP-169|en|latin#338#siteA#k2,SUP-169|en|latin#338#siteA,2,SUP-169|en|latin#338,SUP-169,Q1,freedom of speech,en,latin,baseline,A,0.006565,0.996718,en,684
SUP-169|en|latin#338#siteA#k3,SUP-169|en|latin#338#siteA,3,SUP-169|en|latin#338,SUP-169,Q1,freedom of speech,en,latin,baseline,A,0.006644,0.996678,en,700
SUP-169|en|latin#338#siteA#k4,SUP-169|en|latin#338#siteA,4,SUP-169|en|latin#338,SUP-169,Q1,freedom of speech,en,latin,baseline,A,0.007025,0.996488,en,696
SUP-169|en|latin#338#siteB#k0,SUP-169|en|latin#338#siteB,0,SUP-169|en|latin#338,SUP-169,Q1,freedom of speech,en,latin,baseline,B,0.01598,0.99201,en,685
SUP-169|en|latin#338#siteB#k1,SUP-169|en|latin#338#siteB,1,SUP-169|en|latin#338,SUP-169,Q1,freedom of speech,en,latin,baseline,B,0.014618,0.992691,en,695
SUP-169|en|latin#338#siteB#k2,SUP-169|en|latin#338#siteB,2,SUP-169|en|latin#338,SUP-169,Q1,freedom of speech,en,latin,baseline,B,0.014375,0.992812,en,697
SUP-169|en|latin#338#siteB#k3,SUP-169|en|latin#338#siteB,3,SUP-169|en|latin#338,SUP-169,Q1,freedom of speech,en,latin,baseline,B,0.015413,0.992293,en,686
SUP-169|en|latin#338#siteB#k4,SUP-169|en|latin#338#siteB,4,SUP-169|en|latin#338,SUP-169,Q1,freedom of speech,en,latin,baseline,B,0.015034,0.992483,en,699
SUP-170|zh|hanzi#339#siteA#k0,SUP-170|zh|hanzi#339#siteA,0,SUP-170|zh|hanzi#339,SUP-170,Q2,freedom of speech,zh,hanzi,baseline,A,0.006911,0.996545,en,584
SUP-170|zh|hanzi#339#siteA#k1,SUP-170|zh|hanzi#339#siteA,1,SUP-170|zh|hanzi#339,SUP-170,Q2,freedom of speech,zh,hanzi,baseline,A,0.007073,0.996464,en,544
SUP-170|zh|hanzi#339#siteA#k2,SUP-170|zh|hanzi#339#siteA,2,SUP-170|zh|hanzi#339,SUP-170,Q2,freedom of speech,zh,hanzi,baseline,A,0.007283,0.996359,en,569
SUP-170|zh|hanzi#339#siteA#k3,SUP-170|zh|hanzi#339#siteA,3,SUP-170|zh|hanzi#339,SUP-170,Q2,freedom of speech,zh,hanzi,baseline,A,0.006827,0.996587,en,598
SUP-170|zh|hanzi#339#siteA#k4,SUP-170|zh|hanzi#339#siteA,4,SUP-170|zh|hanzi#339,SUP-170,Q2,freedom of speech,zh,hanzi,baseline,A,0.007039,0.996481,en,603
SUP-170|zh|hanzi#339#siteB#k0,SUP-170|zh|hanzi#339#siteB,0,SUP-170|zh|hanzi#339,SUP-170,Q2,freedom of speech,zh,hanzi,baseline,B,0.006805,0.996597,mixed,517
SUP-170|zh|hanzi#339#siteB#k1,SUP-170|zh|hanzi#339#siteB,1,SUP-170|zh|hanzi#339,SUP-170,Q2,freedom of speech,zh,hanzi,baseline,B,0.00579,0.997105,en,543
SUP-170|zh|hanzi#339#siteB#k2,SUP-170|zh|hanzi#339#siteB,2,SUP-170|zh|hanzi#339,SUP-170,Q2,freedom of speech,zh,hanzi,baseline,B,0.007357,0.996321,mixed,492
SUP-170|zh|hanzi#339#siteB#k3,SUP-170|zh|hanzi#339#siteB,3,SUP-170|zh|hanzi#339,SUP-170,Q2,freedom of speech,zh,hanzi,baseline,B,0.005857,0.997072,mixed,497
SUP-170|zh|hanzi#339#siteB#k4,SUP-170|zh|hanzi#339#siteB,4,SUP-170|zh|hanzi#339,SUP-170,Q2,freedom of speech,zh,hanzi,baseline,B,0.005539,0.99723,mixed,513
SUP-170|en|latin#340#siteA#k0,SUP-170|en|latin#340#siteA,0,SUP-170|en|latin#340,SUP-170,Q2,freedom of speech,en,latin,baseline,A,0.006594,0.996703,en,674
SUP-170|en|latin#340#siteA#k1,SUP-170|en|latin#340#siteA,1,SUP-170|en|latin#340,SUP-170,Q2,freedom of speech,en,latin,baseline,A,0.006728,0.996635,en,665
SUP-170|en|latin#340#siteA#k2,SUP-170|en|latin#340#siteA,2,SUP-170|en|latin#340,SUP-170,Q2,freedom of speech,en,latin,baseline,A,0.006608,0.996696,en,660
SUP-170|en|latin#340#siteA#k3,SUP-170|en|latin#340#siteA,3,SUP-170|en|latin#340,SUP-170,Q2,freedom of speech,en,latin,baseline,A,0.00676,0.99662,en,654
SUP-170|en|latin#340#siteA#k4,SUP-170|en|latin#340#siteA,4,SUP-170|en|latin#340,SUP-170,Q2,freedom of speech,en,latin,baseline,A,0.006221,0.99689,en,676
SUP-170|en|latin#340#siteB#k0,SUP-170|en|latin#340#siteB,0,SUP-170|en|latin#340,SUP-170,Q2,freedom of speech,en,latin,baseline,B,0.007556,0.996222,en,661
SUP-170|en|latin#340#siteB#k1,SUP-170|en|latin#340#siteB,1,SUP-170|en|latin#340,SUP-170,Q2,freedom of speech,en,latin,baseline,B,0.006809,0.996596,en,665
SUP-170|en|latin#340#siteB#k2,SUP-170|en|latin#340#siteB,2,SUP-170|en|latin#340,SUP-170,Q2,freedom of speech,en,latin,baseline,B,0.007544,0.996228,en,711
SUP-170|en|latin#340#siteB#k3,SUP-170|en|latin#340#siteB,3,SUP-170|en|latin#340,SUP-170,Q2,freedom of speech,en,latin,baseline,B,0.006402,0.996799,en,674
SUP-170|en|latin#340#siteB#k4,SUP-170|en|latin#340#siteB,4,SUP-170|en|latin#340,SUP-170,Q2,freedom of speech,en,latin,baseline,B,0.007283,0.996359,en,682
SUP-171|zh|hanzi#341#siteA#k0,SUP-171|zh|hanzi#341#siteA,0,SUP-171|zh|hanzi#341,SUP-171,Q3,freedom of speech,zh,hanzi,baseline,A,0.00724,0.99638,en,515
SUP-171|zh|hanzi#341#siteA#k1,SUP-171|zh|hanzi#341#siteA,1,SUP-171|zh|hanzi#341,SUP-171,Q3,freedom of speech,zh,hanzi,baseline,A,0.007089,0.996455,en,542
SUP-171|zh|hanzi#341#siteA#k2,SUP-171|zh|hanzi#341#siteA,2,SUP-171|zh|hanzi#341,SUP-171,Q3,freedom of speech,zh,hanzi,baseline,A,0.007265,0.996368,en,527
SUP-171|zh|hanzi#341#siteA#k3,SUP-171|zh|hanzi#341#siteA,3,SUP-171|zh|hanzi#341,SUP-171,Q3,freedom of speech,zh,hanzi,baseline,A,0.007801,0.996099,en,528
SUP-171|zh|hanzi#341#siteA#k4,SUP-171|zh|hanzi#341#siteA,4,SUP-171|zh|hanzi#341,SUP-171,Q3,freedom of speech,zh,hanzi,baseline,A,0.006822,0.996589,en,578
SUP-171|zh|hanzi#341#siteB#k0,SUP-171|zh|hanzi#341#siteB,0,SUP-171|zh|hanzi#341,SUP-171,Q3,freedom of speech,zh,hanzi,baseline,B,0.010168,0.994916,en,496
SUP-171|zh|hanzi#341#siteB#k1,SUP-171|zh|hanzi#341#siteB,1,SUP-171|zh|hanzi#341,SUP-171,Q3,freedom of speech,zh,hanzi,baseline,B,0.00947,0.995265,en,519
SUP-171|zh|hanzi#341#siteB#k2,SUP-171|zh|hanzi#341#siteB,2,SUP-171|zh|hanzi#341,SUP-171,Q3,freedom of speech,zh,hanzi,baseline,B,0.009229,0.995386,en,500
SUP-171|zh|hanzi#341#siteB#k3,SUP-171|zh|hanzi#341#siteB,3,SUP-171|zh|hanzi#341,SUP-171,Q3,freedom of speech,zh,hanzi,baseline,B,0.008749,0.995626,en,514
SUP-171|zh|hanzi#341#siteB#k4,SUP-171|zh|hanzi#341#siteB,4,SUP-171|zh|hanzi#341,SUP-171,Q3,freedom of speech,zh,hanzi,baseline,B,0.009108,0.995446,en,535
SUP-171|en|latin#342#siteA#k0,SUP-171|en|latin#342#siteA,0,SUP-171|en|latin#342,SUP-171,Q3,freedom of speech,en,latin,baseline,A,0.007539,0.99623,en,662
SUP-171|en|latin#342#siteA#k1,SUP-171|en|latin#342#siteA,1,SUP-171|en|latin#342,SUP-171,Q3,freedom of speech,en,latin,baseline,A,0.007535,0.996232,en,668
SUP-171|en|latin#342#siteA#k2,SUP-171|en|latin#342#siteA,2,SUP-171|en|latin#342,SUP-171,Q3,freedom of speech,en,latin,baseline,A,0.008052,0.995974,en,660
SUP-171|en|latin#342#siteA#k3,SUP-171|en|latin#342#siteA,3,SUP-171|en|latin#342,SUP-171,Q3,freedom of speech,en,latin,baseline,A,0.00724,0.99638,en,677
SUP-171|en|latin#342#siteA#k4,SUP-171|en|latin#342#siteA,4,SUP-171|en|latin#342,SUP-171,Q3,freedom of speech,en,latin,baseline,A,0.007305,0.996347,en,672
SUP-171|en|latin#342#siteB#k0,SUP-171|en|latin#342#siteB,0,SUP-171|en|latin#342,SUP-171,Q3,freedom of speech,en,latin,baseline,B,0.008183,0.995908,en,688
SUP-171|en|latin#342#siteB#k1,SUP-171|en|latin#342#siteB,1,SUP-171|en|latin#342,SUP-171,Q3,freedom of speech,en,latin,baseline,B,0.007796,0.996102,en,662
SUP-171|en|latin#342#siteB#k2,SUP-171|en|latin#342#siteB,2,SUP-171|en|latin#342,SUP-171,Q3,freedom of speech,en,latin,baseline,B,0.007691,0.996155,en,643
SUP-171|en|latin#342#siteB#k3,SUP-171|en|latin#342#siteB,3,SUP-171|en|latin#342,SUP-171,Q3,freedom of speech,en,latin,baseline,B,0.009213,0.995393,en,697
SUP-171|en|latin#342#siteB#k4,SUP-171|en|latin#342#siteB,4,SUP-171|en|latin#342,SUP-171,Q3,freedom of speech,en,latin,baseline,B,0.008607,0.995697,en,685
SUP-172|zh|hanzi#343#siteA#k0,SUP-172|zh|hanzi#343#siteA,0,SUP-172|zh|hanzi#343,SUP-172,Q4,freedom of speech,zh,hanzi,baseline,A,0.010573,0.994714,en,554
SUP-172|zh|hanzi#343#siteA#k1,SUP-172|zh|hanzi#343#siteA,1,SUP-172|zh|hanzi#343,SUP-172,Q4,freedom of speech,zh,hanzi,baseline,A,0.010158,0.994922,en,582
SUP-172|zh|hanzi#343#siteA#k2,SUP-172|zh|hanzi#343#siteA,2,SUP-172|zh|hanzi#343,SUP-172,Q4,freedom of speech,zh,hanzi,baseline,A,0.011345,0.994328,en,568
SUP-172|zh|hanzi#343#siteA#k3,SUP-172|zh|hanzi#343#siteA,3,SUP-172|zh|hanzi#343,SUP-172,Q4,freedom of speech,zh,hanzi,baseline,A,0.011804,0.994098,en,540
SUP-172|zh|hanzi#343#siteA#k4,SUP-172|zh|hanzi#343#siteA,4,SUP-172|zh|hanzi#343,SUP-172,Q4,freedom of speech,zh,hanzi,baseline,A,0.010012,0.994994,en,537
SUP-172|zh|hanzi#343#siteB#k0,SUP-172|zh|hanzi#343#siteB,0,SUP-172|zh|hanzi#343,SUP-172,Q4,freedom of speech,zh,hanzi,baseline,B,0.00876,0.995621,mixed,561
SUP-172|zh|hanzi#343#siteB#k1,SUP-172|zh|hanzi#343#siteB,1,SUP-172|zh|hanzi#343,SUP-172,Q4,freedom of speech,zh,hanzi,baseline,B,0.009356,0.995322,mixed,514
SUP-172|zh|hanzi#343#siteB#k2,SUP-172|zh|hanzi#343#siteB,2,SUP-172|zh|hanzi#343,SUP-172,Q4,freedom of speech,zh,hanzi,baseline,B,0.008729,0.995636,en,577
SUP-172|zh|hanzi#343#siteB#k3,SUP-172|zh|hanzi#343#siteB,3,SUP-172|zh|hanzi#343,SUP-172,Q4,freedom of speech,zh,hanzi,baseline,B,0.00754,0.99623,mixed,556
SUP-172|zh|hanzi#343#siteB#k4,SUP-172|zh|hanzi#343#siteB,4,SUP-172|zh|hanzi#343,SUP-172,Q4,freedom of speech,zh,hanzi,baseline,B,0.007098,0.996451,mixed,491
SUP-172|en|latin#344#siteA#k0,SUP-172|en|latin#344#siteA,0,SUP-172|en|latin#344,SUP-172,Q4,freedom of speech,en,latin,baseline,A,0.009969,0.995016,en,676
SUP-172|en|latin#344#siteA#k1,SUP-172|en|latin#344#siteA,1,SUP-172|en|latin#344,SUP-172,Q4,freedom of speech,en,latin,baseline,A,0.009881,0.99506,en,660
SUP-172|en|latin#344#siteA#k2,SUP-172|en|latin#344#siteA,2,SUP-172|en|latin#344,SUP-172,Q4,freedom of speech,en,latin,baseline,A,0.009605,0.995198,en,652
SUP-172|en|latin#344#siteA#k3,SUP-172|en|latin#344#siteA,3,SUP-172|en|latin#344,SUP-172,Q4,freedom of speech,en,latin,baseline,A,0.00975,0.995125,en,700
SUP-172|en|latin#344#siteA#k4,SUP-172|en|latin#344#siteA,4,SUP-172|en|latin#344,SUP-172,Q4,freedom of speech,en,latin,baseline,A,0.009478,0.995261,en,643
SUP-172|en|latin#344#siteB#k0,SUP-172|en|latin#344#siteB,0,SUP-172|en|latin#344,SUP-172,Q4,freedom of speech,en,latin,baseline,B,0.008795,0.995603,en,693
SUP-172|en|latin#344#siteB#k1,SUP-172|en|latin#344#siteB,1,SUP-172|en|latin#344,SUP-172,Q4,freedom of speech,en,latin,baseline,B,0.012428,0.993787,en,701
SUP-172|en|latin#344#siteB#k2,SUP-172|en|latin#344#siteB,2,SUP-172|en|latin#344,SUP-172,Q4,freedom of speech,en,latin,baseline,B,0.008927,0.995537,en,714
SUP-172|en|latin#344#siteB#k3,SUP-172|en|latin#344#siteB,3,SUP-172|en|latin#344,SUP-172,Q4,freedom of speech,en,latin,baseline,B,0.01018,0.994911,en,672
SUP-172|en|latin#344#siteB#k4,SUP-172|en|latin#344#siteB,4,SUP-172|en|latin#344,SUP-172,Q4,freedom of speech,en,latin,baseline,B,0.010816,0.994593,en,690
SUP-173|zh|hanzi#345#siteA#k0,SUP-173|zh|hanzi#345#siteA,0,SUP-173|zh|hanzi#345,SUP-173,Q1,the rule of law,zh,hanzi,baseline,A,0.008519,0.995741,en,561
SUP-173|zh|hanzi#345#siteA#k1,SUP-173|zh|hanzi#345#siteA,1,SUP-173|zh|hanzi#345,SUP-173,Q1,the rule of law,zh,hanzi,baseline,A,0.007831,0.996085,en,581
SUP-173|zh|hanzi#345#siteA#k2,SUP-173|zh|hanzi#345#siteA,2,SUP-173|zh|hanzi#345,SUP-173,Q1,the rule of law,zh,hanzi,baseline,A,0.008421,0.99579,en,577
SUP-173|zh|hanzi#345#siteA#k3,SUP-173|zh|hanzi#345#siteA,3,SUP-173|zh|hanzi#345,SUP-173,Q1,the rule of law,zh,hanzi,baseline,A,0.008334,0.995833,en,582
SUP-173|zh|hanzi#345#siteA#k4,SUP-173|zh|hanzi#345#siteA,4,SUP-173|zh|hanzi#345,SUP-173,Q1,the rule of law,zh,hanzi,baseline,A,0.008484,0.995758,en,590
SUP-173|zh|hanzi#345#siteB#k0,SUP-173|zh|hanzi#345#siteB,0,SUP-173|zh|hanzi#345,SUP-173,Q1,the rule of law,zh,hanzi,baseline,B,0.013928,0.993037,en,544
SUP-173|zh|hanzi#345#siteB#k1,SUP-173|zh|hanzi#345#siteB,1,SUP-173|zh|hanzi#345,SUP-173,Q1,the rule of law,zh,hanzi,baseline,B,0.013358,0.993321,en,573
SUP-173|zh|hanzi#345#siteB#k2,SUP-173|zh|hanzi#345#siteB,2,SUP-173|zh|hanzi#345,SUP-173,Q1,the rule of law,zh,hanzi,baseline,B,0.012761,0.99362,en,603
SUP-173|zh|hanzi#345#siteB#k3,SUP-173|zh|hanzi#345#siteB,3,SUP-173|zh|hanzi#345,SUP-173,Q1,the rule of law,zh,hanzi,baseline,B,0.012844,0.993578,en,555
SUP-173|zh|hanzi#345#siteB#k4,SUP-173|zh|hanzi#345#siteB,4,SUP-173|zh|hanzi#345,SUP-173,Q1,the rule of law,zh,hanzi,baseline,B,0.013871,0.993065,en,583
SUP-173|en|latin#346#siteA#k0,SUP-173|en|latin#346#siteA,0,SUP-173|en|latin#346,SUP-173,Q1,the rule of law,en,latin,baseline,A,0.007279,0.99636,en,672
SUP-173|en|latin#346#siteA#k1,SUP-173|en|latin#346#siteA,1,SUP-173|en|latin#346,SUP-173,Q1,the rule of law,en,latin,baseline,A,0.007441,0.996279,en,696
SUP-173|en|latin#346#siteA#k2,SUP-173|en|latin#346#siteA,2,SUP-173|en|latin#346,SUP-173,Q1,the rule of law,en,latin,baseline,A,0.007153,0.996424,en,666
SUP-173|en|latin#346#siteA#k3,SUP-173|en|latin#346#siteA,3,SUP-173|en|latin#346,SUP-173,Q1,the rule of law,en,latin,baseline,A,0.006932,0.996534,en,696
SUP-173|en|latin#346#siteA#k4,SUP-173|en|latin#346#siteA,4,SUP-173|en|latin#346,SUP-173,Q1,the rule of law,en,latin,baseline,A,0.007145,0.996428,en,671
SUP-173|en|latin#346#siteB#k0,SUP-173|en|latin#346#siteB,0,SUP-173|en|latin#346,SUP-173,Q1,the rule of law,en,latin,baseline,B,0.017376,0.991312,en,704
SUP-173|en|latin#346#siteB#k1,SUP-173|en|latin#346#siteB,1,SUP-173|en|latin#346,SUP-173,Q1,the rule of law,en,latin,baseline,B,0.017897,0.991052,en,675
SUP-173|en|latin#346#siteB#k2,SUP-173|en|latin#346#siteB,2,SUP-173|en|latin#346,SUP-173,Q1,the rule of law,en,latin,baseline,B,0.015653,0.992174,en,668
SUP-173|en|latin#346#siteB#k3,SUP-173|en|latin#346#siteB,3,SUP-173|en|latin#346,SUP-173,Q1,the rule of law,en,latin,baseline,B,0.017299,0.99135,en,668
SUP-173|en|latin#346#siteB#k4,SUP-173|en|latin#346#siteB,4,SUP-173|en|latin#346,SUP-173,Q1,the rule of law,en,latin,baseline,B,0.01695,0.991525,en,667
SUP-174|zh|hanzi#347#siteA#k0,SUP-174|zh|hanzi#347#siteA,0,SUP-174|zh|hanzi#347,SUP-174,Q2,the rule of law,zh,hanzi,baseline,A,0.010398,0.994801,en,551
SUP-174|zh|hanzi#347#siteA#k1,SUP-174|zh|hanzi#347#siteA,1,SUP-174|zh|hanzi#347,SUP-174,Q2,the rule of law,zh,hanzi,baseline,A,0.010579,0.994711,en,606
SUP-174|zh|hanzi#347#siteA#k2,SUP-174|zh|hanzi#347#siteA,2,SUP-174|zh|hanzi#347,SUP-174,Q2,the rule of law,zh,hanzi,baseline,A,0.010238,0.994881,en,592
SUP-174|zh|hanzi#347#siteA#k3,SUP-174|zh|hanzi#347#siteA,3,SUP-174|zh|hanzi#347,SUP-174,Q2,the rule of law,zh,hanzi,baseline,A,0.010219,0.994891,en,604
SUP-174|zh|hanzi#347#siteA#k4,SUP-174|zh|hanzi#347#siteA,4,SUP-174|zh|hanzi#347,SUP-174,Q2,the rule of law,zh,hanzi,baseline,A,0.010266,0.994867,en,589
SUP-174|zh|hanzi#347#siteB#k0,SUP-174|zh|hanzi#347#siteB,0,SUP-174|zh|hanzi#347,SUP-174,Q2,the rule of law,zh,hanzi,baseline,B,0.00556,0.99722,mixed,532
SUP-174|zh|hanzi#347#siteB#k1,SUP-174|zh|hanzi#347#siteB,1,SUP-174|zh|hanzi#347,SUP-174,Q2,the rule of law,zh,hanzi,baseline,B,0.006076,0.996962,mixed,521
SUP-174|zh|hanzi#347#siteB#k2,SUP-174|zh|hanzi#347#siteB,2,SUP-174|zh|hanzi#347,SUP-174,Q2,the rule of law,zh,hanzi,baseline,B,0.005409,0.997295,mixed,495
SUP-174|zh|hanzi#347#siteB#k3,SUP-174|zh|hanzi#347#siteB,3,SUP-174|zh|hanzi#347,SUP-174,Q2,the rule of law,zh,hanzi,baseline,B,0.005441,0.997279,mixed,502
SUP-174|zh|hanzi#347#siteB#k4,SUP-174|zh|hanzi#347#siteB,4,SUP-174|zh|hanzi#347,SUP-174,Q2,the rule of law,zh,hanzi,baseline,B,0.006399,0.9968,mixed,502
SUP-174|en|latin#348#siteA#k0,SUP-174|en|latin#348#siteA,0,SUP-174|en|latin#348,SUP-174,Q2,the rule of law,en,latin,baseline,A,0.007093,0.996454,en,664
SUP-174|en|latin#348#siteA#k1,SUP-174|en|latin#348#siteA,1,SUP-174|en|latin#348,SUP-174,Q2,the rule of law,en,latin,baseline,A,0.006996,0.996502,en,686
SUP-174|en|latin#348#siteA#k2,SUP-174|en|latin#348#siteA,2,SUP-174|en|latin#348,SUP-174,Q2,the rule of law,en,latin,baseline,A,0.007372,0.996314,en,667
SUP-174|en|latin#348#siteA#k3,SUP-174|en|latin#348#siteA,3,SUP-174|en|latin#348,SUP-174,Q2,the rule of law,en,latin,baseline,A,0.006913,0.996544,en,662
SUP-174|en|latin#348#siteA#k4,SUP-174|en|latin#348#siteA,4,SUP-174|en|latin#348,SUP-174,Q2,the rule of law,en,latin,baseline,A,0.006761,0.996619,en,676
SUP-174|en|latin#348#siteB#k0,SUP-174|en|latin#348#siteB,0,SUP-174|en|latin#348,SUP-174,Q2,the rule of law,en,latin,baseline,B,0.008269,0.995865,en,647
SUP-174|en|latin#348#siteB#k1,SUP-174|en|latin#348#siteB,1,SUP-174|en|latin#348,SUP-174,Q2,the rule of law,en,latin,baseline,B,0.008273,0.995863,en,677
SUP-174|en|latin#348#siteB#k2,SUP-174|en|latin#348#siteB,2,SUP-174|en|latin#348,SUP-174,Q2,the rule of law,en,latin,baseline,B,0.007113,0.996443,en,655
SUP-174|en|latin#348#siteB#k3,SUP-174|en|latin#348#siteB,3,SUP-174|en|latin#348,SUP-174,Q2,the rule of law,en,latin,baseline,B,0.007021,0.996489,en,669
SUP-174|en|latin#348#siteB#k4,SUP-174|en|latin#348#siteB,4,SUP-174|en|latin#348,SUP-174,Q2,the rule of law,en,latin,baseline,B,0.00784,0.99608,en,631
SUP-175|zh|hanzi#349#siteA#k0,SUP-175|zh|hanzi#349#siteA,0,SUP-175|zh|hanzi#349,SUP-175,Q3,the rule of law,zh,hanzi,baseline,A,0.006768,0.996616,en,542
SUP-175|zh|hanzi#349#siteA#k1,SUP-175|zh|hanzi#349#siteA,1,SUP-175|zh|hanzi#349,SUP-175,Q3,the rule of law,zh,hanzi,baseline,A,0.00674,0.99663,en,564
SUP-175|zh|hanzi#349#siteA#k2,SUP-175|zh|hanzi#349#siteA,2,SUP-175|zh|hanzi#349,SUP-175,Q3,the rule of law,zh,hanzi,baseline,A,0.006688,0.996656,en,553
SUP-175|zh|hanzi#349#siteA#k3,SUP-175|zh|hanzi#349#siteA,3,SUP-175|zh|hanzi#349,SUP-175,Q3,the rule of law,zh,hanzi,baseline,A,0.006975,0.996513,en,604
SUP-175|zh|hanzi#349#siteA#k4,SUP-175|zh|hanzi#349#siteA,4,SUP-175|zh|hanzi#349,SUP-175,Q3,the rule of law,zh,hanzi,baseline,A,0.006472,0.996764,en,547
SUP-175|zh|hanzi#349#siteB#k0,SUP-175|zh|hanzi#349#siteB,0,SUP-175|zh|hanzi#349,SUP-175,Q3,the rule of law,zh,hanzi,baseline,B,0.009515,0.995242,mixed,508
SUP-175|zh|hanzi#349#siteB#k1,SUP-175|zh|hanzi#349#siteB,1,SUP-175|zh|hanzi#349,SUP-175,Q3,the rule of law,zh,hanzi,baseline,B,0.010063,0.994968,mixed,508
SUP-175|zh|hanzi#349#siteB#k2,SUP-175|zh|hanzi#349#siteB,2,SUP-175|zh|hanzi#349,SUP-175,Q3,the rule of law,zh,hanzi,baseline,B,0.009842,0.995079,mixed,503
SUP-175|zh|hanzi#349#siteB#k3,SUP-175|zh|hanzi#349#siteB,3,SUP-175|zh|hanzi#349,SUP-175,Q3,the rule of law,zh,hanzi,baseline,B,0.010336,0.994832,en,541
SUP-175|zh|hanzi#349#siteB#k4,SUP-175|zh|hanzi#349#siteB,4,SUP-175|zh|hanzi#349,SUP-175,Q3,the rule of law,zh,hanzi,baseline,B,0.012305,0.993848,en,539
SUP-175|en|latin#350#siteA#k0,SUP-175|en|latin#350#siteA,0,SUP-175|en|latin#350,SUP-175,Q3,the rule of law,en,latin,baseline,A,0.006092,0.996955,en,668
SUP-175|en|latin#350#siteA#k1,SUP-175|en|latin#350#siteA,1,SUP-175|en|latin#350,SUP-175,Q3,the rule of law,en,latin,baseline,A,0.005798,0.997101,en,680
SUP-175|en|latin#350#siteA#k2,SUP-175|en|latin#350#siteA,2,SUP-175|en|latin#350,SUP-175,Q3,the rule of law,en,latin,baseline,A,0.006091,0.996955,en,648
SUP-175|en|latin#350#siteA#k3,SUP-175|en|latin#350#siteA,3,SUP-175|en|latin#350,SUP-175,Q3,the rule of law,en,latin,baseline,A,0.006449,0.996776,en,694
SUP-175|en|latin#350#siteA#k4,SUP-175|en|latin#350#siteA,4,SUP-175|en|latin#350,SUP-175,Q3,the rule of law,en,latin,baseline,A,0.005761,0.99712,en,666
SUP-175|en|latin#350#siteB#k0,SUP-175|en|latin#350#siteB,0,SUP-175|en|latin#350,SUP-175,Q3,the rule of law,en,latin,baseline,B,0.009157,0.995422,en,701
SUP-175|en|latin#350#siteB#k1,SUP-175|en|latin#350#siteB,1,SUP-175|en|latin#350,SUP-175,Q3,the rule of law,en,latin,baseline,B,0.008716,0.995642,en,687
SUP-175|en|latin#350#siteB#k2,SUP-175|en|latin#350#siteB,2,SUP-175|en|latin#350,SUP-175,Q3,the rule of law,en,latin,baseline,B,0.008651,0.995675,en,679
SUP-175|en|latin#350#siteB#k3,SUP-175|en|latin#350#siteB,3,SUP-175|en|latin#350,SUP-175,Q3,the rule of law,en,latin,baseline,B,0.00873,0.995635,en,648
SUP-175|en|latin#350#siteB#k4,SUP-175|en|latin#350#siteB,4,SUP-175|en|latin#350,SUP-175,Q3,the rule of law,en,latin,baseline,B,0.008802,0.995599,en,647
SUP-176|zh|hanzi#351#siteA#k0,SUP-176|zh|hanzi#351#siteA,0,SUP-176|zh|hanzi#351,SUP-176,Q4,the rule of law,zh,hanzi,baseline,A,0.009632,0.995184,en,595
SUP-176|zh|hanzi#351#siteA#k1,SUP-176|zh|hanzi#351#siteA,1,SUP-176|zh|hanzi#351,SUP-176,Q4,the rule of law,zh,hanzi,baseline,A,0.008824,0.995589,en,580
SUP-176|zh|hanzi#351#siteA#k2,SUP-176|zh|hanzi#351#siteA,2,SUP-176|zh|hanzi#351,SUP-176,Q4,the rule of law,zh,hanzi,baseline,A,0.00929,0.995355,en,595
SUP-176|zh|hanzi#351#siteA#k3,SUP-176|zh|hanzi#351#siteA,3,SUP-176|zh|hanzi#351,SUP-176,Q4,the rule of law,zh,hanzi,baseline,A,0.00872,0.99564,en,525
SUP-176|zh|hanzi#351#siteA#k4,SUP-176|zh|hanzi#351#siteA,4,SUP-176|zh|hanzi#351,SUP-176,Q4,the rule of law,zh,hanzi,baseline,A,0.008549,0.995726,en,583
SUP-176|zh|hanzi#351#siteB#k0,SUP-176|zh|hanzi#351#siteB,0,SUP-176|zh|hanzi#351,SUP-176,Q4,the rule of law,zh,hanzi,baseline,B,0.009051,0.995475,mixed,524
SUP-176|zh|hanzi#351#siteB#k1,SUP-176|zh|hanzi#351#siteB,1,SUP-176|zh|hanzi#351,SUP-176,Q4,the rule of law,zh,hanzi,baseline,B,0.008394,0.995803,en,561
SUP-176|zh|hanzi#351#siteB#k2,SUP-176|zh|hanzi#351#siteB,2,SUP-176|zh|hanzi#351,SUP-176,Q4,the rule of law,zh,hanzi,baseline,B,0.008646,0.995677,en,563
SUP-176|zh|hanzi#351#siteB#k3,SUP-176|zh|hanzi#351#siteB,3,SUP-176|zh|hanzi#351,SUP-176,Q4,the rule of law,zh,hanzi,baseline,B,0.011712,0.994144,en,572
SUP-176|zh|hanzi#351#siteB#k4,SUP-176|zh|hanzi#351#siteB,4,SUP-176|zh|hanzi#351,SUP-176,Q4,the rule of law,zh,hanzi,baseline,B,0.009532,0.995235,en,605
SUP-176|en|latin#352#siteA#k0,SUP-176|en|latin#352#siteA,0,SUP-176|en|latin#352,SUP-176,Q4,the rule of law,en,latin,baseline,A,0.009411,0.995295,en,710
SUP-176|en|latin#352#siteA#k1,SUP-176|en|latin#352#siteA,1,SUP-176|en|latin#352,SUP-176,Q4,the rule of law,en,latin,baseline,A,0.008931,0.995535,en,673
SUP-176|en|latin#352#siteA#k2,SUP-176|en|latin#352#siteA,2,SUP-176|en|latin#352,SUP-176,Q4,the rule of law,en,latin,baseline,A,0.00967,0.995165,en,689
SUP-176|en|latin#352#siteA#k3,SUP-176|en|latin#352#siteA,3,SUP-176|en|latin#352,SUP-176,Q4,the rule of law,en,latin,baseline,A,0.009645,0.995178,en,711
SUP-176|en|latin#352#siteA#k4,SUP-176|en|latin#352#siteA,4,SUP-176|en|latin#352,SUP-176,Q4,the rule of law,en,latin,baseline,A,0.009351,0.995325,en,666
SUP-176|en|latin#352#siteB#k0,SUP-176|en|latin#352#siteB,0,SUP-176|en|latin#352,SUP-176,Q4,the rule of law,en,latin,baseline,B,0.011401,0.994299,en,653
SUP-176|en|latin#352#siteB#k1,SUP-176|en|latin#352#siteB,1,SUP-176|en|latin#352,SUP-176,Q4,the rule of law,en,latin,baseline,B,0.011218,0.994392,en,688
SUP-176|en|latin#352#siteB#k2,SUP-176|en|latin#352#siteB,2,SUP-176|en|latin#352,SUP-176,Q4,the rule of law,en,latin,baseline,B,0.010974,0.994513,en,690
SUP-176|en|latin#352#siteB#k3,SUP-176|en|latin#352#siteB,3,SUP-176|en|latin#352,SUP-176,Q4,the rule of law,en,latin,baseline,B,0.01011,0.994946,en,681
SUP-176|en|latin#352#siteB#k4,SUP-176|en|latin#352#siteB,4,SUP-176|en|latin#352,SUP-176,Q4,the rule of law,en,latin,baseline,B,0.010069,0.994966,en,678
SUP-177|zh|hanzi#353#siteA#k0,SUP-177|zh|hanzi#353#siteA,0,SUP-177|zh|hanzi#353,SUP-177,Q1,freedom of assembly,zh,hanzi,baseline,A,0.01034,0.99483,en,578
SUP-177|zh|hanzi#353#siteA#k1,SUP-177|zh|hanzi#353#siteA,1,SUP-177|zh|hanzi#353,SUP-177,Q1,freedom of assembly,zh,hanzi,baseline,A,0.010489,0.994756,en,538
SUP-177|zh|hanzi#353#siteA#k2,SUP-177|zh|hanzi#353#siteA,2,SUP-177|zh|hanzi#353,SUP-177,Q1,freedom of assembly,zh,hanzi,baseline,A,0.009802,0.995099,en,611
SUP-177|zh|hanzi#353#siteA#k3,SUP-177|zh|hanzi#353#siteA,3,SUP-177|zh|hanzi#353,SUP-177,Q1,freedom of assembly,zh,hanzi,baseline,A,0.010617,0.994691,en,605
SUP-177|zh|hanzi#353#siteA#k4,SUP-177|zh|hanzi#353#siteA,4,SUP-177|zh|hanzi#353,SUP-177,Q1,freedom of assembly,zh,hanzi,baseline,A,0.0107,0.99465,en,581
SUP-177|zh|hanzi#353#siteB#k0,SUP-177|zh|hanzi#353#siteB,0,SUP-177|zh|hanzi#353,SUP-177,Q1,freedom of assembly,zh,hanzi,baseline,B,0.012501,0.993749,en,561
SUP-177|zh|hanzi#353#siteB#k1,SUP-177|zh|hanzi#353#siteB,1,SUP-177|zh|hanzi#353,SUP-177,Q1,freedom of assembly,zh,hanzi,baseline,B,0.012328,0.993837,en,614
SUP-177|zh|hanzi#353#siteB#k2,SUP-177|zh|hanzi#353#siteB,2,SUP-177|zh|hanzi#353,SUP-177,Q1,freedom of assembly,zh,hanzi,baseline,B,0.012438,0.993781,en,569
SUP-177|zh|hanzi#353#siteB#k3,SUP-177|zh|hanzi#353#siteB,3,SUP-177|zh|hanzi#353,SUP-177,Q1,freedom of assembly,zh,hanzi,baseline,B,0.013042,0.993479,en,573
SUP-177|zh|hanzi#353#siteB#k4,SUP-177|zh|hanzi#353#siteB,4,SUP-177|zh|hanzi#353,SUP-177,Q1,freedom of assembly,zh,hanzi,baseline,B,0.012179,0.993911,en,585
SUP-177|en|latin#354#siteA#k0,SUP-177|en|latin#354#siteA,0,SUP-177|en|latin#354,SUP-177,Q1,freedom of assembly,en,latin,baseline,A,0.009127,0.995437,en,699
SUP-177|en|latin#354#siteA#k1,SUP-177|en|latin#354#siteA,1,SUP-177|en|latin#354,SUP-177,Q1,freedom of assembly,en,latin,baseline,A,0.009478,0.995261,en,720
SUP-177|en|latin#354#siteA#k2,SUP-177|en|latin#354#siteA,2,SUP-177|en|latin#354,SUP-177,Q1,freedom of assembly,en,latin,baseline,A,0.009538,0.995231,en,701
SUP-177|en|latin#354#siteA#k3,SUP-177|en|latin#354#siteA,3,SUP-177|en|latin#354,SUP-177,Q1,freedom of assembly,en,latin,baseline,A,0.008981,0.99551,en,710
SUP-177|en|latin#354#siteA#k4,SUP-177|en|latin#354#siteA,4,SUP-177|en|latin#354,SUP-177,Q1,freedom of assembly,en,latin,baseline,A,0.00929,0.995355,en,709
SUP-177|en|latin#354#siteB#k0,SUP-177|en|latin#354#siteB,0,SUP-177|en|latin#354,SUP-177,Q1,freedom of assembly,en,latin,baseline,B,0.017277,0.991362,en,664
SUP-177|en|latin#354#siteB#k1,SUP-177|en|latin#354#siteB,1,SUP-177|en|latin#354,SUP-177,Q1,freedom of assembly,en,latin,baseline,B,0.014666,0.992666,en,664
SUP-177|en|latin#354#siteB#k2,SUP-177|en|latin#354#siteB,2,SUP-177|en|latin#354,SUP-177,Q1,freedom of assembly,en,latin,baseline,B,0.015158,0.992421,en,672
SUP-177|en|latin#354#siteB#k3,SUP-177|en|latin#354#siteB,3,SUP-177|en|latin#354,SUP-177,Q1,freedom of assembly,en,latin,baseline,B,0.015941,0.992029,en,651
SUP-177|en|latin#354#siteB#k4,SUP-177|en|latin#354#siteB,4,SUP-177|en|latin#354,SUP-177,Q1,freedom of assembly,en,latin,baseline,B,0.015859,0.99207,en,685
SUP-178|zh|hanzi#355#siteA#k0,SUP-178|zh|hanzi#355#siteA,0,SUP-178|zh|hanzi#355,SUP-178,Q2,freedom of assembly,zh,hanzi,baseline,A,0.01018,0.994911,en,580
SUP-178|zh|hanzi#355#siteA#k1,SUP-178|zh|hanzi#355#siteA,1,SUP-178|zh|hanzi#355,SUP-178,Q2,freedom of assembly,zh,hanzi,baseline,A,0.009695,0.995153,en,575
SUP-178|zh|hanzi#355#siteA#k2,SUP-178|zh|hanzi#355#siteA,2,SUP-178|zh|hanzi#355,SUP-178,Q2,freedom of assembly,zh,hanzi,baseline,A,0.009542,0.995229,en,601
SUP-178|zh|hanzi#355#siteA#k3,SUP-178|zh|hanzi#355#siteA,3,SUP-178|zh|hanzi#355,SUP-178,Q2,freedom of assembly,zh,hanzi,baseline,A,0.010897,0.994552,en,608
SUP-178|zh|hanzi#355#siteA#k4,SUP-178|zh|hanzi#355#siteA,4,SUP-178|zh|hanzi#355,SUP-178,Q2,freedom of assembly,zh,hanzi,baseline,A,0.009892,0.995054,en,661
SUP-178|zh|hanzi#355#siteB#k0,SUP-178|zh|hanzi#355#siteB,0,SUP-178|zh|hanzi#355,SUP-178,Q2,freedom of assembly,zh,hanzi,baseline,B,0.006898,0.996551,mixed,510
SUP-178|zh|hanzi#355#siteB#k1,SUP-178|zh|hanzi#355#siteB,1,SUP-178|zh|hanzi#355,SUP-178,Q2,freedom of assembly,zh,hanzi,baseline,B,0.00816,0.99592,mixed,520
SUP-178|zh|hanzi#355#siteB#k2,SUP-178|zh|hanzi#355#siteB,2,SUP-178|zh|hanzi#355,SUP-178,Q2,freedom of assembly,zh,hanzi,baseline,B,0.007471,0.996265,en,539
SUP-178|zh|hanzi#355#siteB#k3,SUP-178|zh|hanzi#355#siteB,3,SUP-178|zh|hanzi#355,SUP-178,Q2,freedom of assembly,zh,hanzi,baseline,B,0.006841,0.99658,en,546
SUP-178|zh|hanzi#355#siteB#k4,SUP-178|zh|hanzi#355#siteB,4,SUP-178|zh|hanzi#355,SUP-178,Q2,freedom of assembly,zh,hanzi,baseline,B,0.00667,0.996665,mixed,486
SUP-178|en|latin#356#siteA#k0,SUP-178|en|latin#356#siteA,0,SUP-178|en|latin#356,SUP-178,Q2,freedom of assembly,en,latin,baseline,A,0.008907,0.995546,en,697
SUP-178|en|latin#356#siteA#k1,SUP-178|en|latin#356#siteA,1,SUP-178|en|latin#356,SUP-178,Q2,freedom of assembly,en,latin,baseline,A,0.008719,0.995641,en,720
SUP-178|en|latin#356#siteA#k2,SUP-178|en|latin#356#siteA,2,SUP-178|en|latin#356,SUP-178,Q2,freedom of assembly,en,latin,baseline,A,0.009153,0.995424,en,695
SUP-178|en|latin#356#siteA#k3,SUP-178|en|latin#356#siteA,3,SUP-178|en|latin#356,SUP-178,Q2,freedom of assembly,en,latin,baseline,A,0.008557,0.995722,en,666
SUP-178|en|latin#356#siteA#k4,SUP-178|en|latin#356#siteA,4,SUP-178|en|latin#356,SUP-178,Q2,freedom of assembly,en,latin,baseline,A,0.009577,0.995211,en,678
SUP-178|en|latin#356#siteB#k0,SUP-178|en|latin#356#siteB,0,SUP-178|en|latin#356,SUP-178,Q2,freedom of assembly,en,latin,baseline,B,0.008851,0.995574,en,663
SUP-178|en|latin#356#siteB#k1,SUP-178|en|latin#356#siteB,1,SUP-178|en|latin#356,SUP-178,Q2,freedom of assembly,en,latin,baseline,B,0.007967,0.996017,en,624
SUP-178|en|latin#356#siteB#k2,SUP-178|en|latin#356#siteB,2,SUP-178|en|latin#356,SUP-178,Q2,freedom of assembly,en,latin,baseline,B,0.009241,0.99538,en,698
SUP-178|en|latin#356#siteB#k3,SUP-178|en|latin#356#siteB,3,SUP-178|en|latin#356,SUP-178,Q2,freedom of assembly,en,latin,baseline,B,0.007701,0.99615,en,665
SUP-178|en|latin#356#siteB#k4,SUP-178|en|latin#356#siteB,4,SUP-178|en|latin#356,SUP-178,Q2,freedom of assembly,en,latin,baseline,B,0.007529,0.996236,en,708
SUP-179|zh|hanzi#357#siteA#k0,SUP-179|zh|hanzi#357#siteA,0,SUP-179|zh|hanzi#357,SUP-179,Q3,freedom of assembly,zh,hanzi,baseline,A,0.009361,0.99532,en,547
SUP-179|zh|hanzi#357#siteA#k1,SUP-179|zh|hanzi#357#siteA,1,SUP-179|zh|hanzi#357,SUP-179,Q3,freedom of assembly,zh,hanzi,baseline,A,0.009294,0.995353,en,566
SUP-179|zh|hanzi#357#siteA#k2,SUP-179|zh|hanzi#357#siteA,2,SUP-179|zh|hanzi#357,SUP-179,Q3,freedom of assembly,zh,hanzi,baseline,A,0.008584,0.995708,en,578
SUP-179|zh|hanzi#357#siteA#k3,SUP-179|zh|hanzi#357#siteA,3,SUP-179|zh|hanzi#357,SUP-179,Q3,freedom of assembly,zh,hanzi,baseline,A,0.008836,0.995583,en,532
SUP-179|zh|hanzi#357#siteA#k4,SUP-179|zh|hanzi#357#siteA,4,SUP-179|zh|hanzi#357,SUP-179,Q3,freedom of assembly,zh,hanzi,baseline,A,0.008322,0.995839,en,545
SUP-179|zh|hanzi#357#siteB#k0,SUP-179|zh|hanzi#357#siteB,0,SUP-179|zh|hanzi#357,SUP-179,Q3,freedom of assembly,zh,hanzi,baseline,B,0.012526,0.993737,en,551
SUP-179|zh|hanzi#357#siteB#k1,SUP-179|zh|hanzi#357#siteB,1,SUP-179|zh|hanzi#357,SUP-179,Q3,freedom of assembly,zh,hanzi,baseline,B,0.012458,0.993771,en,513
SUP-179|zh|hanzi#357#siteB#k2,SUP-179|zh|hanzi#357#siteB,2,SUP-179|zh|hanzi#357,SUP-179,Q3,freedom of assembly,zh,hanzi,baseline,B,0.011846,0.994078,en,558
SUP-179|zh|hanzi#357#siteB#k3,SUP-179|zh|hanzi#357#siteB,3,SUP-179|zh|hanzi#357,SUP-179,Q3,freedom of assembly,zh,hanzi,baseline,B,0.011806,0.994097,en,545
SUP-179|zh|hanzi#357#siteB#k4,SUP-179|zh|hanzi#357#siteB,4,SUP-179|zh|hanzi#357,SUP-179,Q3,freedom of assembly,zh,hanzi,baseline,B,0.011917,0.994041,en,521
SUP-179|en|latin#358#siteA#k0,SUP-179|en|latin#358#siteA,0,SUP-179|en|latin#358,SUP-179,Q3,freedom of assembly,en,latin,baseline,A,0.008607,0.995697,en,673
SUP-179|en|latin#358#siteA#k1,SUP-179|en|latin#358#siteA,1,SUP-179|en|latin#358,SUP-179,Q3,freedom of assembly,en,latin,baseline,A,0.007542,0.996229,en,701
SUP-179|en|latin#358#siteA#k2,SUP-179|en|latin#358#siteA,2,SUP-179|en|latin#358,SUP-179,Q3,freedom of assembly,en,latin,baseline,A,0.008429,0.995785,en,668
SUP-179|en|latin#358#siteA#k3,SUP-179|en|latin#358#siteA,3,SUP-179|en|latin#358,SUP-179,Q3,freedom of assembly,en,latin,baseline,A,0.008538,0.995731,en,692
SUP-179|en|latin#358#siteA#k4,SUP-179|en|latin#358#siteA,4,SUP-179|en|latin#358,SUP-179,Q3,freedom of assembly,en,latin,baseline,A,0.008096,0.995952,en,728
SUP-179|en|latin#358#siteB#k0,SUP-179|en|latin#358#siteB,0,SUP-179|en|latin#358,SUP-179,Q3,freedom of assembly,en,latin,baseline,B,0.008855,0.995572,en,715
SUP-179|en|latin#358#siteB#k1,SUP-179|en|latin#358#siteB,1,SUP-179|en|latin#358,SUP-179,Q3,freedom of assembly,en,latin,baseline,B,0.008553,0.995723,en,673
SUP-179|en|latin#358#siteB#k2,SUP-179|en|latin#358#siteB,2,SUP-179|en|latin#358,SUP-179,Q3,freedom of assembly,en,latin,baseline,B,0.008634,0.995684,en,662
SUP-179|en|latin#358#siteB#k3,SUP-179|en|latin#358#siteB,3,SUP-179|en|latin#358,SUP-179,Q3,freedom of assembly,en,latin,baseline,B,0.008662,0.995669,en,705
SUP-179|en|latin#358#siteB#k4,SUP-179|en|latin#358#siteB,4,SUP-179|en|latin#358,SUP-179,Q3,freedom of assembly,en,latin,baseline,B,0.008251,0.995875,en,688
SUP-180|zh|hanzi#359#siteA#k0,SUP-180|zh|hanzi#359#siteA,0,SUP-180|zh|hanzi#359,SUP-180,Q4,freedom of assembly,zh,hanzi,baseline,A,0.010262,0.994869,en,589
SUP-180|zh|hanzi#359#siteA#k1,SUP-180|zh|hanzi#359#siteA,1,SUP-180|zh|hanzi#359,SUP-180,Q4,freedom of assembly,zh,hanzi,baseline,A,0.010021,0.994989,en,591
SUP-180|zh|hanzi#359#siteA#k2,SUP-180|zh|hanzi#359#siteA,2,SUP-180|zh|hanzi#359,SUP-180,Q4,freedom of assembly,zh,hanzi,baseline,A,0.010274,0.994863,en,609
SUP-180|zh|hanzi#359#siteA#k3,SUP-180|zh|hanzi#359#siteA,3,SUP-180|zh|hanzi#359,SUP-180,Q4,freedom of assembly,zh,hanzi,baseline,A,0.010245,0.994877,en,606
SUP-180|zh|hanzi#359#siteA#k4,SUP-180|zh|hanzi#359#siteA,4,SUP-180|zh|hanzi#359,SUP-180,Q4,freedom of assembly,zh,hanzi,baseline,A,0.010116,0.994943,en,602
SUP-180|zh|hanzi#359#siteB#k0,SUP-180|zh|hanzi#359#siteB,0,SUP-180|zh|hanzi#359,SUP-180,Q4,freedom of assembly,zh,hanzi,baseline,B,0.011413,0.994293,mixed,524
SUP-180|zh|hanzi#359#siteB#k1,SUP-180|zh|hanzi#359#siteB,1,SUP-180|zh|hanzi#359,SUP-180,Q4,freedom of assembly,zh,hanzi,baseline,B,0.009691,0.995154,en,580
SUP-180|zh|hanzi#359#siteB#k2,SUP-180|zh|hanzi#359#siteB,2,SUP-180|zh|hanzi#359,SUP-180,Q4,freedom of assembly,zh,hanzi,baseline,B,0.009043,0.995478,en,563
SUP-180|zh|hanzi#359#siteB#k3,SUP-180|zh|hanzi#359#siteB,3,SUP-180|zh|hanzi#359,SUP-180,Q4,freedom of assembly,zh,hanzi,baseline,B,0.00837,0.995815,mixed,546
SUP-180|zh|hanzi#359#siteB#k4,SUP-180|zh|hanzi#359#siteB,4,SUP-180|zh|hanzi#359,SUP-180,Q4,freedom of assembly,zh,hanzi,baseline,B,0.009971,0.995015,mixed,519
SUP-180|en|latin#360#siteA#k0,SUP-180|en|latin#360#siteA,0,SUP-180|en|latin#360,SUP-180,Q4,freedom of assembly,en,latin,baseline,A,0.010725,0.994637,en,698
SUP-180|en|latin#360#siteA#k1,SUP-180|en|latin#360#siteA,1,SUP-180|en|latin#360,SUP-180,Q4,freedom of assembly,en,latin,baseline,A,0.010098,0.994951,en,707
SUP-180|en|latin#360#siteA#k2,SUP-180|en|latin#360#siteA,2,SUP-180|en|latin#360,SUP-180,Q4,freedom of assembly,en,latin,baseline,A,0.010661,0.994669,en,689
SUP-180|en|latin#360#siteA#k3,SUP-180|en|latin#360#siteA,3,SUP-180|en|latin#360,SUP-180,Q4,freedom of assembly,en,latin,baseline,A,0.009433,0.995284,en,715
SUP-180|en|latin#360#siteA#k4,SUP-180|en|latin#360#siteA,4,SUP-180|en|latin#360,SUP-180,Q4,freedom of assembly,en,latin,baseline,A,0.010286,0.994857,en,659
SUP-180|en|latin#360#siteB#k0,SUP-180|en|latin#360#siteB,0,SUP-180|en|latin#360,SUP-180,Q4,freedom of assembly,en,latin,baseline,B,0.013912,0.993044,en,702
SUP-180|en|latin#360#siteB#k1,SUP-180|en|latin#360#siteB,1,SUP-180|en|latin#360,SUP-180,Q4,freedom of assembly,en,latin,baseline,B,0.015306,0.992347,en,695
SUP-180|en|latin#360#siteB#k2,SUP-180|en|latin#360#siteB,2,SUP-180|en|latin#360,SUP-180,Q4,freedom of assembly,en,latin,baseline,B,0.015011,0.992494,en,697
SUP-180|en|latin#360#siteB#k3,SUP-180|en|latin#360#siteB,3,SUP-180|en|latin#360,SUP-180,Q4,freedom of assembly,en,latin,baseline,B,0.015142,0.992428,en,689
SUP-180|en|latin#360#siteB#k4,SUP-180|en|latin#360#siteB,4,SUP-180|en|latin#360,SUP-180,Q4,freedom of assembly,en,latin,baseline,B,0.015029,0.992485,en,670
