desc_id,vector_id,sample_k,sent_id,pair_id,frame,entity,lang,mention_script,cell_type,site,mse,cos,desc_lang,desc_len
REP-001|zh|hanzi#1#siteA#k0,REP-001|zh|hanzi#1#siteA,0,REP-001|zh|hanzi#1,REP-001,C1,freedom,zh,hanzi,baseline,A,0.200026,0.899987,en,614
REP-001|zh|hanzi#1#siteA#k1,REP-001|zh|hanzi#1#siteA,1,REP-001|zh|hanzi#1,REP-001,C1,freedom,zh,hanzi,baseline,A,0.205255,0.897373,en,608
REP-001|zh|hanzi#1#siteA#k2,REP-001|zh|hanzi#1#siteA,2,REP-001|zh|hanzi#1,REP-001,C1,freedom,zh,hanzi,baseline,A,0.194665,0.902668,en,596
REP-001|zh|hanzi#1#siteA#k3,REP-001|zh|hanzi#1#siteA,3,REP-001|zh|hanzi#1,REP-001,C1,freedom,zh,hanzi,baseline,A,0.225932,0.887034,en,653
REP-001|zh|hanzi#1#siteA#k4,REP-001|zh|hanzi#1#siteA,4,REP-001|zh|hanzi#1,REP-001,C1,freedom,zh,hanzi,baseline,A,0.195344,0.902328,en,620
REP-001|zh|hanzi#1#siteB#k0,REP-001|zh|hanzi#1#siteB,0,REP-001|zh|hanzi#1,REP-001,C1,freedom,zh,hanzi,baseline,B,0.188808,0.905596,mixed,529
REP-001|zh|hanzi#1#siteB#k1,REP-001|zh|hanzi#1#siteB,1,REP-001|zh|hanzi#1,REP-001,C1,freedom,zh,hanzi,baseline,B,0.197827,0.901086,en,559
REP-001|zh|hanzi#1#siteB#k2,REP-001|zh|hanzi#1#siteB,2,REP-001|zh|hanzi#1,REP-001,C1,freedom,zh,hanzi,baseline,B,0.201369,0.899315,en,547
REP-001|zh|hanzi#1#siteB#k3,REP-001|zh|hanzi#1#siteB,3,REP-001|zh|hanzi#1,REP-001,C1,freedom,zh,hanzi,baseline,B,0.181272,0.909364,mixed,490
REP-001|zh|hanzi#1#siteB#k4,REP-001|zh|hanzi#1#siteB,4,REP-001|zh|hanzi#1,REP-001,C1,freedom,zh,hanzi,baseline,B,0.186494,0.906753,en,561
REP-001|en|latin#2#siteA#k0,REP-001|en|latin#2#siteA,0,REP-001|en|latin#2,REP-001,C1,freedom,en,latin,baseline,A,0.166659,0.916671,en,730
REP-001|en|latin#2#siteA#k1,REP-001|en|latin#2#siteA,1,REP-001|en|latin#2,REP-001,C1,freedom,en,latin,baseline,A,0.155323,0.922338,en,724
REP-001|en|latin#2#siteA#k2,REP-001|en|latin#2#siteA,2,REP-001|en|latin#2,REP-001,C1,freedom,en,latin,baseline,A,0.164565,0.917717,en,719
REP-001|en|latin#2#siteA#k3,REP-001|en|latin#2#siteA,3,REP-001|en|latin#2,REP-001,C1,freedom,en,latin,baseline,A,0.161334,0.919333,en,741
REP-001|en|latin#2#siteA#k4,REP-001|en|latin#2#siteA,4,REP-001|en|latin#2,REP-001,C1,freedom,en,latin,baseline,A,0.149006,0.925497,en,718
REP-001|en|latin#2#siteB#k0,REP-001|en|latin#2#siteB,0,REP-001|en|latin#2,REP-001,C1,freedom,en,latin,baseline,B,0.206144,0.896928,en,733
REP-001|en|latin#2#siteB#k1,REP-001|en|latin#2#siteB,1,REP-001|en|latin#2,REP-001,C1,freedom,en,latin,baseline,B,0.232895,0.883552,en,761
REP-001|en|latin#2#siteB#k2,REP-001|en|latin#2#siteB,2,REP-001|en|latin#2,REP-001,C1,freedom,en,latin,baseline,B,0.237371,0.881315,en,757
REP-001|en|latin#2#siteB#k3,REP-001|en|latin#2#siteB,3,REP-001|en|latin#2,REP-001,C1,freedom,en,latin,baseline,B,0.224402,0.887799,en,777
REP-001|en|latin#2#siteB#k4,REP-001|en|latin#2#siteB,4,REP-001|en|latin#2,REP-001,C1,freedom,en,latin,baseline,B,0.208951,0.895524,en,757
REP-002|zh|hanzi#3#siteA#k0,REP-002|zh|hanzi#3#siteA,0,REP-002|zh|hanzi#3,REP-002,C2,freedom,zh,hanzi,baseline,A,0.212279,0.893861,en,628
REP-002|zh|hanzi#3#siteA#k1,REP-002|zh|hanzi#3#siteA,1,REP-002|zh|hanzi#3,REP-002,C2,freedom,zh,hanzi,baseline,A,0.218594,0.890703,en,609
REP-002|zh|hanzi#3#siteA#k2,REP-002|zh|hanzi#3#siteA,2,REP-002|zh|hanzi#3,REP-002,C2,freedom,zh,hanzi,baseline,A,0.203432,0.898284,en,592
REP-002|zh|hanzi#3#siteA#k3,REP-002|zh|hanzi#3#siteA,3,REP-002|zh|hanzi#3,REP-002,C2,freedom,zh,hanzi,baseline,A,0.211456,0.894272,en,570
REP-002|zh|hanzi#3#siteA#k4,REP-002|zh|hanzi#3#siteA,4,REP-002|zh|hanzi#3,REP-002,C2,freedom,zh,hanzi,baseline,A,0.200764,0.899618,en,608
REP-002|zh|hanzi#3#siteB#k0,REP-002|zh|hanzi#3#siteB,0,REP-002|zh|hanzi#3,REP-002,C2,freedom,zh,hanzi,baseline,B,0.251944,0.874028,mixed,527
REP-002|zh|hanzi#3#siteB#k1,REP-002|zh|hanzi#3#siteB,1,REP-002|zh|hanzi#3,REP-002,C2,freedom,zh,hanzi,baseline,B,0.275395,0.862303,mixed,530
REP-002|zh|hanzi#3#siteB#k2,REP-002|zh|hanzi#3#siteB,2,REP-002|zh|hanzi#3,REP-002,C2,freedom,zh,hanzi,baseline,B,0.272041,0.86398,mixed,532
REP-002|zh|hanzi#3#siteB#k3,REP-002|zh|hanzi#3#siteB,3,REP-002|zh|hanzi#3,REP-002,C2,freedom,zh,hanzi,baseline,B,0.28331,0.858345,en,576
REP-002|zh|hanzi#3#siteB#k4,REP-002|zh|hanzi#3#siteB,4,REP-002|zh|hanzi#3,REP-002,C2,freedom,zh,hanzi,baseline,B,0.253896,0.873052,mixed,517
REP-002|en|latin#4#siteA#k0,REP-002|en|latin#4#siteA,0,REP-002|en|latin#4,REP-002,C2,freedom,en,latin,baseline,A,0.17787,0.911065,en,743
REP-002|en|latin#4#siteA#k1,REP-002|en|latin#4#siteA,1,REP-002|en|latin#4,REP-002,C2,freedom,en,latin,baseline,A,0.169969,0.915016,en,743
REP-002|en|latin#4#siteA#k2,REP-002|en|latin#4#siteA,2,REP-002|en|latin#4,REP-002,C2,freedom,en,latin,baseline,A,0.208001,0.895999,en,728
REP-002|en|latin#4#siteA#k3,REP-002|en|latin#4#siteA,3,REP-002|en|latin#4,REP-002,C2,freedom,en,latin,baseline,A,0.176539,0.91173,en,731
REP-002|en|latin#4#siteA#k4,REP-002|en|latin#4#siteA,4,REP-002|en|latin#4,REP-002,C2,freedom,en,latin,baseline,A,0.181362,0.909319,en,731
REP-002|en|latin#4#siteB#k0,REP-002|en|latin#4#siteB,0,REP-002|en|latin#4,REP-002,C2,freedom,en,latin,baseline,B,0.233158,0.883421,en,706
REP-002|en|latin#4#siteB#k1,REP-002|en|latin#4#siteB,1,REP-002|en|latin#4,REP-002,C2,freedom,en,latin,baseline,B,0.231216,0.884392,en,741
REP-002|en|latin#4#siteB#k2,REP-002|en|latin#4#siteB,2,REP-002|en|latin#4,REP-002,C2,freedom,en,latin,baseline,B,0.243524,0.878238,en,770
REP-002|en|latin#4#siteB#k3,REP-002|en|latin#4#siteB,3,REP-002|en|latin#4,REP-002,C2,freedom,en,latin,baseline,B,0.242299,0.878851,en,728
REP-002|en|latin#4#siteB#k4,REP-002|en|latin#4#siteB,4,REP-002|en|latin#4,REP-002,C2,freedom,en,latin,baseline,B,0.240977,0.879511,en,703
REP-003|zh|hanzi#5#siteA#k0,REP-003|zh|hanzi#5#siteA,0,REP-003|zh|hanzi#5,REP-003,C3,freedom,zh,hanzi,baseline,A,0.182044,0.908978,en,591
REP-003|zh|hanzi#5#siteA#k1,REP-003|zh|hanzi#5#siteA,1,REP-003|zh|hanzi#5,REP-003,C3,freedom,zh,hanzi,baseline,A,0.172549,0.913725,en,615
REP-003|zh|hanzi#5#siteA#k2,REP-003|zh|hanzi#5#siteA,2,REP-003|zh|hanzi#5,REP-003,C3,freedom,zh,hanzi,baseline,A,0.166879,0.91656,en,631
REP-003|zh|hanzi#5#siteA#k3,REP-003|zh|hanzi#5#siteA,3,REP-003|zh|hanzi#5,REP-003,C3,freedom,zh,hanzi,baseline,A,0.172238,0.913881,en,593
REP-003|zh|hanzi#5#siteA#k4,REP-003|zh|hanzi#5#siteA,4,REP-003|zh|hanzi#5,REP-003,C3,freedom,zh,hanzi,baseline,A,0.174505,0.912748,en,624
REP-003|zh|hanzi#5#siteB#k0,REP-003|zh|hanzi#5#siteB,0,REP-003|zh|hanzi#5,REP-003,C3,freedom,zh,hanzi,baseline,B,0.222014,0.888993,mixed,478
REP-003|zh|hanzi#5#siteB#k1,REP-003|zh|hanzi#5#siteB,1,REP-003|zh|hanzi#5,REP-003,C3,freedom,zh,hanzi,baseline,B,0.221315,0.889343,mixed,490
REP-003|zh|hanzi#5#siteB#k2,REP-003|zh|hanzi#5#siteB,2,REP-003|zh|hanzi#5,REP-003,C3,freedom,zh,hanzi,baseline,B,0.229954,0.885023,mixed,492
REP-003|zh|hanzi#5#siteB#k3,REP-003|zh|hanzi#5#siteB,3,REP-003|zh|hanzi#5,REP-003,C3,freedom,zh,hanzi,baseline,B,0.229159,0.885421,mixed,515
REP-003|zh|hanzi#5#siteB#k4,REP-003|zh|hanzi#5#siteB,4,REP-003|zh|hanzi#5,REP-003,C3,freedom,zh,hanzi,baseline,B,0.226992,0.886504,mixed,503
REP-003|en|latin#6#siteA#k0,REP-003|en|latin#6#siteA,0,REP-003|en|latin#6,REP-003,C3,freedom,en,latin,baseline,A,0.245857,0.877071,en,740
REP-003|en|latin#6#siteA#k1,REP-003|en|latin#6#siteA,1,REP-003|en|latin#6,REP-003,C3,freedom,en,latin,baseline,A,0.246575,0.876713,en,734
REP-003|en|latin#6#siteA#k2,REP-003|en|latin#6#siteA,2,REP-003|en|latin#6,REP-003,C3,freedom,en,latin,baseline,A,0.254418,0.872791,en,735
REP-003|en|latin#6#siteA#k3,REP-003|en|latin#6#siteA,3,REP-003|en|latin#6,REP-003,C3,freedom,en,latin,baseline,A,0.243071,0.878465,en,742
REP-003|en|latin#6#siteA#k4,REP-003|en|latin#6#siteA,4,REP-003|en|latin#6,REP-003,C3,freedom,en,latin,baseline,A,0.243258,0.878371,en,711
REP-003|en|latin#6#siteB#k0,REP-003|en|latin#6#siteB,0,REP-003|en|latin#6,REP-003,C3,freedom,en,latin,baseline,B,0.305906,0.847047,en,754
REP-003|en|latin#6#siteB#k1,REP-003|en|latin#6#siteB,1,REP-003|en|latin#6,REP-003,C3,freedom,en,latin,baseline,B,0.321686,0.839157,en,752
REP-003|en|latin#6#siteB#k2,REP-003|en|latin#6#siteB,2,REP-003|en|latin#6,REP-003,C3,freedom,en,latin,baseline,B,0.317222,0.841389,en,757
REP-003|en|latin#6#siteB#k3,REP-003|en|latin#6#siteB,3,REP-003|en|latin#6,REP-003,C3,freedom,en,latin,baseline,B,0.330837,0.834582,en,744
REP-003|en|latin#6#siteB#k4,REP-003|en|latin#6#siteB,4,REP-003|en|latin#6,REP-003,C3,freedom,en,latin,baseline,B,0.317189,0.841406,en,751
REP-004|zh|hanzi#7#siteA#k0,REP-004|zh|hanzi#7#siteA,0,REP-004|zh|hanzi#7,REP-004,C4,freedom,zh,hanzi,baseline,A,0.158199,0.9209,en,562
REP-004|zh|hanzi#7#siteA#k1,REP-004|zh|hanzi#7#siteA,1,REP-004|zh|hanzi#7,REP-004,C4,freedom,zh,hanzi,baseline,A,0.165126,0.917437,en,567
REP-004|zh|hanzi#7#siteA#k2,REP-004|zh|hanzi#7#siteA,2,REP-004|zh|hanzi#7,REP-004,C4,freedom,zh,hanzi,baseline,A,0.153491,0.923255,en,575
REP-004|zh|hanzi#7#siteA#k3,REP-004|zh|hanzi#7#siteA,3,REP-004|zh|hanzi#7,REP-004,C4,freedom,zh,hanzi,baseline,A,0.162313,0.918844,en,590
REP-004|zh|hanzi#7#siteA#k4,REP-004|zh|hanzi#7#siteA,4,REP-004|zh|hanzi#7,REP-004,C4,freedom,zh,hanzi,baseline,A,0.164098,0.917951,en,603
REP-004|zh|hanzi#7#siteB#k0,REP-004|zh|hanzi#7#siteB,0,REP-004|zh|hanzi#7,REP-004,C4,freedom,zh,hanzi,baseline,B,0.214087,0.892957,mixed,535
REP-004|zh|hanzi#7#siteB#k1,REP-004|zh|hanzi#7#siteB,1,REP-004|zh|hanzi#7,REP-004,C4,freedom,zh,hanzi,baseline,B,0.209954,0.895023,mixed,498
REP-004|zh|hanzi#7#siteB#k2,REP-004|zh|hanzi#7#siteB,2,REP-004|zh|hanzi#7,REP-004,C4,freedom,zh,hanzi,baseline,B,0.224697,0.887652,mixed,481
REP-004|zh|hanzi#7#siteB#k3,REP-004|zh|hanzi#7#siteB,3,REP-004|zh|hanzi#7,REP-004,C4,freedom,zh,hanzi,baseline,B,0.211135,0.894433,mixed,469
REP-004|zh|hanzi#7#siteB#k4,REP-004|zh|hanzi#7#siteB,4,REP-004|zh|hanzi#7,REP-004,C4,freedom,zh,hanzi,baseline,B,0.214268,0.892866,mixed,494
REP-004|en|latin#8#siteA#k0,REP-004|en|latin#8#siteA,0,REP-004|en|latin#8,REP-004,C4,freedom,en,latin,baseline,A,0.154327,0.922837,en,700
REP-004|en|latin#8#siteA#k1,REP-004|en|latin#8#siteA,1,REP-004|en|latin#8,REP-004,C4,freedom,en,latin,baseline,A,0.153114,0.923443,en,702
REP-004|en|latin#8#siteA#k2,REP-004|en|latin#8#siteA,2,REP-004|en|latin#8,REP-004,C4,freedom,en,latin,baseline,A,0.153361,0.92332,en,696
REP-004|en|latin#8#siteA#k3,REP-004|en|latin#8#siteA,3,REP-004|en|latin#8,REP-004,C4,freedom,en,latin,baseline,A,0.142767,0.928617,en,704
REP-004|en|latin#8#siteA#k4,REP-004|en|latin#8#siteA,4,REP-004|en|latin#8,REP-004,C4,freedom,en,latin,baseline,A,0.157557,0.921222,en,696
REP-004|en|latin#8#siteB#k0,REP-004|en|latin#8#siteB,0,REP-004|en|latin#8,REP-004,C4,freedom,en,latin,baseline,B,0.297275,0.851363,en,766
REP-004|en|latin#8#siteB#k1,REP-004|en|latin#8#siteB,1,REP-004|en|latin#8,REP-004,C4,freedom,en,latin,baseline,B,0.330186,0.834907,en,754
REP-004|en|latin#8#siteB#k2,REP-004|en|latin#8#siteB,2,REP-004|en|latin#8,REP-004,C4,freedom,en,latin,baseline,B,0.322797,0.838602,en,718
REP-004|en|latin#8#siteB#k3,REP-004|en|latin#8#siteB,3,REP-004|en|latin#8,REP-004,C4,freedom,en,latin,baseline,B,0.306783,0.846608,en,756
REP-004|en|latin#8#siteB#k4,REP-004|en|latin#8#siteB,4,REP-004|en|latin#8,REP-004,C4,freedom,en,latin,baseline,B,0.328591,0.835705,en,762
REP-005|zh|hanzi#9#siteA#k0,REP-005|zh|hanzi#9#siteA,0,REP-005|zh|hanzi#9,REP-005,C5,freedom,zh,hanzi,baseline,A,0.158527,0.920736,en,589
REP-005|zh|hanzi#9#siteA#k1,REP-005|zh|hanzi#9#siteA,1,REP-005|zh|hanzi#9,REP-005,C5,freedom,zh,hanzi,baseline,A,0.164389,0.917806,en,596
REP-005|zh|hanzi#9#siteA#k2,REP-005|zh|hanzi#9#siteA,2,REP-005|zh|hanzi#9,REP-005,C5,freedom,zh,hanzi,baseline,A,0.148095,0.925953,en,575
REP-005|zh|hanzi#9#siteA#k3,REP-005|zh|hanzi#9#siteA,3,REP-005|zh|hanzi#9,REP-005,C5,freedom,zh,hanzi,baseline,A,0.158692,0.920654,en,642
REP-005|zh|hanzi#9#siteA#k4,REP-005|zh|hanzi#9#siteA,4,REP-005|zh|hanzi#9,REP-005,C5,freedom,zh,hanzi,baseline,A,0.154379,0.92281,en,586
REP-005|zh|hanzi#9#siteB#k0,REP-005|zh|hanzi#9#siteB,0,REP-005|zh|hanzi#9,REP-005,C5,freedom,zh,hanzi,baseline,B,0.224391,0.887805,mixed,517
REP-005|zh|hanzi#9#siteB#k1,REP-005|zh|hanzi#9#siteB,1,REP-005|zh|hanzi#9,REP-005,C5,freedom,zh,hanzi,baseline,B,0.21462,0.89269,mixed,523
REP-005|zh|hanzi#9#siteB#k2,REP-005|zh|hanzi#9#siteB,2,REP-005|zh|hanzi#9,REP-005,C5,freedom,zh,hanzi,baseline,B,0.212012,0.893994,mixed,493
REP-005|zh|hanzi#9#siteB#k3,REP-005|zh|hanzi#9#siteB,3,REP-005|zh|hanzi#9,REP-005,C5,freedom,zh,hanzi,baseline,B,0.213116,0.893442,mixed,517
REP-005|zh|hanzi#9#siteB#k4,REP-005|zh|hanzi#9#siteB,4,REP-005|zh|hanzi#9,REP-005,C5,freedom,zh,hanzi,baseline,B,0.218681,0.89066,mixed,515
REP-005|en|latin#10#siteA#k0,REP-005|en|latin#10#siteA,0,REP-005|en|latin#10,REP-005,C5,freedom,en,latin,baseline,A,0.124583,0.937709,en,727
REP-005|en|latin#10#siteA#k1,REP-005|en|latin#10#siteA,1,REP-005|en|latin#10,REP-005,C5,freedom,en,latin,baseline,A,0.133976,0.933012,en,725
REP-005|en|latin#10#siteA#k2,REP-005|en|latin#10#siteA,2,REP-005|en|latin#10,REP-005,C5,freedom,en,latin,baseline,A,0.126691,0.936655,en,713
REP-005|en|latin#10#siteA#k3,REP-005|en|latin#10#siteA,3,REP-005|en|latin#10,REP-005,C5,freedom,en,latin,baseline,A,0.12882,0.93559,en,731
REP-005|en|latin#10#siteA#k4,REP-005|en|latin#10#siteA,4,REP-005|en|latin#10,REP-005,C5,freedom,en,latin,baseline,A,0.135336,0.932332,en,710
REP-005|en|latin#10#siteB#k0,REP-005|en|latin#10#siteB,0,REP-005|en|latin#10,REP-005,C5,freedom,en,latin,baseline,B,0.203184,0.898408,en,771
REP-005|en|latin#10#siteB#k1,REP-005|en|latin#10#siteB,1,REP-005|en|latin#10,REP-005,C5,freedom,en,latin,baseline,B,0.202522,0.898739,en,760
REP-005|en|latin#10#siteB#k2,REP-005|en|latin#10#siteB,2,REP-005|en|latin#10,REP-005,C5,freedom,en,latin,baseline,B,0.182402,0.908799,en,744
REP-005|en|latin#10#siteB#k3,REP-005|en|latin#10#siteB,3,REP-005|en|latin#10,REP-005,C5,freedom,en,latin,baseline,B,0.197377,0.901312,en,781
REP-005|en|latin#10#siteB#k4,REP-005|en|latin#10#siteB,4,REP-005|en|latin#10,REP-005,C5,freedom,en,latin,baseline,B,0.192089,0.903956,en,750
REP-006|zh|hanzi#11#siteA#k0,REP-006|zh|hanzi#11#siteA,0,REP-006|zh|hanzi#11,REP-006,C6,freedom,zh,hanzi,baseline,A,0.138482,0.930759,en,604
REP-006|zh|hanzi#11#siteA#k1,REP-006|zh|hanzi#11#siteA,1,REP-006|zh|hanzi#11,REP-006,C6,freedom,zh,hanzi,baseline,A,0.145054,0.927473,en,626
REP-006|zh|hanzi#11#siteA#k2,REP-006|zh|hanzi#11#siteA,2,REP-006|zh|hanzi#11,REP-006,C6,freedom,zh,hanzi,baseline,A,0.134075,0.932963,en,615
REP-006|zh|hanzi#11#siteA#k3,REP-006|zh|hanzi#11#siteA,3,REP-006|zh|hanzi#11,REP-006,C6,freedom,zh,hanzi,baseline,A,0.139877,0.930062,en,605
REP-006|zh|hanzi#11#siteA#k4,REP-006|zh|hanzi#11#siteA,4,REP-006|zh|hanzi#11,REP-006,C6,freedom,zh,hanzi,baseline,A,0.139203,0.930399,en,594
REP-006|zh|hanzi#11#siteB#k0,REP-006|zh|hanzi#11#siteB,0,REP-006|zh|hanzi#11,REP-006,C6,freedom,zh,hanzi,baseline,B,0.196676,0.901662,mixed,509
REP-006|zh|hanzi#11#siteB#k1,REP-006|zh|hanzi#11#siteB,1,REP-006|zh|hanzi#11,REP-006,C6,freedom,zh,hanzi,baseline,B,0.20569,0.897155,mixed,464
REP-006|zh|hanzi#11#siteB#k2,REP-006|zh|hanzi#11#siteB,2,REP-006|zh|hanzi#11,REP-006,C6,freedom,zh,hanzi,baseline,B,0.208315,0.895842,mixed,533
REP-006|zh|hanzi#11#siteB#k3,REP-006|zh|hanzi#11#siteB,3,REP-006|zh|hanzi#11,REP-006,C6,freedom,zh,hanzi,baseline,B,0.211221,0.894389,mixed,494
REP-006|zh|hanzi#11#siteB#k4,REP-006|zh|hanzi#11#siteB,4,REP-006|zh|hanzi#11,REP-006,C6,freedom,zh,hanzi,baseline,B,0.211966,0.894017,mixed,519
REP-006|en|latin#12#siteA#k0,REP-006|en|latin#12#siteA,0,REP-006|en|latin#12,REP-006,C6,freedom,en,latin,baseline,A,0.163547,0.918227,en,699
REP-006|en|latin#12#siteA#k1,REP-006|en|latin#12#siteA,1,REP-006|en|latin#12,REP-006,C6,freedom,en,latin,baseline,A,0.156093,0.921954,en,704
REP-006|en|latin#12#siteA#k2,REP-006|en|latin#12#siteA,2,REP-006|en|latin#12,REP-006,C6,freedom,en,latin,baseline,A,0.153871,0.923065,en,728
REP-006|en|latin#12#siteA#k3,REP-006|en|latin#12#siteA,3,REP-006|en|latin#12,REP-006,C6,freedom,en,latin,baseline,A,0.162262,0.918869,en,709
REP-006|en|latin#12#siteA#k4,REP-006|en|latin#12#siteA,4,REP-006|en|latin#12,REP-006,C6,freedom,en,latin,baseline,A,0.157867,0.921067,en,705
REP-006|en|latin#12#siteB#k0,REP-006|en|latin#12#siteB,0,REP-006|en|latin#12,REP-006,C6,freedom,en,latin,baseline,B,0.23376,0.88312,en,737
REP-006|en|latin#12#siteB#k1,REP-006|en|latin#12#siteB,1,REP-006|en|latin#12,REP-006,C6,freedom,en,latin,baseline,B,0.220652,0.889674,en,727
REP-006|en|latin#12#siteB#k2,REP-006|en|latin#12#siteB,2,REP-006|en|latin#12,REP-006,C6,freedom,en,latin,baseline,B,0.231083,0.884459,en,745
REP-006|en|latin#12#siteB#k3,REP-006|en|latin#12#siteB,3,REP-006|en|latin#12,REP-006,C6,freedom,en,latin,baseline,B,0.240675,0.879663,en,741
REP-006|en|latin#12#siteB#k4,REP-006|en|latin#12#siteB,4,REP-006|en|latin#12,REP-006,C6,freedom,en,latin,baseline,B,0.237409,0.881296,en,743
REP-007|zh|hanzi#13#siteA#k0,REP-007|zh|hanzi#13#siteA,0,REP-007|zh|hanzi#13,REP-007,C1,democracy,zh,hanzi,baseline,A,0.190904,0.904548,en,651
REP-007|zh|hanzi#13#siteA#k1,REP-007|zh|hanzi#13#siteA,1,REP-007|zh|hanzi#13,REP-007,C1,democracy,zh,hanzi,baseline,A,0.181633,0.909183,en,600
REP-007|zh|hanzi#13#siteA#k2,REP-007|zh|hanzi#13#siteA,2,REP-007|zh|hanzi#13,REP-007,C1,democracy,zh,hanzi,baseline,A,0.175075,0.912463,en,604
REP-007|zh|hanzi#13#siteA#k3,REP-007|zh|hanzi#13#siteA,3,REP-007|zh|hanzi#13,REP-007,C1,democracy,zh,hanzi,baseline,A,0.172122,0.913939,en,567
REP-007|zh|hanzi#13#siteA#k4,REP-007|zh|hanzi#13#siteA,4,REP-007|zh|hanzi#13,REP-007,C1,democracy,zh,hanzi,baseline,A,0.17902,0.91049,en,590
REP-007|zh|hanzi#13#siteB#k0,REP-007|zh|hanzi#13#siteB,0,REP-007|zh|hanzi#13,REP-007,C1,democracy,zh,hanzi,baseline,B,0.191946,0.904027,mixed,489
REP-007|zh|hanzi#13#siteB#k1,REP-007|zh|hanzi#13#siteB,1,REP-007|zh|hanzi#13,REP-007,C1,democracy,zh,hanzi,baseline,B,0.191886,0.904057,mixed,513
REP-007|zh|hanzi#13#siteB#k2,REP-007|zh|hanzi#13#siteB,2,REP-007|zh|hanzi#13,REP-007,C1,democracy,zh,hanzi,baseline,B,0.175555,0.912223,en,565
REP-007|zh|hanzi#13#siteB#k3,REP-007|zh|hanzi#13#siteB,3,REP-007|zh|hanzi#13,REP-007,C1,democracy,zh,hanzi,baseline,B,0.186037,0.906982,en,531
REP-007|zh|hanzi#13#siteB#k4,REP-007|zh|hanzi#13#siteB,4,REP-007|zh|hanzi#13,REP-007,C1,democracy,zh,hanzi,baseline,B,0.185952,0.907024,mixed,503
REP-007|en|latin#14#siteA#k0,REP-007|en|latin#14#siteA,0,REP-007|en|latin#14,REP-007,C1,democracy,en,latin,baseline,A,0.126124,0.936938,en,729
REP-007|en|latin#14#siteA#k1,REP-007|en|latin#14#siteA,1,REP-007|en|latin#14,REP-007,C1,democracy,en,latin,baseline,A,0.123646,0.938177,en,720
REP-007|en|latin#14#siteA#k2,REP-007|en|latin#14#siteA,2,REP-007|en|latin#14,REP-007,C1,democracy,en,latin,baseline,A,0.120306,0.939847,en,687
REP-007|en|latin#14#siteA#k3,REP-007|en|latin#14#siteA,3,REP-007|en|latin#14,REP-007,C1,democracy,en,latin,baseline,A,0.126276,0.936862,en,711
REP-007|en|latin#14#siteA#k4,REP-007|en|latin#14#siteA,4,REP-007|en|latin#14,REP-007,C1,democracy,en,latin,baseline,A,0.124403,0.937798,en,691
REP-007|en|latin#14#siteB#k0,REP-007|en|latin#14#siteB,0,REP-007|en|latin#14,REP-007,C1,democracy,en,latin,baseline,B,0.20603,0.896985,en,777
REP-007|en|latin#14#siteB#k1,REP-007|en|latin#14#siteB,1,REP-007|en|latin#14,REP-007,C1,democracy,en,latin,baseline,B,0.195942,0.902029,en,771
REP-007|en|latin#14#siteB#k2,REP-007|en|latin#14#siteB,2,REP-007|en|latin#14,REP-007,C1,democracy,en,latin,baseline,B,0.207844,0.896078,en,745
REP-007|en|latin#14#siteB#k3,REP-007|en|latin#14#siteB,3,REP-007|en|latin#14,REP-007,C1,democracy,en,latin,baseline,B,0.19051,0.904745,en,732
REP-007|en|latin#14#siteB#k4,REP-007|en|latin#14#siteB,4,REP-007|en|latin#14,REP-007,C1,democracy,en,latin,baseline,B,0.200442,0.899779,en,763
REP-008|zh|hanzi#15#siteA#k0,REP-008|zh|hanzi#15#siteA,0,REP-008|zh|hanzi#15,REP-008,C2,democracy,zh,hanzi,baseline,A,0.11234,0.94383,en,635
REP-008|zh|hanzi#15#siteA#k1,REP-008|zh|hanzi#15#siteA,1,REP-008|zh|hanzi#15,REP-008,C2,democracy,zh,hanzi,baseline,A,0.114111,0.942945,en,578
REP-008|zh|hanzi#15#siteA#k2,REP-008|zh|hanzi#15#siteA,2,REP-008|zh|hanzi#15,REP-008,C2,democracy,zh,hanzi,baseline,A,0.115316,0.942342,en,576
REP-008|zh|hanzi#15#siteA#k3,REP-008|zh|hanzi#15#siteA,3,REP-008|zh|hanzi#15,REP-008,C2,democracy,zh,hanzi,baseline,A,0.110159,0.944921,en,598
REP-008|zh|hanzi#15#siteA#k4,REP-008|zh|hanzi#15#siteA,4,REP-008|zh|hanzi#15,REP-008,C2,democracy,zh,hanzi,baseline,A,0.109451,0.945275,en,616
REP-008|zh|hanzi#15#siteB#k0,REP-008|zh|hanzi#15#siteB,0,REP-008|zh|hanzi#15,REP-008,C2,democracy,zh,hanzi,baseline,B,0.25707,0.871465,mixed,578
REP-008|zh|hanzi#15#siteB#k1,REP-008|zh|hanzi#15#siteB,1,REP-008|zh|hanzi#15,REP-008,C2,democracy,zh,hanzi,baseline,B,0.253553,0.873224,mixed,570
REP-008|zh|hanzi#15#siteB#k2,REP-008|zh|hanzi#15#siteB,2,REP-008|zh|hanzi#15,REP-008,C2,democracy,zh,hanzi,baseline,B,0.262861,0.868569,mixed,527
REP-008|zh|hanzi#15#siteB#k3,REP-008|zh|hanzi#15#siteB,3,REP-008|zh|hanzi#15,REP-008,C2,democracy,zh,hanzi,baseline,B,0.254994,0.872503,mixed,494
REP-008|zh|hanzi#15#siteB#k4,REP-008|zh|hanzi#15#siteB,4,REP-008|zh|hanzi#15,REP-008,C2,democracy,zh,hanzi,baseline,B,0.234957,0.882521,mixed,523
REP-008|en|latin#16#siteA#k0,REP-008|en|latin#16#siteA,0,REP-008|en|latin#16,REP-008,C2,democracy,en,latin,baseline,A,0.120751,0.939625,en,743
REP-008|en|latin#16#siteA#k1,REP-008|en|latin#16#siteA,1,REP-008|en|latin#16,REP-008,C2,democracy,en,latin,baseline,A,0.116199,0.941901,en,706
REP-008|en|latin#16#siteA#k2,REP-008|en|latin#16#siteA,2,REP-008|en|latin#16,REP-008,C2,democracy,en,latin,baseline,A,0.11223,0.943885,en,743
REP-008|en|latin#16#siteA#k3,REP-008|en|latin#16#siteA,3,REP-008|en|latin#16,REP-008,C2,democracy,en,latin,baseline,A,0.127763,0.936119,en,723
REP-008|en|latin#16#siteA#k4,REP-008|en|latin#16#siteA,4,REP-008|en|latin#16,REP-008,C2,democracy,en,latin,baseline,A,0.118536,0.940732,en,750
REP-008|en|latin#16#siteB#k0,REP-008|en|latin#16#siteB,0,REP-008|en|latin#16,REP-008,C2,democracy,en,latin,baseline,B,0.219876,0.890062,en,767
REP-008|en|latin#16#siteB#k1,REP-008|en|latin#16#siteB,1,REP-008|en|latin#16,REP-008,C2,democracy,en,latin,baseline,B,0.228514,0.885743,en,764
REP-008|en|latin#16#siteB#k2,REP-008|en|latin#16#siteB,2,REP-008|en|latin#16,REP-008,C2,democracy,en,latin,baseline,B,0.24109,0.879455,en,762
REP-008|en|latin#16#siteB#k3,REP-008|en|latin#16#siteB,3,REP-008|en|latin#16,REP-008,C2,democracy,en,latin,baseline,B,0.228162,0.885919,en,751
REP-008|en|latin#16#siteB#k4,REP-008|en|latin#16#siteB,4,REP-008|en|latin#16,REP-008,C2,democracy,en,latin,baseline,B,0.235922,0.882039,en,769
REP-009|zh|hanzi#17#siteA#k0,REP-009|zh|hanzi#17#siteA,0,REP-009|zh|hanzi#17,REP-009,C3,democracy,zh,hanzi,baseline,A,0.109948,0.945026,en,630
REP-009|zh|hanzi#17#siteA#k1,REP-009|zh|hanzi#17#siteA,1,REP-009|zh|hanzi#17,REP-009,C3,democracy,zh,hanzi,baseline,A,0.115924,0.942038,en,626
REP-009|zh|hanzi#17#siteA#k2,REP-009|zh|hanzi#17#siteA,2,REP-009|zh|hanzi#17,REP-009,C3,democracy,zh,hanzi,baseline,A,0.115232,0.942384,en,612
REP-009|zh|hanzi#17#siteA#k3,REP-009|zh|hanzi#17#siteA,3,REP-009|zh|hanzi#17,REP-009,C3,democracy,zh,hanzi,baseline,A,0.111245,0.944378,en,582
REP-009|zh|hanzi#17#siteA#k4,REP-009|zh|hanzi#17#siteA,4,REP-009|zh|hanzi#17,REP-009,C3,democracy,zh,hanzi,baseline,A,0.114196,0.942902,en,597
REP-009|zh|hanzi#17#siteB#k0,REP-009|zh|hanzi#17#siteB,0,REP-009|zh|hanzi#17,REP-009,C3,democracy,zh,hanzi,baseline,B,0.212461,0.89377,mixed,527
REP-009|zh|hanzi#17#siteB#k1,REP-009|zh|hanzi#17#siteB,1,REP-009|zh|hanzi#17,REP-009,C3,democracy,zh,hanzi,baseline,B,0.224756,0.887622,mixed,495
REP-009|zh|hanzi#17#siteB#k2,REP-009|zh|hanzi#17#siteB,2,REP-009|zh|hanzi#17,REP-009,C3,democracy,zh,hanzi,baseline,B,0.199691,0.900154,mixed,531
REP-009|zh|hanzi#17#siteB#k3,REP-009|zh|hanzi#17#siteB,3,REP-009|zh|hanzi#17,REP-009,C3,democracy,zh,hanzi,baseline,B,0.228531,0.885735,mixed,500
REP-009|zh|hanzi#17#siteB#k4,REP-009|zh|hanzi#17#siteB,4,REP-009|zh|hanzi#17,REP-009,C3,democracy,zh,hanzi,baseline,B,0.208536,0.895732,mixed,528
REP-009|en|latin#18#siteA#k0,REP-009|en|latin#18#siteA,0,REP-009|en|latin#18,REP-009,C3,democracy,en,latin,baseline,A,0.241246,0.879377,en,726
REP-009|en|latin#18#siteA#k1,REP-009|en|latin#18#siteA,1,REP-009|en|latin#18,REP-009,C3,democracy,en,latin,baseline,A,0.240041,0.87998,en,746
REP-009|en|latin#18#siteA#k2,REP-009|en|latin#18#siteA,2,REP-009|en|latin#18,REP-009,C3,democracy,en,latin,baseline,A,0.228871,0.885565,en,781
REP-009|en|latin#18#siteA#k3,REP-009|en|latin#18#siteA,3,REP-009|en|latin#18,REP-009,C3,democracy,en,latin,baseline,A,0.230577,0.884712,en,778
REP-009|en|latin#18#siteA#k4,REP-009|en|latin#18#siteA,4,REP-009|en|latin#18,REP-009,C3,democracy,en,latin,baseline,A,0.230052,0.884974,en,733
REP-009|en|latin#18#siteB#k0,REP-009|en|latin#18#siteB,0,REP-009|en|latin#18,REP-009,C3,democracy,en,latin,baseline,B,0.334083,0.832958,en,762
REP-009|en|latin#18#siteB#k1,REP-009|en|latin#18#siteB,1,REP-009|en|latin#18,REP-009,C3,democracy,en,latin,baseline,B,0.306044,0.846978,en,776
REP-009|en|latin#18#siteB#k2,REP-009|en|latin#18#siteB,2,REP-009|en|latin#18,REP-009,C3,democracy,en,latin,baseline,B,0.343302,0.828349,en,763
REP-009|en|latin#18#siteB#k3,REP-009|en|latin#18#siteB,3,REP-009|en|latin#18,REP-009,C3,democracy,en,latin,baseline,B,0.309053,0.845474,en,776
REP-009|en|latin#18#siteB#k4,REP-009|en|latin#18#siteB,4,REP-009|en|latin#18,REP-009,C3,democracy,en,latin,baseline,B,0.305087,0.847457,en,750
REP-010|zh|hanzi#19#siteA#k0,REP-010|zh|hanzi#19#siteA,0,REP-010|zh|hanzi#19,REP-010,C4,democracy,zh,hanzi,baseline,A,0.112567,0.943716,en,588
REP-010|zh|hanzi#19#siteA#k1,REP-010|zh|hanzi#19#siteA,1,REP-010|zh|hanzi#19,REP-010,C4,democracy,zh,hanzi,baseline,A,0.110293,0.944854,en,577
REP-010|zh|hanzi#19#siteA#k2,REP-010|zh|hanzi#19#siteA,2,REP-010|zh|hanzi#19,REP-010,C4,democracy,zh,hanzi,baseline,A,0.121188,0.939406,en,597
REP-010|zh|hanzi#19#siteA#k3,REP-010|zh|hanzi#19#siteA,3,REP-010|zh|hanzi#19,REP-010,C4,democracy,zh,hanzi,baseline,A,0.120204,0.939898,en,572
REP-010|zh|hanzi#19#siteA#k4,REP-010|zh|hanzi#19#siteA,4,REP-010|zh|hanzi#19,REP-010,C4,democracy,zh,hanzi,baseline,A,0.109088,0.945456,en,608
REP-010|zh|hanzi#19#siteB#k0,REP-010|zh|hanzi#19#siteB,0,REP-010|zh|hanzi#19,REP-010,C4,democracy,zh,hanzi,baseline,B,0.215623,0.892189,mixed,509
REP-010|zh|hanzi#19#siteB#k1,REP-010|zh|hanzi#19#siteB,1,REP-010|zh|hanzi#19,REP-010,C4,democracy,zh,hanzi,baseline,B,0.213063,0.893468,mixed,514
REP-010|zh|hanzi#19#siteB#k2,REP-010|zh|hanzi#19#siteB,2,REP-010|zh|hanzi#19,REP-010,C4,democracy,zh,hanzi,baseline,B,0.215448,0.892276,mixed,484
REP-010|zh|hanzi#19#siteB#k3,REP-010|zh|hanzi#19#siteB,3,REP-010|zh|hanzi#19,REP-010,C4,democracy,zh,hanzi,baseline,B,0.211467,0.894266,mixed,481
REP-010|zh|hanzi#19#siteB#k4,REP-010|zh|hanzi#19#siteB,4,REP-010|zh|hanzi#19,REP-010,C4,democracy,zh,hanzi,baseline,B,0.225216,0.887392,mixed,506
REP-010|en|latin#20#siteA#k0,REP-010|en|latin#20#siteA,0,REP-010|en|latin#20,REP-010,C4,democracy,en,latin,baseline,A,0.10336,0.94832,en,744
REP-010|en|latin#20#siteA#k1,REP-010|en|latin#20#siteA,1,REP-010|en|latin#20,REP-010,C4,democracy,en,latin,baseline,A,0.103158,0.948421,en,704
REP-010|en|latin#20#siteA#k2,REP-010|en|latin#20#siteA,2,REP-010|en|latin#20,REP-010,C4,democracy,en,latin,baseline,A,0.110814,0.944593,en,726
REP-010|en|latin#20#siteA#k3,REP-010|en|latin#20#siteA,3,REP-010|en|latin#20,REP-010,C4,democracy,en,latin,baseline,A,0.108517,0.945742,en,694
REP-010|en|latin#20#siteA#k4,REP-010|en|latin#20#siteA,4,REP-010|en|latin#20,REP-010,C4,democracy,en,latin,baseline,A,0.103824,0.948088,en,704
REP-010|en|latin#20#siteB#k0,REP-010|en|latin#20#siteB,0,REP-010|en|latin#20,REP-010,C4,democracy,en,latin,baseline,B,0.323575,0.838213,en,763
REP-010|en|latin#20#siteB#k1,REP-010|en|latin#20#siteB,1,REP-010|en|latin#20,REP-010,C4,democracy,en,latin,baseline,B,0.306649,0.846676,en,760
REP-010|en|latin#20#siteB#k2,REP-010|en|latin#20#siteB,2,REP-010|en|latin#20,REP-010,C4,democracy,en,latin,baseline,B,0.328502,0.835749,en,758
REP-010|en|latin#20#siteB#k3,REP-010|en|latin#20#siteB,3,REP-010|en|latin#20,REP-010,C4,democracy,en,latin,baseline,B,0.311459,0.844271,en,734
REP-010|en|latin#20#siteB#k4,REP-010|en|latin#20#siteB,4,REP-010|en|latin#20,REP-010,C4,democracy,en,latin,baseline,B,0.341688,0.829156,en,714
REP-011|zh|hanzi#21#siteA#k0,REP-011|zh|hanzi#21#siteA,0,REP-011|zh|hanzi#21,REP-011,C5,democracy,zh,hanzi,baseline,A,0.119787,0.940107,en,619
REP-011|zh|hanzi#21#siteA#k1,REP-011|zh|hanzi#21#siteA,1,REP-011|zh|hanzi#21,REP-011,C5,democracy,zh,hanzi,baseline,A,0.115367,0.942317,en,623
REP-011|zh|hanzi#21#siteA#k2,REP-011|zh|hanzi#21#siteA,2,REP-011|zh|hanzi#21,REP-011,C5,democracy,zh,hanzi,baseline,A,0.128777,0.935612,en,625
REP-011|zh|hanzi#21#siteA#k3,REP-011|zh|hanzi#21#siteA,3,REP-011|zh|hanzi#21,REP-011,C5,democracy,zh,hanzi,baseline,A,0.116786,0.941607,en,596
REP-011|zh|hanzi#21#siteA#k4,REP-011|zh|hanzi#21#siteA,4,REP-011|zh|hanzi#21,REP-011,C5,democracy,zh,hanzi,baseline,A,0.113888,0.943056,en,603
REP-011|zh|hanzi#21#siteB#k0,REP-011|zh|hanzi#21#siteB,0,REP-011|zh|hanzi#21,REP-011,C5,democracy,zh,hanzi,baseline,B,0.217599,0.891201,mixed,500
REP-011|zh|hanzi#21#siteB#k1,REP-011|zh|hanzi#21#siteB,1,REP-011|zh|hanzi#21,REP-011,C5,democracy,zh,hanzi,baseline,B,0.211967,0.894016,mixed,540
REP-011|zh|hanzi#21#siteB#k2,REP-011|zh|hanzi#21#siteB,2,REP-011|zh|hanzi#21,REP-011,C5,democracy,zh,hanzi,baseline,B,0.214314,0.892843,mixed,536
REP-011|zh|hanzi#21#siteB#k3,REP-011|zh|hanzi#21#siteB,3,REP-011|zh|hanzi#21,REP-011,C5,democracy,zh,hanzi,baseline,B,0.207356,0.896322,mixed,519
REP-011|zh|hanzi#21#siteB#k4,REP-011|zh|hanzi#21#siteB,4,REP-011|zh|hanzi#21,REP-011,C5,democracy,zh,hanzi,baseline,B,0.214784,0.892608,mixed,527
REP-011|en|latin#22#siteA#k0,REP-011|en|latin#22#siteA,0,REP-011|en|latin#22,REP-011,C5,democracy,en,latin,baseline,A,0.096415,0.951793,en,694
REP-011|en|latin#22#siteA#k1,REP-011|en|latin#22#siteA,1,REP-011|en|latin#22,REP-011,C5,democracy,en,latin,baseline,A,0.087269,0.956365,en,744
REP-011|en|latin#22#siteA#k2,REP-011|en|latin#22#siteA,2,REP-011|en|latin#22,REP-011,C5,democracy,en,latin,baseline,A,0.092413,0.953794,en,707
REP-011|en|latin#22#siteA#k3,REP-011|en|latin#22#siteA,3,REP-011|en|latin#22,REP-011,C5,democracy,en,latin,baseline,A,0.09144,0.95428,en,707
REP-011|en|latin#22#siteA#k4,REP-011|en|latin#22#siteA,4,REP-011|en|latin#22,REP-011,C5,democracy,en,latin,baseline,A,0.099181,0.95041,en,737
REP-011|en|latin#22#siteB#k0,REP-011|en|latin#22#siteB,0,REP-011|en|latin#22,REP-011,C5,democracy,en,latin,baseline,B,0.194377,0.902811,en,775
REP-011|en|latin#22#siteB#k1,REP-011|en|latin#22#siteB,1,REP-011|en|latin#22,REP-011,C5,democracy,en,latin,baseline,B,0.209922,0.895039,en,767
REP-011|en|latin#22#siteB#k2,REP-011|en|latin#22#siteB,2,REP-011|en|latin#22,REP-011,C5,democracy,en,latin,baseline,B,0.198176,0.900912,en,775
REP-011|en|latin#22#siteB#k3,REP-011|en|latin#22#siteB,3,REP-011|en|latin#22,REP-011,C5,democracy,en,latin,baseline,B,0.20891,0.895545,en,776
REP-011|en|latin#22#siteB#k4,REP-011|en|latin#22#siteB,4,REP-011|en|latin#22,REP-011,C5,democracy,en,latin,baseline,B,0.17965,0.910175,en,760
REP-012|zh|hanzi#23#siteA#k0,REP-012|zh|hanzi#23#siteA,0,REP-012|zh|hanzi#23,REP-012,C6,democracy,zh,hanzi,baseline,A,0.113324,0.943338,en,585
REP-012|zh|hanzi#23#siteA#k1,REP-012|zh|hanzi#23#siteA,1,REP-012|zh|hanzi#23,REP-012,C6,democracy,zh,hanzi,baseline,A,0.118663,0.940669,en,601
REP-012|zh|hanzi#23#siteA#k2,REP-012|zh|hanzi#23#siteA,2,REP-012|zh|hanzi#23,REP-012,C6,democracy,zh,hanzi,baseline,A,0.120551,0.939725,en,602
REP-012|zh|hanzi#23#siteA#k3,REP-012|zh|hanzi#23#siteA,3,REP-012|zh|hanzi#23,REP-012,C6,democracy,zh,hanzi,baseline,A,0.111385,0.944308,en,626
REP-012|zh|hanzi#23#siteA#k4,REP-012|zh|hanzi#23#siteA,4,REP-012|zh|hanzi#23,REP-012,C6,democracy,zh,hanzi,baseline,A,0.108135,0.945933,en,607
REP-012|zh|hanzi#23#siteB#k0,REP-012|zh|hanzi#23#siteB,0,REP-012|zh|hanzi#23,REP-012,C6,democracy,zh,hanzi,baseline,B,0.212932,0.893534,mixed,523
REP-012|zh|hanzi#23#siteB#k1,REP-012|zh|hanzi#23#siteB,1,REP-012|zh|hanzi#23,REP-012,C6,democracy,zh,hanzi,baseline,B,0.20895,0.895525,mixed,549
REP-012|zh|hanzi#23#siteB#k2,REP-012|zh|hanzi#23#siteB,2,REP-012|zh|hanzi#23,REP-012,C6,democracy,zh,hanzi,baseline,B,0.203639,0.89818,mixed,493
REP-012|zh|hanzi#23#siteB#k3,REP-012|zh|hanzi#23#siteB,3,REP-012|zh|hanzi#23,REP-012,C6,democracy,zh,hanzi,baseline,B,0.209074,0.895463,en,559
REP-012|zh|hanzi#23#siteB#k4,REP-012|zh|hanzi#23#siteB,4,REP-012|zh|hanzi#23,REP-012,C6,democracy,zh,hanzi,baseline,B,0.218969,0.890516,mixed,495
REP-012|en|latin#24#siteA#k0,REP-012|en|latin#24#siteA,0,REP-012|en|latin#24,REP-012,C6,democracy,en,latin,baseline,A,0.11387,0.943065,en,694
REP-012|en|latin#24#siteA#k1,REP-012|en|latin#24#siteA,1,REP-012|en|latin#24,REP-012,C6,democracy,en,latin,baseline,A,0.108481,0.94576,en,716
REP-012|en|latin#24#siteA#k2,REP-012|en|latin#24#siteA,2,REP-012|en|latin#24,REP-012,C6,democracy,en,latin,baseline,A,0.108778,0.945611,en,737
REP-012|en|latin#24#siteA#k3,REP-012|en|latin#24#siteA,3,REP-012|en|latin#24,REP-012,C6,democracy,en,latin,baseline,A,0.103245,0.948377,en,710
REP-012|en|latin#24#siteA#k4,REP-012|en|latin#24#siteA,4,REP-012|en|latin#24,REP-012,C6,democracy,en,latin,baseline,A,0.103672,0.948164,en,714
REP-012|en|latin#24#siteB#k0,REP-012|en|latin#24#siteB,0,REP-012|en|latin#24,REP-012,C6,democracy,en,latin,baseline,B,0.193462,0.903269,en,740
REP-012|en|latin#24#siteB#k1,REP-012|en|latin#24#siteB,1,REP-012|en|latin#24,REP-012,C6,democracy,en,latin,baseline,B,0.193961,0.903019,en,755
REP-012|en|latin#24#siteB#k2,REP-012|en|latin#24#siteB,2,REP-012|en|latin#24,REP-012,C6,democracy,en,latin,baseline,B,0.20544,0.89728,en,728
REP-012|en|latin#24#siteB#k3,REP-012|en|latin#24#siteB,3,REP-012|en|latin#24,REP-012,C6,democracy,en,latin,baseline,B,0.220343,0.889829,en,739
REP-012|en|latin#24#siteB#k4,REP-012|en|latin#24#siteB,4,REP-012|en|latin#24,REP-012,C6,democracy,en,latin,baseline,B,0.215052,0.892474,en,750
REP-013|zh|hanzi#25#siteA#k0,REP-013|zh|hanzi#25#siteA,0,REP-013|zh|hanzi#25,REP-013,C1,human rights,zh,hanzi,baseline,A,0.215764,0.892118,en,572
REP-013|zh|hanzi#25#siteA#k1,REP-013|zh|hanzi#25#siteA,1,REP-013|zh|hanzi#25,REP-013,C1,human rights,zh,hanzi,baseline,A,0.218605,0.890697,en,597
REP-013|zh|hanzi#25#siteA#k2,REP-013|zh|hanzi#25#siteA,2,REP-013|zh|hanzi#25,REP-013,C1,human rights,zh,hanzi,baseline,A,0.208158,0.895921,en,576
REP-013|zh|hanzi#25#siteA#k3,REP-013|zh|hanzi#25#siteA,3,REP-013|zh|hanzi#25,REP-013,C1,human rights,zh,hanzi,baseline,A,0.204203,0.897899,en,538
REP-013|zh|hanzi#25#siteA#k4,REP-013|zh|hanzi#25#siteA,4,REP-013|zh|hanzi#25,REP-013,C1,human rights,zh,hanzi,baseline,A,0.172974,0.913513,en,583
REP-013|zh|hanzi#25#siteB#k0,REP-013|zh|hanzi#25#siteB,0,REP-013|zh|hanzi#25,REP-013,C1,human rights,zh,hanzi,baseline,B,0.180065,0.909968,mixed,539
REP-013|zh|hanzi#25#siteB#k1,REP-013|zh|hanzi#25#siteB,1,REP-013|zh|hanzi#25,REP-013,C1,human rights,zh,hanzi,baseline,B,0.178859,0.910571,mixed,526
REP-013|zh|hanzi#25#siteB#k2,REP-013|zh|hanzi#25#siteB,2,REP-013|zh|hanzi#25,REP-013,C1,human rights,zh,hanzi,baseline,B,0.18968,0.90516,en,563
REP-013|zh|hanzi#25#siteB#k3,REP-013|zh|hanzi#25#siteB,3,REP-013|zh|hanzi#25,REP-013,C1,human rights,zh,hanzi,baseline,B,0.174519,0.912741,mixed,529
REP-013|zh|hanzi#25#siteB#k4,REP-013|zh|hanzi#25#siteB,4,REP-013|zh|hanzi#25,REP-013,C1,human rights,zh,hanzi,baseline,B,0.177344,0.911328,en,561
REP-013|en|latin#26#siteA#k0,REP-013|en|latin#26#siteA,0,REP-013|en|latin#26,REP-013,C1,human rights,en,latin,baseline,A,0.133883,0.933058,en,737
REP-013|en|latin#26#siteA#k1,REP-013|en|latin#26#siteA,1,REP-013|en|latin#26,REP-013,C1,human rights,en,latin,baseline,A,0.128828,0.935586,en,742
REP-013|en|latin#26#siteA#k2,REP-013|en|latin#26#siteA,2,REP-013|en|latin#26,REP-013,C1,human rights,en,latin,baseline,A,0.126222,0.936889,en,699
REP-013|en|latin#26#siteA#k3,REP-013|en|latin#26#siteA,3,REP-013|en|latin#26,REP-013,C1,human rights,en,latin,baseline,A,0.129521,0.93524,en,726
REP-013|en|latin#26#siteA#k4,REP-013|en|latin#26#siteA,4,REP-013|en|latin#26,REP-013,C1,human rights,en,latin,baseline,A,0.128408,0.935796,en,731
REP-013|en|latin#26#siteB#k0,REP-013|en|latin#26#siteB,0,REP-013|en|latin#26,REP-013,C1,human rights,en,latin,baseline,B,0.184823,0.907589,en,773
REP-013|en|latin#26#siteB#k1,REP-013|en|latin#26#siteB,1,REP-013|en|latin#26,REP-013,C1,human rights,en,latin,baseline,B,0.195373,0.902314,en,763
REP-013|en|latin#26#siteB#k2,REP-013|en|latin#26#siteB,2,REP-013|en|latin#26,REP-013,C1,human rights,en,latin,baseline,B,0.189469,0.905266,en,762
REP-013|en|latin#26#siteB#k3,REP-013|en|latin#26#siteB,3,REP-013|en|latin#26,REP-013,C1,human rights,en,latin,baseline,B,0.208062,0.895969,en,772
REP-013|en|latin#26#siteB#k4,REP-013|en|latin#26#siteB,4,REP-013|en|latin#26,REP-013,C1,human rights,en,latin,baseline,B,0.18885,0.905575,en,768
REP-014|zh|hanzi#27#siteA#k0,REP-014|zh|hanzi#27#siteA,0,REP-014|zh|hanzi#27,REP-014,C2,human rights,zh,hanzi,baseline,A,0.124773,0.937614,en,554
REP-014|zh|hanzi#27#siteA#k1,REP-014|zh|hanzi#27#siteA,1,REP-014|zh|hanzi#27,REP-014,C2,human rights,zh,hanzi,baseline,A,0.131013,0.934494,en,615
REP-014|zh|hanzi#27#siteA#k2,REP-014|zh|hanzi#27#siteA,2,REP-014|zh|hanzi#27,REP-014,C2,human rights,zh,hanzi,baseline,A,0.128872,0.935564,en,564
REP-014|zh|hanzi#27#siteA#k3,REP-014|zh|hanzi#27#siteA,3,REP-014|zh|hanzi#27,REP-014,C2,human rights,zh,hanzi,baseline,A,0.123356,0.938322,en,596
REP-014|zh|hanzi#27#siteA#k4,REP-014|zh|hanzi#27#siteA,4,REP-014|zh|hanzi#27,REP-014,C2,human rights,zh,hanzi,baseline,A,0.139254,0.930373,en,645
REP-014|zh|hanzi#27#siteB#k0,REP-014|zh|hanzi#27#siteB,0,REP-014|zh|hanzi#27,REP-014,C2,human rights,zh,hanzi,baseline,B,0.222766,0.888617,mixed,474
REP-014|zh|hanzi#27#siteB#k1,REP-014|zh|hanzi#27#siteB,1,REP-014|zh|hanzi#27,REP-014,C2,human rights,zh,hanzi,baseline,B,0.224931,0.887535,mixed,511
REP-014|zh|hanzi#27#siteB#k2,REP-014|zh|hanzi#27#siteB,2,REP-014|zh|hanzi#27,REP-014,C2,human rights,zh,hanzi,baseline,B,0.210479,0.894761,mixed,475
REP-014|zh|hanzi#27#siteB#k3,REP-014|zh|hanzi#27#siteB,3,REP-014|zh|hanzi#27,REP-014,C2,human rights,zh,hanzi,baseline,B,0.225393,0.887304,mixed,519
REP-014|zh|hanzi#27#siteB#k4,REP-014|zh|hanzi#27#siteB,4,REP-014|zh|hanzi#27,REP-014,C2,human rights,zh,hanzi,baseline,B,0.223165,0.888418,mixed,529
REP-014|en|latin#28#siteA#k0,REP-014|en|latin#28#siteA,0,REP-014|en|latin#28,REP-014,C2,human rights,en,latin,baseline,A,0.137812,0.931094,en,754
REP-014|en|latin#28#siteA#k1,REP-014|en|latin#28#siteA,1,REP-014|en|latin#28,REP-014,C2,human rights,en,latin,baseline,A,0.139634,0.930183,en,753
REP-014|en|latin#28#siteA#k2,REP-014|en|latin#28#siteA,2,REP-014|en|latin#28,REP-014,C2,human rights,en,latin,baseline,A,0.135398,0.932301,en,747
REP-014|en|latin#28#siteA#k3,REP-014|en|latin#28#siteA,3,REP-014|en|latin#28,REP-014,C2,human rights,en,latin,baseline,A,0.13854,0.93073,en,775
REP-014|en|latin#28#siteA#k4,REP-014|en|latin#28#siteA,4,REP-014|en|latin#28,REP-014,C2,human rights,en,latin,baseline,A,0.140027,0.929986,en,771
REP-014|en|latin#28#siteB#k0,REP-014|en|latin#28#siteB,0,REP-014|en|latin#28,REP-014,C2,human rights,en,latin,baseline,B,0.254163,0.872918,en,765
REP-014|en|latin#28#siteB#k1,REP-014|en|latin#28#siteB,1,REP-014|en|latin#28,REP-014,C2,human rights,en,latin,baseline,B,0.258313,0.870844,en,760
REP-014|en|latin#28#siteB#k2,REP-014|en|latin#28#siteB,2,REP-014|en|latin#28,REP-014,C2,human rights,en,latin,baseline,B,0.28005,0.859975,en,745
REP-014|en|latin#28#siteB#k3,REP-014|en|latin#28#siteB,3,REP-014|en|latin#28,REP-014,C2,human rights,en,latin,baseline,B,0.258795,0.870602,en,763
REP-014|en|latin#28#siteB#k4,REP-014|en|latin#28#siteB,4,REP-014|en|latin#28,REP-014,C2,human rights,en,latin,baseline,B,0.264408,0.867796,en,770
REP-015|zh|hanzi#29#siteA#k0,REP-015|zh|hanzi#29#siteA,0,REP-015|zh|hanzi#29,REP-015,C3,human rights,zh,hanzi,baseline,A,0.14891,0.925545,en,594
REP-015|zh|hanzi#29#siteA#k1,REP-015|zh|hanzi#29#siteA,1,REP-015|zh|hanzi#29,REP-015,C3,human rights,zh,hanzi,baseline,A,0.153496,0.923252,en,581
REP-015|zh|hanzi#29#siteA#k2,REP-015|zh|hanzi#29#siteA,2,REP-015|zh|hanzi#29,REP-015,C3,human rights,zh,hanzi,baseline,A,0.147663,0.926168,en,621
REP-015|zh|hanzi#29#siteA#k3,REP-015|zh|hanzi#29#siteA,3,REP-015|zh|hanzi#29,REP-015,C3,human rights,zh,hanzi,baseline,A,0.148494,0.925753,en,652
REP-015|zh|hanzi#29#siteA#k4,REP-015|zh|hanzi#29#siteA,4,REP-015|zh|hanzi#29,REP-015,C3,human rights,zh,hanzi,baseline,A,0.150282,0.924859,en,631
REP-015|zh|hanzi#29#siteB#k0,REP-015|zh|hanzi#29#siteB,0,REP-015|zh|hanzi#29,REP-015,C3,human rights,zh,hanzi,baseline,B,0.206057,0.896971,mixed,490
REP-015|zh|hanzi#29#siteB#k1,REP-015|zh|hanzi#29#siteB,1,REP-015|zh|hanzi#29,REP-015,C3,human rights,zh,hanzi,baseline,B,0.222717,0.888642,mixed,505
REP-015|zh|hanzi#29#siteB#k2,REP-015|zh|hanzi#29#siteB,2,REP-015|zh|hanzi#29,REP-015,C3,human rights,zh,hanzi,baseline,B,0.207563,0.896219,mixed,541
REP-015|zh|hanzi#29#siteB#k3,REP-015|zh|hanzi#29#siteB,3,REP-015|zh|hanzi#29,REP-015,C3,human rights,zh,hanzi,baseline,B,0.20783,0.896085,mixed,492
REP-015|zh|hanzi#29#siteB#k4,REP-015|zh|hanzi#29#siteB,4,REP-015|zh|hanzi#29,REP-015,C3,human rights,zh,hanzi,baseline,B,0.210123,0.894939,mixed,465
REP-015|en|latin#30#siteA#k0,REP-015|en|latin#30#siteA,0,REP-015|en|latin#30,REP-015,C3,human rights,en,latin,baseline,A,0.228389,0.885806,en,737
REP-015|en|latin#30#siteA#k1,REP-015|en|latin#30#siteA,1,REP-015|en|latin#30,REP-015,C3,human rights,en,latin,baseline,A,0.250328,0.874836,en,758
REP-015|en|latin#30#siteA#k2,REP-015|en|latin#30#siteA,2,REP-015|en|latin#30,REP-015,C3,human rights,en,latin,baseline,A,0.225431,0.887285,en,770
REP-015|en|latin#30#siteA#k3,REP-015|en|latin#30#siteA,3,REP-015|en|latin#30,REP-015,C3,human rights,en,latin,baseline,A,0.236917,0.881542,en,736
REP-015|en|latin#30#siteA#k4,REP-015|en|latin#30#siteA,4,REP-015|en|latin#30,REP-015,C3,human rights,en,latin,baseline,A,0.241209,0.879396,en,743
REP-015|en|latin#30#siteB#k0,REP-015|en|latin#30#siteB,0,REP-015|en|latin#30,REP-015,C3,human rights,en,latin,baseline,B,0.332404,0.833798,en,770
REP-015|en|latin#30#siteB#k1,REP-015|en|latin#30#siteB,1,REP-015|en|latin#30,REP-015,C3,human rights,en,latin,baseline,B,0.339257,0.830372,en,773
REP-015|en|latin#30#siteB#k2,REP-015|en|latin#30#siteB,2,REP-015|en|latin#30,REP-015,C3,human rights,en,latin,baseline,B,0.358521,0.82074,en,781
REP-015|en|latin#30#siteB#k3,REP-015|en|latin#30#siteB,3,REP-015|en|latin#30,REP-015,C3,human rights,en,latin,baseline,B,0.323122,0.838439,en,777
REP-015|en|latin#30#siteB#k4,REP-015|en|latin#30#siteB,4,REP-015|en|latin#30,REP-015,C3,human rights,en,latin,baseline,B,0.321321,0.839339,en,758
REP-016|zh|hanzi#31#siteA#k0,REP-016|zh|hanzi#31#siteA,0,REP-016|zh|hanzi#31,REP-016,C4,human rights,zh,hanzi,baseline,A,0.12713,0.936435,en,606
REP-016|zh|hanzi#31#siteA#k1,REP-016|zh|hanzi#31#siteA,1,REP-016|zh|hanzi#31,REP-016,C4,human rights,zh,hanzi,baseline,A,0.130331,0.934835,en,524
REP-016|zh|hanzi#31#siteA#k2,REP-016|zh|hanzi#31#siteA,2,REP-016|zh|hanzi#31,REP-016,C4,human rights,zh,hanzi,baseline,A,0.137584,0.931208,en,613
REP-016|zh|hanzi#31#siteA#k3,REP-016|zh|hanzi#31#siteA,3,REP-016|zh|hanzi#31,REP-016,C4,human rights,zh,hanzi,baseline,A,0.129644,0.935178,en,575
REP-016|zh|hanzi#31#siteA#k4,REP-016|zh|hanzi#31#siteA,4,REP-016|zh|hanzi#31,REP-016,C4,human rights,zh,hanzi,baseline,A,0.124568,0.937716,en,585
REP-016|zh|hanzi#31#siteB#k0,REP-016|zh|hanzi#31#siteB,0,REP-016|zh|hanzi#31,REP-016,C4,human rights,zh,hanzi,baseline,B,0.229882,0.885059,mixed,504
REP-016|zh|hanzi#31#siteB#k1,REP-016|zh|hanzi#31#siteB,1,REP-016|zh|hanzi#31,REP-016,C4,human rights,zh,hanzi,baseline,B,0.229654,0.885173,mixed,502
REP-016|zh|hanzi#31#siteB#k2,REP-016|zh|hanzi#31#siteB,2,REP-016|zh|hanzi#31,REP-016,C4,human rights,zh,hanzi,baseline,B,0.247077,0.876462,mixed,494
REP-016|zh|hanzi#31#siteB#k3,REP-016|zh|hanzi#31#siteB,3,REP-016|zh|hanzi#31,REP-016,C4,human rights,zh,hanzi,baseline,B,0.224554,0.887723,mixed,500
REP-016|zh|hanzi#31#siteB#k4,REP-016|zh|hanzi#31#siteB,4,REP-016|zh|hanzi#31,REP-016,C4,human rights,zh,hanzi,baseline,B,0.237066,0.881467,mixed,527
REP-016|en|latin#32#siteA#k0,REP-016|en|latin#32#siteA,0,REP-016|en|latin#32,REP-016,C4,human rights,en,latin,baseline,A,0.113537,0.943231,en,730
REP-016|en|latin#32#siteA#k1,REP-016|en|latin#32#siteA,1,REP-016|en|latin#32,REP-016,C4,human rights,en,latin,baseline,A,0.133679,0.93316,en,756
REP-016|en|latin#32#siteA#k2,REP-016|en|latin#32#siteA,2,REP-016|en|latin#32,REP-016,C4,human rights,en,latin,baseline,A,0.147819,0.926091,en,732
REP-016|en|latin#32#siteA#k3,REP-016|en|latin#32#siteA,3,REP-016|en|latin#32,REP-016,C4,human rights,en,latin,baseline,A,0.120114,0.939943,en,692
REP-016|en|latin#32#siteA#k4,REP-016|en|latin#32#siteA,4,REP-016|en|latin#32,REP-016,C4,human rights,en,latin,baseline,A,0.119206,0.940397,en,735
REP-016|en|latin#32#siteB#k0,REP-016|en|latin#32#siteB,0,REP-016|en|latin#32,REP-016,C4,human rights,en,latin,baseline,B,0.307608,0.846196,en,780
REP-016|en|latin#32#siteB#k1,REP-016|en|latin#32#siteB,1,REP-016|en|latin#32,REP-016,C4,human rights,en,latin,baseline,B,0.316653,0.841674,en,741
REP-016|en|latin#32#siteB#k2,REP-016|en|latin#32#siteB,2,REP-016|en|latin#32,REP-016,C4,human rights,en,latin,baseline,B,0.308732,0.845634,en,743
REP-016|en|latin#32#siteB#k3,REP-016|en|latin#32#siteB,3,REP-016|en|latin#32,REP-016,C4,human rights,en,latin,baseline,B,0.298023,0.850989,en,717
REP-016|en|latin#32#siteB#k4,REP-016|en|latin#32#siteB,4,REP-016|en|latin#32,REP-016,C4,human rights,en,latin,baseline,B,0.313354,0.843323,en,799
REP-017|zh|hanzi#33#siteA#k0,REP-017|zh|hanzi#33#siteA,0,REP-017|zh|hanzi#33,REP-017,C5,human rights,zh,hanzi,baseline,A,0.139357,0.930322,en,595
REP-017|zh|hanzi#33#siteA#k1,REP-017|zh|hanzi#33#siteA,1,REP-017|zh|hanzi#33,REP-017,C5,human rights,zh,hanzi,baseline,A,0.129352,0.935324,en,601
REP-017|zh|hanzi#33#siteA#k2,REP-017|zh|hanzi#33#siteA,2,REP-017|zh|hanzi#33,REP-017,C5,human rights,zh,hanzi,baseline,A,0.141019,0.92949,en,548
REP-017|zh|hanzi#33#siteA#k3,REP-017|zh|hanzi#33#siteA,3,REP-017|zh|hanzi#33,REP-017,C5,human rights,zh,hanzi,baseline,A,0.137272,0.931364,en,568
REP-017|zh|hanzi#33#siteA#k4,REP-017|zh|hanzi#33#siteA,4,REP-017|zh|hanzi#33,REP-017,C5,human rights,zh,hanzi,baseline,A,0.143896,0.928052,en,572
REP-017|zh|hanzi#33#siteB#k0,REP-017|zh|hanzi#33#siteB,0,REP-017|zh|hanzi#33,REP-017,C5,human rights,zh,hanzi,baseline,B,0.18586,0.90707,mixed,559
REP-017|zh|hanzi#33#siteB#k1,REP-017|zh|hanzi#33#siteB,1,REP-017|zh|hanzi#33,REP-017,C5,human rights,zh,hanzi,baseline,B,0.196186,0.901907,mixed,521
REP-017|zh|hanzi#33#siteB#k2,REP-017|zh|hanzi#33#siteB,2,REP-017|zh|hanzi#33,REP-017,C5,human rights,zh,hanzi,baseline,B,0.19454,0.90273,mixed,541
REP-017|zh|hanzi#33#siteB#k3,REP-017|zh|hanzi#33#siteB,3,REP-017|zh|hanzi#33,REP-017,C5,human rights,zh,hanzi,baseline,B,0.196834,0.901583,mixed,486
REP-017|zh|hanzi#33#siteB#k4,REP-017|zh|hanzi#33#siteB,4,REP-017|zh|hanzi#33,REP-017,C5,human rights,zh,hanzi,baseline,B,0.19045,0.904775,mixed,489
REP-017|en|latin#34#siteA#k0,REP-017|en|latin#34#siteA,0,REP-017|en|latin#34,REP-017,C5,human rights,en,latin,baseline,A,0.107768,0.946116,en,711
REP-017|en|latin#34#siteA#k1,REP-017|en|latin#34#siteA,1,REP-017|en|latin#34,REP-017,C5,human rights,en,latin,baseline,A,0.108428,0.945786,en,729
REP-017|en|latin#34#siteA#k2,REP-017|en|latin#34#siteA,2,REP-017|en|latin#34,REP-017,C5,human rights,en,latin,baseline,A,0.102511,0.948745,en,742
REP-017|en|latin#34#siteA#k3,REP-017|en|latin#34#siteA,3,REP-017|en|latin#34,REP-017,C5,human rights,en,latin,baseline,A,0.099761,0.95012,en,751
REP-017|en|latin#34#siteA#k4,REP-017|en|latin#34#siteA,4,REP-017|en|latin#34,REP-017,C5,human rights,en,latin,baseline,A,0.096025,0.951988,en,714
REP-017|en|latin#34#siteB#k0,REP-017|en|latin#34#siteB,0,REP-017|en|latin#34,REP-017,C5,human rights,en,latin,baseline,B,0.205401,0.897299,en,808
REP-017|en|latin#34#siteB#k1,REP-017|en|latin#34#siteB,1,REP-017|en|latin#34,REP-017,C5,human rights,en,latin,baseline,B,0.193181,0.90341,en,780
REP-017|en|latin#34#siteB#k2,REP-017|en|latin#34#siteB,2,REP-017|en|latin#34,REP-017,C5,human rights,en,latin,baseline,B,0.191078,0.904461,en,753
REP-017|en|latin#34#siteB#k3,REP-017|en|latin#34#siteB,3,REP-017|en|latin#34,REP-017,C5,human rights,en,latin,baseline,B,0.188297,0.905852,en,780
REP-017|en|latin#34#siteB#k4,REP-017|en|latin#34#siteB,4,REP-017|en|latin#34,REP-017,C5,human rights,en,latin,baseline,B,0.195148,0.902426,en,762
REP-018|zh|hanzi#35#siteA#k0,REP-018|zh|hanzi#35#siteA,0,REP-018|zh|hanzi#35,REP-018,C6,human rights,zh,hanzi,baseline,A,0.117396,0.941302,en,541
REP-018|zh|hanzi#35#siteA#k1,REP-018|zh|hanzi#35#siteA,1,REP-018|zh|hanzi#35,REP-018,C6,human rights,zh,hanzi,baseline,A,0.121708,0.939146,en,585
REP-018|zh|hanzi#35#siteA#k2,REP-018|zh|hanzi#35#siteA,2,REP-018|zh|hanzi#35,REP-018,C6,human rights,zh,hanzi,baseline,A,0.114911,0.942545,en,593
REP-018|zh|hanzi#35#siteA#k3,REP-018|zh|hanzi#35#siteA,3,REP-018|zh|hanzi#35,REP-018,C6,human rights,zh,hanzi,baseline,A,0.118984,0.940508,en,572
REP-018|zh|hanzi#35#siteA#k4,REP-018|zh|hanzi#35#siteA,4,REP-018|zh|hanzi#35,REP-018,C6,human rights,zh,hanzi,baseline,A,0.124325,0.937838,en,591
REP-018|zh|hanzi#35#siteB#k0,REP-018|zh|hanzi#35#siteB,0,REP-018|zh|hanzi#35,REP-018,C6,human rights,zh,hanzi,baseline,B,0.193517,0.903242,mixed,497
REP-018|zh|hanzi#35#siteB#k1,REP-018|zh|hanzi#35#siteB,1,REP-018|zh|hanzi#35,REP-018,C6,human rights,zh,hanzi,baseline,B,0.187422,0.906289,mixed,457
REP-018|zh|hanzi#35#siteB#k2,REP-018|zh|hanzi#35#siteB,2,REP-018|zh|hanzi#35,REP-018,C6,human rights,zh,hanzi,baseline,B,0.197841,0.901079,mixed,519
REP-018|zh|hanzi#35#siteB#k3,REP-018|zh|hanzi#35#siteB,3,REP-018|zh|hanzi#35,REP-018,C6,human rights,zh,hanzi,baseline,B,0.188312,0.905844,mixed,489
REP-018|zh|hanzi#35#siteB#k4,REP-018|zh|hanzi#35#siteB,4,REP-018|zh|hanzi#35,REP-018,C6,human rights,zh,hanzi,baseline,B,0.186141,0.90693,mixed,493
REP-018|en|latin#36#siteA#k0,REP-018|en|latin#36#siteA,0,REP-018|en|latin#36,REP-018,C6,human rights,en,latin,baseline,A,0.110376,0.944812,en,739
REP-018|en|latin#36#siteA#k1,REP-018|en|latin#36#siteA,1,REP-018|en|latin#36,REP-018,C6,human rights,en,latin,baseline,A,0.119265,0.940368,en,728
REP-018|en|latin#36#siteA#k2,REP-018|en|latin#36#siteA,2,REP-018|en|latin#36,REP-018,C6,human rights,en,latin,baseline,A,0.112401,0.943799,en,737
REP-018|en|latin#36#siteA#k3,REP-018|en|latin#36#siteA,3,REP-018|en|latin#36,REP-018,C6,human rights,en,latin,baseline,A,0.109081,0.94546,en,735
REP-018|en|latin#36#siteA#k4,REP-018|en|latin#36#siteA,4,REP-018|en|latin#36,REP-018,C6,human rights,en,latin,baseline,A,0.116879,0.94156,en,752
REP-018|en|latin#36#siteB#k0,REP-018|en|latin#36#siteB,0,REP-018|en|latin#36,REP-018,C6,human rights,en,latin,baseline,B,0.215989,0.892005,en,738
REP-018|en|latin#36#siteB#k1,REP-018|en|latin#36#siteB,1,REP-018|en|latin#36,REP-018,C6,human rights,en,latin,baseline,B,0.251369,0.874316,en,749
REP-018|en|latin#36#siteB#k2,REP-018|en|latin#36#siteB,2,REP-018|en|latin#36,REP-018,C6,human rights,en,latin,baseline,B,0.218851,0.890575,en,729
REP-018|en|latin#36#siteB#k3,REP-018|en|latin#36#siteB,3,REP-018|en|latin#36,REP-018,C6,human rights,en,latin,baseline,B,0.221477,0.889262,en,749
REP-018|en|latin#36#siteB#k4,REP-018|en|latin#36#siteB,4,REP-018|en|latin#36,REP-018,C6,human rights,en,latin,baseline,B,0.22749,0.886255,en,721
REP-019|zh|hanzi#37#siteA#k0,REP-019|zh|hanzi#37#siteA,0,REP-019|zh|hanzi#37,REP-019,C1,freedom of speech,zh,hanzi,baseline,A,0.144919,0.92754,en,622
REP-019|zh|hanzi#37#siteA#k1,REP-019|zh|hanzi#37#siteA,1,REP-019|zh|hanzi#37,REP-019,C1,freedom of speech,zh,hanzi,baseline,A,0.144007,0.927997,en,572
REP-019|zh|hanzi#37#siteA#k2,REP-019|zh|hanzi#37#siteA,2,REP-019|zh|hanzi#37,REP-019,C1,freedom of speech,zh,hanzi,baseline,A,0.142804,0.928598,en,559
REP-019|zh|hanzi#37#siteA#k3,REP-019|zh|hanzi#37#siteA,3,REP-019|zh|hanzi#37,REP-019,C1,freedom of speech,zh,hanzi,baseline,A,0.142728,0.928636,mixed,524
REP-019|zh|hanzi#37#siteA#k4,REP-019|zh|hanzi#37#siteA,4,REP-019|zh|hanzi#37,REP-019,C1,freedom of speech,zh,hanzi,baseline,A,0.133827,0.933086,en,592
REP-019|zh|hanzi#37#siteB#k0,REP-019|zh|hanzi#37#siteB,0,REP-019|zh|hanzi#37,REP-019,C1,freedom of speech,zh,hanzi,baseline,B,0.209146,0.895427,mixed,535
REP-019|zh|hanzi#37#siteB#k1,REP-019|zh|hanzi#37#siteB,1,REP-019|zh|hanzi#37,REP-019,C1,freedom of speech,zh,hanzi,baseline,B,0.189597,0.905202,mixed,508
REP-019|zh|hanzi#37#siteB#k2,REP-019|zh|hanzi#37#siteB,2,REP-019|zh|hanzi#37,REP-019,C1,freedom of speech,zh,hanzi,baseline,B,0.201896,0.899052,mixed,514
REP-019|zh|hanzi#37#siteB#k3,REP-019|zh|hanzi#37#siteB,3,REP-019|zh|hanzi#37,REP-019,C1,freedom of speech,zh,hanzi,baseline,B,0.198748,0.900626,mixed,530
REP-019|zh|hanzi#37#siteB#k4,REP-019|zh|hanzi#37#siteB,4,REP-019|zh|hanzi#37,REP-019,C1,freedom of speech,zh,hanzi,baseline,B,0.195499,0.902251,mixed,548
REP-019|en|latin#38#siteA#k0,REP-019|en|latin#38#siteA,0,REP-019|en|latin#38,REP-019,C1,freedom of speech,en,latin,baseline,A,0.146442,0.926779,en,727
REP-019|en|latin#38#siteA#k1,REP-019|en|latin#38#siteA,1,REP-019|en|latin#38,REP-019,C1,freedom of speech,en,latin,baseline,A,0.14132,0.92934,en,790
REP-019|en|latin#38#siteA#k2,REP-019|en|latin#38#siteA,2,REP-019|en|latin#38,REP-019,C1,freedom of speech,en,latin,baseline,A,0.141775,0.929113,en,770
REP-019|en|latin#38#siteA#k3,REP-019|en|latin#38#siteA,3,REP-019|en|latin#38,REP-019,C1,freedom of speech,en,latin,baseline,A,0.128413,0.935794,en,777
REP-019|en|latin#38#siteA#k4,REP-019|en|latin#38#siteA,4,REP-019|en|latin#38,REP-019,C1,freedom of speech,en,latin,baseline,A,0.140191,0.929905,en,767
REP-019|en|latin#38#siteB#k0,REP-019|en|latin#38#siteB,0,REP-019|en|latin#38,REP-019,C1,freedom of speech,en,latin,baseline,B,0.22969,0.885155,en,766
REP-019|en|latin#38#siteB#k1,REP-019|en|latin#38#siteB,1,REP-019|en|latin#38,REP-019,C1,freedom of speech,en,latin,baseline,B,0.216934,0.891533,en,775
REP-019|en|latin#38#siteB#k2,REP-019|en|latin#38#siteB,2,REP-019|en|latin#38,REP-019,C1,freedom of speech,en,latin,baseline,B,0.220087,0.889957,en,770
REP-019|en|latin#38#siteB#k3,REP-019|en|latin#38#siteB,3,REP-019|en|latin#38,REP-019,C1,freedom of speech,en,latin,baseline,B,0.225951,0.887024,en,766
REP-019|en|latin#38#siteB#k4,REP-019|en|latin#38#siteB,4,REP-019|en|latin#38,REP-019,C1,freedom of speech,en,latin,baseline,B,0.250293,0.874854,en,771
REP-020|zh|hanzi#39#siteA#k0,REP-020|zh|hanzi#39#siteA,0,REP-020|zh|hanzi#39,REP-020,C2,freedom of speech,zh,hanzi,baseline,A,0.12821,0.935895,en,554
REP-020|zh|hanzi#39#siteA#k1,REP-020|zh|hanzi#39#siteA,1,REP-020|zh|hanzi#39,REP-020,C2,freedom of speech,zh,hanzi,baseline,A,0.126623,0.936688,en,581
REP-020|zh|hanzi#39#siteA#k2,REP-020|zh|hanzi#39#siteA,2,REP-020|zh|hanzi#39,REP-020,C2,freedom of speech,zh,hanzi,baseline,A,0.12681,0.936595,en,549
REP-020|zh|hanzi#39#siteA#k3,REP-020|zh|hanzi#39#siteA,3,REP-020|zh|hanzi#39,REP-020,C2,freedom of speech,zh,hanzi,baseline,A,0.130128,0.934936,en,585
REP-020|zh|hanzi#39#siteA#k4,REP-020|zh|hanzi#39#siteA,4,REP-020|zh|hanzi#39,REP-020,C2,freedom of speech,zh,hanzi,baseline,A,0.127549,0.936226,en,549
REP-020|zh|hanzi#39#siteB#k0,REP-020|zh|hanzi#39#siteB,0,REP-020|zh|hanzi#39,REP-020,C2,freedom of speech,zh,hanzi,baseline,B,0.211076,0.894462,mixed,500
REP-020|zh|hanzi#39#siteB#k1,REP-020|zh|hanzi#39#siteB,1,REP-020|zh|hanzi#39,REP-020,C2,freedom of speech,zh,hanzi,baseline,B,0.231204,0.884398,mixed,526
REP-020|zh|hanzi#39#siteB#k2,REP-020|zh|hanzi#39#siteB,2,REP-020|zh|hanzi#39,REP-020,C2,freedom of speech,zh,hanzi,baseline,B,0.212819,0.89359,mixed,502
REP-020|zh|hanzi#39#siteB#k3,REP-020|zh|hanzi#39#siteB,3,REP-020|zh|hanzi#39,REP-020,C2,freedom of speech,zh,hanzi,baseline,B,0.217945,0.891027,mixed,547
REP-020|zh|hanzi#39#siteB#k4,REP-020|zh|hanzi#39#siteB,4,REP-020|zh|hanzi#39,REP-020,C2,freedom of speech,zh,hanzi,baseline,B,0.222568,0.888716,mixed,565
REP-020|en|latin#40#siteA#k0,REP-020|en|latin#40#siteA,0,REP-020|en|latin#40,REP-020,C2,freedom of speech,en,latin,baseline,A,0.138489,0.930756,en,707
REP-020|en|latin#40#siteA#k1,REP-020|en|latin#40#siteA,1,REP-020|en|latin#40,REP-020,C2,freedom of speech,en,latin,baseline,A,0.144691,0.927655,en,713
REP-020|en|latin#40#siteA#k2,REP-020|en|latin#40#siteA,2,REP-020|en|latin#40,REP-020,C2,freedom of speech,en,latin,baseline,A,0.14498,0.92751,en,727
REP-020|en|latin#40#siteA#k3,REP-020|en|latin#40#siteA,3,REP-020|en|latin#40,REP-020,C2,freedom of speech,en,latin,baseline,A,0.146383,0.926808,en,738
REP-020|en|latin#40#siteA#k4,REP-020|en|latin#40#siteA,4,REP-020|en|latin#40,REP-020,C2,freedom of speech,en,latin,baseline,A,0.148325,0.925838,en,708
REP-020|en|latin#40#siteB#k0,REP-020|en|latin#40#siteB,0,REP-020|en|latin#40,REP-020,C2,freedom of speech,en,latin,baseline,B,0.23927,0.880365,en,760
REP-020|en|latin#40#siteB#k1,REP-020|en|latin#40#siteB,1,REP-020|en|latin#40,REP-020,C2,freedom of speech,en,latin,baseline,B,0.228616,0.885692,en,749
REP-020|en|latin#40#siteB#k2,REP-020|en|latin#40#siteB,2,REP-020|en|latin#40,REP-020,C2,freedom of speech,en,latin,baseline,B,0.235027,0.882487,en,766
REP-020|en|latin#40#siteB#k3,REP-020|en|latin#40#siteB,3,REP-020|en|latin#40,REP-020,C2,freedom of speech,en,latin,baseline,B,0.221211,0.889394,en,734
REP-020|en|latin#40#siteB#k4,REP-020|en|latin#40#siteB,4,REP-020|en|latin#40,REP-020,C2,freedom of speech,en,latin,baseline,B,0.224563,0.887718,en,764
REP-021|zh|hanzi#41#siteA#k0,REP-021|zh|hanzi#41#siteA,0,REP-021|zh|hanzi#41,REP-021,C3,freedom of speech,zh,hanzi,baseline,A,0.146577,0.926711,en,611
REP-021|zh|hanzi#41#siteA#k1,REP-021|zh|hanzi#41#siteA,1,REP-021|zh|hanzi#41,REP-021,C3,freedom of speech,zh,hanzi,baseline,A,0.139904,0.930048,en,551
REP-021|zh|hanzi#41#siteA#k2,REP-021|zh|hanzi#41#siteA,2,REP-021|zh|hanzi#41,REP-021,C3,freedom of speech,zh,hanzi,baseline,A,0.133878,0.933061,en,588
REP-021|zh|hanzi#41#siteA#k3,REP-021|zh|hanzi#41#siteA,3,REP-021|zh|hanzi#41,REP-021,C3,freedom of speech,zh,hanzi,baseline,A,0.136486,0.931757,en,637
REP-021|zh|hanzi#41#siteA#k4,REP-021|zh|hanzi#41#siteA,4,REP-021|zh|hanzi#41,REP-021,C3,freedom of speech,zh,hanzi,baseline,A,0.143656,0.928172,en,624
REP-021|zh|hanzi#41#siteB#k0,REP-021|zh|hanzi#41#siteB,0,REP-021|zh|hanzi#41,REP-021,C3,freedom of speech,zh,hanzi,baseline,B,0.218441,0.89078,mixed,551
REP-021|zh|hanzi#41#siteB#k1,REP-021|zh|hanzi#41#siteB,1,REP-021|zh|hanzi#41,REP-021,C3,freedom of speech,zh,hanzi,baseline,B,0.211935,0.894033,mixed,472
REP-021|zh|hanzi#41#siteB#k2,REP-021|zh|hanzi#41#siteB,2,REP-021|zh|hanzi#41,REP-021,C3,freedom of speech,zh,hanzi,baseline,B,0.225054,0.887473,mixed,441
REP-021|zh|hanzi#41#siteB#k3,REP-021|zh|hanzi#41#siteB,3,REP-021|zh|hanzi#41,REP-021,C3,freedom of speech,zh,hanzi,baseline,B,0.229956,0.885022,mixed,508
REP-021|zh|hanzi#41#siteB#k4,REP-021|zh|hanzi#41#siteB,4,REP-021|zh|hanzi#41,REP-021,C3,freedom of speech,zh,hanzi,baseline,B,0.199526,0.900237,mixed,470
REP-021|en|latin#42#siteA#k0,REP-021|en|latin#42#siteA,0,REP-021|en|latin#42,REP-021,C3,freedom of speech,en,latin,baseline,A,0.230786,0.884608,en,773
REP-021|en|latin#42#siteA#k1,REP-021|en|latin#42#siteA,1,REP-021|en|latin#42,REP-021,C3,freedom of speech,en,latin,baseline,A,0.22168,0.88916,en,729
REP-021|en|latin#42#siteA#k2,REP-021|en|latin#42#siteA,2,REP-021|en|latin#42,REP-021,C3,freedom of speech,en,latin,baseline,A,0.222445,0.888778,en,725
REP-021|en|latin#42#siteA#k3,REP-021|en|latin#42#siteA,3,REP-021|en|latin#42,REP-021,C3,freedom of speech,en,latin,baseline,A,0.230619,0.884691,en,753
REP-021|en|latin#42#siteA#k4,REP-021|en|latin#42#siteA,4,REP-021|en|latin#42,REP-021,C3,freedom of speech,en,latin,baseline,A,0.22943,0.885285,en,684
REP-021|en|latin#42#siteB#k0,REP-021|en|latin#42#siteB,0,REP-021|en|latin#42,REP-021,C3,freedom of speech,en,latin,baseline,B,0.310431,0.844785,en,768
REP-021|en|latin#42#siteB#k1,REP-021|en|latin#42#siteB,1,REP-021|en|latin#42,REP-021,C3,freedom of speech,en,latin,baseline,B,0.329222,0.835389,en,757
REP-021|en|latin#42#siteB#k2,REP-021|en|latin#42#siteB,2,REP-021|en|latin#42,REP-021,C3,freedom of speech,en,latin,baseline,B,0.305722,0.847139,en,745
REP-021|en|latin#42#siteB#k3,REP-021|en|latin#42#siteB,3,REP-021|en|latin#42,REP-021,C3,freedom of speech,en,latin,baseline,B,0.312615,0.843692,en,745
REP-021|en|latin#42#siteB#k4,REP-021|en|latin#42#siteB,4,REP-021|en|latin#42,REP-021,C3,freedom of speech,en,latin,baseline,B,0.329564,0.835218,en,762
REP-022|zh|hanzi#43#siteA#k0,REP-022|zh|hanzi#43#siteA,0,REP-022|zh|hanzi#43,REP-022,C4,freedom of speech,zh,hanzi,baseline,A,0.11998,0.94001,en,585
REP-022|zh|hanzi#43#siteA#k1,REP-022|zh|hanzi#43#siteA,1,REP-022|zh|hanzi#43,REP-022,C4,freedom of speech,zh,hanzi,baseline,A,0.117747,0.941126,en,556
REP-022|zh|hanzi#43#siteA#k2,REP-022|zh|hanzi#43#siteA,2,REP-022|zh|hanzi#43,REP-022,C4,freedom of speech,zh,hanzi,baseline,A,0.129782,0.935109,en,601
REP-022|zh|hanzi#43#siteA#k3,REP-022|zh|hanzi#43#siteA,3,REP-022|zh|hanzi#43,REP-022,C4,freedom of speech,zh,hanzi,baseline,A,0.122362,0.938819,en,545
REP-022|zh|hanzi#43#siteA#k4,REP-022|zh|hanzi#43#siteA,4,REP-022|zh|hanzi#43,REP-022,C4,freedom of speech,zh,hanzi,baseline,A,0.122579,0.93871,en,591
REP-022|zh|hanzi#43#siteB#k0,REP-022|zh|hanzi#43#siteB,0,REP-022|zh|hanzi#43,REP-022,C4,freedom of speech,zh,hanzi,baseline,B,0.228469,0.885766,mixed,494
REP-022|zh|hanzi#43#siteB#k1,REP-022|zh|hanzi#43#siteB,1,REP-022|zh|hanzi#43,REP-022,C4,freedom of speech,zh,hanzi,baseline,B,0.221539,0.889231,mixed,522
REP-022|zh|hanzi#43#siteB#k2,REP-022|zh|hanzi#43#siteB,2,REP-022|zh|hanzi#43,REP-022,C4,freedom of speech,zh,hanzi,baseline,B,0.237328,0.881336,mixed,528
REP-022|zh|hanzi#43#siteB#k3,REP-022|zh|hanzi#43#siteB,3,REP-022|zh|hanzi#43,REP-022,C4,freedom of speech,zh,hanzi,baseline,B,0.222738,0.888631,mixed,478
REP-022|zh|hanzi#43#siteB#k4,REP-022|zh|hanzi#43#siteB,4,REP-022|zh|hanzi#43,REP-022,C4,freedom of speech,zh,hanzi,baseline,B,0.232398,0.883801,mixed,472
REP-022|en|latin#44#siteA#k0,REP-022|en|latin#44#siteA,0,REP-022|en|latin#44,REP-022,C4,freedom of speech,en,latin,baseline,A,0.131547,0.934226,en,713
REP-022|en|latin#44#siteA#k1,REP-022|en|latin#44#siteA,1,REP-022|en|latin#44,REP-022,C4,freedom of speech,en,latin,baseline,A,0.141036,0.929482,en,739
REP-022|en|latin#44#siteA#k2,REP-022|en|latin#44#siteA,2,REP-022|en|latin#44,REP-022,C4,freedom of speech,en,latin,baseline,A,0.130961,0.93452,en,707
REP-022|en|latin#44#siteA#k3,REP-022|en|latin#44#siteA,3,REP-022|en|latin#44,REP-022,C4,freedom of speech,en,latin,baseline,A,0.138879,0.93056,en,723
REP-022|en|latin#44#siteA#k4,REP-022|en|latin#44#siteA,4,REP-022|en|latin#44,REP-022,C4,freedom of speech,en,latin,baseline,A,0.165957,0.917022,en,688
REP-022|en|latin#44#siteB#k0,REP-022|en|latin#44#siteB,0,REP-022|en|latin#44,REP-022,C4,freedom of speech,en,latin,baseline,B,0.324094,0.837953,en,780
REP-022|en|latin#44#siteB#k1,REP-022|en|latin#44#siteB,1,REP-022|en|latin#44,REP-022,C4,freedom of speech,en,latin,baseline,B,0.334903,0.832549,en,757
REP-022|en|latin#44#siteB#k2,REP-022|en|latin#44#siteB,2,REP-022|en|latin#44,REP-022,C4,freedom of speech,en,latin,baseline,B,0.327392,0.836304,en,726
REP-022|en|latin#44#siteB#k3,REP-022|en|latin#44#siteB,3,REP-022|en|latin#44,REP-022,C4,freedom of speech,en,latin,baseline,B,0.335353,0.832324,en,747
REP-022|en|latin#44#siteB#k4,REP-022|en|latin#44#siteB,4,REP-022|en|latin#44,REP-022,C4,freedom of speech,en,latin,baseline,B,0.32328,0.83836,en,756
REP-023|zh|hanzi#45#siteA#k0,REP-023|zh|hanzi#45#siteA,0,REP-023|zh|hanzi#45,REP-023,C5,freedom of speech,zh,hanzi,baseline,A,0.16582,0.91709,en,612
REP-023|zh|hanzi#45#siteA#k1,REP-023|zh|hanzi#45#siteA,1,REP-023|zh|hanzi#45,REP-023,C5,freedom of speech,zh,hanzi,baseline,A,0.161681,0.919159,en,573
REP-023|zh|hanzi#45#siteA#k2,REP-023|zh|hanzi#45#siteA,2,REP-023|zh|hanzi#45,REP-023,C5,freedom of speech,zh,hanzi,baseline,A,0.155311,0.922345,en,590
REP-023|zh|hanzi#45#siteA#k3,REP-023|zh|hanzi#45#siteA,3,REP-023|zh|hanzi#45,REP-023,C5,freedom of speech,zh,hanzi,baseline,A,0.159725,0.920138,en,621
REP-023|zh|hanzi#45#siteA#k4,REP-023|zh|hanzi#45#siteA,4,REP-023|zh|hanzi#45,REP-023,C5,freedom of speech,zh,hanzi,baseline,A,0.162209,0.918895,en,607
REP-023|zh|hanzi#45#siteB#k0,REP-023|zh|hanzi#45#siteB,0,REP-023|zh|hanzi#45,REP-023,C5,freedom of speech,zh,hanzi,baseline,B,0.205666,0.897167,mixed,526
REP-023|zh|hanzi#45#siteB#k1,REP-023|zh|hanzi#45#siteB,1,REP-023|zh|hanzi#45,REP-023,C5,freedom of speech,zh,hanzi,baseline,B,0.209522,0.895239,mixed,498
REP-023|zh|hanzi#45#siteB#k2,REP-023|zh|hanzi#45#siteB,2,REP-023|zh|hanzi#45,REP-023,C5,freedom of speech,zh,hanzi,baseline,B,0.202217,0.898892,mixed,541
REP-023|zh|hanzi#45#siteB#k3,REP-023|zh|hanzi#45#siteB,3,REP-023|zh|hanzi#45,REP-023,C5,freedom of speech,zh,hanzi,baseline,B,0.208152,0.895924,mixed,487
REP-023|zh|hanzi#45#siteB#k4,REP-023|zh|hanzi#45#siteB,4,REP-023|zh|hanzi#45,REP-023,C5,freedom of speech,zh,hanzi,baseline,B,0.217465,0.891268,mixed,507
REP-023|en|latin#46#siteA#k0,REP-023|en|latin#46#siteA,0,REP-023|en|latin#46,REP-023,C5,freedom of speech,en,latin,baseline,A,0.118676,0.940662,en,715
REP-023|en|latin#46#siteA#k1,REP-023|en|latin#46#siteA,1,REP-023|en|latin#46,REP-023,C5,freedom of speech,en,latin,baseline,A,0.131374,0.934313,en,725
REP-023|en|latin#46#siteA#k2,REP-023|en|latin#46#siteA,2,REP-023|en|latin#46,REP-023,C5,freedom of speech,en,latin,baseline,A,0.140077,0.929962,en,726
REP-023|en|latin#46#siteA#k3,REP-023|en|latin#46#siteA,3,REP-023|en|latin#46,REP-023,C5,freedom of speech,en,latin,baseline,A,0.124805,0.937598,en,725
REP-023|en|latin#46#siteA#k4,REP-023|en|latin#46#siteA,4,REP-023|en|latin#46,REP-023,C5,freedom of speech,en,latin,baseline,A,0.136561,0.93172,en,724
REP-023|en|latin#46#siteB#k0,REP-023|en|latin#46#siteB,0,REP-023|en|latin#46,REP-023,C5,freedom of speech,en,latin,baseline,B,0.199127,0.900437,en,759
REP-023|en|latin#46#siteB#k1,REP-023|en|latin#46#siteB,1,REP-023|en|latin#46,REP-023,C5,freedom of speech,en,latin,baseline,B,0.198566,0.900717,en,737
REP-023|en|latin#46#siteB#k2,REP-023|en|latin#46#siteB,2,REP-023|en|latin#46,REP-023,C5,freedom of speech,en,latin,baseline,B,0.206765,0.896617,en,760
REP-023|en|latin#46#siteB#k3,REP-023|en|latin#46#siteB,3,REP-023|en|latin#46,REP-023,C5,freedom of speech,en,latin,baseline,B,0.194456,0.902772,en,745
REP-023|en|latin#46#siteB#k4,REP-023|en|latin#46#siteB,4,REP-023|en|latin#46,REP-023,C5,freedom of speech,en,latin,baseline,B,0.195011,0.902494,en,774
REP-024|zh|hanzi#47#siteA#k0,REP-024|zh|hanzi#47#siteA,0,REP-024|zh|hanzi#47,REP-024,C6,freedom of speech,zh,hanzi,baseline,A,0.127487,0.936257,en,544
REP-024|zh|hanzi#47#siteA#k1,REP-024|zh|hanzi#47#siteA,1,REP-024|zh|hanzi#47,REP-024,C6,freedom of speech,zh,hanzi,baseline,A,0.127698,0.936151,en,588
REP-024|zh|hanzi#47#siteA#k2,REP-024|zh|hanzi#47#siteA,2,REP-024|zh|hanzi#47,REP-024,C6,freedom of speech,zh,hanzi,baseline,A,0.124886,0.937557,en,565
REP-024|zh|hanzi#47#siteA#k3,REP-024|zh|hanzi#47#siteA,3,REP-024|zh|hanzi#47,REP-024,C6,freedom of speech,zh,hanzi,baseline,A,0.120819,0.939591,en,548
REP-024|zh|hanzi#47#siteA#k4,REP-024|zh|hanzi#47#siteA,4,REP-024|zh|hanzi#47,REP-024,C6,freedom of speech,zh,hanzi,baseline,A,0.128152,0.935924,en,518
REP-024|zh|hanzi#47#siteB#k0,REP-024|zh|hanzi#47#siteB,0,REP-024|zh|hanzi#47,REP-024,C6,freedom of speech,zh,hanzi,baseline,B,0.197866,0.901067,mixed,482
REP-024|zh|hanzi#47#siteB#k1,REP-024|zh|hanzi#47#siteB,1,REP-024|zh|hanzi#47,REP-024,C6,freedom of speech,zh,hanzi,baseline,B,0.194518,0.902741,mixed,471
REP-024|zh|hanzi#47#siteB#k2,REP-024|zh|hanzi#47#siteB,2,REP-024|zh|hanzi#47,REP-024,C6,freedom of speech,zh,hanzi,baseline,B,0.202573,0.898713,mixed,510
REP-024|zh|hanzi#47#siteB#k3,REP-024|zh|hanzi#47#siteB,3,REP-024|zh|hanzi#47,REP-024,C6,freedom of speech,zh,hanzi,baseline,B,0.195816,0.902092,mixed,490
REP-024|zh|hanzi#47#siteB#k4,REP-024|zh|hanzi#47#siteB,4,REP-024|zh|hanzi#47,REP-024,C6,freedom of speech,zh,hanzi,baseline,B,0.211426,0.894287,mixed,521
REP-024|en|latin#48#siteA#k0,REP-024|en|latin#48#siteA,0,REP-024|en|latin#48,REP-024,C6,freedom of speech,en,latin,baseline,A,0.154511,0.922745,en,783
REP-024|en|latin#48#siteA#k1,REP-024|en|latin#48#siteA,1,REP-024|en|latin#48,REP-024,C6,freedom of speech,en,latin,baseline,A,0.152706,0.923647,en,750
REP-024|en|latin#48#siteA#k2,REP-024|en|latin#48#siteA,2,REP-024|en|latin#48,REP-024,C6,freedom of speech,en,latin,baseline,A,0.15067,0.924665,en,730
REP-024|en|latin#48#siteA#k3,REP-024|en|latin#48#siteA,3,REP-024|en|latin#48,REP-024,C6,freedom of speech,en,latin,baseline,A,0.14849,0.925755,en,700
REP-024|en|latin#48#siteA#k4,REP-024|en|latin#48#siteA,4,REP-024|en|latin#48,REP-024,C6,freedom of speech,en,latin,baseline,A,0.132276,0.933862,en,713
REP-024|en|latin#48#siteB#k0,REP-024|en|latin#48#siteB,0,REP-024|en|latin#48,REP-024,C6,freedom of speech,en,latin,baseline,B,0.228843,0.885579,en,730
REP-024|en|latin#48#siteB#k1,REP-024|en|latin#48#siteB,1,REP-024|en|latin#48,REP-024,C6,freedom of speech,en,latin,baseline,B,0.216697,0.891652,en,725
REP-024|en|latin#48#siteB#k2,REP-024|en|latin#48#siteB,2,REP-024|en|latin#48,REP-024,C6,freedom of speech,en,latin,baseline,B,0.220396,0.889802,en,703
REP-024|en|latin#48#siteB#k3,REP-024|en|latin#48#siteB,3,REP-024|en|latin#48,REP-024,C6,freedom of speech,en,latin,baseline,B,0.211676,0.894162,en,711
REP-024|en|latin#48#siteB#k4,REP-024|en|latin#48#siteB,4,REP-024|en|latin#48,REP-024,C6,freedom of speech,en,latin,baseline,B,0.237835,0.881083,en,769
REP-025|zh|hanzi#49#siteA#k0,REP-025|zh|hanzi#49#siteA,0,REP-025|zh|hanzi#49,REP-025,C1,the rule of law,zh,hanzi,baseline,A,0.161591,0.919204,en,644
REP-025|zh|hanzi#49#siteA#k1,REP-025|zh|hanzi#49#siteA,1,REP-025|zh|hanzi#49,REP-025,C1,the rule of law,zh,hanzi,baseline,A,0.157806,0.921097,en,618
REP-025|zh|hanzi#49#siteA#k2,REP-025|zh|hanzi#49#siteA,2,REP-025|zh|hanzi#49,REP-025,C1,the rule of law,zh,hanzi,baseline,A,0.163242,0.918379,en,636
REP-025|zh|hanzi#49#siteA#k3,REP-025|zh|hanzi#49#siteA,3,REP-025|zh|hanzi#49,REP-025,C1,the rule of law,zh,hanzi,baseline,A,0.165395,0.917302,en,575
REP-025|zh|hanzi#49#siteA#k4,REP-025|zh|hanzi#49#siteA,4,REP-025|zh|hanzi#49,REP-025,C1,the rule of law,zh,hanzi,baseline,A,0.147556,0.926222,en,619
REP-025|zh|hanzi#49#siteB#k0,REP-025|zh|hanzi#49#siteB,0,REP-025|zh|hanzi#49,REP-025,C1,the rule of law,zh,hanzi,baseline,B,0.189269,0.905366,mixed,560
REP-025|zh|hanzi#49#siteB#k1,REP-025|zh|hanzi#49#siteB,1,REP-025|zh|hanzi#49,REP-025,C1,the rule of law,zh,hanzi,baseline,B,0.198592,0.900704,mixed,590
REP-025|zh|hanzi#49#siteB#k2,REP-025|zh|hanzi#49#siteB,2,REP-025|zh|hanzi#49,REP-025,C1,the rule of law,zh,hanzi,baseline,B,0.199952,0.900024,mixed,499
REP-025|zh|hanzi#49#siteB#k3,REP-025|zh|hanzi#49#siteB,3,REP-025|zh|hanzi#49,REP-025,C1,the rule of law,zh,hanzi,baseline,B,0.206377,0.896812,en,553
REP-025|zh|hanzi#49#siteB#k4,REP-025|zh|hanzi#49#siteB,4,REP-025|zh|hanzi#49,REP-025,C1,the rule of law,zh,hanzi,baseline,B,0.198408,0.900796,mixed,572
REP-025|en|latin#50#siteA#k0,REP-025|en|latin#50#siteA,0,REP-025|en|latin#50,REP-025,C1,the rule of law,en,latin,baseline,A,0.140198,0.929901,en,687
REP-025|en|latin#50#siteA#k1,REP-025|en|latin#50#siteA,1,REP-025|en|latin#50,REP-025,C1,the rule of law,en,latin,baseline,A,0.13518,0.93241,en,752
REP-025|en|latin#50#siteA#k2,REP-025|en|latin#50#siteA,2,REP-025|en|latin#50,REP-025,C1,the rule of law,en,latin,baseline,A,0.151691,0.924154,en,686
REP-025|en|latin#50#siteA#k3,REP-025|en|latin#50#siteA,3,REP-025|en|latin#50,REP-025,C1,the rule of law,en,latin,baseline,A,0.143032,0.928484,en,720
REP-025|en|latin#50#siteA#k4,REP-025|en|latin#50#siteA,4,REP-025|en|latin#50,REP-025,C1,the rule of law,en,latin,baseline,A,0.142654,0.928673,en,697
REP-025|en|latin#50#siteB#k0,REP-025|en|latin#50#siteB,0,REP-025|en|latin#50,REP-025,C1,the rule of law,en,latin,baseline,B,0.211324,0.894338,en,773
REP-025|en|latin#50#siteB#k1,REP-025|en|latin#50#siteB,1,REP-025|en|latin#50,REP-025,C1,the rule of law,en,latin,baseline,B,0.211692,0.894154,en,779
REP-025|en|latin#50#siteB#k2,REP-025|en|latin#50#siteB,2,REP-025|en|latin#50,REP-025,C1,the rule of law,en,latin,baseline,B,0.207192,0.896404,en,806
REP-025|en|latin#50#siteB#k3,REP-025|en|latin#50#siteB,3,REP-025|en|latin#50,REP-025,C1,the rule of law,en,latin,baseline,B,0.210624,0.894688,en,764
REP-025|en|latin#50#siteB#k4,REP-025|en|latin#50#siteB,4,REP-025|en|latin#50,REP-025,C1,the rule of law,en,latin,baseline,B,0.222187,0.888907,en,767
REP-026|zh|hanzi#51#siteA#k0,REP-026|zh|hanzi#51#siteA,0,REP-026|zh|hanzi#51,REP-026,C2,the rule of law,zh,hanzi,baseline,A,0.141588,0.929206,en,569
REP-026|zh|hanzi#51#siteA#k1,REP-026|zh|hanzi#51#siteA,1,REP-026|zh|hanzi#51,REP-026,C2,the rule of law,zh,hanzi,baseline,A,0.142609,0.928696,en,581
REP-026|zh|hanzi#51#siteA#k2,REP-026|zh|hanzi#51#siteA,2,REP-026|zh|hanzi#51,REP-026,C2,the rule of law,zh,hanzi,baseline,A,0.142754,0.928623,en,551
REP-026|zh|hanzi#51#siteA#k3,REP-026|zh|hanzi#51#siteA,3,REP-026|zh|hanzi#51,REP-026,C2,the rule of law,zh,hanzi,baseline,A,0.146633,0.926683,en,584
REP-026|zh|hanzi#51#siteA#k4,REP-026|zh|hanzi#51#siteA,4,REP-026|zh|hanzi#51,REP-026,C2,the rule of law,zh,hanzi,baseline,A,0.15752,0.92124,en,589
REP-026|zh|hanzi#51#siteB#k0,REP-026|zh|hanzi#51#siteB,0,REP-026|zh|hanzi#51,REP-026,C2,the rule of law,zh,hanzi,baseline,B,0.252015,0.873992,mixed,545
REP-026|zh|hanzi#51#siteB#k1,REP-026|zh|hanzi#51#siteB,1,REP-026|zh|hanzi#51,REP-026,C2,the rule of law,zh,hanzi,baseline,B,0.246669,0.876666,mixed,566
REP-026|zh|hanzi#51#siteB#k2,REP-026|zh|hanzi#51#siteB,2,REP-026|zh|hanzi#51,REP-026,C2,the rule of law,zh,hanzi,baseline,B,0.256158,0.871921,mixed,519
REP-026|zh|hanzi#51#siteB#k3,REP-026|zh|hanzi#51#siteB,3,REP-026|zh|hanzi#51,REP-026,C2,the rule of law,zh,hanzi,baseline,B,0.240916,0.879542,mixed,544
REP-026|zh|hanzi#51#siteB#k4,REP-026|zh|hanzi#51#siteB,4,REP-026|zh|hanzi#51,REP-026,C2,the rule of law,zh,hanzi,baseline,B,0.236107,0.881947,mixed,537
REP-026|en|latin#52#siteA#k0,REP-026|en|latin#52#siteA,0,REP-026|en|latin#52,REP-026,C2,the rule of law,en,latin,baseline,A,0.187549,0.906226,en,710
REP-026|en|latin#52#siteA#k1,REP-026|en|latin#52#siteA,1,REP-026|en|latin#52,REP-026,C2,the rule of law,en,latin,baseline,A,0.184908,0.907546,en,690
REP-026|en|latin#52#siteA#k2,REP-026|en|latin#52#siteA,2,REP-026|en|latin#52,REP-026,C2,the rule of law,en,latin,baseline,A,0.186333,0.906833,en,713
REP-026|en|latin#52#siteA#k3,REP-026|en|latin#52#siteA,3,REP-026|en|latin#52,REP-026,C2,the rule of law,en,latin,baseline,A,0.197703,0.901149,en,688
REP-026|en|latin#52#siteA#k4,REP-026|en|latin#52#siteA,4,REP-026|en|latin#52,REP-026,C2,the rule of law,en,latin,baseline,A,0.189912,0.905044,en,690
REP-026|en|latin#52#siteB#k0,REP-026|en|latin#52#siteB,0,REP-026|en|latin#52,REP-026,C2,the rule of law,en,latin,baseline,B,0.298956,0.850522,en,773
REP-026|en|latin#52#siteB#k1,REP-026|en|latin#52#siteB,1,REP-026|en|latin#52,REP-026,C2,the rule of law,en,latin,baseline,B,0.302562,0.848719,en,777
REP-026|en|latin#52#siteB#k2,REP-026|en|latin#52#siteB,2,REP-026|en|latin#52,REP-026,C2,the rule of law,en,latin,baseline,B,0.312713,0.843644,en,783
REP-026|en|latin#52#siteB#k3,REP-026|en|latin#52#siteB,3,REP-026|en|latin#52,REP-026,C2,the rule of law,en,latin,baseline,B,0.305636,0.847182,en,769
REP-026|en|latin#52#siteB#k4,REP-026|en|latin#52#siteB,4,REP-026|en|latin#52,REP-026,C2,the rule of law,en,latin,baseline,B,0.304218,0.847891,en,757
REP-027|zh|hanzi#53#siteA#k0,REP-027|zh|hanzi#53#siteA,0,REP-027|zh|hanzi#53,REP-027,C3,the rule of law,zh,hanzi,baseline,A,0.168458,0.915771,en,581
REP-027|zh|hanzi#53#siteA#k1,REP-027|zh|hanzi#53#siteA,1,REP-027|zh|hanzi#53,REP-027,C3,the rule of law,zh,hanzi,baseline,A,0.168124,0.915938,en,572
REP-027|zh|hanzi#53#siteA#k2,REP-027|zh|hanzi#53#siteA,2,REP-027|zh|hanzi#53,REP-027,C3,the rule of law,zh,hanzi,baseline,A,0.170416,0.914792,en,605
REP-027|zh|hanzi#53#siteA#k3,REP-027|zh|hanzi#53#siteA,3,REP-027|zh|hanzi#53,REP-027,C3,the rule of law,zh,hanzi,baseline,A,0.174885,0.912557,en,568
REP-027|zh|hanzi#53#siteA#k4,REP-027|zh|hanzi#53#siteA,4,REP-027|zh|hanzi#53,REP-027,C3,the rule of law,zh,hanzi,baseline,A,0.178542,0.910729,en,551
REP-027|zh|hanzi#53#siteB#k0,REP-027|zh|hanzi#53#siteB,0,REP-027|zh|hanzi#53,REP-027,C3,the rule of law,zh,hanzi,baseline,B,0.206855,0.896573,mixed,543
REP-027|zh|hanzi#53#siteB#k1,REP-027|zh|hanzi#53#siteB,1,REP-027|zh|hanzi#53,REP-027,C3,the rule of law,zh,hanzi,baseline,B,0.210785,0.894608,mixed,462
REP-027|zh|hanzi#53#siteB#k2,REP-027|zh|hanzi#53#siteB,2,REP-027|zh|hanzi#53,REP-027,C3,the rule of law,zh,hanzi,baseline,B,0.228023,0.885989,mixed,466
REP-027|zh|hanzi#53#siteB#k3,REP-027|zh|hanzi#53#siteB,3,REP-027|zh|hanzi#53,REP-027,C3,the rule of law,zh,hanzi,baseline,B,0.202577,0.898712,mixed,477
REP-027|zh|hanzi#53#siteB#k4,REP-027|zh|hanzi#53#siteB,4,REP-027|zh|hanzi#53,REP-027,C3,the rule of law,zh,hanzi,baseline,B,0.20368,0.898161,mixed,486
REP-027|en|latin#54#siteA#k0,REP-027|en|latin#54#siteA,0,REP-027|en|latin#54,REP-027,C3,the rule of law,en,latin,baseline,A,0.326783,0.836609,en,700
REP-027|en|latin#54#siteA#k1,REP-027|en|latin#54#siteA,1,REP-027|en|latin#54,REP-027,C3,the rule of law,en,latin,baseline,A,0.310103,0.844949,en,746
REP-027|en|latin#54#siteA#k2,REP-027|en|latin#54#siteA,2,REP-027|en|latin#54,REP-027,C3,the rule of law,en,latin,baseline,A,0.306665,0.846668,en,712
REP-027|en|latin#54#siteA#k3,REP-027|en|latin#54#siteA,3,REP-027|en|latin#54,REP-027,C3,the rule of law,en,latin,baseline,A,0.308918,0.845541,en,723
REP-027|en|latin#54#siteA#k4,REP-027|en|latin#54#siteA,4,REP-027|en|latin#54,REP-027,C3,the rule of law,en,latin,baseline,A,0.312004,0.843998,en,754
REP-027|en|latin#54#siteB#k0,REP-027|en|latin#54#siteB,0,REP-027|en|latin#54,REP-027,C3,the rule of law,en,latin,baseline,B,0.348457,0.825772,en,764
REP-027|en|latin#54#siteB#k1,REP-027|en|latin#54#siteB,1,REP-027|en|latin#54,REP-027,C3,the rule of law,en,latin,baseline,B,0.357116,0.821442,en,768
REP-027|en|latin#54#siteB#k2,REP-027|en|latin#54#siteB,2,REP-027|en|latin#54,REP-027,C3,the rule of law,en,latin,baseline,B,0.341528,0.829236,en,790
REP-027|en|latin#54#siteB#k3,REP-027|en|latin#54#siteB,3,REP-027|en|latin#54,REP-027,C3,the rule of law,en,latin,baseline,B,0.353168,0.823416,en,793
REP-027|en|latin#54#siteB#k4,REP-027|en|latin#54#siteB,4,REP-027|en|latin#54,REP-027,C3,the rule of law,en,latin,baseline,B,0.367197,0.816402,en,733
REP-028|zh|hanzi#55#siteA#k0,REP-028|zh|hanzi#55#siteA,0,REP-028|zh|hanzi#55,REP-028,C4,the rule of law,zh,hanzi,baseline,A,0.153537,0.923231,en,567
REP-028|zh|hanzi#55#siteA#k1,REP-028|zh|hanzi#55#siteA,1,REP-028|zh|hanzi#55,REP-028,C4,the rule of law,zh,hanzi,baseline,A,0.139776,0.930112,en,586
REP-028|zh|hanzi#55#siteA#k2,REP-028|zh|hanzi#55#siteA,2,REP-028|zh|hanzi#55,REP-028,C4,the rule of law,zh,hanzi,baseline,A,0.142617,0.928691,en,576
REP-028|zh|hanzi#55#siteA#k3,REP-028|zh|hanzi#55#siteA,3,REP-028|zh|hanzi#55,REP-028,C4,the rule of law,zh,hanzi,baseline,A,0.152573,0.923714,en,642
REP-028|zh|hanzi#55#siteA#k4,REP-028|zh|hanzi#55#siteA,4,REP-028|zh|hanzi#55,REP-028,C4,the rule of law,zh,hanzi,baseline,A,0.14723,0.926385,en,595
REP-028|zh|hanzi#55#siteB#k0,REP-028|zh|hanzi#55#siteB,0,REP-028|zh|hanzi#55,REP-028,C4,the rule of law,zh,hanzi,baseline,B,0.229511,0.885245,mixed,491
REP-028|zh|hanzi#55#siteB#k1,REP-028|zh|hanzi#55#siteB,1,REP-028|zh|hanzi#55,REP-028,C4,the rule of law,zh,hanzi,baseline,B,0.260069,0.869966,mixed,450
REP-028|zh|hanzi#55#siteB#k2,REP-028|zh|hanzi#55#siteB,2,REP-028|zh|hanzi#55,REP-028,C4,the rule of law,zh,hanzi,baseline,B,0.256571,0.871715,mixed,476
REP-028|zh|hanzi#55#siteB#k3,REP-028|zh|hanzi#55#siteB,3,REP-028|zh|hanzi#55,REP-028,C4,the rule of law,zh,hanzi,baseline,B,0.254714,0.872643,mixed,448
REP-028|zh|hanzi#55#siteB#k4,REP-028|zh|hanzi#55#siteB,4,REP-028|zh|hanzi#55,REP-028,C4,the rule of law,zh,hanzi,baseline,B,0.259124,0.870438,mixed,444
REP-028|en|latin#56#siteA#k0,REP-028|en|latin#56#siteA,0,REP-028|en|latin#56,REP-028,C4,the rule of law,en,latin,baseline,A,0.158145,0.920928,en,708
REP-028|en|latin#56#siteA#k1,REP-028|en|latin#56#siteA,1,REP-028|en|latin#56,REP-028,C4,the rule of law,en,latin,baseline,A,0.144225,0.927888,en,700
REP-028|en|latin#56#siteA#k2,REP-028|en|latin#56#siteA,2,REP-028|en|latin#56,REP-028,C4,the rule of law,en,latin,baseline,A,0.144676,0.927662,en,687
REP-028|en|latin#56#siteA#k3,REP-028|en|latin#56#siteA,3,REP-028|en|latin#56,REP-028,C4,the rule of law,en,latin,baseline,A,0.161563,0.919219,en,733
REP-028|en|latin#56#siteA#k4,REP-028|en|latin#56#siteA,4,REP-028|en|latin#56,REP-028,C4,the rule of law,en,latin,baseline,A,0.147578,0.926211,en,695
REP-028|en|latin#56#siteB#k0,REP-028|en|latin#56#siteB,0,REP-028|en|latin#56,REP-028,C4,the rule of law,en,latin,baseline,B,0.287491,0.856255,en,742
REP-028|en|latin#56#siteB#k1,REP-028|en|latin#56#siteB,1,REP-028|en|latin#56,REP-028,C4,the rule of law,en,latin,baseline,B,0.278608,0.860696,en,766
REP-028|en|latin#56#siteB#k2,REP-028|en|latin#56#siteB,2,REP-028|en|latin#56,REP-028,C4,the rule of law,en,latin,baseline,B,0.267086,0.866457,en,759
REP-028|en|latin#56#siteB#k3,REP-028|en|latin#56#siteB,3,REP-028|en|latin#56,REP-028,C4,the rule of law,en,latin,baseline,B,0.286844,0.856578,en,710
REP-028|en|latin#56#siteB#k4,REP-028|en|latin#56#siteB,4,REP-028|en|latin#56,REP-028,C4,the rule of law,en,latin,baseline,B,0.293369,0.853316,en,722
REP-029|zh|hanzi#57#siteA#k0,REP-029|zh|hanzi#57#siteA,0,REP-029|zh|hanzi#57,REP-029,C5,the rule of law,zh,hanzi,baseline,A,0.161241,0.919379,en,612
REP-029|zh|hanzi#57#siteA#k1,REP-029|zh|hanzi#57#siteA,1,REP-029|zh|hanzi#57,REP-029,C5,the rule of law,zh,hanzi,baseline,A,0.155149,0.922426,en,594
REP-029|zh|hanzi#57#siteA#k2,REP-029|zh|hanzi#57#siteA,2,REP-029|zh|hanzi#57,REP-029,C5,the rule of law,zh,hanzi,baseline,A,0.153609,0.923196,en,622
REP-029|zh|hanzi#57#siteA#k3,REP-029|zh|hanzi#57#siteA,3,REP-029|zh|hanzi#57,REP-029,C5,the rule of law,zh,hanzi,baseline,A,0.151444,0.924278,en,579
REP-029|zh|hanzi#57#siteA#k4,REP-029|zh|hanzi#57#siteA,4,REP-029|zh|hanzi#57,REP-029,C5,the rule of law,zh,hanzi,baseline,A,0.16109,0.919455,en,608
REP-029|zh|hanzi#57#siteB#k0,REP-029|zh|hanzi#57#siteB,0,REP-029|zh|hanzi#57,REP-029,C5,the rule of law,zh,hanzi,baseline,B,0.204709,0.897646,mixed,466
REP-029|zh|hanzi#57#siteB#k1,REP-029|zh|hanzi#57#siteB,1,REP-029|zh|hanzi#57,REP-029,C5,the rule of law,zh,hanzi,baseline,B,0.20635,0.896825,mixed,519
REP-029|zh|hanzi#57#siteB#k2,REP-029|zh|hanzi#57#siteB,2,REP-029|zh|hanzi#57,REP-029,C5,the rule of law,zh,hanzi,baseline,B,0.201751,0.899125,mixed,487
REP-029|zh|hanzi#57#siteB#k3,REP-029|zh|hanzi#57#siteB,3,REP-029|zh|hanzi#57,REP-029,C5,the rule of law,zh,hanzi,baseline,B,0.194867,0.902567,mixed,481
REP-029|zh|hanzi#57#siteB#k4,REP-029|zh|hanzi#57#siteB,4,REP-029|zh|hanzi#57,REP-029,C5,the rule of law,zh,hanzi,baseline,B,0.201614,0.899194,mixed,507
REP-029|en|latin#58#siteA#k0,REP-029|en|latin#58#siteA,0,REP-029|en|latin#58,REP-029,C5,the rule of law,en,latin,baseline,A,0.135205,0.932398,en,682
REP-029|en|latin#58#siteA#k1,REP-029|en|latin#58#siteA,1,REP-029|en|latin#58,REP-029,C5,the rule of law,en,latin,baseline,A,0.13535,0.932325,en,717
REP-029|en|latin#58#siteA#k2,REP-029|en|latin#58#siteA,2,REP-029|en|latin#58,REP-029,C5,the rule of law,en,latin,baseline,A,0.131469,0.934265,en,719
REP-029|en|latin#58#siteA#k3,REP-029|en|latin#58#siteA,3,REP-029|en|latin#58,REP-029,C5,the rule of law,en,latin,baseline,A,0.133792,0.933104,en,717
REP-029|en|latin#58#siteA#k4,REP-029|en|latin#58#siteA,4,REP-029|en|latin#58,REP-029,C5,the rule of law,en,latin,baseline,A,0.147156,0.926422,en,691
REP-029|en|latin#58#siteB#k0,REP-029|en|latin#58#siteB,0,REP-029|en|latin#58,REP-029,C5,the rule of law,en,latin,baseline,B,0.196137,0.901932,en,778
REP-029|en|latin#58#siteB#k1,REP-029|en|latin#58#siteB,1,REP-029|en|latin#58,REP-029,C5,the rule of law,en,latin,baseline,B,0.184792,0.907604,en,775
REP-029|en|latin#58#siteB#k2,REP-029|en|latin#58#siteB,2,REP-029|en|latin#58,REP-029,C5,the rule of law,en,latin,baseline,B,0.183229,0.908386,en,764
REP-029|en|latin#58#siteB#k3,REP-029|en|latin#58#siteB,3,REP-029|en|latin#58,REP-029,C5,the rule of law,en,latin,baseline,B,0.182588,0.908706,en,784
REP-029|en|latin#58#siteB#k4,REP-029|en|latin#58#siteB,4,REP-029|en|latin#58,REP-029,C5,the rule of law,en,latin,baseline,B,0.191693,0.904153,en,771
REP-030|zh|hanzi#59#siteA#k0,REP-030|zh|hanzi#59#siteA,0,REP-030|zh|hanzi#59,REP-030,C6,the rule of law,zh,hanzi,baseline,A,0.137981,0.931009,en,594
REP-030|zh|hanzi#59#siteA#k1,REP-030|zh|hanzi#59#siteA,1,REP-030|zh|hanzi#59,REP-030,C6,the rule of law,zh,hanzi,baseline,A,0.149781,0.92511,en,594
REP-030|zh|hanzi#59#siteA#k2,REP-030|zh|hanzi#59#siteA,2,REP-030|zh|hanzi#59,REP-030,C6,the rule of law,zh,hanzi,baseline,A,0.138258,0.930871,en,601
REP-030|zh|hanzi#59#siteA#k3,REP-030|zh|hanzi#59#siteA,3,REP-030|zh|hanzi#59,REP-030,C6,the rule of law,zh,hanzi,baseline,A,0.145551,0.927225,en,630
REP-030|zh|hanzi#59#siteA#k4,REP-030|zh|hanzi#59#siteA,4,REP-030|zh|hanzi#59,REP-030,C6,the rule of law,zh,hanzi,baseline,A,0.139342,0.930329,en,614
REP-030|zh|hanzi#59#siteB#k0,REP-030|zh|hanzi#59#siteB,0,REP-030|zh|hanzi#59,REP-030,C6,the rule of law,zh,hanzi,baseline,B,0.197362,0.901319,mixed,528
REP-030|zh|hanzi#59#siteB#k1,REP-030|zh|hanzi#59#siteB,1,REP-030|zh|hanzi#59,REP-030,C6,the rule of law,zh,hanzi,baseline,B,0.19527,0.902365,mixed,491
REP-030|zh|hanzi#59#siteB#k2,REP-030|zh|hanzi#59#siteB,2,REP-030|zh|hanzi#59,REP-030,C6,the rule of law,zh,hanzi,baseline,B,0.196273,0.901864,mixed,521
REP-030|zh|hanzi#59#siteB#k3,REP-030|zh|hanzi#59#siteB,3,REP-030|zh|hanzi#59,REP-030,C6,the rule of law,zh,hanzi,baseline,B,0.196945,0.901528,mixed,473
REP-030|zh|hanzi#59#siteB#k4,REP-030|zh|hanzi#59#siteB,4,REP-030|zh|hanzi#59,REP-030,C6,the rule of law,zh,hanzi,baseline,B,0.194865,0.902568,mixed,483
REP-030|en|latin#60#siteA#k0,REP-030|en|latin#60#siteA,0,REP-030|en|latin#60,REP-030,C6,the rule of law,en,latin,baseline,A,0.143212,0.928394,en,702
REP-030|en|latin#60#siteA#k1,REP-030|en|latin#60#siteA,1,REP-030|en|latin#60,REP-030,C6,the rule of law,en,latin,baseline,A,0.136187,0.931906,en,696
REP-030|en|latin#60#siteA#k2,REP-030|en|latin#60#siteA,2,REP-030|en|latin#60,REP-030,C6,the rule of law,en,latin,baseline,A,0.144241,0.92788,en,712
REP-030|en|latin#60#siteA#k3,REP-030|en|latin#60#siteA,3,REP-030|en|latin#60,REP-030,C6,the rule of law,en,latin,baseline,A,0.138011,0.930994,en,678
REP-030|en|latin#60#siteA#k4,REP-030|en|latin#60#siteA,4,REP-030|en|latin#60,REP-030,C6,the rule of law,en,latin,baseline,A,0.136479,0.93176,en,684
REP-030|en|latin#60#siteB#k0,REP-030|en|latin#60#siteB,0,REP-030|en|latin#60,REP-030,C6,the rule of law,en,latin,baseline,B,0.254514,0.872743,en,727
REP-030|en|latin#60#siteB#k1,REP-030|en|latin#60#siteB,1,REP-030|en|latin#60,REP-030,C6,the rule of law,en,latin,baseline,B,0.255329,0.872335,en,726
REP-030|en|latin#60#siteB#k2,REP-030|en|latin#60#siteB,2,REP-030|en|latin#60,REP-030,C6,the rule of law,en,latin,baseline,B,0.262976,0.868512,en,756
REP-030|en|latin#60#siteB#k3,REP-030|en|latin#60#siteB,3,REP-030|en|latin#60,REP-030,C6,the rule of law,en,latin,baseline,B,0.246496,0.876752,en,750
REP-030|en|latin#60#siteB#k4,REP-030|en|latin#60#siteB,4,REP-030|en|latin#60,REP-030,C6,the rule of law,en,latin,baseline,B,0.285589,0.857205,en,751
REP-031|zh|hanzi#61#siteA#k0,REP-031|zh|hanzi#61#siteA,0,REP-031|zh|hanzi#61,REP-031,C1,freedom of assembly,zh,hanzi,baseline,A,0.173454,0.913273,en,580
REP-031|zh|hanzi#61#siteA#k1,REP-031|zh|hanzi#61#siteA,1,REP-031|zh|hanzi#61,REP-031,C1,freedom of assembly,zh,hanzi,baseline,A,0.17427,0.912865,en,562
REP-031|zh|hanzi#61#siteA#k2,REP-031|zh|hanzi#61#siteA,2,REP-031|zh|hanzi#61,REP-031,C1,freedom of assembly,zh,hanzi,baseline,A,0.186531,0.906734,en,619
REP-031|zh|hanzi#61#siteA#k3,REP-031|zh|hanzi#61#siteA,3,REP-031|zh|hanzi#61,REP-031,C1,freedom of assembly,zh,hanzi,baseline,A,0.178393,0.910804,en,643
REP-031|zh|hanzi#61#siteA#k4,REP-031|zh|hanzi#61#siteA,4,REP-031|zh|hanzi#61,REP-031,C1,freedom of assembly,zh,hanzi,baseline,A,0.184203,0.907899,en,629
REP-031|zh|hanzi#61#siteB#k0,REP-031|zh|hanzi#61#siteB,0,REP-031|zh|hanzi#61,REP-031,C1,freedom of assembly,zh,hanzi,baseline,B,0.211182,0.894409,mixed,607
REP-031|zh|hanzi#61#siteB#k1,REP-031|zh|hanzi#61#siteB,1,REP-031|zh|hanzi#61,REP-031,C1,freedom of assembly,zh,hanzi,baseline,B,0.229704,0.885148,mixed,582
REP-031|zh|hanzi#61#siteB#k2,REP-031|zh|hanzi#61#siteB,2,REP-031|zh|hanzi#61,REP-031,C1,freedom of assembly,zh,hanzi,baseline,B,0.20359,0.898205,mixed,574
REP-031|zh|hanzi#61#siteB#k3,REP-031|zh|hanzi#61#siteB,3,REP-031|zh|hanzi#61,REP-031,C1,freedom of assembly,zh,hanzi,baseline,B,0.211867,0.894067,en,560
REP-031|zh|hanzi#61#siteB#k4,REP-031|zh|hanzi#61#siteB,4,REP-031|zh|hanzi#61,REP-031,C1,freedom of assembly,zh,hanzi,baseline,B,0.206775,0.896613,en,594
REP-031|en|latin#62#siteA#k0,REP-031|en|latin#62#siteA,0,REP-031|en|latin#62,REP-031,C1,freedom of assembly,en,latin,baseline,A,0.128264,0.935868,en,753
REP-031|en|latin#62#siteA#k1,REP-031|en|latin#62#siteA,1,REP-031|en|latin#62,REP-031,C1,freedom of assembly,en,latin,baseline,A,0.120986,0.939507,en,719
REP-031|en|latin#62#siteA#k2,REP-031|en|latin#62#siteA,2,REP-031|en|latin#62,REP-031,C1,freedom of assembly,en,latin,baseline,A,0.124463,0.937769,en,733
REP-031|en|latin#62#siteA#k3,REP-031|en|latin#62#siteA,3,REP-031|en|latin#62,REP-031,C1,freedom of assembly,en,latin,baseline,A,0.126928,0.936536,en,741
REP-031|en|latin#62#siteA#k4,REP-031|en|latin#62#siteA,4,REP-031|en|latin#62,REP-031,C1,freedom of assembly,en,latin,baseline,A,0.123272,0.938364,en,735
REP-031|en|latin#62#siteB#k0,REP-031|en|latin#62#siteB,0,REP-031|en|latin#62,REP-031,C1,freedom of assembly,en,latin,baseline,B,0.184815,0.907593,en,802
REP-031|en|latin#62#siteB#k1,REP-031|en|latin#62#siteB,1,REP-031|en|latin#62,REP-031,C1,freedom of assembly,en,latin,baseline,B,0.189097,0.905452,en,800
REP-031|en|latin#62#siteB#k2,REP-031|en|latin#62#siteB,2,REP-031|en|latin#62,REP-031,C1,freedom of assembly,en,latin,baseline,B,0.201474,0.899263,en,793
REP-031|en|latin#62#siteB#k3,REP-031|en|latin#62#siteB,3,REP-031|en|latin#62,REP-031,C1,freedom of assembly,en,latin,baseline,B,0.204927,0.897537,en,785
REP-031|en|latin#62#siteB#k4,REP-031|en|latin#62#siteB,4,REP-031|en|latin#62,REP-031,C1,freedom of assembly,en,latin,baseline,B,0.200868,0.899566,en,813
REP-032|zh|hanzi#63#siteA#k0,REP-032|zh|hanzi#63#siteA,0,REP-032|zh|hanzi#63,REP-032,C2,freedom of assembly,zh,hanzi,baseline,A,0.191981,0.90401,en,566
REP-032|zh|hanzi#63#siteA#k1,REP-032|zh|hanzi#63#siteA,1,REP-032|zh|hanzi#63,REP-032,C2,freedom of assembly,zh,hanzi,baseline,A,0.193613,0.903193,en,588
REP-032|zh|hanzi#63#siteA#k2,REP-032|zh|hanzi#63#siteA,2,REP-032|zh|hanzi#63,REP-032,C2,freedom of assembly,zh,hanzi,baseline,A,0.195031,0.902485,en,619
REP-032|zh|hanzi#63#siteA#k3,REP-032|zh|hanzi#63#siteA,3,REP-032|zh|hanzi#63,REP-032,C2,freedom of assembly,zh,hanzi,baseline,A,0.188508,0.905746,en,617
REP-032|zh|hanzi#63#siteA#k4,REP-032|zh|hanzi#63#siteA,4,REP-032|zh|hanzi#63,REP-032,C2,freedom of assembly,zh,hanzi,baseline,A,0.195061,0.90247,en,558
REP-032|zh|hanzi#63#siteB#k0,REP-032|zh|hanzi#63#siteB,0,REP-032|zh|hanzi#63,REP-032,C2,freedom of assembly,zh,hanzi,baseline,B,0.288854,0.855573,en,625
REP-032|zh|hanzi#63#siteB#k1,REP-032|zh|hanzi#63#siteB,1,REP-032|zh|hanzi#63,REP-032,C2,freedom of assembly,zh,hanzi,baseline,B,0.310131,0.844935,mixed,540
REP-032|zh|hanzi#63#siteB#k2,REP-032|zh|hanzi#63#siteB,2,REP-032|zh|hanzi#63,REP-032,C2,freedom of assembly,zh,hanzi,baseline,B,0.305589,0.847206,mixed,558
REP-032|zh|hanzi#63#siteB#k3,REP-032|zh|hanzi#63#siteB,3,REP-032|zh|hanzi#63,REP-032,C2,freedom of assembly,zh,hanzi,baseline,B,0.301277,0.849362,mixed,565
REP-032|zh|hanzi#63#siteB#k4,REP-032|zh|hanzi#63#siteB,4,REP-032|zh|hanzi#63,REP-032,C2,freedom of assembly,zh,hanzi,baseline,B,0.281993,0.859003,mixed,568
REP-032|en|latin#64#siteA#k0,REP-032|en|latin#64#siteA,0,REP-032|en|latin#64,REP-032,C2,freedom of assembly,en,latin,baseline,A,0.158463,0.920769,en,694
REP-032|en|latin#64#siteA#k1,REP-032|en|latin#64#siteA,1,REP-032|en|latin#64,REP-032,C2,freedom of assembly,en,latin,baseline,A,0.152871,0.923564,en,725
REP-032|en|latin#64#siteA#k2,REP-032|en|latin#64#siteA,2,REP-032|en|latin#64,REP-032,C2,freedom of assembly,en,latin,baseline,A,0.148242,0.925879,en,744
REP-032|en|latin#64#siteA#k3,REP-032|en|latin#64#siteA,3,REP-032|en|latin#64,REP-032,C2,freedom of assembly,en,latin,baseline,A,0.151818,0.924091,en,751
REP-032|en|latin#64#siteA#k4,REP-032|en|latin#64#siteA,4,REP-032|en|latin#64,REP-032,C2,freedom of assembly,en,latin,baseline,A,0.147266,0.926367,en,716
REP-032|en|latin#64#siteB#k0,REP-032|en|latin#64#siteB,0,REP-032|en|latin#64,REP-032,C2,freedom of assembly,en,latin,baseline,B,0.259885,0.870057,en,791
REP-032|en|latin#64#siteB#k1,REP-032|en|latin#64#siteB,1,REP-032|en|latin#64,REP-032,C2,freedom of assembly,en,latin,baseline,B,0.254227,0.872887,en,773
REP-032|en|latin#64#siteB#k2,REP-032|en|latin#64#siteB,2,REP-032|en|latin#64,REP-032,C2,freedom of assembly,en,latin,baseline,B,0.248887,0.875557,en,753
REP-032|en|latin#64#siteB#k3,REP-032|en|latin#64#siteB,3,REP-032|en|latin#64,REP-032,C2,freedom of assembly,en,latin,baseline,B,0.248668,0.875666,en,775
REP-032|en|latin#64#siteB#k4,REP-032|en|latin#64#siteB,4,REP-032|en|latin#64,REP-032,C2,freedom of assembly,en,latin,baseline,B,0.275444,0.862278,en,769
REP-033|zh|hanzi#65#siteA#k0,REP-033|zh|hanzi#65#siteA,0,REP-033|zh|hanzi#65,REP-033,C3,freedom of assembly,zh,hanzi,baseline,A,0.184469,0.907766,en,579
REP-033|zh|hanzi#65#siteA#k1,REP-033|zh|hanzi#65#siteA,1,REP-033|zh|hanzi#65,REP-033,C3,freedom of assembly,zh,hanzi,baseline,A,0.177543,0.911228,en,536
REP-033|zh|hanzi#65#siteA#k2,REP-033|zh|hanzi#65#siteA,2,REP-033|zh|hanzi#65,REP-033,C3,freedom of assembly,zh,hanzi,baseline,A,0.175998,0.912001,en,615
REP-033|zh|hanzi#65#siteA#k3,REP-033|zh|hanzi#65#siteA,3,REP-033|zh|hanzi#65,REP-033,C3,freedom of assembly,zh,hanzi,baseline,A,0.188872,0.905564,en,632
REP-033|zh|hanzi#65#siteA#k4,REP-033|zh|hanzi#65#siteA,4,REP-033|zh|hanzi#65,REP-033,C3,freedom of assembly,zh,hanzi,baseline,A,0.182165,0.908918,en,566
REP-033|zh|hanzi#65#siteB#k0,REP-033|zh|hanzi#65#siteB,0,REP-033|zh|hanzi#65,REP-033,C3,freedom of assembly,zh,hanzi,baseline,B,0.202315,0.898843,mixed,528
REP-033|zh|hanzi#65#siteB#k1,REP-033|zh|hanzi#65#siteB,1,REP-033|zh|hanzi#65,REP-033,C3,freedom of assembly,zh,hanzi,baseline,B,0.203075,0.898462,mixed,518
REP-033|zh|hanzi#65#siteB#k2,REP-033|zh|hanzi#65#siteB,2,REP-033|zh|hanzi#65,REP-033,C3,freedom of assembly,zh,hanzi,baseline,B,0.208361,0.89582,mixed,525
REP-033|zh|hanzi#65#siteB#k3,REP-033|zh|hanzi#65#siteB,3,REP-033|zh|hanzi#65,REP-033,C3,freedom of assembly,zh,hanzi,baseline,B,0.223799,0.8881,mixed,464
REP-033|zh|hanzi#65#siteB#k4,REP-033|zh|hanzi#65#siteB,4,REP-033|zh|hanzi#65,REP-033,C3,freedom of assembly,zh,hanzi,baseline,B,0.210775,0.894612,mixed,519
REP-033|en|latin#66#siteA#k0,REP-033|en|latin#66#siteA,0,REP-033|en|latin#66,REP-033,C3,freedom of assembly,en,latin,baseline,A,0.284899,0.857551,en,728
REP-033|en|latin#66#siteA#k1,REP-033|en|latin#66#siteA,1,REP-033|en|latin#66,REP-033,C3,freedom of assembly,en,latin,baseline,A,0.288857,0.855572,en,759
REP-033|en|latin#66#siteA#k2,REP-033|en|latin#66#siteA,2,REP-033|en|latin#66,REP-033,C3,freedom of assembly,en,latin,baseline,A,0.276874,0.861563,en,752
REP-033|en|latin#66#siteA#k3,REP-033|en|latin#66#siteA,3,REP-033|en|latin#66,REP-033,C3,freedom of assembly,en,latin,baseline,A,0.264616,0.867692,en,743
REP-033|en|latin#66#siteA#k4,REP-033|en|latin#66#siteA,4,REP-033|en|latin#66,REP-033,C3,freedom of assembly,en,latin,baseline,A,0.288539,0.855731,en,744
REP-033|en|latin#66#siteB#k0,REP-033|en|latin#66#siteB,0,REP-033|en|latin#66,REP-033,C3,freedom of assembly,en,latin,baseline,B,0.330914,0.834543,en,736
REP-033|en|latin#66#siteB#k1,REP-033|en|latin#66#siteB,1,REP-033|en|latin#66,REP-033,C3,freedom of assembly,en,latin,baseline,B,0.322773,0.838614,en,789
REP-033|en|latin#66#siteB#k2,REP-033|en|latin#66#siteB,2,REP-033|en|latin#66,REP-033,C3,freedom of assembly,en,latin,baseline,B,0.330434,0.834783,en,759
REP-033|en|latin#66#siteB#k3,REP-033|en|latin#66#siteB,3,REP-033|en|latin#66,REP-033,C3,freedom of assembly,en,latin,baseline,B,0.328405,0.835798,en,740
REP-033|en|latin#66#siteB#k4,REP-033|en|latin#66#siteB,4,REP-033|en|latin#66,REP-033,C3,freedom of assembly,en,latin,baseline,B,0.339373,0.830314,en,763
REP-034|zh|hanzi#67#siteA#k0,REP-034|zh|hanzi#67#siteA,0,REP-034|zh|hanzi#67,REP-034,C4,freedom of assembly,zh,hanzi,baseline,A,0.177012,0.911494,en,607
REP-034|zh|hanzi#67#siteA#k1,REP-034|zh|hanzi#67#siteA,1,REP-034|zh|hanzi#67,REP-034,C4,freedom of assembly,zh,hanzi,baseline,A,0.188239,0.905881,en,617
REP-034|zh|hanzi#67#siteA#k2,REP-034|zh|hanzi#67#siteA,2,REP-034|zh|hanzi#67,REP-034,C4,freedom of assembly,zh,hanzi,baseline,A,0.181237,0.909381,en,614
REP-034|zh|hanzi#67#siteA#k3,REP-034|zh|hanzi#67#siteA,3,REP-034|zh|hanzi#67,REP-034,C4,freedom of assembly,zh,hanzi,baseline,A,0.174436,0.912782,en,573
REP-034|zh|hanzi#67#siteA#k4,REP-034|zh|hanzi#67#siteA,4,REP-034|zh|hanzi#67,REP-034,C4,freedom of assembly,zh,hanzi,baseline,A,0.170396,0.914802,en,538
REP-034|zh|hanzi#67#siteB#k0,REP-034|zh|hanzi#67#siteB,0,REP-034|zh|hanzi#67,REP-034,C4,freedom of assembly,zh,hanzi,baseline,B,0.22208,0.88896,mixed,528
REP-034|zh|hanzi#67#siteB#k1,REP-034|zh|hanzi#67#siteB,1,REP-034|zh|hanzi#67,REP-034,C4,freedom of assembly,zh,hanzi,baseline,B,0.226308,0.886847,mixed,472
REP-034|zh|hanzi#67#siteB#k2,REP-034|zh|hanzi#67#siteB,2,REP-034|zh|hanzi#67,REP-034,C4,freedom of assembly,zh,hanzi,baseline,B,0.22182,0.88909,mixed,499
REP-034|zh|hanzi#67#siteB#k3,REP-034|zh|hanzi#67#siteB,3,REP-034|zh|hanzi#67,REP-034,C4,freedom of assembly,zh,hanzi,baseline,B,0.223933,0.888034,mixed,505
REP-034|zh|hanzi#67#siteB#k4,REP-034|zh|hanzi#67#siteB,4,REP-034|zh|hanzi#67,REP-034,C4,freedom of assembly,zh,hanzi,baseline,B,0.226358,0.886821,mixed,536
REP-034|en|latin#68#siteA#k0,REP-034|en|latin#68#siteA,0,REP-034|en|latin#68,REP-034,C4,freedom of assembly,en,latin,baseline,A,0.122824,0.938588,en,720
REP-034|en|latin#68#siteA#k1,REP-034|en|latin#68#siteA,1,REP-034|en|latin#68,REP-034,C4,freedom of assembly,en,latin,baseline,A,0.13613,0.931935,en,722
REP-034|en|latin#68#siteA#k2,REP-034|en|latin#68#siteA,2,REP-034|en|latin#68,REP-034,C4,freedom of assembly,en,latin,baseline,A,0.125589,0.937205,en,726
REP-034|en|latin#68#siteA#k3,REP-034|en|latin#68#siteA,3,REP-034|en|latin#68,REP-034,C4,freedom of assembly,en,latin,baseline,A,0.141472,0.929264,en,707
REP-034|en|latin#68#siteA#k4,REP-034|en|latin#68#siteA,4,REP-034|en|latin#68,REP-034,C4,freedom of assembly,en,latin,baseline,A,0.137517,0.931242,en,727
REP-034|en|latin#68#siteB#k0,REP-034|en|latin#68#siteB,0,REP-034|en|latin#68,REP-034,C4,freedom of assembly,en,latin,baseline,B,0.33817,0.830915,en,779
REP-034|en|latin#68#siteB#k1,REP-034|en|latin#68#siteB,1,REP-034|en|latin#68,REP-034,C4,freedom of assembly,en,latin,baseline,B,0.339734,0.830133,en,751
REP-034|en|latin#68#siteB#k2,REP-034|en|latin#68#siteB,2,REP-034|en|latin#68,REP-034,C4,freedom of assembly,en,latin,baseline,B,0.338495,0.830752,en,740
REP-034|en|latin#68#siteB#k3,REP-034|en|latin#68#siteB,3,REP-034|en|latin#68,REP-034,C4,freedom of assembly,en,latin,baseline,B,0.327146,0.836427,en,754
REP-034|en|latin#68#siteB#k4,REP-034|en|latin#68#siteB,4,REP-034|en|latin#68,REP-034,C4,freedom of assembly,en,latin,baseline,B,0.357389,0.821305,en,749
REP-035|zh|hanzi#69#siteA#k0,REP-035|zh|hanzi#69#siteA,0,REP-035|zh|hanzi#69,REP-035,C5,freedom of assembly,zh,hanzi,baseline,A,0.198893,0.900554,en,641
REP-035|zh|hanzi#69#siteA#k1,REP-035|zh|hanzi#69#siteA,1,REP-035|zh|hanzi#69,REP-035,C5,freedom of assembly,zh,hanzi,baseline,A,0.203441,0.89828,en,609
REP-035|zh|hanzi#69#siteA#k2,REP-035|zh|hanzi#69#siteA,2,REP-035|zh|hanzi#69,REP-035,C5,freedom of assembly,zh,hanzi,baseline,A,0.211012,0.894494,en,627
REP-035|zh|hanzi#69#siteA#k3,REP-035|zh|hanzi#69#siteA,3,REP-035|zh|hanzi#69,REP-035,C5,freedom of assembly,zh,hanzi,baseline,A,0.195227,0.902387,en,585
REP-035|zh|hanzi#69#siteA#k4,REP-035|zh|hanzi#69#siteA,4,REP-035|zh|hanzi#69,REP-035,C5,freedom of assembly,zh,hanzi,baseline,A,0.195619,0.902191,en,601
REP-035|zh|hanzi#69#siteB#k0,REP-035|zh|hanzi#69#siteB,0,REP-035|zh|hanzi#69,REP-035,C5,freedom of assembly,zh,hanzi,baseline,B,0.208631,0.895684,mixed,500
REP-035|zh|hanzi#69#siteB#k1,REP-035|zh|hanzi#69#siteB,1,REP-035|zh|hanzi#69,REP-035,C5,freedom of assembly,zh,hanzi,baseline,B,0.222606,0.888697,mixed,508
REP-035|zh|hanzi#69#siteB#k2,REP-035|zh|hanzi#69#siteB,2,REP-035|zh|hanzi#69,REP-035,C5,freedom of assembly,zh,hanzi,baseline,B,0.211665,0.894167,mixed,535
REP-035|zh|hanzi#69#siteB#k3,REP-035|zh|hanzi#69#siteB,3,REP-035|zh|hanzi#69,REP-035,C5,freedom of assembly,zh,hanzi,baseline,B,0.234152,0.882924,mixed,522
REP-035|zh|hanzi#69#siteB#k4,REP-035|zh|hanzi#69#siteB,4,REP-035|zh|hanzi#69,REP-035,C5,freedom of assembly,zh,hanzi,baseline,B,0.225031,0.887484,mixed,503
REP-035|en|latin#70#siteA#k0,REP-035|en|latin#70#siteA,0,REP-035|en|latin#70,REP-035,C5,freedom of assembly,en,latin,baseline,A,0.133833,0.933083,en,720
REP-035|en|latin#70#siteA#k1,REP-035|en|latin#70#siteA,1,REP-035|en|latin#70,REP-035,C5,freedom of assembly,en,latin,baseline,A,0.12705,0.936475,en,750
REP-035|en|latin#70#siteA#k2,REP-035|en|latin#70#siteA,2,REP-035|en|latin#70,REP-035,C5,freedom of assembly,en,latin,baseline,A,0.122572,0.938714,en,734
REP-035|en|latin#70#siteA#k3,REP-035|en|latin#70#siteA,3,REP-035|en|latin#70,REP-035,C5,freedom of assembly,en,latin,baseline,A,0.13024,0.93488,en,730
REP-035|en|latin#70#siteA#k4,REP-035|en|latin#70#siteA,4,REP-035|en|latin#70,REP-035,C5,freedom of assembly,en,latin,baseline,A,0.133131,0.933434,en,724
REP-035|en|latin#70#siteB#k0,REP-035|en|latin#70#siteB,0,REP-035|en|latin#70,REP-035,C5,freedom of assembly,en,latin,baseline,B,0.200012,0.899994,en,808
REP-035|en|latin#70#siteB#k1,REP-035|en|latin#70#siteB,1,REP-035|en|latin#70,REP-035,C5,freedom of assembly,en,latin,baseline,B,0.207216,0.896392,en,775
REP-035|en|latin#70#siteB#k2,REP-035|en|latin#70#siteB,2,REP-035|en|latin#70,REP-035,C5,freedom of assembly,en,latin,baseline,B,0.198646,0.900677,en,777
REP-035|en|latin#70#siteB#k3,REP-035|en|latin#70#siteB,3,REP-035|en|latin#70,REP-035,C5,freedom of assembly,en,latin,baseline,B,0.20238,0.89881,en,775
REP-035|en|latin#70#siteB#k4,REP-035|en|latin#70#siteB,4,REP-035|en|latin#70,REP-035,C5,freedom of assembly,en,latin,baseline,B,0.199226,0.900387,en,816
REP-036|zh|hanzi#71#siteA#k0,REP-036|zh|hanzi#71#siteA,0,REP-036|zh|hanzi#71,REP-036,C6,freedom of assembly,zh,hanzi,baseline,A,0.158865,0.920568,en,650
REP-036|zh|hanzi#71#siteA#k1,REP-036|zh|hanzi#71#siteA,1,REP-036|zh|hanzi#71,REP-036,C6,freedom of assembly,zh,hanzi,baseline,A,0.153038,0.923481,en,617
REP-036|zh|hanzi#71#siteA#k2,REP-036|zh|hanzi#71#siteA,2,REP-036|zh|hanzi#71,REP-036,C6,freedom of assembly,zh,hanzi,baseline,A,0.147732,0.926134,en,593
REP-036|zh|hanzi#71#siteA#k3,REP-036|zh|hanzi#71#siteA,3,REP-036|zh|hanzi#71,REP-036,C6,freedom of assembly,zh,hanzi,baseline,A,0.142535,0.928733,en,592
REP-036|zh|hanzi#71#siteA#k4,REP-036|zh|hanzi#71#siteA,4,REP-036|zh|hanzi#71,REP-036,C6,freedom of assembly,zh,hanzi,baseline,A,0.147867,0.926067,en,572
REP-036|zh|hanzi#71#siteB#k0,REP-036|zh|hanzi#71#siteB,0,REP-036|zh|hanzi#71,REP-036,C6,freedom of assembly,zh,hanzi,baseline,B,0.23641,0.881795,mixed,466
REP-036|zh|hanzi#71#siteB#k1,REP-036|zh|hanzi#71#siteB,1,REP-036|zh|hanzi#71,REP-036,C6,freedom of assembly,zh,hanzi,baseline,B,0.196988,0.901506,mixed,483
REP-036|zh|hanzi#71#siteB#k2,REP-036|zh|hanzi#71#siteB,2,REP-036|zh|hanzi#71,REP-036,C6,freedom of assembly,zh,hanzi,baseline,B,0.210506,0.894747,mixed,557
REP-036|zh|hanzi#71#siteB#k3,REP-036|zh|hanzi#71#siteB,3,REP-036|zh|hanzi#71,REP-036,C6,freedom of assembly,zh,hanzi,baseline,B,0.2326,0.8837,mixed,532
REP-036|zh|hanzi#71#siteB#k4,REP-036|zh|hanzi#71#siteB,4,REP-036|zh|hanzi#71,REP-036,C6,freedom of assembly,zh,hanzi,baseline,B,0.206287,0.896856,mixed,509
REP-036|en|latin#72#siteA#k0,REP-036|en|latin#72#siteA,0,REP-036|en|latin#72,REP-036,C6,freedom of assembly,en,latin,baseline,A,0.156768,0.921616,en,761
REP-036|en|latin#72#siteA#k1,REP-036|en|latin#72#siteA,1,REP-036|en|latin#72,REP-036,C6,freedom of assembly,en,latin,baseline,A,0.152865,0.923568,en,702
REP-036|en|latin#72#siteA#k2,REP-036|en|latin#72#siteA,2,REP-036|en|latin#72,REP-036,C6,freedom of assembly,en,latin,baseline,A,0.15738,0.92131,en,687
REP-036|en|latin#72#siteA#k3,REP-036|en|latin#72#siteA,3,REP-036|en|latin#72,REP-036,C6,freedom of assembly,en,latin,baseline,A,0.144454,0.927773,en,722
REP-036|en|latin#72#siteA#k4,REP-036|en|latin#72#siteA,4,REP-036|en|latin#72,REP-036,C6,freedom of assembly,en,latin,baseline,A,0.142105,0.928948,en,731
REP-036|en|latin#72#siteB#k0,REP-036|en|latin#72#siteB,0,REP-036|en|latin#72,REP-036,C6,freedom of assembly,en,latin,baseline,B,0.235825,0.882087,en,763
REP-036|en|latin#72#siteB#k1,REP-036|en|latin#72#siteB,1,REP-036|en|latin#72,REP-036,C6,freedom of assembly,en,latin,baseline,B,0.242869,0.878566,en,746
REP-036|en|latin#72#siteB#k2,REP-036|en|latin#72#siteB,2,REP-036|en|latin#72,REP-036,C6,freedom of assembly,en,latin,baseline,B,0.260635,0.869682,en,737
REP-036|en|latin#72#siteB#k3,REP-036|en|latin#72#siteB,3,REP-036|en|latin#72,REP-036,C6,freedom of assembly,en,latin,baseline,B,0.21874,0.89063,en,729
REP-036|en|latin#72#siteB#k4,REP-036|en|latin#72#siteB,4,REP-036|en|latin#72,REP-036,C6,freedom of assembly,en,latin,baseline,B,0.229125,0.885438,en,753
REP-037|zh|hanzi#73#siteA#k0,REP-037|zh|hanzi#73#siteA,0,REP-037|zh|hanzi#73,REP-037,C1,the weather,zh,hanzi,baseline,A,0.18119,0.909405,en,565
REP-037|zh|hanzi#73#siteA#k1,REP-037|zh|hanzi#73#siteA,1,REP-037|zh|hanzi#73,REP-037,C1,the weather,zh,hanzi,baseline,A,0.188509,0.905746,en,568
REP-037|zh|hanzi#73#siteA#k2,REP-037|zh|hanzi#73#siteA,2,REP-037|zh|hanzi#73,REP-037,C1,the weather,zh,hanzi,baseline,A,0.178714,0.910643,en,535
REP-037|zh|hanzi#73#siteA#k3,REP-037|zh|hanzi#73#siteA,3,REP-037|zh|hanzi#73,REP-037,C1,the weather,zh,hanzi,baseline,A,0.179417,0.910291,en,588
REP-037|zh|hanzi#73#siteA#k4,REP-037|zh|hanzi#73#siteA,4,REP-037|zh|hanzi#73,REP-037,C1,the weather,zh,hanzi,baseline,A,0.185393,0.907303,en,552
REP-037|zh|hanzi#73#siteB#k0,REP-037|zh|hanzi#73#siteB,0,REP-037|zh|hanzi#73,REP-037,C1,the weather,zh,hanzi,baseline,B,0.1874,0.9063,en,529
REP-037|zh|hanzi#73#siteB#k1,REP-037|zh|hanzi#73#siteB,1,REP-037|zh|hanzi#73,REP-037,C1,the weather,zh,hanzi,baseline,B,0.204036,0.897982,mixed,506
REP-037|zh|hanzi#73#siteB#k2,REP-037|zh|hanzi#73#siteB,2,REP-037|zh|hanzi#73,REP-037,C1,the weather,zh,hanzi,baseline,B,0.200758,0.899621,en,556
REP-037|zh|hanzi#73#siteB#k3,REP-037|zh|hanzi#73#siteB,3,REP-037|zh|hanzi#73,REP-037,C1,the weather,zh,hanzi,baseline,B,0.201656,0.899172,mixed,477
REP-037|zh|hanzi#73#siteB#k4,REP-037|zh|hanzi#73#siteB,4,REP-037|zh|hanzi#73,REP-037,C1,the weather,zh,hanzi,baseline,B,0.187283,0.906359,en,595
REP-037|en|latin#74#siteA#k0,REP-037|en|latin#74#siteA,0,REP-037|en|latin#74,REP-037,C1,the weather,en,latin,baseline,A,0.150202,0.924899,en,714
REP-037|en|latin#74#siteA#k1,REP-037|en|latin#74#siteA,1,REP-037|en|latin#74,REP-037,C1,the weather,en,latin,baseline,A,0.151112,0.924444,en,727
REP-037|en|latin#74#siteA#k2,REP-037|en|latin#74#siteA,2,REP-037|en|latin#74,REP-037,C1,the weather,en,latin,baseline,A,0.150599,0.9247,en,757
REP-037|en|latin#74#siteA#k3,REP-037|en|latin#74#siteA,3,REP-037|en|latin#74,REP-037,C1,the weather,en,latin,baseline,A,0.146844,0.926578,en,739
REP-037|en|latin#74#siteA#k4,REP-037|en|latin#74#siteA,4,REP-037|en|latin#74,REP-037,C1,the weather,en,latin,baseline,A,0.154879,0.922561,en,750
REP-037|en|latin#74#siteB#k0,REP-037|en|latin#74#siteB,0,REP-037|en|latin#74,REP-037,C1,the weather,en,latin,baseline,B,0.228175,0.885912,en,750
REP-037|en|latin#74#siteB#k1,REP-037|en|latin#74#siteB,1,REP-037|en|latin#74,REP-037,C1,the weather,en,latin,baseline,B,0.221921,0.88904,en,782
REP-037|en|latin#74#siteB#k2,REP-037|en|latin#74#siteB,2,REP-037|en|latin#74,REP-037,C1,the weather,en,latin,baseline,B,0.224001,0.888,en,768
REP-037|en|latin#74#siteB#k3,REP-037|en|latin#74#siteB,3,REP-037|en|latin#74,REP-037,C1,the weather,en,latin,baseline,B,0.229676,0.885162,en,782
REP-037|en|latin#74#siteB#k4,REP-037|en|latin#74#siteB,4,REP-037|en|latin#74,REP-037,C1,the weather,en,latin,baseline,B,0.210319,0.894841,en,761
REP-038|zh|hanzi#75#siteA#k0,REP-038|zh|hanzi#75#siteA,0,REP-038|zh|hanzi#75,REP-038,C2,the weather,zh,hanzi,baseline,A,0.160424,0.919788,en,587
REP-038|zh|hanzi#75#siteA#k1,REP-038|zh|hanzi#75#siteA,1,REP-038|zh|hanzi#75,REP-038,C2,the weather,zh,hanzi,baseline,A,0.162372,0.918814,en,582
REP-038|zh|hanzi#75#siteA#k2,REP-038|zh|hanzi#75#siteA,2,REP-038|zh|hanzi#75,REP-038,C2,the weather,zh,hanzi,baseline,A,0.158385,0.920807,en,567
REP-038|zh|hanzi#75#siteA#k3,REP-038|zh|hanzi#75#siteA,3,REP-038|zh|hanzi#75,REP-038,C2,the weather,zh,hanzi,baseline,A,0.155534,0.922233,en,578
REP-038|zh|hanzi#75#siteA#k4,REP-038|zh|hanzi#75#siteA,4,REP-038|zh|hanzi#75,REP-038,C2,the weather,zh,hanzi,baseline,A,0.154223,0.922889,en,545
REP-038|zh|hanzi#75#siteB#k0,REP-038|zh|hanzi#75#siteB,0,REP-038|zh|hanzi#75,REP-038,C2,the weather,zh,hanzi,baseline,B,0.218772,0.890614,mixed,550
REP-038|zh|hanzi#75#siteB#k1,REP-038|zh|hanzi#75#siteB,1,REP-038|zh|hanzi#75,REP-038,C2,the weather,zh,hanzi,baseline,B,0.205034,0.897483,mixed,540
REP-038|zh|hanzi#75#siteB#k2,REP-038|zh|hanzi#75#siteB,2,REP-038|zh|hanzi#75,REP-038,C2,the weather,zh,hanzi,baseline,B,0.205984,0.897008,mixed,526
REP-038|zh|hanzi#75#siteB#k3,REP-038|zh|hanzi#75#siteB,3,REP-038|zh|hanzi#75,REP-038,C2,the weather,zh,hanzi,baseline,B,0.244225,0.877888,mixed,538
REP-038|zh|hanzi#75#siteB#k4,REP-038|zh|hanzi#75#siteB,4,REP-038|zh|hanzi#75,REP-038,C2,the weather,zh,hanzi,baseline,B,0.205948,0.897026,mixed,503
REP-038|en|latin#76#siteA#k0,REP-038|en|latin#76#siteA,0,REP-038|en|latin#76,REP-038,C2,the weather,en,latin,baseline,A,0.166805,0.916597,en,702
REP-038|en|latin#76#siteA#k1,REP-038|en|latin#76#siteA,1,REP-038|en|latin#76,REP-038,C2,the weather,en,latin,baseline,A,0.153807,0.923097,en,729
REP-038|en|latin#76#siteA#k2,REP-038|en|latin#76#siteA,2,REP-038|en|latin#76,REP-038,C2,the weather,en,latin,baseline,A,0.145444,0.927278,en,740
REP-038|en|latin#76#siteA#k3,REP-038|en|latin#76#siteA,3,REP-038|en|latin#76,REP-038,C2,the weather,en,latin,baseline,A,0.150319,0.924841,en,752
REP-038|en|latin#76#siteA#k4,REP-038|en|latin#76#siteA,4,REP-038|en|latin#76,REP-038,C2,the weather,en,latin,baseline,A,0.156491,0.921754,en,699
REP-038|en|latin#76#siteB#k0,REP-038|en|latin#76#siteB,0,REP-038|en|latin#76,REP-038,C2,the weather,en,latin,baseline,B,0.243665,0.878168,en,755
REP-038|en|latin#76#siteB#k1,REP-038|en|latin#76#siteB,1,REP-038|en|latin#76,REP-038,C2,the weather,en,latin,baseline,B,0.240093,0.879954,en,711
REP-038|en|latin#76#siteB#k2,REP-038|en|latin#76#siteB,2,REP-038|en|latin#76,REP-038,C2,the weather,en,latin,baseline,B,0.229947,0.885027,en,774
REP-038|en|latin#76#siteB#k3,REP-038|en|latin#76#siteB,3,REP-038|en|latin#76,REP-038,C2,the weather,en,latin,baseline,B,0.245235,0.877383,en,733
REP-038|en|latin#76#siteB#k4,REP-038|en|latin#76#siteB,4,REP-038|en|latin#76,REP-038,C2,the weather,en,latin,baseline,B,0.256369,0.871816,en,764
REP-039|zh|hanzi#77#siteA#k0,REP-039|zh|hanzi#77#siteA,0,REP-039|zh|hanzi#77,REP-039,C3,the weather,zh,hanzi,baseline,A,0.19128,0.90436,en,584
REP-039|zh|hanzi#77#siteA#k1,REP-039|zh|hanzi#77#siteA,1,REP-039|zh|hanzi#77,REP-039,C3,the weather,zh,hanzi,baseline,A,0.192925,0.903537,en,550
REP-039|zh|hanzi#77#siteA#k2,REP-039|zh|hanzi#77#siteA,2,REP-039|zh|hanzi#77,REP-039,C3,the weather,zh,hanzi,baseline,A,0.19037,0.904815,en,553
REP-039|zh|hanzi#77#siteA#k3,REP-039|zh|hanzi#77#siteA,3,REP-039|zh|hanzi#77,REP-039,C3,the weather,zh,hanzi,baseline,A,0.185844,0.907078,en,539
REP-039|zh|hanzi#77#siteA#k4,REP-039|zh|hanzi#77#siteA,4,REP-039|zh|hanzi#77,REP-039,C3,the weather,zh,hanzi,baseline,A,0.206651,0.896674,en,572
REP-039|zh|hanzi#77#siteB#k0,REP-039|zh|hanzi#77#siteB,0,REP-039|zh|hanzi#77,REP-039,C3,the weather,zh,hanzi,baseline,B,0.249366,0.875318,mixed,512
REP-039|zh|hanzi#77#siteB#k1,REP-039|zh|hanzi#77#siteB,1,REP-039|zh|hanzi#77,REP-039,C3,the weather,zh,hanzi,baseline,B,0.248079,0.875961,mixed,496
REP-039|zh|hanzi#77#siteB#k2,REP-039|zh|hanzi#77#siteB,2,REP-039|zh|hanzi#77,REP-039,C3,the weather,zh,hanzi,baseline,B,0.244036,0.877982,mixed,514
REP-039|zh|hanzi#77#siteB#k3,REP-039|zh|hanzi#77#siteB,3,REP-039|zh|hanzi#77,REP-039,C3,the weather,zh,hanzi,baseline,B,0.243046,0.878477,mixed,447
REP-039|zh|hanzi#77#siteB#k4,REP-039|zh|hanzi#77#siteB,4,REP-039|zh|hanzi#77,REP-039,C3,the weather,zh,hanzi,baseline,B,0.244641,0.87768,mixed,528
REP-039|en|latin#78#siteA#k0,REP-039|en|latin#78#siteA,0,REP-039|en|latin#78,REP-039,C3,the weather,en,latin,baseline,A,0.221119,0.889441,en,726
REP-039|en|latin#78#siteA#k1,REP-039|en|latin#78#siteA,1,REP-039|en|latin#78,REP-039,C3,the weather,en,latin,baseline,A,0.222039,0.888981,en,729
REP-039|en|latin#78#siteA#k2,REP-039|en|latin#78#siteA,2,REP-039|en|latin#78,REP-039,C3,the weather,en,latin,baseline,A,0.224261,0.88787,en,715
REP-039|en|latin#78#siteA#k3,REP-039|en|latin#78#siteA,3,REP-039|en|latin#78,REP-039,C3,the weather,en,latin,baseline,A,0.229174,0.885413,en,728
REP-039|en|latin#78#siteA#k4,REP-039|en|latin#78#siteA,4,REP-039|en|latin#78,REP-039,C3,the weather,en,latin,baseline,A,0.241077,0.879461,en,743
REP-039|en|latin#78#siteB#k0,REP-039|en|latin#78#siteB,0,REP-039|en|latin#78,REP-039,C3,the weather,en,latin,baseline,B,0.334508,0.832746,en,782
REP-039|en|latin#78#siteB#k1,REP-039|en|latin#78#siteB,1,REP-039|en|latin#78,REP-039,C3,the weather,en,latin,baseline,B,0.37397,0.813015,en,764
REP-039|en|latin#78#siteB#k2,REP-039|en|latin#78#siteB,2,REP-039|en|latin#78,REP-039,C3,the weather,en,latin,baseline,B,0.31629,0.841855,en,760
REP-039|en|latin#78#siteB#k3,REP-039|en|latin#78#siteB,3,REP-039|en|latin#78,REP-039,C3,the weather,en,latin,baseline,B,0.338239,0.830881,en,787
REP-039|en|latin#78#siteB#k4,REP-039|en|latin#78#siteB,4,REP-039|en|latin#78,REP-039,C3,the weather,en,latin,baseline,B,0.357628,0.821186,en,761
REP-040|zh|hanzi#79#siteA#k0,REP-040|zh|hanzi#79#siteA,0,REP-040|zh|hanzi#79,REP-040,C4,the weather,zh,hanzi,baseline,A,0.1753,0.91235,en,542
REP-040|zh|hanzi#79#siteA#k1,REP-040|zh|hanzi#79#siteA,1,REP-040|zh|hanzi#79,REP-040,C4,the weather,zh,hanzi,baseline,A,0.163172,0.918414,en,569
REP-040|zh|hanzi#79#siteA#k2,REP-040|zh|hanzi#79#siteA,2,REP-040|zh|hanzi#79,REP-040,C4,the weather,zh,hanzi,baseline,A,0.157688,0.921156,mixed,488
REP-040|zh|hanzi#79#siteA#k3,REP-040|zh|hanzi#79#siteA,3,REP-040|zh|hanzi#79,REP-040,C4,the weather,zh,hanzi,baseline,A,0.16248,0.91876,en,587
REP-040|zh|hanzi#79#siteA#k4,REP-040|zh|hanzi#79#siteA,4,REP-040|zh|hanzi#79,REP-040,C4,the weather,zh,hanzi,baseline,A,0.169615,0.915192,en,532
REP-040|zh|hanzi#79#siteB#k0,REP-040|zh|hanzi#79#siteB,0,REP-040|zh|hanzi#79,REP-040,C4,the weather,zh,hanzi,baseline,B,0.22475,0.887625,mixed,503
REP-040|zh|hanzi#79#siteB#k1,REP-040|zh|hanzi#79#siteB,1,REP-040|zh|hanzi#79,REP-040,C4,the weather,zh,hanzi,baseline,B,0.238341,0.88083,mixed,521
REP-040|zh|hanzi#79#siteB#k2,REP-040|zh|hanzi#79#siteB,2,REP-040|zh|hanzi#79,REP-040,C4,the weather,zh,hanzi,baseline,B,0.221634,0.889183,mixed,567
REP-040|zh|hanzi#79#siteB#k3,REP-040|zh|hanzi#79#siteB,3,REP-040|zh|hanzi#79,REP-040,C4,the weather,zh,hanzi,baseline,B,0.225861,0.88707,mixed,481
REP-040|zh|hanzi#79#siteB#k4,REP-040|zh|hanzi#79#siteB,4,REP-040|zh|hanzi#79,REP-040,C4,the weather,zh,hanzi,baseline,B,0.235455,0.882273,mixed,538
REP-040|en|latin#80#siteA#k0,REP-040|en|latin#80#siteA,0,REP-040|en|latin#80,REP-040,C4,the weather,en,latin,baseline,A,0.187143,0.906428,en,724
REP-040|en|latin#80#siteA#k1,REP-040|en|latin#80#siteA,1,REP-040|en|latin#80,REP-040,C4,the weather,en,latin,baseline,A,0.191054,0.904473,en,672
REP-040|en|latin#80#siteA#k2,REP-040|en|latin#80#siteA,2,REP-040|en|latin#80,REP-040,C4,the weather,en,latin,baseline,A,0.181406,0.909297,en,718
REP-040|en|latin#80#siteA#k3,REP-040|en|latin#80#siteA,3,REP-040|en|latin#80,REP-040,C4,the weather,en,latin,baseline,A,0.181543,0.909229,en,726
REP-040|en|latin#80#siteA#k4,REP-040|en|latin#80#siteA,4,REP-040|en|latin#80,REP-040,C4,the weather,en,latin,baseline,A,0.183488,0.908256,en,704
REP-040|en|latin#80#siteB#k0,REP-040|en|latin#80#siteB,0,REP-040|en|latin#80,REP-040,C4,the weather,en,latin,baseline,B,0.311127,0.844437,en,743
REP-040|en|latin#80#siteB#k1,REP-040|en|latin#80#siteB,1,REP-040|en|latin#80,REP-040,C4,the weather,en,latin,baseline,B,0.332886,0.833557,en,752
REP-040|en|latin#80#siteB#k2,REP-040|en|latin#80#siteB,2,REP-040|en|latin#80,REP-040,C4,the weather,en,latin,baseline,B,0.31546,0.84227,en,738
REP-040|en|latin#80#siteB#k3,REP-040|en|latin#80#siteB,3,REP-040|en|latin#80,REP-040,C4,the weather,en,latin,baseline,B,0.354933,0.822534,en,742
REP-040|en|latin#80#siteB#k4,REP-040|en|latin#80#siteB,4,REP-040|en|latin#80,REP-040,C4,the weather,en,latin,baseline,B,0.299424,0.850288,en,702
REP-041|zh|hanzi#81#siteA#k0,REP-041|zh|hanzi#81#siteA,0,REP-041|zh|hanzi#81,REP-041,C5,the weather,zh,hanzi,baseline,A,0.209662,0.895169,en,540
REP-041|zh|hanzi#81#siteA#k1,REP-041|zh|hanzi#81#siteA,1,REP-041|zh|hanzi#81,REP-041,C5,the weather,zh,hanzi,baseline,A,0.213171,0.893415,en,574
REP-041|zh|hanzi#81#siteA#k2,REP-041|zh|hanzi#81#siteA,2,REP-041|zh|hanzi#81,REP-041,C5,the weather,zh,hanzi,baseline,A,0.203871,0.898065,en,548
REP-041|zh|hanzi#81#siteA#k3,REP-041|zh|hanzi#81#siteA,3,REP-041|zh|hanzi#81,REP-041,C5,the weather,zh,hanzi,baseline,A,0.186818,0.906591,en,554
REP-041|zh|hanzi#81#siteA#k4,REP-041|zh|hanzi#81#siteA,4,REP-041|zh|hanzi#81,REP-041,C5,the weather,zh,hanzi,baseline,A,0.194965,0.902518,en,555
REP-041|zh|hanzi#81#siteB#k0,REP-041|zh|hanzi#81#siteB,0,REP-041|zh|hanzi#81,REP-041,C5,the weather,zh,hanzi,baseline,B,0.216475,0.891763,mixed,554
REP-041|zh|hanzi#81#siteB#k1,REP-041|zh|hanzi#81#siteB,1,REP-041|zh|hanzi#81,REP-041,C5,the weather,zh,hanzi,baseline,B,0.234306,0.882847,mixed,522
REP-041|zh|hanzi#81#siteB#k2,REP-041|zh|hanzi#81#siteB,2,REP-041|zh|hanzi#81,REP-041,C5,the weather,zh,hanzi,baseline,B,0.215714,0.892143,mixed,537
REP-041|zh|hanzi#81#siteB#k3,REP-041|zh|hanzi#81#siteB,3,REP-041|zh|hanzi#81,REP-041,C5,the weather,zh,hanzi,baseline,B,0.231837,0.884081,mixed,489
REP-041|zh|hanzi#81#siteB#k4,REP-041|zh|hanzi#81#siteB,4,REP-041|zh|hanzi#81,REP-041,C5,the weather,zh,hanzi,baseline,B,0.239486,0.880257,mixed,520
REP-041|en|latin#82#siteA#k0,REP-041|en|latin#82#siteA,0,REP-041|en|latin#82,REP-041,C5,the weather,en,latin,baseline,A,0.141418,0.929291,en,699
REP-041|en|latin#82#siteA#k1,REP-041|en|latin#82#siteA,1,REP-041|en|latin#82,REP-041,C5,the weather,en,latin,baseline,A,0.129717,0.935141,en,659
REP-041|en|latin#82#siteA#k2,REP-041|en|latin#82#siteA,2,REP-041|en|latin#82,REP-041,C5,the weather,en,latin,baseline,A,0.131577,0.934211,en,735
REP-041|en|latin#82#siteA#k3,REP-041|en|latin#82#siteA,3,REP-041|en|latin#82,REP-041,C5,the weather,en,latin,baseline,A,0.133531,0.933234,en,684
REP-041|en|latin#82#siteA#k4,REP-041|en|latin#82#siteA,4,REP-041|en|latin#82,REP-041,C5,the weather,en,latin,baseline,A,0.13948,0.93026,en,707
REP-041|en|latin#82#siteB#k0,REP-041|en|latin#82#siteB,0,REP-041|en|latin#82,REP-041,C5,the weather,en,latin,baseline,B,0.232557,0.883722,en,760
REP-041|en|latin#82#siteB#k1,REP-041|en|latin#82#siteB,1,REP-041|en|latin#82,REP-041,C5,the weather,en,latin,baseline,B,0.234875,0.882562,en,752
REP-041|en|latin#82#siteB#k2,REP-041|en|latin#82#siteB,2,REP-041|en|latin#82,REP-041,C5,the weather,en,latin,baseline,B,0.248166,0.875917,en,765
REP-041|en|latin#82#siteB#k3,REP-041|en|latin#82#siteB,3,REP-041|en|latin#82,REP-041,C5,the weather,en,latin,baseline,B,0.239138,0.880431,en,748
REP-041|en|latin#82#siteB#k4,REP-041|en|latin#82#siteB,4,REP-041|en|latin#82,REP-041,C5,the weather,en,latin,baseline,B,0.243769,0.878116,en,742
REP-042|zh|hanzi#83#siteA#k0,REP-042|zh|hanzi#83#siteA,0,REP-042|zh|hanzi#83,REP-042,C6,the weather,zh,hanzi,baseline,A,0.146877,0.926562,en,543
REP-042|zh|hanzi#83#siteA#k1,REP-042|zh|hanzi#83#siteA,1,REP-042|zh|hanzi#83,REP-042,C6,the weather,zh,hanzi,baseline,A,0.149596,0.925202,en,606
REP-042|zh|hanzi#83#siteA#k2,REP-042|zh|hanzi#83#siteA,2,REP-042|zh|hanzi#83,REP-042,C6,the weather,zh,hanzi,baseline,A,0.150478,0.924761,en,597
REP-042|zh|hanzi#83#siteA#k3,REP-042|zh|hanzi#83#siteA,3,REP-042|zh|hanzi#83,REP-042,C6,the weather,zh,hanzi,baseline,A,0.15919,0.920405,en,547
REP-042|zh|hanzi#83#siteA#k4,REP-042|zh|hanzi#83#siteA,4,REP-042|zh|hanzi#83,REP-042,C6,the weather,zh,hanzi,baseline,A,0.15235,0.923825,en,550
REP-042|zh|hanzi#83#siteB#k0,REP-042|zh|hanzi#83#siteB,0,REP-042|zh|hanzi#83,REP-042,C6,the weather,zh,hanzi,baseline,B,0.193834,0.903083,mixed,520
REP-042|zh|hanzi#83#siteB#k1,REP-042|zh|hanzi#83#siteB,1,REP-042|zh|hanzi#83,REP-042,C6,the weather,zh,hanzi,baseline,B,0.191685,0.904158,mixed,484
REP-042|zh|hanzi#83#siteB#k2,REP-042|zh|hanzi#83#siteB,2,REP-042|zh|hanzi#83,REP-042,C6,the weather,zh,hanzi,baseline,B,0.197789,0.901106,mixed,459
REP-042|zh|hanzi#83#siteB#k3,REP-042|zh|hanzi#83#siteB,3,REP-042|zh|hanzi#83,REP-042,C6,the weather,zh,hanzi,baseline,B,0.204104,0.897948,mixed,479
REP-042|zh|hanzi#83#siteB#k4,REP-042|zh|hanzi#83#siteB,4,REP-042|zh|hanzi#83,REP-042,C6,the weather,zh,hanzi,baseline,B,0.206598,0.896701,mixed,472
REP-042|en|latin#84#siteA#k0,REP-042|en|latin#84#siteA,0,REP-042|en|latin#84,REP-042,C6,the weather,en,latin,baseline,A,0.137214,0.931393,en,770
REP-042|en|latin#84#siteA#k1,REP-042|en|latin#84#siteA,1,REP-042|en|latin#84,REP-042,C6,the weather,en,latin,baseline,A,0.13157,0.934215,en,732
REP-042|en|latin#84#siteA#k2,REP-042|en|latin#84#siteA,2,REP-042|en|latin#84,REP-042,C6,the weather,en,latin,baseline,A,0.133452,0.933274,en,733
REP-042|en|latin#84#siteA#k3,REP-042|en|latin#84#siteA,3,REP-042|en|latin#84,REP-042,C6,the weather,en,latin,baseline,A,0.140783,0.929609,en,742
REP-042|en|latin#84#siteA#k4,REP-042|en|latin#84#siteA,4,REP-042|en|latin#84,REP-042,C6,the weather,en,latin,baseline,A,0.13237,0.933815,en,696
REP-042|en|latin#84#siteB#k0,REP-042|en|latin#84#siteB,0,REP-042|en|latin#84,REP-042,C6,the weather,en,latin,baseline,B,0.252394,0.873803,en,741
REP-042|en|latin#84#siteB#k1,REP-042|en|latin#84#siteB,1,REP-042|en|latin#84,REP-042,C6,the weather,en,latin,baseline,B,0.244349,0.877825,en,744
REP-042|en|latin#84#siteB#k2,REP-042|en|latin#84#siteB,2,REP-042|en|latin#84,REP-042,C6,the weather,en,latin,baseline,B,0.239042,0.880479,en,725
REP-042|en|latin#84#siteB#k3,REP-042|en|latin#84#siteB,3,REP-042|en|latin#84,REP-042,C6,the weather,en,latin,baseline,B,0.20827,0.895865,en,744
REP-042|en|latin#84#siteB#k4,REP-042|en|latin#84#siteB,4,REP-042|en|latin#84,REP-042,C6,the weather,en,latin,baseline,B,0.235084,0.882458,en,764
REP-043|zh|hanzi#85#siteA#k0,REP-043|zh|hanzi#85#siteA,0,REP-043|zh|hanzi#85,REP-043,C1,transportation,zh,hanzi,baseline,A,0.175759,0.91212,en,562
REP-043|zh|hanzi#85#siteA#k1,REP-043|zh|hanzi#85#siteA,1,REP-043|zh|hanzi#85,REP-043,C1,transportation,zh,hanzi,baseline,A,0.175464,0.912268,en,621
REP-043|zh|hanzi#85#siteA#k2,REP-043|zh|hanzi#85#siteA,2,REP-043|zh|hanzi#85,REP-043,C1,transportation,zh,hanzi,baseline,A,0.169743,0.915129,en,578
REP-043|zh|hanzi#85#siteA#k3,REP-043|zh|hanzi#85#siteA,3,REP-043|zh|hanzi#85,REP-043,C1,transportation,zh,hanzi,baseline,A,0.16613,0.916935,en,557
REP-043|zh|hanzi#85#siteA#k4,REP-043|zh|hanzi#85#siteA,4,REP-043|zh|hanzi#85,REP-043,C1,transportation,zh,hanzi,baseline,A,0.17092,0.91454,en,616
REP-043|zh|hanzi#85#siteB#k0,REP-043|zh|hanzi#85#siteB,0,REP-043|zh|hanzi#85,REP-043,C1,transportation,zh,hanzi,baseline,B,0.206821,0.896589,en,556
REP-043|zh|hanzi#85#siteB#k1,REP-043|zh|hanzi#85#siteB,1,REP-043|zh|hanzi#85,REP-043,C1,transportation,zh,hanzi,baseline,B,0.207315,0.896343,mixed,531
REP-043|zh|hanzi#85#siteB#k2,REP-043|zh|hanzi#85#siteB,2,REP-043|zh|hanzi#85,REP-043,C1,transportation,zh,hanzi,baseline,B,0.193153,0.903424,en,565
REP-043|zh|hanzi#85#siteB#k3,REP-043|zh|hanzi#85#siteB,3,REP-043|zh|hanzi#85,REP-043,C1,transportation,zh,hanzi,baseline,B,0.213092,0.893454,en,564
REP-043|zh|hanzi#85#siteB#k4,REP-043|zh|hanzi#85#siteB,4,REP-043|zh|hanzi#85,REP-043,C1,transportation,zh,hanzi,baseline,B,0.187178,0.906411,en,567
REP-043|en|latin#86#siteA#k0,REP-043|en|latin#86#siteA,0,REP-043|en|latin#86,REP-043,C1,transportation,en,latin,baseline,A,0.123699,0.93815,en,764
REP-043|en|latin#86#siteA#k1,REP-043|en|latin#86#siteA,1,REP-043|en|latin#86,REP-043,C1,transportation,en,latin,baseline,A,0.122912,0.938544,en,780
REP-043|en|latin#86#siteA#k2,REP-043|en|latin#86#siteA,2,REP-043|en|latin#86,REP-043,C1,transportation,en,latin,baseline,A,0.125855,0.937072,en,758
REP-043|en|latin#86#siteA#k3,REP-043|en|latin#86#siteA,3,REP-043|en|latin#86,REP-043,C1,transportation,en,latin,baseline,A,0.125675,0.937162,en,759
REP-043|en|latin#86#siteA#k4,REP-043|en|latin#86#siteA,4,REP-043|en|latin#86,REP-043,C1,transportation,en,latin,baseline,A,0.122057,0.938971,en,756
REP-043|en|latin#86#siteB#k0,REP-043|en|latin#86#siteB,0,REP-043|en|latin#86,REP-043,C1,transportation,en,latin,baseline,B,0.202105,0.898947,en,784
REP-043|en|latin#86#siteB#k1,REP-043|en|latin#86#siteB,1,REP-043|en|latin#86,REP-043,C1,transportation,en,latin,baseline,B,0.195448,0.902276,en,768
REP-043|en|latin#86#siteB#k2,REP-043|en|latin#86#siteB,2,REP-043|en|latin#86,REP-043,C1,transportation,en,latin,baseline,B,0.183649,0.908176,en,800
REP-043|en|latin#86#siteB#k3,REP-043|en|latin#86#siteB,3,REP-043|en|latin#86,REP-043,C1,transportation,en,latin,baseline,B,0.205326,0.897337,en,765
REP-043|en|latin#86#siteB#k4,REP-043|en|latin#86#siteB,4,REP-043|en|latin#86,REP-043,C1,transportation,en,latin,baseline,B,0.203873,0.898063,en,778
REP-044|zh|hanzi#87#siteA#k0,REP-044|zh|hanzi#87#siteA,0,REP-044|zh|hanzi#87,REP-044,C2,transportation,zh,hanzi,baseline,A,0.150621,0.924689,en,542
REP-044|zh|hanzi#87#siteA#k1,REP-044|zh|hanzi#87#siteA,1,REP-044|zh|hanzi#87,REP-044,C2,transportation,zh,hanzi,baseline,A,0.156056,0.921972,en,621
REP-044|zh|hanzi#87#siteA#k2,REP-044|zh|hanzi#87#siteA,2,REP-044|zh|hanzi#87,REP-044,C2,transportation,zh,hanzi,baseline,A,0.152396,0.923802,mixed,505
REP-044|zh|hanzi#87#siteA#k3,REP-044|zh|hanzi#87#siteA,3,REP-044|zh|hanzi#87,REP-044,C2,transportation,zh,hanzi,baseline,A,0.156912,0.921544,en,579
REP-044|zh|hanzi#87#siteA#k4,REP-044|zh|hanzi#87#siteA,4,REP-044|zh|hanzi#87,REP-044,C2,transportation,zh,hanzi,baseline,A,0.157669,0.921166,en,552
REP-044|zh|hanzi#87#siteB#k0,REP-044|zh|hanzi#87#siteB,0,REP-044|zh|hanzi#87,REP-044,C2,transportation,zh,hanzi,baseline,B,0.257694,0.871153,mixed,535
REP-044|zh|hanzi#87#siteB#k1,REP-044|zh|hanzi#87#siteB,1,REP-044|zh|hanzi#87,REP-044,C2,transportation,zh,hanzi,baseline,B,0.240459,0.879771,en,577
REP-044|zh|hanzi#87#siteB#k2,REP-044|zh|hanzi#87#siteB,2,REP-044|zh|hanzi#87,REP-044,C2,transportation,zh,hanzi,baseline,B,0.249028,0.875486,en,591
REP-044|zh|hanzi#87#siteB#k3,REP-044|zh|hanzi#87#siteB,3,REP-044|zh|hanzi#87,REP-044,C2,transportation,zh,hanzi,baseline,B,0.256002,0.871999,en,584
REP-044|zh|hanzi#87#siteB#k4,REP-044|zh|hanzi#87#siteB,4,REP-044|zh|hanzi#87,REP-044,C2,transportation,zh,hanzi,baseline,B,0.246306,0.876847,en,579
REP-044|en|latin#88#siteA#k0,REP-044|en|latin#88#siteA,0,REP-044|en|latin#88,REP-044,C2,transportation,en,latin,baseline,A,0.145828,0.927086,en,718
REP-044|en|latin#88#siteA#k1,REP-044|en|latin#88#siteA,1,REP-044|en|latin#88,REP-044,C2,transportation,en,latin,baseline,A,0.165067,0.917467,en,704
REP-044|en|latin#88#siteA#k2,REP-044|en|latin#88#siteA,2,REP-044|en|latin#88,REP-044,C2,transportation,en,latin,baseline,A,0.142405,0.928797,en,752
REP-044|en|latin#88#siteA#k3,REP-044|en|latin#88#siteA,3,REP-044|en|latin#88,REP-044,C2,transportation,en,latin,baseline,A,0.144853,0.927573,en,737
REP-044|en|latin#88#siteA#k4,REP-044|en|latin#88#siteA,4,REP-044|en|latin#88,REP-044,C2,transportation,en,latin,baseline,A,0.160983,0.919508,en,745
REP-044|en|latin#88#siteB#k0,REP-044|en|latin#88#siteB,0,REP-044|en|latin#88,REP-044,C2,transportation,en,latin,baseline,B,0.251311,0.874345,en,732
REP-044|en|latin#88#siteB#k1,REP-044|en|latin#88#siteB,1,REP-044|en|latin#88,REP-044,C2,transportation,en,latin,baseline,B,0.245068,0.877466,en,761
REP-044|en|latin#88#siteB#k2,REP-044|en|latin#88#siteB,2,REP-044|en|latin#88,REP-044,C2,transportation,en,latin,baseline,B,0.269925,0.865037,en,770
REP-044|en|latin#88#siteB#k3,REP-044|en|latin#88#siteB,3,REP-044|en|latin#88,REP-044,C2,transportation,en,latin,baseline,B,0.237778,0.881111,en,712
REP-044|en|latin#88#siteB#k4,REP-044|en|latin#88#siteB,4,REP-044|en|latin#88,REP-044,C2,transportation,en,latin,baseline,B,0.236826,0.881587,en,769
REP-045|zh|hanzi#89#siteA#k0,REP-045|zh|hanzi#89#siteA,0,REP-045|zh|hanzi#89,REP-045,C3,transportation,zh,hanzi,baseline,A,0.176623,0.911688,en,593
REP-045|zh|hanzi#89#siteA#k1,REP-045|zh|hanzi#89#siteA,1,REP-045|zh|hanzi#89,REP-045,C3,transportation,zh,hanzi,baseline,A,0.171132,0.914434,en,569
REP-045|zh|hanzi#89#siteA#k2,REP-045|zh|hanzi#89#siteA,2,REP-045|zh|hanzi#89,REP-045,C3,transportation,zh,hanzi,baseline,A,0.174075,0.912963,en,571
REP-045|zh|hanzi#89#siteA#k3,REP-045|zh|hanzi#89#siteA,3,REP-045|zh|hanzi#89,REP-045,C3,transportation,zh,hanzi,baseline,A,0.164898,0.917551,en,576
REP-045|zh|hanzi#89#siteA#k4,REP-045|zh|hanzi#89#siteA,4,REP-045|zh|hanzi#89,REP-045,C3,transportation,zh,hanzi,baseline,A,0.182565,0.908718,en,535
REP-045|zh|hanzi#89#siteB#k0,REP-045|zh|hanzi#89#siteB,0,REP-045|zh|hanzi#89,REP-045,C3,transportation,zh,hanzi,baseline,B,0.226023,0.886988,mixed,511
REP-045|zh|hanzi#89#siteB#k1,REP-045|zh|hanzi#89#siteB,1,REP-045|zh|hanzi#89,REP-045,C3,transportation,zh,hanzi,baseline,B,0.220869,0.889565,mixed,456
REP-045|zh|hanzi#89#siteB#k2,REP-045|zh|hanzi#89#siteB,2,REP-045|zh|hanzi#89,REP-045,C3,transportation,zh,hanzi,baseline,B,0.218338,0.890831,mixed,508
REP-045|zh|hanzi#89#siteB#k3,REP-045|zh|hanzi#89#siteB,3,REP-045|zh|hanzi#89,REP-045,C3,transportation,zh,hanzi,baseline,B,0.23294,0.88353,mixed,514
REP-045|zh|hanzi#89#siteB#k4,REP-045|zh|hanzi#89#siteB,4,REP-045|zh|hanzi#89,REP-045,C3,transportation,zh,hanzi,baseline,B,0.240723,0.879639,mixed,479
REP-045|en|latin#90#siteA#k0,REP-045|en|latin#90#siteA,0,REP-045|en|latin#90,REP-045,C3,transportation,en,latin,baseline,A,0.246583,0.876709,en,740
REP-045|en|latin#90#siteA#k1,REP-045|en|latin#90#siteA,1,REP-045|en|latin#90,REP-045,C3,transportation,en,latin,baseline,A,0.244591,0.877705,en,738
REP-045|en|latin#90#siteA#k2,REP-045|en|latin#90#siteA,2,REP-045|en|latin#90,REP-045,C3,transportation,en,latin,baseline,A,0.248938,0.875531,en,712
REP-045|en|latin#90#siteA#k3,REP-045|en|latin#90#siteA,3,REP-045|en|latin#90,REP-045,C3,transportation,en,latin,baseline,A,0.245577,0.877212,en,735
REP-045|en|latin#90#siteA#k4,REP-045|en|latin#90#siteA,4,REP-045|en|latin#90,REP-045,C3,transportation,en,latin,baseline,A,0.243222,0.878389,en,761
REP-045|en|latin#90#siteB#k0,REP-045|en|latin#90#siteB,0,REP-045|en|latin#90,REP-045,C3,transportation,en,latin,baseline,B,0.292136,0.853932,en,769
REP-045|en|latin#90#siteB#k1,REP-045|en|latin#90#siteB,1,REP-045|en|latin#90,REP-045,C3,transportation,en,latin,baseline,B,0.293387,0.853307,en,751
REP-045|en|latin#90#siteB#k2,REP-045|en|latin#90#siteB,2,REP-045|en|latin#90,REP-045,C3,transportation,en,latin,baseline,B,0.301272,0.849364,en,781
REP-045|en|latin#90#siteB#k3,REP-045|en|latin#90#siteB,3,REP-045|en|latin#90,REP-045,C3,transportation,en,latin,baseline,B,0.318788,0.840606,en,785
REP-045|en|latin#90#siteB#k4,REP-045|en|latin#90#siteB,4,REP-045|en|latin#90,REP-045,C3,transportation,en,latin,baseline,B,0.281794,0.859103,en,762
REP-046|zh|hanzi#91#siteA#k0,REP-046|zh|hanzi#91#siteA,0,REP-046|zh|hanzi#91,REP-046,C4,transportation,zh,hanzi,baseline,A,0.156867,0.921567,en,530
REP-046|zh|hanzi#91#siteA#k1,REP-046|zh|hanzi#91#siteA,1,REP-046|zh|hanzi#91,REP-046,C4,transportation,zh,hanzi,baseline,A,0.168054,0.915973,en,604
REP-046|zh|hanzi#91#siteA#k2,REP-046|zh|hanzi#91#siteA,2,REP-046|zh|hanzi#91,REP-046,C4,transportation,zh,hanzi,baseline,A,0.177575,0.911213,en,626
REP-046|zh|hanzi#91#siteA#k3,REP-046|zh|hanzi#91#siteA,3,REP-046|zh|hanzi#91,REP-046,C4,transportation,zh,hanzi,baseline,A,0.174569,0.912716,en,604
REP-046|zh|hanzi#91#siteA#k4,REP-046|zh|hanzi#91#siteA,4,REP-046|zh|hanzi#91,REP-046,C4,transportation,zh,hanzi,baseline,A,0.167936,0.916032,en,581
REP-046|zh|hanzi#91#siteB#k0,REP-046|zh|hanzi#91#siteB,0,REP-046|zh|hanzi#91,REP-046,C4,transportation,zh,hanzi,baseline,B,0.237567,0.881217,mixed,503
REP-046|zh|hanzi#91#siteB#k1,REP-046|zh|hanzi#91#siteB,1,REP-046|zh|hanzi#91,REP-046,C4,transportation,zh,hanzi,baseline,B,0.243182,0.878409,mixed,544
REP-046|zh|hanzi#91#siteB#k2,REP-046|zh|hanzi#91#siteB,2,REP-046|zh|hanzi#91,REP-046,C4,transportation,zh,hanzi,baseline,B,0.240338,0.879831,mixed,498
REP-046|zh|hanzi#91#siteB#k3,REP-046|zh|hanzi#91#siteB,3,REP-046|zh|hanzi#91,REP-046,C4,transportation,zh,hanzi,baseline,B,0.247208,0.876396,mixed,526
REP-046|zh|hanzi#91#siteB#k4,REP-046|zh|hanzi#91#siteB,4,REP-046|zh|hanzi#91,REP-046,C4,transportation,zh,hanzi,baseline,B,0.235671,0.882164,mixed,519
REP-046|en|latin#92#siteA#k0,REP-046|en|latin#92#siteA,0,REP-046|en|latin#92,REP-046,C4,transportation,en,latin,baseline,A,0.125728,0.937136,en,755
REP-046|en|latin#92#siteA#k1,REP-046|en|latin#92#siteA,1,REP-046|en|latin#92,REP-046,C4,transportation,en,latin,baseline,A,0.134922,0.932539,en,705
REP-046|en|latin#92#siteA#k2,REP-046|en|latin#92#siteA,2,REP-046|en|latin#92,REP-046,C4,transportation,en,latin,baseline,A,0.152333,0.923834,en,719
REP-046|en|latin#92#siteA#k3,REP-046|en|latin#92#siteA,3,REP-046|en|latin#92,REP-046,C4,transportation,en,latin,baseline,A,0.125157,0.937422,en,713
REP-046|en|latin#92#siteA#k4,REP-046|en|latin#92#siteA,4,REP-046|en|latin#92,REP-046,C4,transportation,en,latin,baseline,A,0.132731,0.933635,en,682
REP-046|en|latin#92#siteB#k0,REP-046|en|latin#92#siteB,0,REP-046|en|latin#92,REP-046,C4,transportation,en,latin,baseline,B,0.31223,0.843885,en,754
REP-046|en|latin#92#siteB#k1,REP-046|en|latin#92#siteB,1,REP-046|en|latin#92,REP-046,C4,transportation,en,latin,baseline,B,0.323044,0.838478,en,750
REP-046|en|latin#92#siteB#k2,REP-046|en|latin#92#siteB,2,REP-046|en|latin#92,REP-046,C4,transportation,en,latin,baseline,B,0.321393,0.839304,en,770
REP-046|en|latin#92#siteB#k3,REP-046|en|latin#92#siteB,3,REP-046|en|latin#92,REP-046,C4,transportation,en,latin,baseline,B,0.319863,0.840069,en,752
REP-046|en|latin#92#siteB#k4,REP-046|en|latin#92#siteB,4,REP-046|en|latin#92,REP-046,C4,transportation,en,latin,baseline,B,0.329085,0.835458,en,782
REP-047|zh|hanzi#93#siteA#k0,REP-047|zh|hanzi#93#siteA,0,REP-047|zh|hanzi#93,REP-047,C5,transportation,zh,hanzi,baseline,A,0.161658,0.919171,en,580
REP-047|zh|hanzi#93#siteA#k1,REP-047|zh|hanzi#93#siteA,1,REP-047|zh|hanzi#93,REP-047,C5,transportation,zh,hanzi,baseline,A,0.157088,0.921456,en,604
REP-047|zh|hanzi#93#siteA#k2,REP-047|zh|hanzi#93#siteA,2,REP-047|zh|hanzi#93,REP-047,C5,transportation,zh,hanzi,baseline,A,0.164471,0.917765,en,609
REP-047|zh|hanzi#93#siteA#k3,REP-047|zh|hanzi#93#siteA,3,REP-047|zh|hanzi#93,REP-047,C5,transportation,zh,hanzi,baseline,A,0.163394,0.918303,en,598
REP-047|zh|hanzi#93#siteA#k4,REP-047|zh|hanzi#93#siteA,4,REP-047|zh|hanzi#93,REP-047,C5,transportation,zh,hanzi,baseline,A,0.154937,0.922531,en,557
REP-047|zh|hanzi#93#siteB#k0,REP-047|zh|hanzi#93#siteB,0,REP-047|zh|hanzi#93,REP-047,C5,transportation,zh,hanzi,baseline,B,0.205013,0.897494,mixed,546
REP-047|zh|hanzi#93#siteB#k1,REP-047|zh|hanzi#93#siteB,1,REP-047|zh|hanzi#93,REP-047,C5,transportation,zh,hanzi,baseline,B,0.199626,0.900187,mixed,501
REP-047|zh|hanzi#93#siteB#k2,REP-047|zh|hanzi#93#siteB,2,REP-047|zh|hanzi#93,REP-047,C5,transportation,zh,hanzi,baseline,B,0.202025,0.898987,mixed,542
REP-047|zh|hanzi#93#siteB#k3,REP-047|zh|hanzi#93#siteB,3,REP-047|zh|hanzi#93,REP-047,C5,transportation,zh,hanzi,baseline,B,0.21662,0.89169,mixed,495
REP-047|zh|hanzi#93#siteB#k4,REP-047|zh|hanzi#93#siteB,4,REP-047|zh|hanzi#93,REP-047,C5,transportation,zh,hanzi,baseline,B,0.220907,0.889546,mixed,394
REP-047|en|latin#94#siteA#k0,REP-047|en|latin#94#siteA,0,REP-047|en|latin#94,REP-047,C5,transportation,en,latin,baseline,A,0.116645,0.941677,en,724
REP-047|en|latin#94#siteA#k1,REP-047|en|latin#94#siteA,1,REP-047|en|latin#94,REP-047,C5,transportation,en,latin,baseline,A,0.117961,0.941019,en,753
REP-047|en|latin#94#siteA#k2,REP-047|en|latin#94#siteA,2,REP-047|en|latin#94,REP-047,C5,transportation,en,latin,baseline,A,0.123819,0.938091,en,742
REP-047|en|latin#94#siteA#k3,REP-047|en|latin#94#siteA,3,REP-047|en|latin#94,REP-047,C5,transportation,en,latin,baseline,A,0.126527,0.936737,en,749
REP-047|en|latin#94#siteA#k4,REP-047|en|latin#94#siteA,4,REP-047|en|latin#94,REP-047,C5,transportation,en,latin,baseline,A,0.112693,0.943653,en,725
REP-047|en|latin#94#siteB#k0,REP-047|en|latin#94#siteB,0,REP-047|en|latin#94,REP-047,C5,transportation,en,latin,baseline,B,0.207169,0.896415,en,789
REP-047|en|latin#94#siteB#k1,REP-047|en|latin#94#siteB,1,REP-047|en|latin#94,REP-047,C5,transportation,en,latin,baseline,B,0.203571,0.898215,en,814
REP-047|en|latin#94#siteB#k2,REP-047|en|latin#94#siteB,2,REP-047|en|latin#94,REP-047,C5,transportation,en,latin,baseline,B,0.205347,0.897326,en,748
REP-047|en|latin#94#siteB#k3,REP-047|en|latin#94#siteB,3,REP-047|en|latin#94,REP-047,C5,transportation,en,latin,baseline,B,0.190284,0.904858,en,787
REP-047|en|latin#94#siteB#k4,REP-047|en|latin#94#siteB,4,REP-047|en|latin#94,REP-047,C5,transportation,en,latin,baseline,B,0.206534,0.896733,en,775
REP-048|zh|hanzi#95#siteA#k0,REP-048|zh|hanzi#95#siteA,0,REP-048|zh|hanzi#95,REP-048,C6,transportation,zh,hanzi,baseline,A,0.146037,0.926982,en,566
REP-048|zh|hanzi#95#siteA#k1,REP-048|zh|hanzi#95#siteA,1,REP-048|zh|hanzi#95,REP-048,C6,transportation,zh,hanzi,baseline,A,0.142466,0.928767,en,581
REP-048|zh|hanzi#95#siteA#k2,REP-048|zh|hanzi#95#siteA,2,REP-048|zh|hanzi#95,REP-048,C6,transportation,zh,hanzi,baseline,A,0.151562,0.924219,en,530
REP-048|zh|hanzi#95#siteA#k3,REP-048|zh|hanzi#95#siteA,3,REP-048|zh|hanzi#95,REP-048,C6,transportation,zh,hanzi,baseline,A,0.143722,0.928139,en,610
REP-048|zh|hanzi#95#siteA#k4,REP-048|zh|hanzi#95#siteA,4,REP-048|zh|hanzi#95,REP-048,C6,transportation,zh,hanzi,baseline,A,0.139962,0.930019,en,568
REP-048|zh|hanzi#95#siteB#k0,REP-048|zh|hanzi#95#siteB,0,REP-048|zh|hanzi#95,REP-048,C6,transportation,zh,hanzi,baseline,B,0.209639,0.895181,mixed,505
REP-048|zh|hanzi#95#siteB#k1,REP-048|zh|hanzi#95#siteB,1,REP-048|zh|hanzi#95,REP-048,C6,transportation,zh,hanzi,baseline,B,0.225755,0.887123,en,545
REP-048|zh|hanzi#95#siteB#k2,REP-048|zh|hanzi#95#siteB,2,REP-048|zh|hanzi#95,REP-048,C6,transportation,zh,hanzi,baseline,B,0.224348,0.887826,mixed,527
REP-048|zh|hanzi#95#siteB#k3,REP-048|zh|hanzi#95#siteB,3,REP-048|zh|hanzi#95,REP-048,C6,transportation,zh,hanzi,baseline,B,0.21148,0.89426,mixed,514
REP-048|zh|hanzi#95#siteB#k4,REP-048|zh|hanzi#95#siteB,4,REP-048|zh|hanzi#95,REP-048,C6,transportation,zh,hanzi,baseline,B,0.208656,0.895672,mixed,538
REP-048|en|latin#96#siteA#k0,REP-048|en|latin#96#siteA,0,REP-048|en|latin#96,REP-048,C6,transportation,en,latin,baseline,A,0.134639,0.93268,en,773
REP-048|en|latin#96#siteA#k1,REP-048|en|latin#96#siteA,1,REP-048|en|latin#96,REP-048,C6,transportation,en,latin,baseline,A,0.124244,0.937878,en,768
REP-048|en|latin#96#siteA#k2,REP-048|en|latin#96#siteA,2,REP-048|en|latin#96,REP-048,C6,transportation,en,latin,baseline,A,0.129385,0.935308,en,739
REP-048|en|latin#96#siteA#k3,REP-048|en|latin#96#siteA,3,REP-048|en|latin#96,REP-048,C6,transportation,en,latin,baseline,A,0.136352,0.931824,en,724
REP-048|en|latin#96#siteA#k4,REP-048|en|latin#96#siteA,4,REP-048|en|latin#96,REP-048,C6,transportation,en,latin,baseline,A,0.123612,0.938194,en,764
REP-048|en|latin#96#siteB#k0,REP-048|en|latin#96#siteB,0,REP-048|en|latin#96,REP-048,C6,transportation,en,latin,baseline,B,0.205365,0.897318,en,703
REP-048|en|latin#96#siteB#k1,REP-048|en|latin#96#siteB,1,REP-048|en|latin#96,REP-048,C6,transportation,en,latin,baseline,B,0.284367,0.857816,en,754
REP-048|en|latin#96#siteB#k2,REP-048|en|latin#96#siteB,2,REP-048|en|latin#96,REP-048,C6,transportation,en,latin,baseline,B,0.278127,0.860936,en,738
REP-048|en|latin#96#siteB#k3,REP-048|en|latin#96#siteB,3,REP-048|en|latin#96,REP-048,C6,transportation,en,latin,baseline,B,0.264958,0.867521,en,733
REP-048|en|latin#96#siteB#k4,REP-048|en|latin#96#siteB,4,REP-048|en|latin#96,REP-048,C6,transportation,en,latin,baseline,B,0.2871,0.85645,en,737
REP-049|zh|hanzi#97#siteA#k0,REP-049|zh|hanzi#97#siteA,0,REP-049|zh|hanzi#97,REP-049,C1,cooking,zh,hanzi,baseline,A,0.205898,0.897052,en,567
REP-049|zh|hanzi#97#siteA#k1,REP-049|zh|hanzi#97#siteA,1,REP-049|zh|hanzi#97,REP-049,C1,cooking,zh,hanzi,baseline,A,0.191077,0.904462,en,548
REP-049|zh|hanzi#97#siteA#k2,REP-049|zh|hanzi#97#siteA,2,REP-049|zh|hanzi#97,REP-049,C1,cooking,zh,hanzi,baseline,A,0.219487,0.890257,en,583
REP-049|zh|hanzi#97#siteA#k3,REP-049|zh|hanzi#97#siteA,3,REP-049|zh|hanzi#97,REP-049,C1,cooking,zh,hanzi,baseline,A,0.235767,0.882117,mixed,501
REP-049|zh|hanzi#97#siteA#k4,REP-049|zh|hanzi#97#siteA,4,REP-049|zh|hanzi#97,REP-049,C1,cooking,zh,hanzi,baseline,A,0.22464,0.88768,en,566
REP-049|zh|hanzi#97#siteB#k0,REP-049|zh|hanzi#97#siteB,0,REP-049|zh|hanzi#97,REP-049,C1,cooking,zh,hanzi,baseline,B,0.194468,0.902766,mixed,444
REP-049|zh|hanzi#97#siteB#k1,REP-049|zh|hanzi#97#siteB,1,REP-049|zh|hanzi#97,REP-049,C1,cooking,zh,hanzi,baseline,B,0.188167,0.905917,en,536
REP-049|zh|hanzi#97#siteB#k2,REP-049|zh|hanzi#97#siteB,2,REP-049|zh|hanzi#97,REP-049,C1,cooking,zh,hanzi,baseline,B,0.194473,0.902764,en,560
REP-049|zh|hanzi#97#siteB#k3,REP-049|zh|hanzi#97#siteB,3,REP-049|zh|hanzi#97,REP-049,C1,cooking,zh,hanzi,baseline,B,0.200586,0.899707,mixed,553
REP-049|zh|hanzi#97#siteB#k4,REP-049|zh|hanzi#97#siteB,4,REP-049|zh|hanzi#97,REP-049,C1,cooking,zh,hanzi,baseline,B,0.194362,0.902819,mixed,462
REP-049|en|latin#98#siteA#k0,REP-049|en|latin#98#siteA,0,REP-049|en|latin#98,REP-049,C1,cooking,en,latin,baseline,A,0.184389,0.907806,en,709
REP-049|en|latin#98#siteA#k1,REP-049|en|latin#98#siteA,1,REP-049|en|latin#98,REP-049,C1,cooking,en,latin,baseline,A,0.170092,0.914954,en,696
REP-049|en|latin#98#siteA#k2,REP-049|en|latin#98#siteA,2,REP-049|en|latin#98,REP-049,C1,cooking,en,latin,baseline,A,0.161253,0.919374,en,713
REP-049|en|latin#98#siteA#k3,REP-049|en|latin#98#siteA,3,REP-049|en|latin#98,REP-049,C1,cooking,en,latin,baseline,A,0.160218,0.919891,en,695
REP-049|en|latin#98#siteA#k4,REP-049|en|latin#98#siteA,4,REP-049|en|latin#98,REP-049,C1,cooking,en,latin,baseline,A,0.171982,0.914009,en,693
REP-049|en|latin#98#siteB#k0,REP-049|en|latin#98#siteB,0,REP-049|en|latin#98,REP-049,C1,cooking,en,latin,baseline,B,0.216492,0.891754,en,756
REP-049|en|latin#98#siteB#k1,REP-049|en|latin#98#siteB,1,REP-049|en|latin#98,REP-049,C1,cooking,en,latin,baseline,B,0.22453,0.887735,en,785
REP-049|en|latin#98#siteB#k2,REP-049|en|latin#98#siteB,2,REP-049|en|latin#98,REP-049,C1,cooking,en,latin,baseline,B,0.23879,0.880605,en,747
REP-049|en|latin#98#siteB#k3,REP-049|en|latin#98#siteB,3,REP-049|en|latin#98,REP-049,C1,cooking,en,latin,baseline,B,0.237901,0.881049,en,802
REP-049|en|latin#98#siteB#k4,REP-049|en|latin#98#siteB,4,REP-049|en|latin#98,REP-049,C1,cooking,en,latin,baseline,B,0.234025,0.882988,en,780
REP-050|zh|hanzi#99#siteA#k0,REP-050|zh|hanzi#99#siteA,0,REP-050|zh|hanzi#99,REP-050,C2,cooking,zh,hanzi,baseline,A,0.209591,0.895205,en,542
REP-050|zh|hanzi#99#siteA#k1,REP-050|zh|hanzi#99#siteA,1,REP-050|zh|hanzi#99,REP-050,C2,cooking,zh,hanzi,baseline,A,0.200486,0.899757,en,640
REP-050|zh|hanzi#99#siteA#k2,REP-050|zh|hanzi#99#siteA,2,REP-050|zh|hanzi#99,REP-050,C2,cooking,zh,hanzi,baseline,A,0.204492,0.897754,en,529
REP-050|zh|hanzi#99#siteA#k3,REP-050|zh|hanzi#99#siteA,3,REP-050|zh|hanzi#99,REP-050,C2,cooking,zh,hanzi,baseline,A,0.186637,0.906682,en,552
REP-050|zh|hanzi#99#siteA#k4,REP-050|zh|hanzi#99#siteA,4,REP-050|zh|hanzi#99,REP-050,C2,cooking,zh,hanzi,baseline,A,0.191324,0.904338,en,602
REP-050|zh|hanzi#99#siteB#k0,REP-050|zh|hanzi#99#siteB,0,REP-050|zh|hanzi#99,REP-050,C2,cooking,zh,hanzi,baseline,B,0.253954,0.873023,mixed,535
REP-050|zh|hanzi#99#siteB#k1,REP-050|zh|hanzi#99#siteB,1,REP-050|zh|hanzi#99,REP-050,C2,cooking,zh,hanzi,baseline,B,0.197081,0.901459,mixed,534
REP-050|zh|hanzi#99#siteB#k2,REP-050|zh|hanzi#99#siteB,2,REP-050|zh|hanzi#99,REP-050,C2,cooking,zh,hanzi,baseline,B,0.212345,0.893827,mixed,505
REP-050|zh|hanzi#99#siteB#k3,REP-050|zh|hanzi#99#siteB,3,REP-050|zh|hanzi#99,REP-050,C2,cooking,zh,hanzi,baseline,B,0.21823,0.890885,mixed,530
REP-050|zh|hanzi#99#siteB#k4,REP-050|zh|hanzi#99#siteB,4,REP-050|zh|hanzi#99,REP-050,C2,cooking,zh,hanzi,baseline,B,0.212291,0.893855,mixed,561
REP-050|en|latin#100#siteA#k0,REP-050|en|latin#100#siteA,0,REP-050|en|latin#100,REP-050,C2,cooking,en,latin,baseline,A,0.163876,0.918062,en,733
REP-050|en|latin#100#siteA#k1,REP-050|en|latin#100#siteA,1,REP-050|en|latin#100,REP-050,C2,cooking,en,latin,baseline,A,0.183886,0.908057,en,776
REP-050|en|latin#100#siteA#k2,REP-050|en|latin#100#siteA,2,REP-050|en|latin#100,REP-050,C2,cooking,en,latin,baseline,A,0.179872,0.910064,en,726
REP-050|en|latin#100#siteA#k3,REP-050|en|latin#100#siteA,3,REP-050|en|latin#100,REP-050,C2,cooking,en,latin,baseline,A,0.172607,0.913696,en,749
REP-050|en|latin#100#siteA#k4,REP-050|en|latin#100#siteA,4,REP-050|en|latin#100,REP-050,C2,cooking,en,latin,baseline,A,0.170934,0.914533,en,755
REP-050|en|latin#100#siteB#k0,REP-050|en|latin#100#siteB,0,REP-050|en|latin#100,REP-050,C2,cooking,en,latin,baseline,B,0.232752,0.883624,en,716
REP-050|en|latin#100#siteB#k1,REP-050|en|latin#100#siteB,1,REP-050|en|latin#100,REP-050,C2,cooking,en,latin,baseline,B,0.252498,0.873751,en,750
REP-050|en|latin#100#siteB#k2,REP-050|en|latin#100#siteB,2,REP-050|en|latin#100,REP-050,C2,cooking,en,latin,baseline,B,0.238364,0.880818,en,756
REP-050|en|latin#100#siteB#k3,REP-050|en|latin#100#siteB,3,REP-050|en|latin#100,REP-050,C2,cooking,en,latin,baseline,B,0.241112,0.879444,en,774
REP-050|en|latin#100#siteB#k4,REP-050|en|latin#100#siteB,4,REP-050|en|latin#100,REP-050,C2,cooking,en,latin,baseline,B,0.23478,0.88261,en,718
REP-051|zh|hanzi#101#siteA#k0,REP-051|zh|hanzi#101#siteA,0,REP-051|zh|hanzi#101,REP-051,C3,cooking,zh,hanzi,baseline,A,0.202713,0.898644,en,546
REP-051|zh|hanzi#101#siteA#k1,REP-051|zh|hanzi#101#siteA,1,REP-051|zh|hanzi#101,REP-051,C3,cooking,zh,hanzi,baseline,A,0.204033,0.897983,en,560
REP-051|zh|hanzi#101#siteA#k2,REP-051|zh|hanzi#101#siteA,2,REP-051|zh|hanzi#101,REP-051,C3,cooking,zh,hanzi,baseline,A,0.22683,0.886585,en,564
REP-051|zh|hanzi#101#siteA#k3,REP-051|zh|hanzi#101#siteA,3,REP-051|zh|hanzi#101,REP-051,C3,cooking,zh,hanzi,baseline,A,0.223482,0.888259,en,578
REP-051|zh|hanzi#101#siteA#k4,REP-051|zh|hanzi#101#siteA,4,REP-051|zh|hanzi#101,REP-051,C3,cooking,zh,hanzi,baseline,A,0.222172,0.888914,en,537
REP-051|zh|hanzi#101#siteB#k0,REP-051|zh|hanzi#101#siteB,0,REP-051|zh|hanzi#101,REP-051,C3,cooking,zh,hanzi,baseline,B,0.229743,0.885129,mixed,501
REP-051|zh|hanzi#101#siteB#k1,REP-051|zh|hanzi#101#siteB,1,REP-051|zh|hanzi#101,REP-051,C3,cooking,zh,hanzi,baseline,B,0.251627,0.874186,mixed,535
REP-051|zh|hanzi#101#siteB#k2,REP-051|zh|hanzi#101#siteB,2,REP-051|zh|hanzi#101,REP-051,C3,cooking,zh,hanzi,baseline,B,0.231876,0.884062,mixed,501
REP-051|zh|hanzi#101#siteB#k3,REP-051|zh|hanzi#101#siteB,3,REP-051|zh|hanzi#101,REP-051,C3,cooking,zh,hanzi,baseline,B,0.233324,0.883338,mixed,487
REP-051|zh|hanzi#101#siteB#k4,REP-051|zh|hanzi#101#siteB,4,REP-051|zh|hanzi#101,REP-051,C3,cooking,zh,hanzi,baseline,B,0.236371,0.881815,mixed,488
REP-051|en|latin#102#siteA#k0,REP-051|en|latin#102#siteA,0,REP-051|en|latin#102,REP-051,C3,cooking,en,latin,baseline,A,0.274015,0.862993,en,737
REP-051|en|latin#102#siteA#k1,REP-051|en|latin#102#siteA,1,REP-051|en|latin#102,REP-051,C3,cooking,en,latin,baseline,A,0.263636,0.868182,en,721
REP-051|en|latin#102#siteA#k2,REP-051|en|latin#102#siteA,2,REP-051|en|latin#102,REP-051,C3,cooking,en,latin,baseline,A,0.244627,0.877686,en,692
REP-051|en|latin#102#siteA#k3,REP-051|en|latin#102#siteA,3,REP-051|en|latin#102,REP-051,C3,cooking,en,latin,baseline,A,0.255498,0.872251,en,723
REP-051|en|latin#102#siteA#k4,REP-051|en|latin#102#siteA,4,REP-051|en|latin#102,REP-051,C3,cooking,en,latin,baseline,A,0.244869,0.877566,en,690
REP-051|en|latin#102#siteB#k0,REP-051|en|latin#102#siteB,0,REP-051|en|latin#102,REP-051,C3,cooking,en,latin,baseline,B,0.328856,0.835572,en,749
REP-051|en|latin#102#siteB#k1,REP-051|en|latin#102#siteB,1,REP-051|en|latin#102,REP-051,C3,cooking,en,latin,baseline,B,0.312864,0.843568,en,745
REP-051|en|latin#102#siteB#k2,REP-051|en|latin#102#siteB,2,REP-051|en|latin#102,REP-051,C3,cooking,en,latin,baseline,B,0.292833,0.853583,en,728
REP-051|en|latin#102#siteB#k3,REP-051|en|latin#102#siteB,3,REP-051|en|latin#102,REP-051,C3,cooking,en,latin,baseline,B,0.289727,0.855137,en,775
REP-051|en|latin#102#siteB#k4,REP-051|en|latin#102#siteB,4,REP-051|en|latin#102,REP-051,C3,cooking,en,latin,baseline,B,0.294547,0.852726,en,742
REP-052|zh|hanzi#103#siteA#k0,REP-052|zh|hanzi#103#siteA,0,REP-052|zh|hanzi#103,REP-052,C4,cooking,zh,hanzi,baseline,A,0.176991,0.911504,en,560
REP-052|zh|hanzi#103#siteA#k1,REP-052|zh|hanzi#103#siteA,1,REP-052|zh|hanzi#103,REP-052,C4,cooking,zh,hanzi,baseline,A,0.188161,0.90592,en,520
REP-052|zh|hanzi#103#siteA#k2,REP-052|zh|hanzi#103#siteA,2,REP-052|zh|hanzi#103,REP-052,C4,cooking,zh,hanzi,baseline,A,0.186976,0.906512,en,544
REP-052|zh|hanzi#103#siteA#k3,REP-052|zh|hanzi#103#siteA,3,REP-052|zh|hanzi#103,REP-052,C4,cooking,zh,hanzi,baseline,A,0.183274,0.908363,en,563
REP-052|zh|hanzi#103#siteA#k4,REP-052|zh|hanzi#103#siteA,4,REP-052|zh|hanzi#103,REP-052,C4,cooking,zh,hanzi,baseline,A,0.173122,0.913439,en,501
REP-052|zh|hanzi#103#siteB#k0,REP-052|zh|hanzi#103#siteB,0,REP-052|zh|hanzi#103,REP-052,C4,cooking,zh,hanzi,baseline,B,0.214837,0.892582,mixed,502
REP-052|zh|hanzi#103#siteB#k1,REP-052|zh|hanzi#103#siteB,1,REP-052|zh|hanzi#103,REP-052,C4,cooking,zh,hanzi,baseline,B,0.207652,0.896174,mixed,487
REP-052|zh|hanzi#103#siteB#k2,REP-052|zh|hanzi#103#siteB,2,REP-052|zh|hanzi#103,REP-052,C4,cooking,zh,hanzi,baseline,B,0.219583,0.890209,mixed,497
REP-052|zh|hanzi#103#siteB#k3,REP-052|zh|hanzi#103#siteB,3,REP-052|zh|hanzi#103,REP-052,C4,cooking,zh,hanzi,baseline,B,0.243608,0.878196,mixed,549
REP-052|zh|hanzi#103#siteB#k4,REP-052|zh|hanzi#103#siteB,4,REP-052|zh|hanzi#103,REP-052,C4,cooking,zh,hanzi,baseline,B,0.258811,0.870595,mixed,507
REP-052|en|latin#104#siteA#k0,REP-052|en|latin#104#siteA,0,REP-052|en|latin#104,REP-052,C4,cooking,en,latin,baseline,A,0.167654,0.916173,en,686
REP-052|en|latin#104#siteA#k1,REP-052|en|latin#104#siteA,1,REP-052|en|latin#104,REP-052,C4,cooking,en,latin,baseline,A,0.184756,0.907622,en,672
REP-052|en|latin#104#siteA#k2,REP-052|en|latin#104#siteA,2,REP-052|en|latin#104,REP-052,C4,cooking,en,latin,baseline,A,0.169148,0.915426,en,680
REP-052|en|latin#104#siteA#k3,REP-052|en|latin#104#siteA,3,REP-052|en|latin#104,REP-052,C4,cooking,en,latin,baseline,A,0.189046,0.905477,en,659
REP-052|en|latin#104#siteA#k4,REP-052|en|latin#104#siteA,4,REP-052|en|latin#104,REP-052,C4,cooking,en,latin,baseline,A,0.187095,0.906453,en,716
REP-052|en|latin#104#siteB#k0,REP-052|en|latin#104#siteB,0,REP-052|en|latin#104,REP-052,C4,cooking,en,latin,baseline,B,0.308482,0.845759,en,745
REP-052|en|latin#104#siteB#k1,REP-052|en|latin#104#siteB,1,REP-052|en|latin#104,REP-052,C4,cooking,en,latin,baseline,B,0.320483,0.839759,en,759
REP-052|en|latin#104#siteB#k2,REP-052|en|latin#104#siteB,2,REP-052|en|latin#104,REP-052,C4,cooking,en,latin,baseline,B,0.325454,0.837273,en,800
REP-052|en|latin#104#siteB#k3,REP-052|en|latin#104#siteB,3,REP-052|en|latin#104,REP-052,C4,cooking,en,latin,baseline,B,0.343253,0.828374,en,758
REP-052|en|latin#104#siteB#k4,REP-052|en|latin#104#siteB,4,REP-052|en|latin#104,REP-052,C4,cooking,en,latin,baseline,B,0.305355,0.847323,en,737
REP-053|zh|hanzi#105#siteA#k0,REP-053|zh|hanzi#105#siteA,0,REP-053|zh|hanzi#105,REP-053,C5,cooking,zh,hanzi,baseline,A,0.229795,0.885103,en,533
REP-053|zh|hanzi#105#siteA#k1,REP-053|zh|hanzi#105#siteA,1,REP-053|zh|hanzi#105,REP-053,C5,cooking,zh,hanzi,baseline,A,0.232586,0.883707,en,565
REP-053|zh|hanzi#105#siteA#k2,REP-053|zh|hanzi#105#siteA,2,REP-053|zh|hanzi#105,REP-053,C5,cooking,zh,hanzi,baseline,A,0.23594,0.88203,en,559
REP-053|zh|hanzi#105#siteA#k3,REP-053|zh|hanzi#105#siteA,3,REP-053|zh|hanzi#105,REP-053,C5,cooking,zh,hanzi,baseline,A,0.218687,0.890657,en,523
REP-053|zh|hanzi#105#siteA#k4,REP-053|zh|hanzi#105#siteA,4,REP-053|zh|hanzi#105,REP-053,C5,cooking,zh,hanzi,baseline,A,0.232539,0.88373,en,567
REP-053|zh|hanzi#105#siteB#k0,REP-053|zh|hanzi#105#siteB,0,REP-053|zh|hanzi#105,REP-053,C5,cooking,zh,hanzi,baseline,B,0.192827,0.903587,mixed,494
REP-053|zh|hanzi#105#siteB#k1,REP-053|zh|hanzi#105#siteB,1,REP-053|zh|hanzi#105,REP-053,C5,cooking,zh,hanzi,baseline,B,0.184511,0.907745,mixed,505
REP-053|zh|hanzi#105#siteB#k2,REP-053|zh|hanzi#105#siteB,2,REP-053|zh|hanzi#105,REP-053,C5,cooking,zh,hanzi,baseline,B,0.190532,0.904734,mixed,499
REP-053|zh|hanzi#105#siteB#k3,REP-053|zh|hanzi#105#siteB,3,REP-053|zh|hanzi#105,REP-053,C5,cooking,zh,hanzi,baseline,B,0.190367,0.904817,mixed,484
REP-053|zh|hanzi#105#siteB#k4,REP-053|zh|hanzi#105#siteB,4,REP-053|zh|hanzi#105,REP-053,C5,cooking,zh,hanzi,baseline,B,0.195291,0.902354,mixed,536
REP-053|en|latin#106#siteA#k0,REP-053|en|latin#106#siteA,0,REP-053|en|latin#106,REP-053,C5,cooking,en,latin,baseline,A,0.155881,0.92206,en,720
REP-053|en|latin#106#siteA#k1,REP-053|en|latin#106#siteA,1,REP-053|en|latin#106,REP-053,C5,cooking,en,latin,baseline,A,0.163615,0.918193,en,725
REP-053|en|latin#106#siteA#k2,REP-053|en|latin#106#siteA,2,REP-053|en|latin#106,REP-053,C5,cooking,en,latin,baseline,A,0.161651,0.919174,en,659
REP-053|en|latin#106#siteA#k3,REP-053|en|latin#106#siteA,3,REP-053|en|latin#106,REP-053,C5,cooking,en,latin,baseline,A,0.155529,0.922236,en,673
REP-053|en|latin#106#siteA#k4,REP-053|en|latin#106#siteA,4,REP-053|en|latin#106,REP-053,C5,cooking,en,latin,baseline,A,0.152368,0.923816,en,680
REP-053|en|latin#106#siteB#k0,REP-053|en|latin#106#siteB,0,REP-053|en|latin#106,REP-053,C5,cooking,en,latin,baseline,B,0.205401,0.8973,en,725
REP-053|en|latin#106#siteB#k1,REP-053|en|latin#106#siteB,1,REP-053|en|latin#106,REP-053,C5,cooking,en,latin,baseline,B,0.223604,0.888198,en,771
REP-053|en|latin#106#siteB#k2,REP-053|en|latin#106#siteB,2,REP-053|en|latin#106,REP-053,C5,cooking,en,latin,baseline,B,0.204953,0.897524,en,723
REP-053|en|latin#106#siteB#k3,REP-053|en|latin#106#siteB,3,REP-053|en|latin#106,REP-053,C5,cooking,en,latin,baseline,B,0.213216,0.893392,en,772
REP-053|en|latin#106#siteB#k4,REP-053|en|latin#106#siteB,4,REP-053|en|latin#106,REP-053,C5,cooking,en,latin,baseline,B,0.225244,0.887378,en,764
REP-054|zh|hanzi#107#siteA#k0,REP-054|zh|hanzi#107#siteA,0,REP-054|zh|hanzi#107,REP-054,C6,cooking,zh,hanzi,baseline,A,0.155031,0.922485,en,520
REP-054|zh|hanzi#107#siteA#k1,REP-054|zh|hanzi#107#siteA,1,REP-054|zh|hanzi#107,REP-054,C6,cooking,zh,hanzi,baseline,A,0.14726,0.92637,en,563
REP-054|zh|hanzi#107#siteA#k2,REP-054|zh|hanzi#107#siteA,2,REP-054|zh|hanzi#107,REP-054,C6,cooking,zh,hanzi,baseline,A,0.171785,0.914108,en,532
REP-054|zh|hanzi#107#siteA#k3,REP-054|zh|hanzi#107#siteA,3,REP-054|zh|hanzi#107,REP-054,C6,cooking,zh,hanzi,baseline,A,0.174753,0.912624,en,548
REP-054|zh|hanzi#107#siteA#k4,REP-054|zh|hanzi#107#siteA,4,REP-054|zh|hanzi#107,REP-054,C6,cooking,zh,hanzi,baseline,A,0.172549,0.913725,en,533
REP-054|zh|hanzi#107#siteB#k0,REP-054|zh|hanzi#107#siteB,0,REP-054|zh|hanzi#107,REP-054,C6,cooking,zh,hanzi,baseline,B,0.202994,0.898503,mixed,511
REP-054|zh|hanzi#107#siteB#k1,REP-054|zh|hanzi#107#siteB,1,REP-054|zh|hanzi#107,REP-054,C6,cooking,zh,hanzi,baseline,B,0.188894,0.905553,mixed,539
REP-054|zh|hanzi#107#siteB#k2,REP-054|zh|hanzi#107#siteB,2,REP-054|zh|hanzi#107,REP-054,C6,cooking,zh,hanzi,baseline,B,0.197452,0.901274,mixed,501
REP-054|zh|hanzi#107#siteB#k3,REP-054|zh|hanzi#107#siteB,3,REP-054|zh|hanzi#107,REP-054,C6,cooking,zh,hanzi,baseline,B,0.203614,0.898193,mixed,499
REP-054|zh|hanzi#107#siteB#k4,REP-054|zh|hanzi#107#siteB,4,REP-054|zh|hanzi#107,REP-054,C6,cooking,zh,hanzi,baseline,B,0.18538,0.90731,mixed,519
REP-054|en|latin#108#siteA#k0,REP-054|en|latin#108#siteA,0,REP-054|en|latin#108,REP-054,C6,cooking,en,latin,baseline,A,0.178881,0.91056,en,694
REP-054|en|latin#108#siteA#k1,REP-054|en|latin#108#siteA,1,REP-054|en|latin#108,REP-054,C6,cooking,en,latin,baseline,A,0.16228,0.91886,en,695
REP-054|en|latin#108#siteA#k2,REP-054|en|latin#108#siteA,2,REP-054|en|latin#108,REP-054,C6,cooking,en,latin,baseline,A,0.188129,0.905936,en,741
REP-054|en|latin#108#siteA#k3,REP-054|en|latin#108#siteA,3,REP-054|en|latin#108,REP-054,C6,cooking,en,latin,baseline,A,0.183827,0.908087,en,721
REP-054|en|latin#108#siteA#k4,REP-054|en|latin#108#siteA,4,REP-054|en|latin#108,REP-054,C6,cooking,en,latin,baseline,A,0.159416,0.920292,en,699
REP-054|en|latin#108#siteB#k0,REP-054|en|latin#108#siteB,0,REP-054|en|latin#108,REP-054,C6,cooking,en,latin,baseline,B,0.274301,0.862849,en,722
REP-054|en|latin#108#siteB#k1,REP-054|en|latin#108#siteB,1,REP-054|en|latin#108,REP-054,C6,cooking,en,latin,baseline,B,0.267462,0.866269,en,750
REP-054|en|latin#108#siteB#k2,REP-054|en|latin#108#siteB,2,REP-054|en|latin#108,REP-054,C6,cooking,en,latin,baseline,B,0.268818,0.865591,en,708
REP-054|en|latin#108#siteB#k3,REP-054|en|latin#108#siteB,3,REP-054|en|latin#108,REP-054,C6,cooking,en,latin,baseline,B,0.285532,0.857234,en,723
REP-054|en|latin#108#siteB#k4,REP-054|en|latin#108#siteB,4,REP-054|en|latin#108,REP-054,C6,cooking,en,latin,baseline,B,0.287075,0.856463,en,739
REP-055|zh|hanzi#109#siteA#k0,REP-055|zh|hanzi#109#siteA,0,REP-055|zh|hanzi#109,REP-055,C1,gardening,zh,hanzi,baseline,A,0.190033,0.904983,en,595
REP-055|zh|hanzi#109#siteA#k1,REP-055|zh|hanzi#109#siteA,1,REP-055|zh|hanzi#109,REP-055,C1,gardening,zh,hanzi,baseline,A,0.193789,0.903105,en,606
REP-055|zh|hanzi#109#siteA#k2,REP-055|zh|hanzi#109#siteA,2,REP-055|zh|hanzi#109,REP-055,C1,gardening,zh,hanzi,baseline,A,0.193937,0.903032,en,569
REP-055|zh|hanzi#109#siteA#k3,REP-055|zh|hanzi#109#siteA,3,REP-055|zh|hanzi#109,REP-055,C1,gardening,zh,hanzi,baseline,A,0.192368,0.903816,en,611
REP-055|zh|hanzi#109#siteA#k4,REP-055|zh|hanzi#109#siteA,4,REP-055|zh|hanzi#109,REP-055,C1,gardening,zh,hanzi,baseline,A,0.171441,0.914279,en,585
REP-055|zh|hanzi#109#siteB#k0,REP-055|zh|hanzi#109#siteB,0,REP-055|zh|hanzi#109,REP-055,C1,gardening,zh,hanzi,baseline,B,0.18577,0.907115,mixed,506
REP-055|zh|hanzi#109#siteB#k1,REP-055|zh|hanzi#109#siteB,1,REP-055|zh|hanzi#109,REP-055,C1,gardening,zh,hanzi,baseline,B,0.191802,0.904099,en,553
REP-055|zh|hanzi#109#siteB#k2,REP-055|zh|hanzi#109#siteB,2,REP-055|zh|hanzi#109,REP-055,C1,gardening,zh,hanzi,baseline,B,0.180861,0.90957,mixed,512
REP-055|zh|hanzi#109#siteB#k3,REP-055|zh|hanzi#109#siteB,3,REP-055|zh|hanzi#109,REP-055,C1,gardening,zh,hanzi,baseline,B,0.186501,0.90675,en,572
REP-055|zh|hanzi#109#siteB#k4,REP-055|zh|hanzi#109#siteB,4,REP-055|zh|hanzi#109,REP-055,C1,gardening,zh,hanzi,baseline,B,0.188858,0.905571,mixed,557
REP-055|en|latin#110#siteA#k0,REP-055|en|latin#110#siteA,0,REP-055|en|latin#110,REP-055,C1,gardening,en,latin,baseline,A,0.129514,0.935243,en,730
REP-055|en|latin#110#siteA#k1,REP-055|en|latin#110#siteA,1,REP-055|en|latin#110,REP-055,C1,gardening,en,latin,baseline,A,0.138853,0.930573,en,725
REP-055|en|latin#110#siteA#k2,REP-055|en|latin#110#siteA,2,REP-055|en|latin#110,REP-055,C1,gardening,en,latin,baseline,A,0.13242,0.93379,en,762
REP-055|en|latin#110#siteA#k3,REP-055|en|latin#110#siteA,3,REP-055|en|latin#110,REP-055,C1,gardening,en,latin,baseline,A,0.126481,0.936759,en,747
REP-055|en|latin#110#siteA#k4,REP-055|en|latin#110#siteA,4,REP-055|en|latin#110,REP-055,C1,gardening,en,latin,baseline,A,0.130215,0.934893,en,731
REP-055|en|latin#110#siteB#k0,REP-055|en|latin#110#siteB,0,REP-055|en|latin#110,REP-055,C1,gardening,en,latin,baseline,B,0.194999,0.902501,en,770
REP-055|en|latin#110#siteB#k1,REP-055|en|latin#110#siteB,1,REP-055|en|latin#110,REP-055,C1,gardening,en,latin,baseline,B,0.191285,0.904358,en,820
REP-055|en|latin#110#siteB#k2,REP-055|en|latin#110#siteB,2,REP-055|en|latin#110,REP-055,C1,gardening,en,latin,baseline,B,0.19077,0.904615,en,777
REP-055|en|latin#110#siteB#k3,REP-055|en|latin#110#siteB,3,REP-055|en|latin#110,REP-055,C1,gardening,en,latin,baseline,B,0.20596,0.89702,en,777
REP-055|en|latin#110#siteB#k4,REP-055|en|latin#110#siteB,4,REP-055|en|latin#110,REP-055,C1,gardening,en,latin,baseline,B,0.202035,0.898983,en,812
REP-056|zh|hanzi#111#siteA#k0,REP-056|zh|hanzi#111#siteA,0,REP-056|zh|hanzi#111,REP-056,C2,gardening,zh,hanzi,baseline,A,0.153161,0.92342,en,521
REP-056|zh|hanzi#111#siteA#k1,REP-056|zh|hanzi#111#siteA,1,REP-056|zh|hanzi#111,REP-056,C2,gardening,zh,hanzi,baseline,A,0.161608,0.919196,en,607
REP-056|zh|hanzi#111#siteA#k2,REP-056|zh|hanzi#111#siteA,2,REP-056|zh|hanzi#111,REP-056,C2,gardening,zh,hanzi,baseline,A,0.151777,0.924111,en,594
REP-056|zh|hanzi#111#siteA#k3,REP-056|zh|hanzi#111#siteA,3,REP-056|zh|hanzi#111,REP-056,C2,gardening,zh,hanzi,baseline,A,0.157126,0.921437,en,563
REP-056|zh|hanzi#111#siteA#k4,REP-056|zh|hanzi#111#siteA,4,REP-056|zh|hanzi#111,REP-056,C2,gardening,zh,hanzi,baseline,A,0.159853,0.920073,en,531
REP-056|zh|hanzi#111#siteB#k0,REP-056|zh|hanzi#111#siteB,0,REP-056|zh|hanzi#111,REP-056,C2,gardening,zh,hanzi,baseline,B,0.22964,0.88518,mixed,528
REP-056|zh|hanzi#111#siteB#k1,REP-056|zh|hanzi#111#siteB,1,REP-056|zh|hanzi#111,REP-056,C2,gardening,zh,hanzi,baseline,B,0.226246,0.886877,mixed,535
REP-056|zh|hanzi#111#siteB#k2,REP-056|zh|hanzi#111#siteB,2,REP-056|zh|hanzi#111,REP-056,C2,gardening,zh,hanzi,baseline,B,0.217105,0.891448,mixed,525
REP-056|zh|hanzi#111#siteB#k3,REP-056|zh|hanzi#111#siteB,3,REP-056|zh|hanzi#111,REP-056,C2,gardening,zh,hanzi,baseline,B,0.227758,0.886121,mixed,565
REP-056|zh|hanzi#111#siteB#k4,REP-056|zh|hanzi#111#siteB,4,REP-056|zh|hanzi#111,REP-056,C2,gardening,zh,hanzi,baseline,B,0.217297,0.891352,en,574
REP-056|en|latin#112#siteA#k0,REP-056|en|latin#112#siteA,0,REP-056|en|latin#112,REP-056,C2,gardening,en,latin,baseline,A,0.128356,0.935822,en,743
REP-056|en|latin#112#siteA#k1,REP-056|en|latin#112#siteA,1,REP-056|en|latin#112,REP-056,C2,gardening,en,latin,baseline,A,0.123713,0.938144,en,739
REP-056|en|latin#112#siteA#k2,REP-056|en|latin#112#siteA,2,REP-056|en|latin#112,REP-056,C2,gardening,en,latin,baseline,A,0.12297,0.938515,en,741
REP-056|en|latin#112#siteA#k3,REP-056|en|latin#112#siteA,3,REP-056|en|latin#112,REP-056,C2,gardening,en,latin,baseline,A,0.12973,0.935136,en,747
REP-056|en|latin#112#siteA#k4,REP-056|en|latin#112#siteA,4,REP-056|en|latin#112,REP-056,C2,gardening,en,latin,baseline,A,0.130749,0.934626,en,728
REP-056|en|latin#112#siteB#k0,REP-056|en|latin#112#siteB,0,REP-056|en|latin#112,REP-056,C2,gardening,en,latin,baseline,B,0.225164,0.887418,en,737
REP-056|en|latin#112#siteB#k1,REP-056|en|latin#112#siteB,1,REP-056|en|latin#112,REP-056,C2,gardening,en,latin,baseline,B,0.224085,0.887958,en,760
REP-056|en|latin#112#siteB#k2,REP-056|en|latin#112#siteB,2,REP-056|en|latin#112,REP-056,C2,gardening,en,latin,baseline,B,0.225586,0.887207,en,727
REP-056|en|latin#112#siteB#k3,REP-056|en|latin#112#siteB,3,REP-056|en|latin#112,REP-056,C2,gardening,en,latin,baseline,B,0.230885,0.884557,en,762
REP-056|en|latin#112#siteB#k4,REP-056|en|latin#112#siteB,4,REP-056|en|latin#112,REP-056,C2,gardening,en,latin,baseline,B,0.225182,0.887409,en,788
REP-057|zh|hanzi#113#siteA#k0,REP-057|zh|hanzi#113#siteA,0,REP-057|zh|hanzi#113,REP-057,C3,gardening,zh,hanzi,baseline,A,0.199631,0.900185,en,566
REP-057|zh|hanzi#113#siteA#k1,REP-057|zh|hanzi#113#siteA,1,REP-057|zh|hanzi#113,REP-057,C3,gardening,zh,hanzi,baseline,A,0.197421,0.90129,en,571
REP-057|zh|hanzi#113#siteA#k2,REP-057|zh|hanzi#113#siteA,2,REP-057|zh|hanzi#113,REP-057,C3,gardening,zh,hanzi,baseline,A,0.180814,0.909593,en,592
REP-057|zh|hanzi#113#siteA#k3,REP-057|zh|hanzi#113#siteA,3,REP-057|zh|hanzi#113,REP-057,C3,gardening,zh,hanzi,baseline,A,0.182855,0.908573,en,595
REP-057|zh|hanzi#113#siteA#k4,REP-057|zh|hanzi#113#siteA,4,REP-057|zh|hanzi#113,REP-057,C3,gardening,zh,hanzi,baseline,A,0.203158,0.898421,en,570
REP-057|zh|hanzi#113#siteB#k0,REP-057|zh|hanzi#113#siteB,0,REP-057|zh|hanzi#113,REP-057,C3,gardening,zh,hanzi,baseline,B,0.284211,0.857895,mixed,529
REP-057|zh|hanzi#113#siteB#k1,REP-057|zh|hanzi#113#siteB,1,REP-057|zh|hanzi#113,REP-057,C3,gardening,zh,hanzi,baseline,B,0.227674,0.886163,mixed,499
REP-057|zh|hanzi#113#siteB#k2,REP-057|zh|hanzi#113#siteB,2,REP-057|zh|hanzi#113,REP-057,C3,gardening,zh,hanzi,baseline,B,0.229618,0.885191,mixed,513
REP-057|zh|hanzi#113#siteB#k3,REP-057|zh|hanzi#113#siteB,3,REP-057|zh|hanzi#113,REP-057,C3,gardening,zh,hanzi,baseline,B,0.217016,0.891492,mixed,486
REP-057|zh|hanzi#113#siteB#k4,REP-057|zh|hanzi#113#siteB,4,REP-057|zh|hanzi#113,REP-057,C3,gardening,zh,hanzi,baseline,B,0.225527,0.887237,mixed,524
REP-057|en|latin#114#siteA#k0,REP-057|en|latin#114#siteA,0,REP-057|en|latin#114,REP-057,C3,gardening,en,latin,baseline,A,0.20415,0.897925,en,693
REP-057|en|latin#114#siteA#k1,REP-057|en|latin#114#siteA,1,REP-057|en|latin#114,REP-057,C3,gardening,en,latin,baseline,A,0.207182,0.896409,en,741
REP-057|en|latin#114#siteA#k2,REP-057|en|latin#114#siteA,2,REP-057|en|latin#114,REP-057,C3,gardening,en,latin,baseline,A,0.201356,0.899322,en,753
REP-057|en|latin#114#siteA#k3,REP-057|en|latin#114#siteA,3,REP-057|en|latin#114,REP-057,C3,gardening,en,latin,baseline,A,0.204318,0.897841,en,732
REP-057|en|latin#114#siteA#k4,REP-057|en|latin#114#siteA,4,REP-057|en|latin#114,REP-057,C3,gardening,en,latin,baseline,A,0.205465,0.897268,en,700
REP-057|en|latin#114#siteB#k0,REP-057|en|latin#114#siteB,0,REP-057|en|latin#114,REP-057,C3,gardening,en,latin,baseline,B,0.297222,0.851389,en,764
REP-057|en|latin#114#siteB#k1,REP-057|en|latin#114#siteB,1,REP-057|en|latin#114,REP-057,C3,gardening,en,latin,baseline,B,0.304168,0.847916,en,713
REP-057|en|latin#114#siteB#k2,REP-057|en|latin#114#siteB,2,REP-057|en|latin#114,REP-057,C3,gardening,en,latin,baseline,B,0.275815,0.862093,en,781
REP-057|en|latin#114#siteB#k3,REP-057|en|latin#114#siteB,3,REP-057|en|latin#114,REP-057,C3,gardening,en,latin,baseline,B,0.330946,0.834527,en,772
REP-057|en|latin#114#siteB#k4,REP-057|en|latin#114#siteB,4,REP-057|en|latin#114,REP-057,C3,gardening,en,latin,baseline,B,0.282593,0.858704,en,781
REP-058|zh|hanzi#115#siteA#k0,REP-058|zh|hanzi#115#siteA,0,REP-058|zh|hanzi#115,REP-058,C4,gardening,zh,hanzi,baseline,A,0.177294,0.911353,en,610
REP-058|zh|hanzi#115#siteA#k1,REP-058|zh|hanzi#115#siteA,1,REP-058|zh|hanzi#115,REP-058,C4,gardening,zh,hanzi,baseline,A,0.182611,0.908695,en,538
REP-058|zh|hanzi#115#siteA#k2,REP-058|zh|hanzi#115#siteA,2,REP-058|zh|hanzi#115,REP-058,C4,gardening,zh,hanzi,baseline,A,0.160559,0.91972,en,625
REP-058|zh|hanzi#115#siteA#k3,REP-058|zh|hanzi#115#siteA,3,REP-058|zh|hanzi#115,REP-058,C4,gardening,zh,hanzi,baseline,A,0.158488,0.920756,en,529
REP-058|zh|hanzi#115#siteA#k4,REP-058|zh|hanzi#115#siteA,4,REP-058|zh|hanzi#115,REP-058,C4,gardening,zh,hanzi,baseline,A,0.1671,0.91645,en,550
REP-058|zh|hanzi#115#siteB#k0,REP-058|zh|hanzi#115#siteB,0,REP-058|zh|hanzi#115,REP-058,C4,gardening,zh,hanzi,baseline,B,0.239501,0.88025,mixed,490
REP-058|zh|hanzi#115#siteB#k1,REP-058|zh|hanzi#115#siteB,1,REP-058|zh|hanzi#115,REP-058,C4,gardening,zh,hanzi,baseline,B,0.231198,0.884401,mixed,510
REP-058|zh|hanzi#115#siteB#k2,REP-058|zh|hanzi#115#siteB,2,REP-058|zh|hanzi#115,REP-058,C4,gardening,zh,hanzi,baseline,B,0.250714,0.874643,mixed,478
REP-058|zh|hanzi#115#siteB#k3,REP-058|zh|hanzi#115#siteB,3,REP-058|zh|hanzi#115,REP-058,C4,gardening,zh,hanzi,baseline,B,0.248238,0.875881,mixed,536
REP-058|zh|hanzi#115#siteB#k4,REP-058|zh|hanzi#115#siteB,4,REP-058|zh|hanzi#115,REP-058,C4,gardening,zh,hanzi,baseline,B,0.225057,0.887472,mixed,458
REP-058|en|latin#116#siteA#k0,REP-058|en|latin#116#siteA,0,REP-058|en|latin#116,REP-058,C4,gardening,en,latin,baseline,A,0.145355,0.927323,en,682
REP-058|en|latin#116#siteA#k1,REP-058|en|latin#116#siteA,1,REP-058|en|latin#116,REP-058,C4,gardening,en,latin,baseline,A,0.145496,0.927252,en,722
REP-058|en|latin#116#siteA#k2,REP-058|en|latin#116#siteA,2,REP-058|en|latin#116,REP-058,C4,gardening,en,latin,baseline,A,0.133966,0.933017,en,702
REP-058|en|latin#116#siteA#k3,REP-058|en|latin#116#siteA,3,REP-058|en|latin#116,REP-058,C4,gardening,en,latin,baseline,A,0.120745,0.939627,en,712
REP-058|en|latin#116#siteA#k4,REP-058|en|latin#116#siteA,4,REP-058|en|latin#116,REP-058,C4,gardening,en,latin,baseline,A,0.150569,0.924715,en,729
REP-058|en|latin#116#siteB#k0,REP-058|en|latin#116#siteB,0,REP-058|en|latin#116,REP-058,C4,gardening,en,latin,baseline,B,0.299362,0.850319,en,744
REP-058|en|latin#116#siteB#k1,REP-058|en|latin#116#siteB,1,REP-058|en|latin#116,REP-058,C4,gardening,en,latin,baseline,B,0.345577,0.827212,en,750
REP-058|en|latin#116#siteB#k2,REP-058|en|latin#116#siteB,2,REP-058|en|latin#116,REP-058,C4,gardening,en,latin,baseline,B,0.316133,0.841934,en,742
REP-058|en|latin#116#siteB#k3,REP-058|en|latin#116#siteB,3,REP-058|en|latin#116,REP-058,C4,gardening,en,latin,baseline,B,0.323645,0.838178,en,755
REP-058|en|latin#116#siteB#k4,REP-058|en|latin#116#siteB,4,REP-058|en|latin#116,REP-058,C4,gardening,en,latin,baseline,B,0.342851,0.828575,en,684
REP-059|zh|hanzi#117#siteA#k0,REP-059|zh|hanzi#117#siteA,0,REP-059|zh|hanzi#117,REP-059,C5,gardening,zh,hanzi,baseline,A,0.181059,0.909471,en,527
REP-059|zh|hanzi#117#siteA#k1,REP-059|zh|hanzi#117#siteA,1,REP-059|zh|hanzi#117,REP-059,C5,gardening,zh,hanzi,baseline,A,0.172487,0.913756,en,522
REP-059|zh|hanzi#117#siteA#k2,REP-059|zh|hanzi#117#siteA,2,REP-059|zh|hanzi#117,REP-059,C5,gardening,zh,hanzi,baseline,A,0.180118,0.909941,en,577
REP-059|zh|hanzi#117#siteA#k3,REP-059|zh|hanzi#117#siteA,3,REP-059|zh|hanzi#117,REP-059,C5,gardening,zh,hanzi,baseline,A,0.177635,0.911183,en,540
REP-059|zh|hanzi#117#siteA#k4,REP-059|zh|hanzi#117#siteA,4,REP-059|zh|hanzi#117,REP-059,C5,gardening,zh,hanzi,baseline,A,0.19664,0.90168,en,572
REP-059|zh|hanzi#117#siteB#k0,REP-059|zh|hanzi#117#siteB,0,REP-059|zh|hanzi#117,REP-059,C5,gardening,zh,hanzi,baseline,B,0.186738,0.906631,mixed,496
REP-059|zh|hanzi#117#siteB#k1,REP-059|zh|hanzi#117#siteB,1,REP-059|zh|hanzi#117,REP-059,C5,gardening,zh,hanzi,baseline,B,0.184181,0.90791,mixed,528
REP-059|zh|hanzi#117#siteB#k2,REP-059|zh|hanzi#117#siteB,2,REP-059|zh|hanzi#117,REP-059,C5,gardening,zh,hanzi,baseline,B,0.186658,0.906671,mixed,524
REP-059|zh|hanzi#117#siteB#k3,REP-059|zh|hanzi#117#siteB,3,REP-059|zh|hanzi#117,REP-059,C5,gardening,zh,hanzi,baseline,B,0.191109,0.904446,mixed,512
REP-059|zh|hanzi#117#siteB#k4,REP-059|zh|hanzi#117#siteB,4,REP-059|zh|hanzi#117,REP-059,C5,gardening,zh,hanzi,baseline,B,0.189425,0.905288,mixed,562
REP-059|en|latin#118#siteA#k0,REP-059|en|latin#118#siteA,0,REP-059|en|latin#118,REP-059,C5,gardening,en,latin,baseline,A,0.125324,0.937338,en,707
REP-059|en|latin#118#siteA#k1,REP-059|en|latin#118#siteA,1,REP-059|en|latin#118,REP-059,C5,gardening,en,latin,baseline,A,0.137104,0.931448,en,719
REP-059|en|latin#118#siteA#k2,REP-059|en|latin#118#siteA,2,REP-059|en|latin#118,REP-059,C5,gardening,en,latin,baseline,A,0.131884,0.934058,en,716
REP-059|en|latin#118#siteA#k3,REP-059|en|latin#118#siteA,3,REP-059|en|latin#118,REP-059,C5,gardening,en,latin,baseline,A,0.129526,0.935237,en,703
REP-059|en|latin#118#siteA#k4,REP-059|en|latin#118#siteA,4,REP-059|en|latin#118,REP-059,C5,gardening,en,latin,baseline,A,0.12894,0.93553,en,735
REP-059|en|latin#118#siteB#k0,REP-059|en|latin#118#siteB,0,REP-059|en|latin#118,REP-059,C5,gardening,en,latin,baseline,B,0.193905,0.903048,en,740
REP-059|en|latin#118#siteB#k1,REP-059|en|latin#118#siteB,1,REP-059|en|latin#118,REP-059,C5,gardening,en,latin,baseline,B,0.194701,0.90265,en,712
REP-059|en|latin#118#siteB#k2,REP-059|en|latin#118#siteB,2,REP-059|en|latin#118,REP-059,C5,gardening,en,latin,baseline,B,0.210057,0.894972,en,779
REP-059|en|latin#118#siteB#k3,REP-059|en|latin#118#siteB,3,REP-059|en|latin#118,REP-059,C5,gardening,en,latin,baseline,B,0.191388,0.904306,en,751
REP-059|en|latin#118#siteB#k4,REP-059|en|latin#118#siteB,4,REP-059|en|latin#118,REP-059,C5,gardening,en,latin,baseline,B,0.197706,0.901147,en,763
REP-060|zh|hanzi#119#siteA#k0,REP-060|zh|hanzi#119#siteA,0,REP-060|zh|hanzi#119,REP-060,C6,gardening,zh,hanzi,baseline,A,0.162943,0.918528,en,526
REP-060|zh|hanzi#119#siteA#k1,REP-060|zh|hanzi#119#siteA,1,REP-060|zh|hanzi#119,REP-060,C6,gardening,zh,hanzi,baseline,A,0.146066,0.926967,en,551
REP-060|zh|hanzi#119#siteA#k2,REP-060|zh|hanzi#119#siteA,2,REP-060|zh|hanzi#119,REP-060,C6,gardening,zh,hanzi,baseline,A,0.144259,0.927871,en,549
REP-060|zh|hanzi#119#siteA#k3,REP-060|zh|hanzi#119#siteA,3,REP-060|zh|hanzi#119,REP-060,C6,gardening,zh,hanzi,baseline,A,0.152264,0.923868,en,561
REP-060|zh|hanzi#119#siteA#k4,REP-060|zh|hanzi#119#siteA,4,REP-060|zh|hanzi#119,REP-060,C6,gardening,zh,hanzi,baseline,A,0.132251,0.933874,en,552
REP-060|zh|hanzi#119#siteB#k0,REP-060|zh|hanzi#119#siteB,0,REP-060|zh|hanzi#119,REP-060,C6,gardening,zh,hanzi,baseline,B,0.222303,0.888848,mixed,485
REP-060|zh|hanzi#119#siteB#k1,REP-060|zh|hanzi#119#siteB,1,REP-060|zh|hanzi#119,REP-060,C6,gardening,zh,hanzi,baseline,B,0.208274,0.895863,mixed,503
REP-060|zh|hanzi#119#siteB#k2,REP-060|zh|hanzi#119#siteB,2,REP-060|zh|hanzi#119,REP-060,C6,gardening,zh,hanzi,baseline,B,0.207803,0.896099,mixed,494
REP-060|zh|hanzi#119#siteB#k3,REP-060|zh|hanzi#119#siteB,3,REP-060|zh|hanzi#119,REP-060,C6,gardening,zh,hanzi,baseline,B,0.195361,0.902319,mixed,507
REP-060|zh|hanzi#119#siteB#k4,REP-060|zh|hanzi#119#siteB,4,REP-060|zh|hanzi#119,REP-060,C6,gardening,zh,hanzi,baseline,B,0.203834,0.898083,mixed,509
REP-060|en|latin#120#siteA#k0,REP-060|en|latin#120#siteA,0,REP-060|en|latin#120,REP-060,C6,gardening,en,latin,baseline,A,0.142862,0.928569,en,757
REP-060|en|latin#120#siteA#k1,REP-060|en|latin#120#siteA,1,REP-060|en|latin#120,REP-060,C6,gardening,en,latin,baseline,A,0.134326,0.932837,en,714
REP-060|en|latin#120#siteA#k2,REP-060|en|latin#120#siteA,2,REP-060|en|latin#120,REP-060,C6,gardening,en,latin,baseline,A,0.143318,0.928341,en,738
REP-060|en|latin#120#siteA#k3,REP-060|en|latin#120#siteA,3,REP-060|en|latin#120,REP-060,C6,gardening,en,latin,baseline,A,0.140462,0.929769,en,734
REP-060|en|latin#120#siteA#k4,REP-060|en|latin#120#siteA,4,REP-060|en|latin#120,REP-060,C6,gardening,en,latin,baseline,A,0.12972,0.93514,en,682
REP-060|en|latin#120#siteB#k0,REP-060|en|latin#120#siteB,0,REP-060|en|latin#120,REP-060,C6,gardening,en,latin,baseline,B,0.221212,0.889394,en,737
REP-060|en|latin#120#siteB#k1,REP-060|en|latin#120#siteB,1,REP-060|en|latin#120,REP-060,C6,gardening,en,latin,baseline,B,0.253409,0.873296,en,726
REP-060|en|latin#120#siteB#k2,REP-060|en|latin#120#siteB,2,REP-060|en|latin#120,REP-060,C6,gardening,en,latin,baseline,B,0.27878,0.86061,en,757
REP-060|en|latin#120#siteB#k3,REP-060|en|latin#120#siteB,3,REP-060|en|latin#120,REP-060,C6,gardening,en,latin,baseline,B,0.273725,0.863138,en,751
REP-060|en|latin#120#siteB#k4,REP-060|en|latin#120#siteB,4,REP-060|en|latin#120,REP-060,C6,gardening,en,latin,baseline,B,0.255608,0.872196,en,737
REP-061|zh|hanzi#121#siteA#k0,REP-061|zh|hanzi#121#siteA,0,REP-061|zh|hanzi#121,REP-061,C1,earthquakes,zh,hanzi,baseline,A,0.17726,0.91137,en,618
REP-061|zh|hanzi#121#siteA#k1,REP-061|zh|hanzi#121#siteA,1,REP-061|zh|hanzi#121,REP-061,C1,earthquakes,zh,hanzi,baseline,A,0.16344,0.91828,en,629
REP-061|zh|hanzi#121#siteA#k2,REP-061|zh|hanzi#121#siteA,2,REP-061|zh|hanzi#121,REP-061,C1,earthquakes,zh,hanzi,baseline,A,0.180265,0.909867,en,667
REP-061|zh|hanzi#121#siteA#k3,REP-061|zh|hanzi#121#siteA,3,REP-061|zh|hanzi#121,REP-061,C1,earthquakes,zh,hanzi,baseline,A,0.170732,0.914634,en,639
REP-061|zh|hanzi#121#siteA#k4,REP-061|zh|hanzi#121#siteA,4,REP-061|zh|hanzi#121,REP-061,C1,earthquakes,zh,hanzi,baseline,A,0.168262,0.915869,en,625
REP-061|zh|hanzi#121#siteB#k0,REP-061|zh|hanzi#121#siteB,0,REP-061|zh|hanzi#121,REP-061,C1,earthquakes,zh,hanzi,baseline,B,0.204569,0.897715,mixed,467
REP-061|zh|hanzi#121#siteB#k1,REP-061|zh|hanzi#121#siteB,1,REP-061|zh|hanzi#121,REP-061,C1,earthquakes,zh,hanzi,baseline,B,0.191233,0.904384,en,571
REP-061|zh|hanzi#121#siteB#k2,REP-061|zh|hanzi#121#siteB,2,REP-061|zh|hanzi#121,REP-061,C1,earthquakes,zh,hanzi,baseline,B,0.203339,0.898331,en,560
REP-061|zh|hanzi#121#siteB#k3,REP-061|zh|hanzi#121#siteB,3,REP-061|zh|hanzi#121,REP-061,C1,earthquakes,zh,hanzi,baseline,B,0.175626,0.912187,mixed,500
REP-061|zh|hanzi#121#siteB#k4,REP-061|zh|hanzi#121#siteB,4,REP-061|zh|hanzi#121,REP-061,C1,earthquakes,zh,hanzi,baseline,B,0.184525,0.907737,mixed,546
REP-061|en|latin#122#siteA#k0,REP-061|en|latin#122#siteA,0,REP-061|en|latin#122,REP-061,C1,earthquakes,en,latin,baseline,A,0.126557,0.936722,en,790
REP-061|en|latin#122#siteA#k1,REP-061|en|latin#122#siteA,1,REP-061|en|latin#122,REP-061,C1,earthquakes,en,latin,baseline,A,0.136944,0.931528,en,794
REP-061|en|latin#122#siteA#k2,REP-061|en|latin#122#siteA,2,REP-061|en|latin#122,REP-061,C1,earthquakes,en,latin,baseline,A,0.137782,0.931109,en,782
REP-061|en|latin#122#siteA#k3,REP-061|en|latin#122#siteA,3,REP-061|en|latin#122,REP-061,C1,earthquakes,en,latin,baseline,A,0.120618,0.939691,en,787
REP-061|en|latin#122#siteA#k4,REP-061|en|latin#122#siteA,4,REP-061|en|latin#122,REP-061,C1,earthquakes,en,latin,baseline,A,0.122534,0.938733,en,759
REP-061|en|latin#122#siteB#k0,REP-061|en|latin#122#siteB,0,REP-061|en|latin#122,REP-061,C1,earthquakes,en,latin,baseline,B,0.182468,0.908766,en,797
REP-061|en|latin#122#siteB#k1,REP-061|en|latin#122#siteB,1,REP-061|en|latin#122,REP-061,C1,earthquakes,en,latin,baseline,B,0.187722,0.906139,en,756
REP-061|en|latin#122#siteB#k2,REP-061|en|latin#122#siteB,2,REP-061|en|latin#122,REP-061,C1,earthquakes,en,latin,baseline,B,0.186961,0.906519,en,812
REP-061|en|latin#122#siteB#k3,REP-061|en|latin#122#siteB,3,REP-061|en|latin#122,REP-061,C1,earthquakes,en,latin,baseline,B,0.191848,0.904076,en,812
REP-061|en|latin#122#siteB#k4,REP-061|en|latin#122#siteB,4,REP-061|en|latin#122,REP-061,C1,earthquakes,en,latin,baseline,B,0.198323,0.900839,en,781
REP-062|zh|hanzi#123#siteA#k0,REP-062|zh|hanzi#123#siteA,0,REP-062|zh|hanzi#123,REP-062,C2,earthquakes,zh,hanzi,baseline,A,0.140949,0.929525,en,609
REP-062|zh|hanzi#123#siteA#k1,REP-062|zh|hanzi#123#siteA,1,REP-062|zh|hanzi#123,REP-062,C2,earthquakes,zh,hanzi,baseline,A,0.138012,0.930994,en,584
REP-062|zh|hanzi#123#siteA#k2,REP-062|zh|hanzi#123#siteA,2,REP-062|zh|hanzi#123,REP-062,C2,earthquakes,zh,hanzi,baseline,A,0.144461,0.92777,en,623
REP-062|zh|hanzi#123#siteA#k3,REP-062|zh|hanzi#123#siteA,3,REP-062|zh|hanzi#123,REP-062,C2,earthquakes,zh,hanzi,baseline,A,0.133903,0.933049,en,613
REP-062|zh|hanzi#123#siteA#k4,REP-062|zh|hanzi#123#siteA,4,REP-062|zh|hanzi#123,REP-062,C2,earthquakes,zh,hanzi,baseline,A,0.14388,0.92806,en,635
REP-062|zh|hanzi#123#siteB#k0,REP-062|zh|hanzi#123#siteB,0,REP-062|zh|hanzi#123,REP-062,C2,earthquakes,zh,hanzi,baseline,B,0.216854,0.891573,mixed,469
REP-062|zh|hanzi#123#siteB#k1,REP-062|zh|hanzi#123#siteB,1,REP-062|zh|hanzi#123,REP-062,C2,earthquakes,zh,hanzi,baseline,B,0.227549,0.886226,mixed,529
REP-062|zh|hanzi#123#siteB#k2,REP-062|zh|hanzi#123#siteB,2,REP-062|zh|hanzi#123,REP-062,C2,earthquakes,zh,hanzi,baseline,B,0.218944,0.890528,mixed,497
REP-062|zh|hanzi#123#siteB#k3,REP-062|zh|hanzi#123#siteB,3,REP-062|zh|hanzi#123,REP-062,C2,earthquakes,zh,hanzi,baseline,B,0.237014,0.881493,mixed,530
REP-062|zh|hanzi#123#siteB#k4,REP-062|zh|hanzi#123#siteB,4,REP-062|zh|hanzi#123,REP-062,C2,earthquakes,zh,hanzi,baseline,B,0.22836,0.88582,mixed,533
REP-062|en|latin#124#siteA#k0,REP-062|en|latin#124#siteA,0,REP-062|en|latin#124,REP-062,C2,earthquakes,en,latin,baseline,A,0.117773,0.941114,en,733
REP-062|en|latin#124#siteA#k1,REP-062|en|latin#124#siteA,1,REP-062|en|latin#124,REP-062,C2,earthquakes,en,latin,baseline,A,0.147337,0.926332,en,731
REP-062|en|latin#124#siteA#k2,REP-062|en|latin#124#siteA,2,REP-062|en|latin#124,REP-062,C2,earthquakes,en,latin,baseline,A,0.12928,0.93536,en,752
REP-062|en|latin#124#siteA#k3,REP-062|en|latin#124#siteA,3,REP-062|en|latin#124,REP-062,C2,earthquakes,en,latin,baseline,A,0.147319,0.926341,en,724
REP-062|en|latin#124#siteA#k4,REP-062|en|latin#124#siteA,4,REP-062|en|latin#124,REP-062,C2,earthquakes,en,latin,baseline,A,0.130759,0.934621,en,767
REP-062|en|latin#124#siteB#k0,REP-062|en|latin#124#siteB,0,REP-062|en|latin#124,REP-062,C2,earthquakes,en,latin,baseline,B,0.244075,0.877963,en,761
REP-062|en|latin#124#siteB#k1,REP-062|en|latin#124#siteB,1,REP-062|en|latin#124,REP-062,C2,earthquakes,en,latin,baseline,B,0.233297,0.883352,en,719
REP-062|en|latin#124#siteB#k2,REP-062|en|latin#124#siteB,2,REP-062|en|latin#124,REP-062,C2,earthquakes,en,latin,baseline,B,0.253915,0.873042,en,779
REP-062|en|latin#124#siteB#k3,REP-062|en|latin#124#siteB,3,REP-062|en|latin#124,REP-062,C2,earthquakes,en,latin,baseline,B,0.237851,0.881074,en,762
REP-062|en|latin#124#siteB#k4,REP-062|en|latin#124#siteB,4,REP-062|en|latin#124,REP-062,C2,earthquakes,en,latin,baseline,B,0.24008,0.87996,en,741
REP-063|zh|hanzi#125#siteA#k0,REP-063|zh|hanzi#125#siteA,0,REP-063|zh|hanzi#125,REP-063,C3,earthquakes,zh,hanzi,baseline,A,0.142564,0.928718,en,634
REP-063|zh|hanzi#125#siteA#k1,REP-063|zh|hanzi#125#siteA,1,REP-063|zh|hanzi#125,REP-063,C3,earthquakes,zh,hanzi,baseline,A,0.137799,0.931101,en,573
REP-063|zh|hanzi#125#siteA#k2,REP-063|zh|hanzi#125#siteA,2,REP-063|zh|hanzi#125,REP-063,C3,earthquakes,zh,hanzi,baseline,A,0.139937,0.930031,en,619
REP-063|zh|hanzi#125#siteA#k3,REP-063|zh|hanzi#125#siteA,3,REP-063|zh|hanzi#125,REP-063,C3,earthquakes,zh,hanzi,baseline,A,0.161125,0.919437,en,624
REP-063|zh|hanzi#125#siteA#k4,REP-063|zh|hanzi#125#siteA,4,REP-063|zh|hanzi#125,REP-063,C3,earthquakes,zh,hanzi,baseline,A,0.151945,0.924028,en,618
REP-063|zh|hanzi#125#siteB#k0,REP-063|zh|hanzi#125#siteB,0,REP-063|zh|hanzi#125,REP-063,C3,earthquakes,zh,hanzi,baseline,B,0.214127,0.892937,mixed,502
REP-063|zh|hanzi#125#siteB#k1,REP-063|zh|hanzi#125#siteB,1,REP-063|zh|hanzi#125,REP-063,C3,earthquakes,zh,hanzi,baseline,B,0.240136,0.879932,mixed,521
REP-063|zh|hanzi#125#siteB#k2,REP-063|zh|hanzi#125#siteB,2,REP-063|zh|hanzi#125,REP-063,C3,earthquakes,zh,hanzi,baseline,B,0.223933,0.888033,mixed,508
REP-063|zh|hanzi#125#siteB#k3,REP-063|zh|hanzi#125#siteB,3,REP-063|zh|hanzi#125,REP-063,C3,earthquakes,zh,hanzi,baseline,B,0.233808,0.883096,mixed,510
REP-063|zh|hanzi#125#siteB#k4,REP-063|zh|hanzi#125#siteB,4,REP-063|zh|hanzi#125,REP-063,C3,earthquakes,zh,hanzi,baseline,B,0.225563,0.887219,mixed,524
REP-063|en|latin#126#siteA#k0,REP-063|en|latin#126#siteA,0,REP-063|en|latin#126,REP-063,C3,earthquakes,en,latin,baseline,A,0.194764,0.902618,en,721
REP-063|en|latin#126#siteA#k1,REP-063|en|latin#126#siteA,1,REP-063|en|latin#126,REP-063,C3,earthquakes,en,latin,baseline,A,0.200573,0.899713,en,746
REP-063|en|latin#126#siteA#k2,REP-063|en|latin#126#siteA,2,REP-063|en|latin#126,REP-063,C3,earthquakes,en,latin,baseline,A,0.204193,0.897903,en,737
REP-063|en|latin#126#siteA#k3,REP-063|en|latin#126#siteA,3,REP-063|en|latin#126,REP-063,C3,earthquakes,en,latin,baseline,A,0.192123,0.903939,en,743
REP-063|en|latin#126#siteA#k4,REP-063|en|latin#126#siteA,4,REP-063|en|latin#126,REP-063,C3,earthquakes,en,latin,baseline,A,0.198277,0.900862,en,756
REP-063|en|latin#126#siteB#k0,REP-063|en|latin#126#siteB,0,REP-063|en|latin#126,REP-063,C3,earthquakes,en,latin,baseline,B,0.267467,0.866267,en,751
REP-063|en|latin#126#siteB#k1,REP-063|en|latin#126#siteB,1,REP-063|en|latin#126,REP-063,C3,earthquakes,en,latin,baseline,B,0.273758,0.863121,en,760
REP-063|en|latin#126#siteB#k2,REP-063|en|latin#126#siteB,2,REP-063|en|latin#126,REP-063,C3,earthquakes,en,latin,baseline,B,0.311725,0.844137,en,747
REP-063|en|latin#126#siteB#k3,REP-063|en|latin#126#siteB,3,REP-063|en|latin#126,REP-063,C3,earthquakes,en,latin,baseline,B,0.287034,0.856483,en,739
REP-063|en|latin#126#siteB#k4,REP-063|en|latin#126#siteB,4,REP-063|en|latin#126,REP-063,C3,earthquakes,en,latin,baseline,B,0.28344,0.85828,en,769
REP-064|zh|hanzi#127#siteA#k0,REP-064|zh|hanzi#127#siteA,0,REP-064|zh|hanzi#127,REP-064,C4,earthquakes,zh,hanzi,baseline,A,0.125923,0.937039,en,575
REP-064|zh|hanzi#127#siteA#k1,REP-064|zh|hanzi#127#siteA,1,REP-064|zh|hanzi#127,REP-064,C4,earthquakes,zh,hanzi,baseline,A,0.126507,0.936746,en,602
REP-064|zh|hanzi#127#siteA#k2,REP-064|zh|hanzi#127#siteA,2,REP-064|zh|hanzi#127,REP-064,C4,earthquakes,zh,hanzi,baseline,A,0.135346,0.932327,en,662
REP-064|zh|hanzi#127#siteA#k3,REP-064|zh|hanzi#127#siteA,3,REP-064|zh|hanzi#127,REP-064,C4,earthquakes,zh,hanzi,baseline,A,0.120687,0.939656,en,613
REP-064|zh|hanzi#127#siteA#k4,REP-064|zh|hanzi#127#siteA,4,REP-064|zh|hanzi#127,REP-064,C4,earthquakes,zh,hanzi,baseline,A,0.126616,0.936692,en,597
REP-064|zh|hanzi#127#siteB#k0,REP-064|zh|hanzi#127#siteB,0,REP-064|zh|hanzi#127,REP-064,C4,earthquakes,zh,hanzi,baseline,B,0.217216,0.891392,mixed,513
REP-064|zh|hanzi#127#siteB#k1,REP-064|zh|hanzi#127#siteB,1,REP-064|zh|hanzi#127,REP-064,C4,earthquakes,zh,hanzi,baseline,B,0.225896,0.887052,mixed,483
REP-064|zh|hanzi#127#siteB#k2,REP-064|zh|hanzi#127#siteB,2,REP-064|zh|hanzi#127,REP-064,C4,earthquakes,zh,hanzi,baseline,B,0.234538,0.882731,mixed,501
REP-064|zh|hanzi#127#siteB#k3,REP-064|zh|hanzi#127#siteB,3,REP-064|zh|hanzi#127,REP-064,C4,earthquakes,zh,hanzi,baseline,B,0.230058,0.884971,mixed,522
REP-064|zh|hanzi#127#siteB#k4,REP-064|zh|hanzi#127#siteB,4,REP-064|zh|hanzi#127,REP-064,C4,earthquakes,zh,hanzi,baseline,B,0.220789,0.889606,mixed,505
REP-064|en|latin#128#siteA#k0,REP-064|en|latin#128#siteA,0,REP-064|en|latin#128,REP-064,C4,earthquakes,en,latin,baseline,A,0.123441,0.93828,en,724
REP-064|en|latin#128#siteA#k1,REP-064|en|latin#128#siteA,1,REP-064|en|latin#128,REP-064,C4,earthquakes,en,latin,baseline,A,0.126262,0.936869,en,724
REP-064|en|latin#128#siteA#k2,REP-064|en|latin#128#siteA,2,REP-064|en|latin#128,REP-064,C4,earthquakes,en,latin,baseline,A,0.134238,0.932881,en,756
REP-064|en|latin#128#siteA#k3,REP-064|en|latin#128#siteA,3,REP-064|en|latin#128,REP-064,C4,earthquakes,en,latin,baseline,A,0.126528,0.936736,en,715
REP-064|en|latin#128#siteA#k4,REP-064|en|latin#128#siteA,4,REP-064|en|latin#128,REP-064,C4,earthquakes,en,latin,baseline,A,0.140547,0.929726,en,737
REP-064|en|latin#128#siteB#k0,REP-064|en|latin#128#siteB,0,REP-064|en|latin#128,REP-064,C4,earthquakes,en,latin,baseline,B,0.360627,0.819687,en,755
REP-064|en|latin#128#siteB#k1,REP-064|en|latin#128#siteB,1,REP-064|en|latin#128,REP-064,C4,earthquakes,en,latin,baseline,B,0.348761,0.82562,en,737
REP-064|en|latin#128#siteB#k2,REP-064|en|latin#128#siteB,2,REP-064|en|latin#128,REP-064,C4,earthquakes,en,latin,baseline,B,0.357481,0.821259,en,754
REP-064|en|latin#128#siteB#k3,REP-064|en|latin#128#siteB,3,REP-064|en|latin#128,REP-064,C4,earthquakes,en,latin,baseline,B,0.353415,0.823292,en,761
REP-064|en|latin#128#siteB#k4,REP-064|en|latin#128#siteB,4,REP-064|en|latin#128,REP-064,C4,earthquakes,en,latin,baseline,B,0.339584,0.830208,en,755
REP-065|zh|hanzi#129#siteA#k0,REP-065|zh|hanzi#129#siteA,0,REP-065|zh|hanzi#129,REP-065,C5,earthquakes,zh,hanzi,baseline,A,0.142972,0.928514,en,590
REP-065|zh|hanzi#129#siteA#k1,REP-065|zh|hanzi#129#siteA,1,REP-065|zh|hanzi#129,REP-065,C5,earthquakes,zh,hanzi,baseline,A,0.139187,0.930406,en,590
REP-065|zh|hanzi#129#siteA#k2,REP-065|zh|hanzi#129#siteA,2,REP-065|zh|hanzi#129,REP-065,C5,earthquakes,zh,hanzi,baseline,A,0.130545,0.934727,en,604
REP-065|zh|hanzi#129#siteA#k3,REP-065|zh|hanzi#129#siteA,3,REP-065|zh|hanzi#129,REP-065,C5,earthquakes,zh,hanzi,baseline,A,0.130418,0.934791,en,572
REP-065|zh|hanzi#129#siteA#k4,REP-065|zh|hanzi#129#siteA,4,REP-065|zh|hanzi#129,REP-065,C5,earthquakes,zh,hanzi,baseline,A,0.134202,0.932899,en,578
REP-065|zh|hanzi#129#siteB#k0,REP-065|zh|hanzi#129#siteB,0,REP-065|zh|hanzi#129,REP-065,C5,earthquakes,zh,hanzi,baseline,B,0.24032,0.87984,en,551
REP-065|zh|hanzi#129#siteB#k1,REP-065|zh|hanzi#129#siteB,1,REP-065|zh|hanzi#129,REP-065,C5,earthquakes,zh,hanzi,baseline,B,0.199014,0.900493,mixed,520
REP-065|zh|hanzi#129#siteB#k2,REP-065|zh|hanzi#129#siteB,2,REP-065|zh|hanzi#129,REP-065,C5,earthquakes,zh,hanzi,baseline,B,0.209611,0.895194,mixed,448
REP-065|zh|hanzi#129#siteB#k3,REP-065|zh|hanzi#129#siteB,3,REP-065|zh|hanzi#129,REP-065,C5,earthquakes,zh,hanzi,baseline,B,0.195873,0.902064,mixed,503
REP-065|zh|hanzi#129#siteB#k4,REP-065|zh|hanzi#129#siteB,4,REP-065|zh|hanzi#129,REP-065,C5,earthquakes,zh,hanzi,baseline,B,0.209758,0.895121,mixed,534
REP-065|en|latin#130#siteA#k0,REP-065|en|latin#130#siteA,0,REP-065|en|latin#130,REP-065,C5,earthquakes,en,latin,baseline,A,0.107782,0.946109,en,683
REP-065|en|latin#130#siteA#k1,REP-065|en|latin#130#siteA,1,REP-065|en|latin#130,REP-065,C5,earthquakes,en,latin,baseline,A,0.09948,0.95026,en,772
REP-065|en|latin#130#siteA#k2,REP-065|en|latin#130#siteA,2,REP-065|en|latin#130,REP-065,C5,earthquakes,en,latin,baseline,A,0.09675,0.951625,en,716
REP-065|en|latin#130#siteA#k3,REP-065|en|latin#130#siteA,3,REP-065|en|latin#130,REP-065,C5,earthquakes,en,latin,baseline,A,0.101708,0.949146,en,766
REP-065|en|latin#130#siteA#k4,REP-065|en|latin#130#siteA,4,REP-065|en|latin#130,REP-065,C5,earthquakes,en,latin,baseline,A,0.098401,0.9508,en,743
REP-065|en|latin#130#siteB#k0,REP-065|en|latin#130#siteB,0,REP-065|en|latin#130,REP-065,C5,earthquakes,en,latin,baseline,B,0.195883,0.902058,en,747
REP-065|en|latin#130#siteB#k1,REP-065|en|latin#130#siteB,1,REP-065|en|latin#130,REP-065,C5,earthquakes,en,latin,baseline,B,0.195114,0.902443,en,744
REP-065|en|latin#130#siteB#k2,REP-065|en|latin#130#siteB,2,REP-065|en|latin#130,REP-065,C5,earthquakes,en,latin,baseline,B,0.194831,0.902584,en,765
REP-065|en|latin#130#siteB#k3,REP-065|en|latin#130#siteB,3,REP-065|en|latin#130,REP-065,C5,earthquakes,en,latin,baseline,B,0.205611,0.897195,en,769
REP-065|en|latin#130#siteB#k4,REP-065|en|latin#130#siteB,4,REP-065|en|latin#130,REP-065,C5,earthquakes,en,latin,baseline,B,0.205123,0.897438,en,744
REP-066|zh|hanzi#131#siteA#k0,REP-066|zh|hanzi#131#siteA,0,REP-066|zh|hanzi#131,REP-066,C6,earthquakes,zh,hanzi,baseline,A,0.139287,0.930357,en,619
REP-066|zh|hanzi#131#siteA#k1,REP-066|zh|hanzi#131#siteA,1,REP-066|zh|hanzi#131,REP-066,C6,earthquakes,zh,hanzi,baseline,A,0.139016,0.930492,en,586
REP-066|zh|hanzi#131#siteA#k2,REP-066|zh|hanzi#131#siteA,2,REP-066|zh|hanzi#131,REP-066,C6,earthquakes,zh,hanzi,baseline,A,0.149841,0.92508,en,518
REP-066|zh|hanzi#131#siteA#k3,REP-066|zh|hanzi#131#siteA,3,REP-066|zh|hanzi#131,REP-066,C6,earthquakes,zh,hanzi,baseline,A,0.151639,0.924181,en,573
REP-066|zh|hanzi#131#siteA#k4,REP-066|zh|hanzi#131#siteA,4,REP-066|zh|hanzi#131,REP-066,C6,earthquakes,zh,hanzi,baseline,A,0.13558,0.93221,en,632
REP-066|zh|hanzi#131#siteB#k0,REP-066|zh|hanzi#131#siteB,0,REP-066|zh|hanzi#131,REP-066,C6,earthquakes,zh,hanzi,baseline,B,0.208002,0.895999,mixed,527
REP-066|zh|hanzi#131#siteB#k1,REP-066|zh|hanzi#131#siteB,1,REP-066|zh|hanzi#131,REP-066,C6,earthquakes,zh,hanzi,baseline,B,0.199426,0.900287,mixed,538
REP-066|zh|hanzi#131#siteB#k2,REP-066|zh|hanzi#131#siteB,2,REP-066|zh|hanzi#131,REP-066,C6,earthquakes,zh,hanzi,baseline,B,0.197694,0.901153,mixed,543
REP-066|zh|hanzi#131#siteB#k3,REP-066|zh|hanzi#131#siteB,3,REP-066|zh|hanzi#131,REP-066,C6,earthquakes,zh,hanzi,baseline,B,0.190979,0.90451,mixed,532
REP-066|zh|hanzi#131#siteB#k4,REP-066|zh|hanzi#131#siteB,4,REP-066|zh|hanzi#131,REP-066,C6,earthquakes,zh,hanzi,baseline,B,0.207003,0.896498,mixed,526
REP-066|en|latin#132#siteA#k0,REP-066|en|latin#132#siteA,0,REP-066|en|latin#132,REP-066,C6,earthquakes,en,latin,baseline,A,0.116275,0.941863,en,758
REP-066|en|latin#132#siteA#k1,REP-066|en|latin#132#siteA,1,REP-066|en|latin#132,REP-066,C6,earthquakes,en,latin,baseline,A,0.113314,0.943343,en,721
REP-066|en|latin#132#siteA#k2,REP-066|en|latin#132#siteA,2,REP-066|en|latin#132,REP-066,C6,earthquakes,en,latin,baseline,A,0.116701,0.94165,en,718
REP-066|en|latin#132#siteA#k3,REP-066|en|latin#132#siteA,3,REP-066|en|latin#132,REP-066,C6,earthquakes,en,latin,baseline,A,0.119696,0.940152,en,722
REP-066|en|latin#132#siteA#k4,REP-066|en|latin#132#siteA,4,REP-066|en|latin#132,REP-066,C6,earthquakes,en,latin,baseline,A,0.120929,0.939536,en,776
REP-066|en|latin#132#siteB#k0,REP-066|en|latin#132#siteB,0,REP-066|en|latin#132,REP-066,C6,earthquakes,en,latin,baseline,B,0.259884,0.870058,en,720
REP-066|en|latin#132#siteB#k1,REP-066|en|latin#132#siteB,1,REP-066|en|latin#132,REP-066,C6,earthquakes,en,latin,baseline,B,0.256037,0.871982,en,739
REP-066|en|latin#132#siteB#k2,REP-066|en|latin#132#siteB,2,REP-066|en|latin#132,REP-066,C6,earthquakes,en,latin,baseline,B,0.230327,0.884837,en,713
REP-066|en|latin#132#siteB#k3,REP-066|en|latin#132#siteB,3,REP-066|en|latin#132,REP-066,C6,earthquakes,en,latin,baseline,B,0.242778,0.878611,en,754
REP-066|en|latin#132#siteB#k4,REP-066|en|latin#132#siteB,4,REP-066|en|latin#132,REP-066,C6,earthquakes,en,latin,baseline,B,0.24907,0.875465,en,749
REP-067|zh|hanzi#133#siteA#k0,REP-067|zh|hanzi#133#siteA,0,REP-067|zh|hanzi#133,REP-067,C1,disease,zh,hanzi,baseline,A,0.170669,0.914665,en,573
REP-067|zh|hanzi#133#siteA#k1,REP-067|zh|hanzi#133#siteA,1,REP-067|zh|hanzi#133,REP-067,C1,disease,zh,hanzi,baseline,A,0.18085,0.909575,en,584
REP-067|zh|hanzi#133#siteA#k2,REP-067|zh|hanzi#133#siteA,2,REP-067|zh|hanzi#133,REP-067,C1,disease,zh,hanzi,baseline,A,0.167751,0.916125,en,576
REP-067|zh|hanzi#133#siteA#k3,REP-067|zh|hanzi#133#siteA,3,REP-067|zh|hanzi#133,REP-067,C1,disease,zh,hanzi,baseline,A,0.177634,0.911183,en,625
REP-067|zh|hanzi#133#siteA#k4,REP-067|zh|hanzi#133#siteA,4,REP-067|zh|hanzi#133,REP-067,C1,disease,zh,hanzi,baseline,A,0.172919,0.913541,en,653
REP-067|zh|hanzi#133#siteB#k0,REP-067|zh|hanzi#133#siteB,0,REP-067|zh|hanzi#133,REP-067,C1,disease,zh,hanzi,baseline,B,0.203999,0.898,en,608
REP-067|zh|hanzi#133#siteB#k1,REP-067|zh|hanzi#133#siteB,1,REP-067|zh|hanzi#133,REP-067,C1,disease,zh,hanzi,baseline,B,0.18521,0.907395,mixed,495
REP-067|zh|hanzi#133#siteB#k2,REP-067|zh|hanzi#133#siteB,2,REP-067|zh|hanzi#133,REP-067,C1,disease,zh,hanzi,baseline,B,0.202745,0.898628,mixed,516
REP-067|zh|hanzi#133#siteB#k3,REP-067|zh|hanzi#133#siteB,3,REP-067|zh|hanzi#133,REP-067,C1,disease,zh,hanzi,baseline,B,0.183643,0.908179,en,569
REP-067|zh|hanzi#133#siteB#k4,REP-067|zh|hanzi#133#siteB,4,REP-067|zh|hanzi#133,REP-067,C1,disease,zh,hanzi,baseline,B,0.190906,0.904547,en,567
REP-067|en|latin#134#siteA#k0,REP-067|en|latin#134#siteA,0,REP-067|en|latin#134,REP-067,C1,disease,en,latin,baseline,A,0.190436,0.904782,en,696
REP-067|en|latin#134#siteA#k1,REP-067|en|latin#134#siteA,1,REP-067|en|latin#134,REP-067,C1,disease,en,latin,baseline,A,0.186132,0.906934,en,715
REP-067|en|latin#134#siteA#k2,REP-067|en|latin#134#siteA,2,REP-067|en|latin#134,REP-067,C1,disease,en,latin,baseline,A,0.197221,0.90139,en,725
REP-067|en|latin#134#siteA#k3,REP-067|en|latin#134#siteA,3,REP-067|en|latin#134,REP-067,C1,disease,en,latin,baseline,A,0.189075,0.905463,en,717
REP-067|en|latin#134#siteA#k4,REP-067|en|latin#134#siteA,4,REP-067|en|latin#134,REP-067,C1,disease,en,latin,baseline,A,0.185601,0.9072,en,718
REP-067|en|latin#134#siteB#k0,REP-067|en|latin#134#siteB,0,REP-067|en|latin#134,REP-067,C1,disease,en,latin,baseline,B,0.203702,0.898149,en,799
REP-067|en|latin#134#siteB#k1,REP-067|en|latin#134#siteB,1,REP-067|en|latin#134,REP-067,C1,disease,en,latin,baseline,B,0.190949,0.904525,en,761
REP-067|en|latin#134#siteB#k2,REP-067|en|latin#134#siteB,2,REP-067|en|latin#134,REP-067,C1,disease,en,latin,baseline,B,0.195548,0.902226,en,842
REP-067|en|latin#134#siteB#k3,REP-067|en|latin#134#siteB,3,REP-067|en|latin#134,REP-067,C1,disease,en,latin,baseline,B,0.198587,0.900706,en,793
REP-067|en|latin#134#siteB#k4,REP-067|en|latin#134#siteB,4,REP-067|en|latin#134,REP-067,C1,disease,en,latin,baseline,B,0.187921,0.90604,en,775
REP-068|zh|hanzi#135#siteA#k0,REP-068|zh|hanzi#135#siteA,0,REP-068|zh|hanzi#135,REP-068,C2,disease,zh,hanzi,baseline,A,0.147969,0.926015,en,616
REP-068|zh|hanzi#135#siteA#k1,REP-068|zh|hanzi#135#siteA,1,REP-068|zh|hanzi#135,REP-068,C2,disease,zh,hanzi,baseline,A,0.146162,0.926919,en,581
REP-068|zh|hanzi#135#siteA#k2,REP-068|zh|hanzi#135#siteA,2,REP-068|zh|hanzi#135,REP-068,C2,disease,zh,hanzi,baseline,A,0.14364,0.92818,en,625
REP-068|zh|hanzi#135#siteA#k3,REP-068|zh|hanzi#135#siteA,3,REP-068|zh|hanzi#135,REP-068,C2,disease,zh,hanzi,baseline,A,0.146697,0.926651,en,575
REP-068|zh|hanzi#135#siteA#k4,REP-068|zh|hanzi#135#siteA,4,REP-068|zh|hanzi#135,REP-068,C2,disease,zh,hanzi,baseline,A,0.152593,0.923703,en,595
REP-068|zh|hanzi#135#siteB#k0,REP-068|zh|hanzi#135#siteB,0,REP-068|zh|hanzi#135,REP-068,C2,disease,zh,hanzi,baseline,B,0.202599,0.898701,mixed,548
REP-068|zh|hanzi#135#siteB#k1,REP-068|zh|hanzi#135#siteB,1,REP-068|zh|hanzi#135,REP-068,C2,disease,zh,hanzi,baseline,B,0.201284,0.899358,mixed,536
REP-068|zh|hanzi#135#siteB#k2,REP-068|zh|hanzi#135#siteB,2,REP-068|zh|hanzi#135,REP-068,C2,disease,zh,hanzi,baseline,B,0.20832,0.89584,mixed,508
REP-068|zh|hanzi#135#siteB#k3,REP-068|zh|hanzi#135#siteB,3,REP-068|zh|hanzi#135,REP-068,C2,disease,zh,hanzi,baseline,B,0.246095,0.876953,mixed,544
REP-068|zh|hanzi#135#siteB#k4,REP-068|zh|hanzi#135#siteB,4,REP-068|zh|hanzi#135,REP-068,C2,disease,zh,hanzi,baseline,B,0.222865,0.888568,mixed,555
REP-068|en|latin#136#siteA#k0,REP-068|en|latin#136#siteA,0,REP-068|en|latin#136,REP-068,C2,disease,en,latin,baseline,A,0.161343,0.919329,en,747
REP-068|en|latin#136#siteA#k1,REP-068|en|latin#136#siteA,1,REP-068|en|latin#136,REP-068,C2,disease,en,latin,baseline,A,0.177219,0.91139,en,755
REP-068|en|latin#136#siteA#k2,REP-068|en|latin#136#siteA,2,REP-068|en|latin#136,REP-068,C2,disease,en,latin,baseline,A,0.170685,0.914657,en,756
REP-068|en|latin#136#siteA#k3,REP-068|en|latin#136#siteA,3,REP-068|en|latin#136,REP-068,C2,disease,en,latin,baseline,A,0.178069,0.910965,en,699
REP-068|en|latin#136#siteA#k4,REP-068|en|latin#136#siteA,4,REP-068|en|latin#136,REP-068,C2,disease,en,latin,baseline,A,0.17606,0.91197,en,731
REP-068|en|latin#136#siteB#k0,REP-068|en|latin#136#siteB,0,REP-068|en|latin#136,REP-068,C2,disease,en,latin,baseline,B,0.249977,0.875012,en,728
REP-068|en|latin#136#siteB#k1,REP-068|en|latin#136#siteB,1,REP-068|en|latin#136,REP-068,C2,disease,en,latin,baseline,B,0.265743,0.867129,en,757
REP-068|en|latin#136#siteB#k2,REP-068|en|latin#136#siteB,2,REP-068|en|latin#136,REP-068,C2,disease,en,latin,baseline,B,0.281564,0.859218,en,752
REP-068|en|latin#136#siteB#k3,REP-068|en|latin#136#siteB,3,REP-068|en|latin#136,REP-068,C2,disease,en,latin,baseline,B,0.272633,0.863684,en,781
REP-068|en|latin#136#siteB#k4,REP-068|en|latin#136#siteB,4,REP-068|en|latin#136,REP-068,C2,disease,en,latin,baseline,B,0.263681,0.86816,en,747
REP-069|zh|hanzi#137#siteA#k0,REP-069|zh|hanzi#137#siteA,0,REP-069|zh|hanzi#137,REP-069,C3,disease,zh,hanzi,baseline,A,0.175393,0.912303,en,578
REP-069|zh|hanzi#137#siteA#k1,REP-069|zh|hanzi#137#siteA,1,REP-069|zh|hanzi#137,REP-069,C3,disease,zh,hanzi,baseline,A,0.183297,0.908351,en,621
REP-069|zh|hanzi#137#siteA#k2,REP-069|zh|hanzi#137#siteA,2,REP-069|zh|hanzi#137,REP-069,C3,disease,zh,hanzi,baseline,A,0.179192,0.910404,en,619
REP-069|zh|hanzi#137#siteA#k3,REP-069|zh|hanzi#137#siteA,3,REP-069|zh|hanzi#137,REP-069,C3,disease,zh,hanzi,baseline,A,0.186195,0.906903,en,599
REP-069|zh|hanzi#137#siteA#k4,REP-069|zh|hanzi#137#siteA,4,REP-069|zh|hanzi#137,REP-069,C3,disease,zh,hanzi,baseline,A,0.179557,0.910222,en,633
REP-069|zh|hanzi#137#siteB#k0,REP-069|zh|hanzi#137#siteB,0,REP-069|zh|hanzi#137,REP-069,C3,disease,zh,hanzi,baseline,B,0.224541,0.88773,mixed,496
REP-069|zh|hanzi#137#siteB#k1,REP-069|zh|hanzi#137#siteB,1,REP-069|zh|hanzi#137,REP-069,C3,disease,zh,hanzi,baseline,B,0.234491,0.882755,mixed,505
REP-069|zh|hanzi#137#siteB#k2,REP-069|zh|hanzi#137#siteB,2,REP-069|zh|hanzi#137,REP-069,C3,disease,zh,hanzi,baseline,B,0.219756,0.890122,mixed,494
REP-069|zh|hanzi#137#siteB#k3,REP-069|zh|hanzi#137#siteB,3,REP-069|zh|hanzi#137,REP-069,C3,disease,zh,hanzi,baseline,B,0.250138,0.874931,mixed,535
REP-069|zh|hanzi#137#siteB#k4,REP-069|zh|hanzi#137#siteB,4,REP-069|zh|hanzi#137,REP-069,C3,disease,zh,hanzi,baseline,B,0.221829,0.889086,mixed,512
REP-069|en|latin#138#siteA#k0,REP-069|en|latin#138#siteA,0,REP-069|en|latin#138,REP-069,C3,disease,en,latin,baseline,A,0.250993,0.874504,en,692
REP-069|en|latin#138#siteA#k1,REP-069|en|latin#138#siteA,1,REP-069|en|latin#138,REP-069,C3,disease,en,latin,baseline,A,0.229084,0.885458,en,766
REP-069|en|latin#138#siteA#k2,REP-069|en|latin#138#siteA,2,REP-069|en|latin#138,REP-069,C3,disease,en,latin,baseline,A,0.232733,0.883634,en,744
REP-069|en|latin#138#siteA#k3,REP-069|en|latin#138#siteA,3,REP-069|en|latin#138,REP-069,C3,disease,en,latin,baseline,A,0.212134,0.893933,en,755
REP-069|en|latin#138#siteA#k4,REP-069|en|latin#138#siteA,4,REP-069|en|latin#138,REP-069,C3,disease,en,latin,baseline,A,0.249379,0.875311,en,729
REP-069|en|latin#138#siteB#k0,REP-069|en|latin#138#siteB,0,REP-069|en|latin#138,REP-069,C3,disease,en,latin,baseline,B,0.284242,0.857879,en,761
REP-069|en|latin#138#siteB#k1,REP-069|en|latin#138#siteB,1,REP-069|en|latin#138,REP-069,C3,disease,en,latin,baseline,B,0.301026,0.849487,en,742
REP-069|en|latin#138#siteB#k2,REP-069|en|latin#138#siteB,2,REP-069|en|latin#138,REP-069,C3,disease,en,latin,baseline,B,0.275675,0.862162,en,752
REP-069|en|latin#138#siteB#k3,REP-069|en|latin#138#siteB,3,REP-069|en|latin#138,REP-069,C3,disease,en,latin,baseline,B,0.287265,0.856367,en,723
REP-069|en|latin#138#siteB#k4,REP-069|en|latin#138#siteB,4,REP-069|en|latin#138,REP-069,C3,disease,en,latin,baseline,B,0.298225,0.850888,en,734
REP-070|zh|hanzi#139#siteA#k0,REP-070|zh|hanzi#139#siteA,0,REP-070|zh|hanzi#139,REP-070,C4,disease,zh,hanzi,baseline,A,0.132109,0.933946,mixed,527
REP-070|zh|hanzi#139#siteA#k1,REP-070|zh|hanzi#139#siteA,1,REP-070|zh|hanzi#139,REP-070,C4,disease,zh,hanzi,baseline,A,0.13099,0.934505,en,586
REP-070|zh|hanzi#139#siteA#k2,REP-070|zh|hanzi#139#siteA,2,REP-070|zh|hanzi#139,REP-070,C4,disease,zh,hanzi,baseline,A,0.13028,0.93486,en,646
REP-070|zh|hanzi#139#siteA#k3,REP-070|zh|hanzi#139#siteA,3,REP-070|zh|hanzi#139,REP-070,C4,disease,zh,hanzi,baseline,A,0.139982,0.930009,mixed,529
REP-070|zh|hanzi#139#siteA#k4,REP-070|zh|hanzi#139#siteA,4,REP-070|zh|hanzi#139,REP-070,C4,disease,zh,hanzi,baseline,A,0.134168,0.932916,en,564
REP-070|zh|hanzi#139#siteB#k0,REP-070|zh|hanzi#139#siteB,0,REP-070|zh|hanzi#139,REP-070,C4,disease,zh,hanzi,baseline,B,0.280728,0.859636,mixed,518
REP-070|zh|hanzi#139#siteB#k1,REP-070|zh|hanzi#139#siteB,1,REP-070|zh|hanzi#139,REP-070,C4,disease,zh,hanzi,baseline,B,0.265187,0.867406,mixed,529
REP-070|zh|hanzi#139#siteB#k2,REP-070|zh|hanzi#139#siteB,2,REP-070|zh|hanzi#139,REP-070,C4,disease,zh,hanzi,baseline,B,0.267387,0.866307,mixed,504
REP-070|zh|hanzi#139#siteB#k3,REP-070|zh|hanzi#139#siteB,3,REP-070|zh|hanzi#139,REP-070,C4,disease,zh,hanzi,baseline,B,0.270925,0.864537,mixed,558
REP-070|zh|hanzi#139#siteB#k4,REP-070|zh|hanzi#139#siteB,4,REP-070|zh|hanzi#139,REP-070,C4,disease,zh,hanzi,baseline,B,0.266005,0.866998,mixed,511
REP-070|en|latin#140#siteA#k0,REP-070|en|latin#140#siteA,0,REP-070|en|latin#140,REP-070,C4,disease,en,latin,baseline,A,0.156263,0.921869,en,730
REP-070|en|latin#140#siteA#k1,REP-070|en|latin#140#siteA,1,REP-070|en|latin#140,REP-070,C4,disease,en,latin,baseline,A,0.138923,0.930539,en,707
REP-070|en|latin#140#siteA#k2,REP-070|en|latin#140#siteA,2,REP-070|en|latin#140,REP-070,C4,disease,en,latin,baseline,A,0.147445,0.926278,en,693
REP-070|en|latin#140#siteA#k3,REP-070|en|latin#140#siteA,3,REP-070|en|latin#140,REP-070,C4,disease,en,latin,baseline,A,0.146317,0.926842,en,704
REP-070|en|latin#140#siteA#k4,REP-070|en|latin#140#siteA,4,REP-070|en|latin#140,REP-070,C4,disease,en,latin,baseline,A,0.143016,0.928492,en,689
REP-070|en|latin#140#siteB#k0,REP-070|en|latin#140#siteB,0,REP-070|en|latin#140,REP-070,C4,disease,en,latin,baseline,B,0.346768,0.826616,en,752
REP-070|en|latin#140#siteB#k1,REP-070|en|latin#140#siteB,1,REP-070|en|latin#140,REP-070,C4,disease,en,latin,baseline,B,0.332344,0.833828,en,741
REP-070|en|latin#140#siteB#k2,REP-070|en|latin#140#siteB,2,REP-070|en|latin#140,REP-070,C4,disease,en,latin,baseline,B,0.339025,0.830487,en,753
REP-070|en|latin#140#siteB#k3,REP-070|en|latin#140#siteB,3,REP-070|en|latin#140,REP-070,C4,disease,en,latin,baseline,B,0.359586,0.820207,en,726
REP-070|en|latin#140#siteB#k4,REP-070|en|latin#140#siteB,4,REP-070|en|latin#140,REP-070,C4,disease,en,latin,baseline,B,0.309798,0.845101,en,759
REP-071|zh|hanzi#141#siteA#k0,REP-071|zh|hanzi#141#siteA,0,REP-071|zh|hanzi#141,REP-071,C5,disease,zh,hanzi,baseline,A,0.177594,0.911203,en,609
REP-071|zh|hanzi#141#siteA#k1,REP-071|zh|hanzi#141#siteA,1,REP-071|zh|hanzi#141,REP-071,C5,disease,zh,hanzi,baseline,A,0.168124,0.915938,en,578
REP-071|zh|hanzi#141#siteA#k2,REP-071|zh|hanzi#141#siteA,2,REP-071|zh|hanzi#141,REP-071,C5,disease,zh,hanzi,baseline,A,0.173816,0.913092,en,585
REP-071|zh|hanzi#141#siteA#k3,REP-071|zh|hanzi#141#siteA,3,REP-071|zh|hanzi#141,REP-071,C5,disease,zh,hanzi,baseline,A,0.168025,0.915988,en,582
REP-071|zh|hanzi#141#siteA#k4,REP-071|zh|hanzi#141#siteA,4,REP-071|zh|hanzi#141,REP-071,C5,disease,zh,hanzi,baseline,A,0.176566,0.911717,en,590
REP-071|zh|hanzi#141#siteB#k0,REP-071|zh|hanzi#141#siteB,0,REP-071|zh|hanzi#141,REP-071,C5,disease,zh,hanzi,baseline,B,0.214034,0.892984,mixed,554
REP-071|zh|hanzi#141#siteB#k1,REP-071|zh|hanzi#141#siteB,1,REP-071|zh|hanzi#141,REP-071,C5,disease,zh,hanzi,baseline,B,0.211974,0.894013,mixed,521
REP-071|zh|hanzi#141#siteB#k2,REP-071|zh|hanzi#141#siteB,2,REP-071|zh|hanzi#141,REP-071,C5,disease,zh,hanzi,baseline,B,0.206862,0.896569,mixed,540
REP-071|zh|hanzi#141#siteB#k3,REP-071|zh|hanzi#141#siteB,3,REP-071|zh|hanzi#141,REP-071,C5,disease,zh,hanzi,baseline,B,0.207928,0.896036,mixed,482
REP-071|zh|hanzi#141#siteB#k4,REP-071|zh|hanzi#141#siteB,4,REP-071|zh|hanzi#141,REP-071,C5,disease,zh,hanzi,baseline,B,0.215775,0.892112,mixed,491
REP-071|en|latin#142#siteA#k0,REP-071|en|latin#142#siteA,0,REP-071|en|latin#142,REP-071,C5,disease,en,latin,baseline,A,0.128168,0.935916,en,715
REP-071|en|latin#142#siteA#k1,REP-071|en|latin#142#siteA,1,REP-071|en|latin#142,REP-071,C5,disease,en,latin,baseline,A,0.126376,0.936812,en,694
REP-071|en|latin#142#siteA#k2,REP-071|en|latin#142#siteA,2,REP-071|en|latin#142,REP-071,C5,disease,en,latin,baseline,A,0.115714,0.942143,en,744
REP-071|en|latin#142#siteA#k3,REP-071|en|latin#142#siteA,3,REP-071|en|latin#142,REP-071,C5,disease,en,latin,baseline,A,0.140428,0.929786,en,705
REP-071|en|latin#142#siteA#k4,REP-071|en|latin#142#siteA,4,REP-071|en|latin#142,REP-071,C5,disease,en,latin,baseline,A,0.132103,0.933949,en,701
REP-071|en|latin#142#siteB#k0,REP-071|en|latin#142#siteB,0,REP-071|en|latin#142,REP-071,C5,disease,en,latin,baseline,B,0.198163,0.900919,en,761
REP-071|en|latin#142#siteB#k1,REP-071|en|latin#142#siteB,1,REP-071|en|latin#142,REP-071,C5,disease,en,latin,baseline,B,0.21947,0.890265,en,735
REP-071|en|latin#142#siteB#k2,REP-071|en|latin#142#siteB,2,REP-071|en|latin#142,REP-071,C5,disease,en,latin,baseline,B,0.201303,0.899349,en,753
REP-071|en|latin#142#siteB#k3,REP-071|en|latin#142#siteB,3,REP-071|en|latin#142,REP-071,C5,disease,en,latin,baseline,B,0.204231,0.897885,en,755
REP-071|en|latin#142#siteB#k4,REP-071|en|latin#142#siteB,4,REP-071|en|latin#142,REP-071,C5,disease,en,latin,baseline,B,0.212711,0.893644,en,759
REP-072|zh|hanzi#143#siteA#k0,REP-072|zh|hanzi#143#siteA,0,REP-072|zh|hanzi#143,REP-072,C6,disease,zh,hanzi,baseline,A,0.141964,0.929018,en,578
REP-072|zh|hanzi#143#siteA#k1,REP-072|zh|hanzi#143#siteA,1,REP-072|zh|hanzi#143,REP-072,C6,disease,zh,hanzi,baseline,A,0.135649,0.932176,en,545
REP-072|zh|hanzi#143#siteA#k2,REP-072|zh|hanzi#143#siteA,2,REP-072|zh|hanzi#143,REP-072,C6,disease,zh,hanzi,baseline,A,0.128406,0.935797,en,553
REP-072|zh|hanzi#143#siteA#k3,REP-072|zh|hanzi#143#siteA,3,REP-072|zh|hanzi#143,REP-072,C6,disease,zh,hanzi,baseline,A,0.126249,0.936875,en,566
REP-072|zh|hanzi#143#siteA#k4,REP-072|zh|hanzi#143#siteA,4,REP-072|zh|hanzi#143,REP-072,C6,disease,zh,hanzi,baseline,A,0.135033,0.932483,en,559
REP-072|zh|hanzi#143#siteB#k0,REP-072|zh|hanzi#143#siteB,0,REP-072|zh|hanzi#143,REP-072,C6,disease,zh,hanzi,baseline,B,0.196731,0.901635,mixed,518
REP-072|zh|hanzi#143#siteB#k1,REP-072|zh|hanzi#143#siteB,1,REP-072|zh|hanzi#143,REP-072,C6,disease,zh,hanzi,baseline,B,0.189336,0.905332,mixed,488
REP-072|zh|hanzi#143#siteB#k2,REP-072|zh|hanzi#143#siteB,2,REP-072|zh|hanzi#143,REP-072,C6,disease,zh,hanzi,baseline,B,0.201794,0.899103,en,540
REP-072|zh|hanzi#143#siteB#k3,REP-072|zh|hanzi#143#siteB,3,REP-072|zh|hanzi#143,REP-072,C6,disease,zh,hanzi,baseline,B,0.202723,0.898639,mixed,512
REP-072|zh|hanzi#143#siteB#k4,REP-072|zh|hanzi#143#siteB,4,REP-072|zh|hanzi#143,REP-072,C6,disease,zh,hanzi,baseline,B,0.194993,0.902503,mixed,513
REP-072|en|latin#144#siteA#k0,REP-072|en|latin#144#siteA,0,REP-072|en|latin#144,REP-072,C6,disease,en,latin,baseline,A,0.159956,0.920022,en,703
REP-072|en|latin#144#siteA#k1,REP-072|en|latin#144#siteA,1,REP-072|en|latin#144,REP-072,C6,disease,en,latin,baseline,A,0.147326,0.926337,en,722
REP-072|en|latin#144#siteA#k2,REP-072|en|latin#144#siteA,2,REP-072|en|latin#144,REP-072,C6,disease,en,latin,baseline,A,0.156981,0.92151,en,723
REP-072|en|latin#144#siteA#k3,REP-072|en|latin#144#siteA,3,REP-072|en|latin#144,REP-072,C6,disease,en,latin,baseline,A,0.141184,0.929408,en,699
REP-072|en|latin#144#siteA#k4,REP-072|en|latin#144#siteA,4,REP-072|en|latin#144,REP-072,C6,disease,en,latin,baseline,A,0.138964,0.930518,en,673
REP-072|en|latin#144#siteB#k0,REP-072|en|latin#144#siteB,0,REP-072|en|latin#144,REP-072,C6,disease,en,latin,baseline,B,0.22314,0.88843,en,722
REP-072|en|latin#144#siteB#k1,REP-072|en|latin#144#siteB,1,REP-072|en|latin#144,REP-072,C6,disease,en,latin,baseline,B,0.257669,0.871166,en,729
REP-072|en|latin#144#siteB#k2,REP-072|en|latin#144#siteB,2,REP-072|en|latin#144,REP-072,C6,disease,en,latin,baseline,B,0.227934,0.886033,en,761
REP-072|en|latin#144#siteB#k3,REP-072|en|latin#144#siteB,3,REP-072|en|latin#144,REP-072,C6,disease,en,latin,baseline,B,0.214611,0.892694,en,765
REP-072|en|latin#144#siteB#k4,REP-072|en|latin#144#siteB,4,REP-072|en|latin#144,REP-072,C6,disease,en,latin,baseline,B,0.222237,0.888882,en,730
REP-073|zh|hanzi#145#siteA#k0,REP-073|zh|hanzi#145#siteA,0,REP-073|zh|hanzi#145,REP-073,C1,funerals,zh,hanzi,baseline,A,0.15784,0.92108,en,592
REP-073|zh|hanzi#145#siteA#k1,REP-073|zh|hanzi#145#siteA,1,REP-073|zh|hanzi#145,REP-073,C1,funerals,zh,hanzi,baseline,A,0.158733,0.920633,en,626
REP-073|zh|hanzi#145#siteA#k2,REP-073|zh|hanzi#145#siteA,2,REP-073|zh|hanzi#145,REP-073,C1,funerals,zh,hanzi,baseline,A,0.161461,0.919269,en,549
REP-073|zh|hanzi#145#siteA#k3,REP-073|zh|hanzi#145#siteA,3,REP-073|zh|hanzi#145,REP-073,C1,funerals,zh,hanzi,baseline,A,0.150153,0.924923,en,560
REP-073|zh|hanzi#145#siteA#k4,REP-073|zh|hanzi#145#siteA,4,REP-073|zh|hanzi#145,REP-073,C1,funerals,zh,hanzi,baseline,A,0.154522,0.922739,en,585
REP-073|zh|hanzi#145#siteB#k0,REP-073|zh|hanzi#145#siteB,0,REP-073|zh|hanzi#145,REP-073,C1,funerals,zh,hanzi,baseline,B,0.192176,0.903912,en,578
REP-073|zh|hanzi#145#siteB#k1,REP-073|zh|hanzi#145#siteB,1,REP-073|zh|hanzi#145,REP-073,C1,funerals,zh,hanzi,baseline,B,0.193858,0.903071,mixed,576
REP-073|zh|hanzi#145#siteB#k2,REP-073|zh|hanzi#145#siteB,2,REP-073|zh|hanzi#145,REP-073,C1,funerals,zh,hanzi,baseline,B,0.205038,0.897481,mixed,522
REP-073|zh|hanzi#145#siteB#k3,REP-073|zh|hanzi#145#siteB,3,REP-073|zh|hanzi#145,REP-073,C1,funerals,zh,hanzi,baseline,B,0.188803,0.905599,en,562
REP-073|zh|hanzi#145#siteB#k4,REP-073|zh|hanzi#145#siteB,4,REP-073|zh|hanzi#145,REP-073,C1,funerals,zh,hanzi,baseline,B,0.183401,0.9083,en,564
REP-073|en|latin#146#siteA#k0,REP-073|en|latin#146#siteA,0,REP-073|en|latin#146,REP-073,C1,funerals,en,latin,baseline,A,0.149728,0.925136,en,731
REP-073|en|latin#146#siteA#k1,REP-073|en|latin#146#siteA,1,REP-073|en|latin#146,REP-073,C1,funerals,en,latin,baseline,A,0.150653,0.924674,en,698
REP-073|en|latin#146#siteA#k2,REP-073|en|latin#146#siteA,2,REP-073|en|latin#146,REP-073,C1,funerals,en,latin,baseline,A,0.15072,0.92464,en,668
REP-073|en|latin#146#siteA#k3,REP-073|en|latin#146#siteA,3,REP-073|en|latin#146,REP-073,C1,funerals,en,latin,baseline,A,0.1534,0.9233,en,678
REP-073|en|latin#146#siteA#k4,REP-073|en|latin#146#siteA,4,REP-073|en|latin#146,REP-073,C1,funerals,en,latin,baseline,A,0.142877,0.928561,en,690
REP-073|en|latin#146#siteB#k0,REP-073|en|latin#146#siteB,0,REP-073|en|latin#146,REP-073,C1,funerals,en,latin,baseline,B,0.224839,0.887581,en,799
REP-073|en|latin#146#siteB#k1,REP-073|en|latin#146#siteB,1,REP-073|en|latin#146,REP-073,C1,funerals,en,latin,baseline,B,0.200423,0.899789,en,787
REP-073|en|latin#146#siteB#k2,REP-073|en|latin#146#siteB,2,REP-073|en|latin#146,REP-073,C1,funerals,en,latin,baseline,B,0.225531,0.887235,en,766
REP-073|en|latin#146#siteB#k3,REP-073|en|latin#146#siteB,3,REP-073|en|latin#146,REP-073,C1,funerals,en,latin,baseline,B,0.211566,0.894217,en,782
REP-073|en|latin#146#siteB#k4,REP-073|en|latin#146#siteB,4,REP-073|en|latin#146,REP-073,C1,funerals,en,latin,baseline,B,0.222738,0.888631,en,810
REP-074|zh|hanzi#147#siteA#k0,REP-074|zh|hanzi#147#siteA,0,REP-074|zh|hanzi#147,REP-074,C2,funerals,zh,hanzi,baseline,A,0.151852,0.924074,en,562
REP-074|zh|hanzi#147#siteA#k1,REP-074|zh|hanzi#147#siteA,1,REP-074|zh|hanzi#147,REP-074,C2,funerals,zh,hanzi,baseline,A,0.149847,0.925076,en,583
REP-074|zh|hanzi#147#siteA#k2,REP-074|zh|hanzi#147#siteA,2,REP-074|zh|hanzi#147,REP-074,C2,funerals,zh,hanzi,baseline,A,0.17003,0.914985,en,580
REP-074|zh|hanzi#147#siteA#k3,REP-074|zh|hanzi#147#siteA,3,REP-074|zh|hanzi#147,REP-074,C2,funerals,zh,hanzi,baseline,A,0.146925,0.926538,en,584
REP-074|zh|hanzi#147#siteA#k4,REP-074|zh|hanzi#147#siteA,4,REP-074|zh|hanzi#147,REP-074,C2,funerals,zh,hanzi,baseline,A,0.151564,0.924218,en,569
REP-074|zh|hanzi#147#siteB#k0,REP-074|zh|hanzi#147#siteB,0,REP-074|zh|hanzi#147,REP-074,C2,funerals,zh,hanzi,baseline,B,0.219181,0.890409,mixed,495
REP-074|zh|hanzi#147#siteB#k1,REP-074|zh|hanzi#147#siteB,1,REP-074|zh|hanzi#147,REP-074,C2,funerals,zh,hanzi,baseline,B,0.214498,0.892751,mixed,508
REP-074|zh|hanzi#147#siteB#k2,REP-074|zh|hanzi#147#siteB,2,REP-074|zh|hanzi#147,REP-074,C2,funerals,zh,hanzi,baseline,B,0.222169,0.888915,mixed,576
REP-074|zh|hanzi#147#siteB#k3,REP-074|zh|hanzi#147#siteB,3,REP-074|zh|hanzi#147,REP-074,C2,funerals,zh,hanzi,baseline,B,0.207821,0.89609,mixed,509
REP-074|zh|hanzi#147#siteB#k4,REP-074|zh|hanzi#147#siteB,4,REP-074|zh|hanzi#147,REP-074,C2,funerals,zh,hanzi,baseline,B,0.225189,0.887405,mixed,550
REP-074|en|latin#148#siteA#k0,REP-074|en|latin#148#siteA,0,REP-074|en|latin#148,REP-074,C2,funerals,en,latin,baseline,A,0.151075,0.924462,en,713
REP-074|en|latin#148#siteA#k1,REP-074|en|latin#148#siteA,1,REP-074|en|latin#148,REP-074,C2,funerals,en,latin,baseline,A,0.143075,0.928463,en,731
REP-074|en|latin#148#siteA#k2,REP-074|en|latin#148#siteA,2,REP-074|en|latin#148,REP-074,C2,funerals,en,latin,baseline,A,0.141339,0.92933,en,703
REP-074|en|latin#148#siteA#k3,REP-074|en|latin#148#siteA,3,REP-074|en|latin#148,REP-074,C2,funerals,en,latin,baseline,A,0.151751,0.924124,en,718
REP-074|en|latin#148#siteA#k4,REP-074|en|latin#148#siteA,4,REP-074|en|latin#148,REP-074,C2,funerals,en,latin,baseline,A,0.139982,0.930009,en,708
REP-074|en|latin#148#siteB#k0,REP-074|en|latin#148#siteB,0,REP-074|en|latin#148,REP-074,C2,funerals,en,latin,baseline,B,0.250168,0.874916,en,722
REP-074|en|latin#148#siteB#k1,REP-074|en|latin#148#siteB,1,REP-074|en|latin#148,REP-074,C2,funerals,en,latin,baseline,B,0.251844,0.874078,en,761
REP-074|en|latin#148#siteB#k2,REP-074|en|latin#148#siteB,2,REP-074|en|latin#148,REP-074,C2,funerals,en,latin,baseline,B,0.249666,0.875167,en,766
REP-074|en|latin#148#siteB#k3,REP-074|en|latin#148#siteB,3,REP-074|en|latin#148,REP-074,C2,funerals,en,latin,baseline,B,0.258376,0.870812,en,736
REP-074|en|latin#148#siteB#k4,REP-074|en|latin#148#siteB,4,REP-074|en|latin#148,REP-074,C2,funerals,en,latin,baseline,B,0.243938,0.878031,en,714
REP-075|zh|hanzi#149#siteA#k0,REP-075|zh|hanzi#149#siteA,0,REP-075|zh|hanzi#149,REP-075,C3,funerals,zh,hanzi,baseline,A,0.146847,0.926577,en,594
REP-075|zh|hanzi#149#siteA#k1,REP-075|zh|hanzi#149#siteA,1,REP-075|zh|hanzi#149,REP-075,C3,funerals,zh,hanzi,baseline,A,0.152552,0.923724,en,585
REP-075|zh|hanzi#149#siteA#k2,REP-075|zh|hanzi#149#siteA,2,REP-075|zh|hanzi#149,REP-075,C3,funerals,zh,hanzi,baseline,A,0.160934,0.919533,en,587
REP-075|zh|hanzi#149#siteA#k3,REP-075|zh|hanzi#149#siteA,3,REP-075|zh|hanzi#149,REP-075,C3,funerals,zh,hanzi,baseline,A,0.146736,0.926632,en,586
REP-075|zh|hanzi#149#siteA#k4,REP-075|zh|hanzi#149#siteA,4,REP-075|zh|hanzi#149,REP-075,C3,funerals,zh,hanzi,baseline,A,0.147701,0.92615,en,545
REP-075|zh|hanzi#149#siteB#k0,REP-075|zh|hanzi#149#siteB,0,REP-075|zh|hanzi#149,REP-075,C3,funerals,zh,hanzi,baseline,B,0.234941,0.88253,mixed,506
REP-075|zh|hanzi#149#siteB#k1,REP-075|zh|hanzi#149#siteB,1,REP-075|zh|hanzi#149,REP-075,C3,funerals,zh,hanzi,baseline,B,0.225298,0.887351,mixed,472
REP-075|zh|hanzi#149#siteB#k2,REP-075|zh|hanzi#149#siteB,2,REP-075|zh|hanzi#149,REP-075,C3,funerals,zh,hanzi,baseline,B,0.212972,0.893514,mixed,493
REP-075|zh|hanzi#149#siteB#k3,REP-075|zh|hanzi#149#siteB,3,REP-075|zh|hanzi#149,REP-075,C3,funerals,zh,hanzi,baseline,B,0.225626,0.887187,mixed,484
REP-075|zh|hanzi#149#siteB#k4,REP-075|zh|hanzi#149#siteB,4,REP-075|zh|hanzi#149,REP-075,C3,funerals,zh,hanzi,baseline,B,0.22533,0.887335,mixed,518
REP-075|en|latin#150#siteA#k0,REP-075|en|latin#150#siteA,0,REP-075|en|latin#150,REP-075,C3,funerals,en,latin,baseline,A,0.220642,0.889679,en,676
REP-075|en|latin#150#siteA#k1,REP-075|en|latin#150#siteA,1,REP-075|en|latin#150,REP-075,C3,funerals,en,latin,baseline,A,0.214039,0.892981,en,706
REP-075|en|latin#150#siteA#k2,REP-075|en|latin#150#siteA,2,REP-075|en|latin#150,REP-075,C3,funerals,en,latin,baseline,A,0.219529,0.890236,en,720
REP-075|en|latin#150#siteA#k3,REP-075|en|latin#150#siteA,3,REP-075|en|latin#150,REP-075,C3,funerals,en,latin,baseline,A,0.213821,0.89309,en,729
REP-075|en|latin#150#siteA#k4,REP-075|en|latin#150#siteA,4,REP-075|en|latin#150,REP-075,C3,funerals,en,latin,baseline,A,0.213216,0.893392,en,715
REP-075|en|latin#150#siteB#k0,REP-075|en|latin#150#siteB,0,REP-075|en|latin#150,REP-075,C3,funerals,en,latin,baseline,B,0.324849,0.837576,en,777
REP-075|en|latin#150#siteB#k1,REP-075|en|latin#150#siteB,1,REP-075|en|latin#150,REP-075,C3,funerals,en,latin,baseline,B,0.315343,0.842329,en,762
REP-075|en|latin#150#siteB#k2,REP-075|en|latin#150#siteB,2,REP-075|en|latin#150,REP-075,C3,funerals,en,latin,baseline,B,0.303717,0.848141,en,735
REP-075|en|latin#150#siteB#k3,REP-075|en|latin#150#siteB,3,REP-075|en|latin#150,REP-075,C3,funerals,en,latin,baseline,B,0.293053,0.853474,en,731
REP-075|en|latin#150#siteB#k4,REP-075|en|latin#150#siteB,4,REP-075|en|latin#150,REP-075,C3,funerals,en,latin,baseline,B,0.29822,0.85089,en,750
REP-076|zh|hanzi#151#siteA#k0,REP-076|zh|hanzi#151#siteA,0,REP-076|zh|hanzi#151,REP-076,C4,funerals,zh,hanzi,baseline,A,0.163425,0.918287,en,593
REP-076|zh|hanzi#151#siteA#k1,REP-076|zh|hanzi#151#siteA,1,REP-076|zh|hanzi#151,REP-076,C4,funerals,zh,hanzi,baseline,A,0.16137,0.919315,en,570
REP-076|zh|hanzi#151#siteA#k2,REP-076|zh|hanzi#151#siteA,2,REP-076|zh|hanzi#151,REP-076,C4,funerals,zh,hanzi,baseline,A,0.149963,0.925018,en,589
REP-076|zh|hanzi#151#siteA#k3,REP-076|zh|hanzi#151#siteA,3,REP-076|zh|hanzi#151,REP-076,C4,funerals,zh,hanzi,baseline,A,0.157299,0.92135,en,615
REP-076|zh|hanzi#151#siteA#k4,REP-076|zh|hanzi#151#siteA,4,REP-076|zh|hanzi#151,REP-076,C4,funerals,zh,hanzi,baseline,A,0.168856,0.915572,en,611
REP-076|zh|hanzi#151#siteB#k0,REP-076|zh|hanzi#151#siteB,0,REP-076|zh|hanzi#151,REP-076,C4,funerals,zh,hanzi,baseline,B,0.214879,0.89256,mixed,516
REP-076|zh|hanzi#151#siteB#k1,REP-076|zh|hanzi#151#siteB,1,REP-076|zh|hanzi#151,REP-076,C4,funerals,zh,hanzi,baseline,B,0.214375,0.892813,mixed,496
REP-076|zh|hanzi#151#siteB#k2,REP-076|zh|hanzi#151#siteB,2,REP-076|zh|hanzi#151,REP-076,C4,funerals,zh,hanzi,baseline,B,0.220753,0.889624,mixed,512
REP-076|zh|hanzi#151#siteB#k3,REP-076|zh|hanzi#151#siteB,3,REP-076|zh|hanzi#151,REP-076,C4,funerals,zh,hanzi,baseline,B,0.214857,0.892572,mixed,495
REP-076|zh|hanzi#151#siteB#k4,REP-076|zh|hanzi#151#siteB,4,REP-076|zh|hanzi#151,REP-076,C4,funerals,zh,hanzi,baseline,B,0.213571,0.893215,mixed,497
REP-076|en|latin#152#siteA#k0,REP-076|en|latin#152#siteA,0,REP-076|en|latin#152,REP-076,C4,funerals,en,latin,baseline,A,0.167055,0.916473,en,663
REP-076|en|latin#152#siteA#k1,REP-076|en|latin#152#siteA,1,REP-076|en|latin#152,REP-076,C4,funerals,en,latin,baseline,A,0.174099,0.912951,en,695
REP-076|en|latin#152#siteA#k2,REP-076|en|latin#152#siteA,2,REP-076|en|latin#152,REP-076,C4,funerals,en,latin,baseline,A,0.164344,0.917828,en,679
REP-076|en|latin#152#siteA#k3,REP-076|en|latin#152#siteA,3,REP-076|en|latin#152,REP-076,C4,funerals,en,latin,baseline,A,0.167554,0.916223,en,662
REP-076|en|latin#152#siteA#k4,REP-076|en|latin#152#siteA,4,REP-076|en|latin#152,REP-076,C4,funerals,en,latin,baseline,A,0.152537,0.923732,en,678
REP-076|en|latin#152#siteB#k0,REP-076|en|latin#152#siteB,0,REP-076|en|latin#152,REP-076,C4,funerals,en,latin,baseline,B,0.289406,0.855297,en,740
REP-076|en|latin#152#siteB#k1,REP-076|en|latin#152#siteB,1,REP-076|en|latin#152,REP-076,C4,funerals,en,latin,baseline,B,0.296258,0.851871,en,711
REP-076|en|latin#152#siteB#k2,REP-076|en|latin#152#siteB,2,REP-076|en|latin#152,REP-076,C4,funerals,en,latin,baseline,B,0.269684,0.865158,en,721
REP-076|en|latin#152#siteB#k3,REP-076|en|latin#152#siteB,3,REP-076|en|latin#152,REP-076,C4,funerals,en,latin,baseline,B,0.287209,0.856396,en,722
REP-076|en|latin#152#siteB#k4,REP-076|en|latin#152#siteB,4,REP-076|en|latin#152,REP-076,C4,funerals,en,latin,baseline,B,0.281677,0.859161,en,748
REP-077|zh|hanzi#153#siteA#k0,REP-077|zh|hanzi#153#siteA,0,REP-077|zh|hanzi#153,REP-077,C5,funerals,zh,hanzi,baseline,A,0.164533,0.917734,en,582
REP-077|zh|hanzi#153#siteA#k1,REP-077|zh|hanzi#153#siteA,1,REP-077|zh|hanzi#153,REP-077,C5,funerals,zh,hanzi,baseline,A,0.157634,0.921183,en,557
REP-077|zh|hanzi#153#siteA#k2,REP-077|zh|hanzi#153#siteA,2,REP-077|zh|hanzi#153,REP-077,C5,funerals,zh,hanzi,baseline,A,0.155859,0.922071,en,527
REP-077|zh|hanzi#153#siteA#k3,REP-077|zh|hanzi#153#siteA,3,REP-077|zh|hanzi#153,REP-077,C5,funerals,zh,hanzi,baseline,A,0.157039,0.921481,en,591
REP-077|zh|hanzi#153#siteA#k4,REP-077|zh|hanzi#153#siteA,4,REP-077|zh|hanzi#153,REP-077,C5,funerals,zh,hanzi,baseline,A,0.156484,0.921758,en,563
REP-077|zh|hanzi#153#siteB#k0,REP-077|zh|hanzi#153#siteB,0,REP-077|zh|hanzi#153,REP-077,C5,funerals,zh,hanzi,baseline,B,0.183392,0.908304,mixed,498
REP-077|zh|hanzi#153#siteB#k1,REP-077|zh|hanzi#153#siteB,1,REP-077|zh|hanzi#153,REP-077,C5,funerals,zh,hanzi,baseline,B,0.190167,0.904916,mixed,493
REP-077|zh|hanzi#153#siteB#k2,REP-077|zh|hanzi#153#siteB,2,REP-077|zh|hanzi#153,REP-077,C5,funerals,zh,hanzi,baseline,B,0.195805,0.902097,mixed,520
REP-077|zh|hanzi#153#siteB#k3,REP-077|zh|hanzi#153#siteB,3,REP-077|zh|hanzi#153,REP-077,C5,funerals,zh,hanzi,baseline,B,0.194901,0.90255,mixed,479
REP-077|zh|hanzi#153#siteB#k4,REP-077|zh|hanzi#153#siteB,4,REP-077|zh|hanzi#153,REP-077,C5,funerals,zh,hanzi,baseline,B,0.197469,0.901266,mixed,500
REP-077|en|latin#154#siteA#k0,REP-077|en|latin#154#siteA,0,REP-077|en|latin#154,REP-077,C5,funerals,en,latin,baseline,A,0.133124,0.933438,en,667
REP-077|en|latin#154#siteA#k1,REP-077|en|latin#154#siteA,1,REP-077|en|latin#154,REP-077,C5,funerals,en,latin,baseline,A,0.129728,0.935136,en,733
REP-077|en|latin#154#siteA#k2,REP-077|en|latin#154#siteA,2,REP-077|en|latin#154,REP-077,C5,funerals,en,latin,baseline,A,0.130184,0.934908,en,701
REP-077|en|latin#154#siteA#k3,REP-077|en|latin#154#siteA,3,REP-077|en|latin#154,REP-077,C5,funerals,en,latin,baseline,A,0.133495,0.933252,en,693
REP-077|en|latin#154#siteA#k4,REP-077|en|latin#154#siteA,4,REP-077|en|latin#154,REP-077,C5,funerals,en,latin,baseline,A,0.13035,0.934825,en,724
REP-077|en|latin#154#siteB#k0,REP-077|en|latin#154#siteB,0,REP-077|en|latin#154,REP-077,C5,funerals,en,latin,baseline,B,0.189531,0.905234,en,722
REP-077|en|latin#154#siteB#k1,REP-077|en|latin#154#siteB,1,REP-077|en|latin#154,REP-077,C5,funerals,en,latin,baseline,B,0.197327,0.901337,en,775
REP-077|en|latin#154#siteB#k2,REP-077|en|latin#154#siteB,2,REP-077|en|latin#154,REP-077,C5,funerals,en,latin,baseline,B,0.203624,0.898188,en,763
REP-077|en|latin#154#siteB#k3,REP-077|en|latin#154#siteB,3,REP-077|en|latin#154,REP-077,C5,funerals,en,latin,baseline,B,0.202791,0.898605,en,754
REP-077|en|latin#154#siteB#k4,REP-077|en|latin#154#siteB,4,REP-077|en|latin#154,REP-077,C5,funerals,en,latin,baseline,B,0.204554,0.897723,en,746
REP-078|zh|hanzi#155#siteA#k0,REP-078|zh|hanzi#155#siteA,0,REP-078|zh|hanzi#155,REP-078,C6,funerals,zh,hanzi,baseline,A,0.136056,0.931972,en,536
REP-078|zh|hanzi#155#siteA#k1,REP-078|zh|hanzi#155#siteA,1,REP-078|zh|hanzi#155,REP-078,C6,funerals,zh,hanzi,baseline,A,0.122017,0.938992,en,586
REP-078|zh|hanzi#155#siteA#k2,REP-078|zh|hanzi#155#siteA,2,REP-078|zh|hanzi#155,REP-078,C6,funerals,zh,hanzi,baseline,A,0.130079,0.93496,en,586
REP-078|zh|hanzi#155#siteA#k3,REP-078|zh|hanzi#155#siteA,3,REP-078|zh|hanzi#155,REP-078,C6,funerals,zh,hanzi,baseline,A,0.125722,0.937139,en,611
REP-078|zh|hanzi#155#siteA#k4,REP-078|zh|hanzi#155#siteA,4,REP-078|zh|hanzi#155,REP-078,C6,funerals,zh,hanzi,baseline,A,0.128611,0.935694,en,568
REP-078|zh|hanzi#155#siteB#k0,REP-078|zh|hanzi#155#siteB,0,REP-078|zh|hanzi#155,REP-078,C6,funerals,zh,hanzi,baseline,B,0.198685,0.900658,mixed,532
REP-078|zh|hanzi#155#siteB#k1,REP-078|zh|hanzi#155#siteB,1,REP-078|zh|hanzi#155,REP-078,C6,funerals,zh,hanzi,baseline,B,0.210466,0.894767,mixed,538
REP-078|zh|hanzi#155#siteB#k2,REP-078|zh|hanzi#155#siteB,2,REP-078|zh|hanzi#155,REP-078,C6,funerals,zh,hanzi,baseline,B,0.201442,0.899279,mixed,513
REP-078|zh|hanzi#155#siteB#k3,REP-078|zh|hanzi#155#siteB,3,REP-078|zh|hanzi#155,REP-078,C6,funerals,zh,hanzi,baseline,B,0.223174,0.888413,mixed,539
REP-078|zh|hanzi#155#siteB#k4,REP-078|zh|hanzi#155#siteB,4,REP-078|zh|hanzi#155,REP-078,C6,funerals,zh,hanzi,baseline,B,0.19468,0.90266,mixed,559
REP-078|en|latin#156#siteA#k0,REP-078|en|latin#156#siteA,0,REP-078|en|latin#156,REP-078,C6,funerals,en,latin,baseline,A,0.165641,0.917179,en,700
REP-078|en|latin#156#siteA#k1,REP-078|en|latin#156#siteA,1,REP-078|en|latin#156,REP-078,C6,funerals,en,latin,baseline,A,0.162313,0.918844,en,721
REP-078|en|latin#156#siteA#k2,REP-078|en|latin#156#siteA,2,REP-078|en|latin#156,REP-078,C6,funerals,en,latin,baseline,A,0.162507,0.918746,en,688
REP-078|en|latin#156#siteA#k3,REP-078|en|latin#156#siteA,3,REP-078|en|latin#156,REP-078,C6,funerals,en,latin,baseline,A,0.162272,0.918864,en,723
REP-078|en|latin#156#siteA#k4,REP-078|en|latin#156#siteA,4,REP-078|en|latin#156,REP-078,C6,funerals,en,latin,baseline,A,0.150242,0.924879,en,741
REP-078|en|latin#156#siteB#k0,REP-078|en|latin#156#siteB,0,REP-078|en|latin#156,REP-078,C6,funerals,en,latin,baseline,B,0.214634,0.892683,en,768
REP-078|en|latin#156#siteB#k1,REP-078|en|latin#156#siteB,1,REP-078|en|latin#156,REP-078,C6,funerals,en,latin,baseline,B,0.216418,0.891791,en,731
REP-078|en|latin#156#siteB#k2,REP-078|en|latin#156#siteB,2,REP-078|en|latin#156,REP-078,C6,funerals,en,latin,baseline,B,0.238295,0.880853,en,748
REP-078|en|latin#156#siteB#k3,REP-078|en|latin#156#siteB,3,REP-078|en|latin#156,REP-078,C6,funerals,en,latin,baseline,B,0.218355,0.890823,en,752
REP-078|en|latin#156#siteB#k4,REP-078|en|latin#156#siteB,4,REP-078|en|latin#156,REP-078,C6,funerals,en,latin,baseline,B,0.222727,0.888636,en,742
REP-079|zh|hanzi#157#siteA#k0,REP-079|zh|hanzi#157#siteA,0,REP-079|zh|hanzi#157,REP-079,C1,pain,zh,hanzi,baseline,A,0.147903,0.926049,en,594
REP-079|zh|hanzi#157#siteA#k1,REP-079|zh|hanzi#157#siteA,1,REP-079|zh|hanzi#157,REP-079,C1,pain,zh,hanzi,baseline,A,0.134596,0.932702,en,601
REP-079|zh|hanzi#157#siteA#k2,REP-079|zh|hanzi#157#siteA,2,REP-079|zh|hanzi#157,REP-079,C1,pain,zh,hanzi,baseline,A,0.136807,0.931597,en,609
REP-079|zh|hanzi#157#siteA#k3,REP-079|zh|hanzi#157#siteA,3,REP-079|zh|hanzi#157,REP-079,C1,pain,zh,hanzi,baseline,A,0.13692,0.93154,en,629
REP-079|zh|hanzi#157#siteA#k4,REP-079|zh|hanzi#157#siteA,4,REP-079|zh|hanzi#157,REP-079,C1,pain,zh,hanzi,baseline,A,0.142235,0.928883,en,612
REP-079|zh|hanzi#157#siteB#k0,REP-079|zh|hanzi#157#siteB,0,REP-079|zh|hanzi#157,REP-079,C1,pain,zh,hanzi,baseline,B,0.18124,0.90938,mixed,486
REP-079|zh|hanzi#157#siteB#k1,REP-079|zh|hanzi#157#siteB,1,REP-079|zh|hanzi#157,REP-079,C1,pain,zh,hanzi,baseline,B,0.196745,0.901627,mixed,498
REP-079|zh|hanzi#157#siteB#k2,REP-079|zh|hanzi#157#siteB,2,REP-079|zh|hanzi#157,REP-079,C1,pain,zh,hanzi,baseline,B,0.187559,0.90622,en,603
REP-079|zh|hanzi#157#siteB#k3,REP-079|zh|hanzi#157#siteB,3,REP-079|zh|hanzi#157,REP-079,C1,pain,zh,hanzi,baseline,B,0.180133,0.909934,mixed,481
REP-079|zh|hanzi#157#siteB#k4,REP-079|zh|hanzi#157#siteB,4,REP-079|zh|hanzi#157,REP-079,C1,pain,zh,hanzi,baseline,B,0.186883,0.906558,mixed,474
REP-079|en|latin#158#siteA#k0,REP-079|en|latin#158#siteA,0,REP-079|en|latin#158,REP-079,C1,pain,en,latin,baseline,A,0.16466,0.91767,en,700
REP-079|en|latin#158#siteA#k1,REP-079|en|latin#158#siteA,1,REP-079|en|latin#158,REP-079,C1,pain,en,latin,baseline,A,0.162285,0.918857,en,704
REP-079|en|latin#158#siteA#k2,REP-079|en|latin#158#siteA,2,REP-079|en|latin#158,REP-079,C1,pain,en,latin,baseline,A,0.165966,0.917017,en,733
REP-079|en|latin#158#siteA#k3,REP-079|en|latin#158#siteA,3,REP-079|en|latin#158,REP-079,C1,pain,en,latin,baseline,A,0.164823,0.917588,en,723
REP-079|en|latin#158#siteA#k4,REP-079|en|latin#158#siteA,4,REP-079|en|latin#158,REP-079,C1,pain,en,latin,baseline,A,0.170066,0.914967,en,726
REP-079|en|latin#158#siteB#k0,REP-079|en|latin#158#siteB,0,REP-079|en|latin#158,REP-079,C1,pain,en,latin,baseline,B,0.188914,0.905543,en,776
REP-079|en|latin#158#siteB#k1,REP-079|en|latin#158#siteB,1,REP-079|en|latin#158,REP-079,C1,pain,en,latin,baseline,B,0.193472,0.903264,en,775
REP-079|en|latin#158#siteB#k2,REP-079|en|latin#158#siteB,2,REP-079|en|latin#158,REP-079,C1,pain,en,latin,baseline,B,0.194853,0.902574,en,758
REP-079|en|latin#158#siteB#k3,REP-079|en|latin#158#siteB,3,REP-079|en|latin#158,REP-079,C1,pain,en,latin,baseline,B,0.188215,0.905893,en,772
REP-079|en|latin#158#siteB#k4,REP-079|en|latin#158#siteB,4,REP-079|en|latin#158,REP-079,C1,pain,en,latin,baseline,B,0.192355,0.903823,en,764
REP-080|zh|hanzi#159#siteA#k0,REP-080|zh|hanzi#159#siteA,0,REP-080|zh|hanzi#159,REP-080,C2,pain,zh,hanzi,baseline,A,0.139808,0.930096,en,587
REP-080|zh|hanzi#159#siteA#k1,REP-080|zh|hanzi#159#siteA,1,REP-080|zh|hanzi#159,REP-080,C2,pain,zh,hanzi,baseline,A,0.148465,0.925768,en,593
REP-080|zh|hanzi#159#siteA#k2,REP-080|zh|hanzi#159#siteA,2,REP-080|zh|hanzi#159,REP-080,C2,pain,zh,hanzi,baseline,A,0.141732,0.929134,en,647
REP-080|zh|hanzi#159#siteA#k3,REP-080|zh|hanzi#159#siteA,3,REP-080|zh|hanzi#159,REP-080,C2,pain,zh,hanzi,baseline,A,0.147152,0.926424,en,603
REP-080|zh|hanzi#159#siteA#k4,REP-080|zh|hanzi#159#siteA,4,REP-080|zh|hanzi#159,REP-080,C2,pain,zh,hanzi,baseline,A,0.175543,0.912229,en,608
REP-080|zh|hanzi#159#siteB#k0,REP-080|zh|hanzi#159#siteB,0,REP-080|zh|hanzi#159,REP-080,C2,pain,zh,hanzi,baseline,B,0.203385,0.898308,mixed,468
REP-080|zh|hanzi#159#siteB#k1,REP-080|zh|hanzi#159#siteB,1,REP-080|zh|hanzi#159,REP-080,C2,pain,zh,hanzi,baseline,B,0.19282,0.90359,mixed,527
REP-080|zh|hanzi#159#siteB#k2,REP-080|zh|hanzi#159#siteB,2,REP-080|zh|hanzi#159,REP-080,C2,pain,zh,hanzi,baseline,B,0.188444,0.905778,mixed,480
REP-080|zh|hanzi#159#siteB#k3,REP-080|zh|hanzi#159#siteB,3,REP-080|zh|hanzi#159,REP-080,C2,pain,zh,hanzi,baseline,B,0.187217,0.906392,mixed,499
REP-080|zh|hanzi#159#siteB#k4,REP-080|zh|hanzi#159#siteB,4,REP-080|zh|hanzi#159,REP-080,C2,pain,zh,hanzi,baseline,B,0.202065,0.898968,mixed,529
REP-080|en|latin#160#siteA#k0,REP-080|en|latin#160#siteA,0,REP-080|en|latin#160,REP-080,C2,pain,en,latin,baseline,A,0.189417,0.905292,en,702
REP-080|en|latin#160#siteA#k1,REP-080|en|latin#160#siteA,1,REP-080|en|latin#160,REP-080,C2,pain,en,latin,baseline,A,0.190785,0.904608,en,708
REP-080|en|latin#160#siteA#k2,REP-080|en|latin#160#siteA,2,REP-080|en|latin#160,REP-080,C2,pain,en,latin,baseline,A,0.195044,0.902478,en,681
REP-080|en|latin#160#siteA#k3,REP-080|en|latin#160#siteA,3,REP-080|en|latin#160,REP-080,C2,pain,en,latin,baseline,A,0.191658,0.904171,en,693
REP-080|en|latin#160#siteA#k4,REP-080|en|latin#160#siteA,4,REP-080|en|latin#160,REP-080,C2,pain,en,latin,baseline,A,0.201391,0.899304,en,677
REP-080|en|latin#160#siteB#k0,REP-080|en|latin#160#siteB,0,REP-080|en|latin#160,REP-080,C2,pain,en,latin,baseline,B,0.232375,0.883812,en,723
REP-080|en|latin#160#siteB#k1,REP-080|en|latin#160#siteB,1,REP-080|en|latin#160,REP-080,C2,pain,en,latin,baseline,B,0.223806,0.888097,en,745
REP-080|en|latin#160#siteB#k2,REP-080|en|latin#160#siteB,2,REP-080|en|latin#160,REP-080,C2,pain,en,latin,baseline,B,0.252114,0.873943,en,754
REP-080|en|latin#160#siteB#k3,REP-080|en|latin#160#siteB,3,REP-080|en|latin#160,REP-080,C2,pain,en,latin,baseline,B,0.231486,0.884257,en,709
REP-080|en|latin#160#siteB#k4,REP-080|en|latin#160#siteB,4,REP-080|en|latin#160,REP-080,C2,pain,en,latin,baseline,B,0.23612,0.88194,en,766
REP-081|zh|hanzi#161#siteA#k0,REP-081|zh|hanzi#161#siteA,0,REP-081|zh|hanzi#161,REP-081,C3,pain,zh,hanzi,baseline,A,0.164962,0.917519,en,588
REP-081|zh|hanzi#161#siteA#k1,REP-081|zh|hanzi#161#siteA,1,REP-081|zh|hanzi#161,REP-081,C3,pain,zh,hanzi,baseline,A,0.166718,0.916641,en,610
REP-081|zh|hanzi#161#siteA#k2,REP-081|zh|hanzi#161#siteA,2,REP-081|zh|hanzi#161,REP-081,C3,pain,zh,hanzi,baseline,A,0.156131,0.921935,en,579
REP-081|zh|hanzi#161#siteA#k3,REP-081|zh|hanzi#161#siteA,3,REP-081|zh|hanzi#161,REP-081,C3,pain,zh,hanzi,baseline,A,0.16138,0.91931,en,654
REP-081|zh|hanzi#161#siteA#k4,REP-081|zh|hanzi#161#siteA,4,REP-081|zh|hanzi#161,REP-081,C3,pain,zh,hanzi,baseline,A,0.167394,0.916303,en,627
REP-081|zh|hanzi#161#siteB#k0,REP-081|zh|hanzi#161#siteB,0,REP-081|zh|hanzi#161,REP-081,C3,pain,zh,hanzi,baseline,B,0.233653,0.883173,mixed,473
REP-081|zh|hanzi#161#siteB#k1,REP-081|zh|hanzi#161#siteB,1,REP-081|zh|hanzi#161,REP-081,C3,pain,zh,hanzi,baseline,B,0.224313,0.887844,mixed,467
REP-081|zh|hanzi#161#siteB#k2,REP-081|zh|hanzi#161#siteB,2,REP-081|zh|hanzi#161,REP-081,C3,pain,zh,hanzi,baseline,B,0.210443,0.894779,mixed,478
REP-081|zh|hanzi#161#siteB#k3,REP-081|zh|hanzi#161#siteB,3,REP-081|zh|hanzi#161,REP-081,C3,pain,zh,hanzi,baseline,B,0.216499,0.891751,mixed,540
REP-081|zh|hanzi#161#siteB#k4,REP-081|zh|hanzi#161#siteB,4,REP-081|zh|hanzi#161,REP-081,C3,pain,zh,hanzi,baseline,B,0.217033,0.891484,mixed,469
REP-081|en|latin#162#siteA#k0,REP-081|en|latin#162#siteA,0,REP-081|en|latin#162,REP-081,C3,pain,en,latin,baseline,A,0.327296,0.836352,en,699
REP-081|en|latin#162#siteA#k1,REP-081|en|latin#162#siteA,1,REP-081|en|latin#162,REP-081,C3,pain,en,latin,baseline,A,0.296369,0.851816,en,722
REP-081|en|latin#162#siteA#k2,REP-081|en|latin#162#siteA,2,REP-081|en|latin#162,REP-081,C3,pain,en,latin,baseline,A,0.311103,0.844449,en,693
REP-081|en|latin#162#siteA#k3,REP-081|en|latin#162#siteA,3,REP-081|en|latin#162,REP-081,C3,pain,en,latin,baseline,A,0.320125,0.839938,en,702
REP-081|en|latin#162#siteA#k4,REP-081|en|latin#162#siteA,4,REP-081|en|latin#162,REP-081,C3,pain,en,latin,baseline,A,0.318996,0.840502,en,715
REP-081|en|latin#162#siteB#k0,REP-081|en|latin#162#siteB,0,REP-081|en|latin#162,REP-081,C3,pain,en,latin,baseline,B,0.344999,0.827501,en,777
REP-081|en|latin#162#siteB#k1,REP-081|en|latin#162#siteB,1,REP-081|en|latin#162,REP-081,C3,pain,en,latin,baseline,B,0.32849,0.835755,en,767
REP-081|en|latin#162#siteB#k2,REP-081|en|latin#162#siteB,2,REP-081|en|latin#162,REP-081,C3,pain,en,latin,baseline,B,0.352556,0.823722,en,770
REP-081|en|latin#162#siteB#k3,REP-081|en|latin#162#siteB,3,REP-081|en|latin#162,REP-081,C3,pain,en,latin,baseline,B,0.335248,0.832376,en,771
REP-081|en|latin#162#siteB#k4,REP-081|en|latin#162#siteB,4,REP-081|en|latin#162,REP-081,C3,pain,en,latin,baseline,B,0.336763,0.831619,en,767
REP-082|zh|hanzi#163#siteA#k0,REP-082|zh|hanzi#163#siteA,0,REP-082|zh|hanzi#163,REP-082,C4,pain,zh,hanzi,baseline,A,0.144314,0.927843,en,618
REP-082|zh|hanzi#163#siteA#k1,REP-082|zh|hanzi#163#siteA,1,REP-082|zh|hanzi#163,REP-082,C4,pain,zh,hanzi,baseline,A,0.161113,0.919444,en,606
REP-082|zh|hanzi#163#siteA#k2,REP-082|zh|hanzi#163#siteA,2,REP-082|zh|hanzi#163,REP-082,C4,pain,zh,hanzi,baseline,A,0.159856,0.920072,en,611
REP-082|zh|hanzi#163#siteA#k3,REP-082|zh|hanzi#163#siteA,3,REP-082|zh|hanzi#163,REP-082,C4,pain,zh,hanzi,baseline,A,0.145656,0.927172,en,564
REP-082|zh|hanzi#163#siteA#k4,REP-082|zh|hanzi#163#siteA,4,REP-082|zh|hanzi#163,REP-082,C4,pain,zh,hanzi,baseline,A,0.193408,0.903296,en,621
REP-082|zh|hanzi#163#siteB#k0,REP-082|zh|hanzi#163#siteB,0,REP-082|zh|hanzi#163,REP-082,C4,pain,zh,hanzi,baseline,B,0.228282,0.885859,mixed,517
REP-082|zh|hanzi#163#siteB#k1,REP-082|zh|hanzi#163#siteB,1,REP-082|zh|hanzi#163,REP-082,C4,pain,zh,hanzi,baseline,B,0.216502,0.891749,mixed,479
REP-082|zh|hanzi#163#siteB#k2,REP-082|zh|hanzi#163#siteB,2,REP-082|zh|hanzi#163,REP-082,C4,pain,zh,hanzi,baseline,B,0.237477,0.881262,mixed,503
REP-082|zh|hanzi#163#siteB#k3,REP-082|zh|hanzi#163#siteB,3,REP-082|zh|hanzi#163,REP-082,C4,pain,zh,hanzi,baseline,B,0.235176,0.882412,mixed,498
REP-082|zh|hanzi#163#siteB#k4,REP-082|zh|hanzi#163#siteB,4,REP-082|zh|hanzi#163,REP-082,C4,pain,zh,hanzi,baseline,B,0.215883,0.892059,mixed,512
REP-082|en|latin#164#siteA#k0,REP-082|en|latin#164#siteA,0,REP-082|en|latin#164,REP-082,C4,pain,en,latin,baseline,A,0.170486,0.914757,en,721
REP-082|en|latin#164#siteA#k1,REP-082|en|latin#164#siteA,1,REP-082|en|latin#164,REP-082,C4,pain,en,latin,baseline,A,0.199497,0.900251,en,711
REP-082|en|latin#164#siteA#k2,REP-082|en|latin#164#siteA,2,REP-082|en|latin#164,REP-082,C4,pain,en,latin,baseline,A,0.189563,0.905218,en,695
REP-082|en|latin#164#siteA#k3,REP-082|en|latin#164#siteA,3,REP-082|en|latin#164,REP-082,C4,pain,en,latin,baseline,A,0.186306,0.906847,en,683
REP-082|en|latin#164#siteA#k4,REP-082|en|latin#164#siteA,4,REP-082|en|latin#164,REP-082,C4,pain,en,latin,baseline,A,0.169793,0.915104,en,716
REP-082|en|latin#164#siteB#k0,REP-082|en|latin#164#siteB,0,REP-082|en|latin#164,REP-082,C4,pain,en,latin,baseline,B,0.285428,0.857286,en,757
REP-082|en|latin#164#siteB#k1,REP-082|en|latin#164#siteB,1,REP-082|en|latin#164,REP-082,C4,pain,en,latin,baseline,B,0.277617,0.861191,en,735
REP-082|en|latin#164#siteB#k2,REP-082|en|latin#164#siteB,2,REP-082|en|latin#164,REP-082,C4,pain,en,latin,baseline,B,0.273174,0.863413,en,746
REP-082|en|latin#164#siteB#k3,REP-082|en|latin#164#siteB,3,REP-082|en|latin#164,REP-082,C4,pain,en,latin,baseline,B,0.275272,0.862364,en,707
REP-082|en|latin#164#siteB#k4,REP-082|en|latin#164#siteB,4,REP-082|en|latin#164,REP-082,C4,pain,en,latin,baseline,B,0.264941,0.867529,en,762
REP-083|zh|hanzi#165#siteA#k0,REP-083|zh|hanzi#165#siteA,0,REP-083|zh|hanzi#165,REP-083,C5,pain,zh,hanzi,baseline,A,0.150358,0.924821,en,573
REP-083|zh|hanzi#165#siteA#k1,REP-083|zh|hanzi#165#siteA,1,REP-083|zh|hanzi#165,REP-083,C5,pain,zh,hanzi,baseline,A,0.167266,0.916367,en,613
REP-083|zh|hanzi#165#siteA#k2,REP-083|zh|hanzi#165#siteA,2,REP-083|zh|hanzi#165,REP-083,C5,pain,zh,hanzi,baseline,A,0.154573,0.922713,en,580
REP-083|zh|hanzi#165#siteA#k3,REP-083|zh|hanzi#165#siteA,3,REP-083|zh|hanzi#165,REP-083,C5,pain,zh,hanzi,baseline,A,0.162524,0.918738,en,566
REP-083|zh|hanzi#165#siteA#k4,REP-083|zh|hanzi#165#siteA,4,REP-083|zh|hanzi#165,REP-083,C5,pain,zh,hanzi,baseline,A,0.152885,0.923558,en,600
REP-083|zh|hanzi#165#siteB#k0,REP-083|zh|hanzi#165#siteB,0,REP-083|zh|hanzi#165,REP-083,C5,pain,zh,hanzi,baseline,B,0.20861,0.895695,mixed,405
REP-083|zh|hanzi#165#siteB#k1,REP-083|zh|hanzi#165#siteB,1,REP-083|zh|hanzi#165,REP-083,C5,pain,zh,hanzi,baseline,B,0.189431,0.905284,mixed,492
REP-083|zh|hanzi#165#siteB#k2,REP-083|zh|hanzi#165#siteB,2,REP-083|zh|hanzi#165,REP-083,C5,pain,zh,hanzi,baseline,B,0.203146,0.898427,mixed,484
REP-083|zh|hanzi#165#siteB#k3,REP-083|zh|hanzi#165#siteB,3,REP-083|zh|hanzi#165,REP-083,C5,pain,zh,hanzi,baseline,B,0.199102,0.900449,mixed,482
REP-083|zh|hanzi#165#siteB#k4,REP-083|zh|hanzi#165#siteB,4,REP-083|zh|hanzi#165,REP-083,C5,pain,zh,hanzi,baseline,B,0.20212,0.89894,mixed,453
REP-083|en|latin#166#siteA#k0,REP-083|en|latin#166#siteA,0,REP-083|en|latin#166,REP-083,C5,pain,en,latin,baseline,A,0.140997,0.929502,en,701
REP-083|en|latin#166#siteA#k1,REP-083|en|latin#166#siteA,1,REP-083|en|latin#166,REP-083,C5,pain,en,latin,baseline,A,0.147231,0.926385,en,686
REP-083|en|latin#166#siteA#k2,REP-083|en|latin#166#siteA,2,REP-083|en|latin#166,REP-083,C5,pain,en,latin,baseline,A,0.147241,0.92638,en,717
REP-083|en|latin#166#siteA#k3,REP-083|en|latin#166#siteA,3,REP-083|en|latin#166,REP-083,C5,pain,en,latin,baseline,A,0.141622,0.929189,en,696
REP-083|en|latin#166#siteA#k4,REP-083|en|latin#166#siteA,4,REP-083|en|latin#166,REP-083,C5,pain,en,latin,baseline,A,0.144259,0.92787,en,738
REP-083|en|latin#166#siteB#k0,REP-083|en|latin#166#siteB,0,REP-083|en|latin#166,REP-083,C5,pain,en,latin,baseline,B,0.215979,0.892011,en,793
REP-083|en|latin#166#siteB#k1,REP-083|en|latin#166#siteB,1,REP-083|en|latin#166,REP-083,C5,pain,en,latin,baseline,B,0.224927,0.887537,en,777
REP-083|en|latin#166#siteB#k2,REP-083|en|latin#166#siteB,2,REP-083|en|latin#166,REP-083,C5,pain,en,latin,baseline,B,0.208651,0.895675,en,772
REP-083|en|latin#166#siteB#k3,REP-083|en|latin#166#siteB,3,REP-083|en|latin#166,REP-083,C5,pain,en,latin,baseline,B,0.208132,0.895934,en,772
REP-083|en|latin#166#siteB#k4,REP-083|en|latin#166#siteB,4,REP-083|en|latin#166,REP-083,C5,pain,en,latin,baseline,B,0.215208,0.892396,en,761
REP-084|zh|hanzi#167#siteA#k0,REP-084|zh|hanzi#167#siteA,0,REP-084|zh|hanzi#167,REP-084,C6,pain,zh,hanzi,baseline,A,0.129531,0.935235,en,547
REP-084|zh|hanzi#167#siteA#k1,REP-084|zh|hanzi#167#siteA,1,REP-084|zh|hanzi#167,REP-084,C6,pain,zh,hanzi,baseline,A,0.140098,0.929951,en,597
REP-084|zh|hanzi#167#siteA#k2,REP-084|zh|hanzi#167#siteA,2,REP-084|zh|hanzi#167,REP-084,C6,pain,zh,hanzi,baseline,A,0.12824,0.93588,mixed,543
REP-084|zh|hanzi#167#siteA#k3,REP-084|zh|hanzi#167#siteA,3,REP-084|zh|hanzi#167,REP-084,C6,pain,zh,hanzi,baseline,A,0.123678,0.938161,en,565
REP-084|zh|hanzi#167#siteA#k4,REP-084|zh|hanzi#167#siteA,4,REP-084|zh|hanzi#167,REP-084,C6,pain,zh,hanzi,baseline,A,0.123735,0.938133,en,602
REP-084|zh|hanzi#167#siteB#k0,REP-084|zh|hanzi#167#siteB,0,REP-084|zh|hanzi#167,REP-084,C6,pain,zh,hanzi,baseline,B,0.193131,0.903435,mixed,482
REP-084|zh|hanzi#167#siteB#k1,REP-084|zh|hanzi#167#siteB,1,REP-084|zh|hanzi#167,REP-084,C6,pain,zh,hanzi,baseline,B,0.195197,0.902401,mixed,511
REP-084|zh|hanzi#167#siteB#k2,REP-084|zh|hanzi#167#siteB,2,REP-084|zh|hanzi#167,REP-084,C6,pain,zh,hanzi,baseline,B,0.200161,0.899919,en,579
REP-084|zh|hanzi#167#siteB#k3,REP-084|zh|hanzi#167#siteB,3,REP-084|zh|hanzi#167,REP-084,C6,pain,zh,hanzi,baseline,B,0.191749,0.904126,mixed,532
REP-084|zh|hanzi#167#siteB#k4,REP-084|zh|hanzi#167#siteB,4,REP-084|zh|hanzi#167,REP-084,C6,pain,zh,hanzi,baseline,B,0.202414,0.898793,mixed,485
REP-084|en|latin#168#siteA#k0,REP-084|en|latin#168#siteA,0,REP-084|en|latin#168,REP-084,C6,pain,en,latin,baseline,A,0.162174,0.918913,en,720
REP-084|en|latin#168#siteA#k1,REP-084|en|latin#168#siteA,1,REP-084|en|latin#168,REP-084,C6,pain,en,latin,baseline,A,0.162073,0.918964,en,715
REP-084|en|latin#168#siteA#k2,REP-084|en|latin#168#siteA,2,REP-084|en|latin#168,REP-084,C6,pain,en,latin,baseline,A,0.16402,0.91799,en,698
REP-084|en|latin#168#siteA#k3,REP-084|en|latin#168#siteA,3,REP-084|en|latin#168,REP-084,C6,pain,en,latin,baseline,A,0.172784,0.913608,en,704
REP-084|en|latin#168#siteA#k4,REP-084|en|latin#168#siteA,4,REP-084|en|latin#168,REP-084,C6,pain,en,latin,baseline,A,0.173243,0.913378,en,702
REP-084|en|latin#168#siteB#k0,REP-084|en|latin#168#siteB,0,REP-084|en|latin#168,REP-084,C6,pain,en,latin,baseline,B,0.250289,0.874856,en,710
REP-084|en|latin#168#siteB#k1,REP-084|en|latin#168#siteB,1,REP-084|en|latin#168,REP-084,C6,pain,en,latin,baseline,B,0.222231,0.888884,en,751
REP-084|en|latin#168#siteB#k2,REP-084|en|latin#168#siteB,2,REP-084|en|latin#168,REP-084,C6,pain,en,latin,baseline,B,0.227302,0.886349,en,733
REP-084|en|latin#168#siteB#k3,REP-084|en|latin#168#siteB,3,REP-084|en|latin#168,REP-084,C6,pain,en,latin,baseline,B,0.231045,0.884477,en,744
REP-084|en|latin#168#siteB#k4,REP-084|en|latin#168#siteB,4,REP-084|en|latin#168,REP-084,C6,pain,en,latin,baseline,B,0.227875,0.886063,en,729
SUP-085|zh|hanzi#169#siteA#k0,SUP-085|zh|hanzi#169#siteA,0,SUP-085|zh|hanzi#169,SUP-085,Q1,freedom,zh,hanzi,baseline,A,0.221535,0.889233,en,640
SUP-085|zh|hanzi#169#siteA#k1,SUP-085|zh|hanzi#169#siteA,1,SUP-085|zh|hanzi#169,SUP-085,Q1,freedom,zh,hanzi,baseline,A,0.211275,0.894363,en,625
SUP-085|zh|hanzi#169#siteA#k2,SUP-085|zh|hanzi#169#siteA,2,SUP-085|zh|hanzi#169,SUP-085,Q1,freedom,zh,hanzi,baseline,A,0.20931,0.895345,en,666
SUP-085|zh|hanzi#169#siteA#k3,SUP-085|zh|hanzi#169#siteA,3,SUP-085|zh|hanzi#169,SUP-085,Q1,freedom,zh,hanzi,baseline,A,0.225403,0.887299,en,651
SUP-085|zh|hanzi#169#siteA#k4,SUP-085|zh|hanzi#169#siteA,4,SUP-085|zh|hanzi#169,SUP-085,Q1,freedom,zh,hanzi,baseline,A,0.213325,0.893338,en,610
SUP-085|zh|hanzi#169#siteB#k0,SUP-085|zh|hanzi#169#siteB,0,SUP-085|zh|hanzi#169,SUP-085,Q1,freedom,zh,hanzi,baseline,B,0.350124,0.824938,mixed,540
SUP-085|zh|hanzi#169#siteB#k1,SUP-085|zh|hanzi#169#siteB,1,SUP-085|zh|hanzi#169,SUP-085,Q1,freedom,zh,hanzi,baseline,B,0.34848,0.82576,mixed,521
SUP-085|zh|hanzi#169#siteB#k2,SUP-085|zh|hanzi#169#siteB,2,SUP-085|zh|hanzi#169,SUP-085,Q1,freedom,zh,hanzi,baseline,B,0.33901,0.830495,mixed,521
SUP-085|zh|hanzi#169#siteB#k3,SUP-085|zh|hanzi#169#siteB,3,SUP-085|zh|hanzi#169,SUP-085,Q1,freedom,zh,hanzi,baseline,B,0.351782,0.824109,mixed,530
SUP-085|zh|hanzi#169#siteB#k4,SUP-085|zh|hanzi#169#siteB,4,SUP-085|zh|hanzi#169,SUP-085,Q1,freedom,zh,hanzi,baseline,B,0.351976,0.824012,mixed,545
SUP-085|en|latin#170#siteA#k0,SUP-085|en|latin#170#siteA,0,SUP-085|en|latin#170,SUP-085,Q1,freedom,en,latin,baseline,A,0.171673,0.914163,en,750
SUP-085|en|latin#170#siteA#k1,SUP-085|en|latin#170#siteA,1,SUP-085|en|latin#170,SUP-085,Q1,freedom,en,latin,baseline,A,0.192944,0.903528,en,714
SUP-085|en|latin#170#siteA#k2,SUP-085|en|latin#170#siteA,2,SUP-085|en|latin#170,SUP-085,Q1,freedom,en,latin,baseline,A,0.178035,0.910983,en,724
SUP-085|en|latin#170#siteA#k3,SUP-085|en|latin#170#siteA,3,SUP-085|en|latin#170,SUP-085,Q1,freedom,en,latin,baseline,A,0.188476,0.905762,en,779
SUP-085|en|latin#170#siteA#k4,SUP-085|en|latin#170#siteA,4,SUP-085|en|latin#170,SUP-085,Q1,freedom,en,latin,baseline,A,0.175083,0.912458,en,745
SUP-085|en|latin#170#siteB#k0,SUP-085|en|latin#170#siteB,0,SUP-085|en|latin#170,SUP-085,Q1,freedom,en,latin,baseline,B,0.311197,0.844401,en,736
SUP-085|en|latin#170#siteB#k1,SUP-085|en|latin#170#siteB,1,SUP-085|en|latin#170,SUP-085,Q1,freedom,en,latin,baseline,B,0.289073,0.855464,en,732
SUP-085|en|latin#170#siteB#k2,SUP-085|en|latin#170#siteB,2,SUP-085|en|latin#170,SUP-085,Q1,freedom,en,latin,baseline,B,0.307229,0.846386,en,707
SUP-085|en|latin#170#siteB#k3,SUP-085|en|latin#170#siteB,3,SUP-085|en|latin#170,SUP-085,Q1,freedom,en,latin,baseline,B,0.332775,0.833613,en,716
SUP-085|en|latin#170#siteB#k4,SUP-085|en|latin#170#siteB,4,SUP-085|en|latin#170,SUP-085,Q1,freedom,en,latin,baseline,B,0.304831,0.847584,en,712
SUP-086|zh|hanzi#171#siteA#k0,SUP-086|zh|hanzi#171#siteA,0,SUP-086|zh|hanzi#171,SUP-086,Q2,freedom,zh,hanzi,baseline,A,0.314223,0.842889,en,647
SUP-086|zh|hanzi#171#siteA#k1,SUP-086|zh|hanzi#171#siteA,1,SUP-086|zh|hanzi#171,SUP-086,Q2,freedom,zh,hanzi,baseline,A,0.299544,0.850228,en,661
SUP-086|zh|hanzi#171#siteA#k2,SUP-086|zh|hanzi#171#siteA,2,SUP-086|zh|hanzi#171,SUP-086,Q2,freedom,zh,hanzi,baseline,A,0.307106,0.846447,en,579
SUP-086|zh|hanzi#171#siteA#k3,SUP-086|zh|hanzi#171#siteA,3,SUP-086|zh|hanzi#171,SUP-086,Q2,freedom,zh,hanzi,baseline,A,0.343389,0.828306,en,658
SUP-086|zh|hanzi#171#siteA#k4,SUP-086|zh|hanzi#171#siteA,4,SUP-086|zh|hanzi#171,SUP-086,Q2,freedom,zh,hanzi,baseline,A,0.297912,0.851044,en,647
SUP-086|zh|hanzi#171#siteB#k0,SUP-086|zh|hanzi#171#siteB,0,SUP-086|zh|hanzi#171,SUP-086,Q2,freedom,zh,hanzi,baseline,B,0.23465,0.882675,en,568
SUP-086|zh|hanzi#171#siteB#k1,SUP-086|zh|hanzi#171#siteB,1,SUP-086|zh|hanzi#171,SUP-086,Q2,freedom,zh,hanzi,baseline,B,0.238632,0.880684,en,590
SUP-086|zh|hanzi#171#siteB#k2,SUP-086|zh|hanzi#171#siteB,2,SUP-086|zh|hanzi#171,SUP-086,Q2,freedom,zh,hanzi,baseline,B,0.253277,0.873362,mixed,564
SUP-086|zh|hanzi#171#siteB#k3,SUP-086|zh|hanzi#171#siteB,3,SUP-086|zh|hanzi#171,SUP-086,Q2,freedom,zh,hanzi,baseline,B,0.225241,0.887379,en,582
SUP-086|zh|hanzi#171#siteB#k4,SUP-086|zh|hanzi#171#siteB,4,SUP-086|zh|hanzi#171,SUP-086,Q2,freedom,zh,hanzi,baseline,B,0.241812,0.879095,mixed,524
SUP-086|en|latin#172#siteA#k0,SUP-086|en|latin#172#siteA,0,SUP-086|en|latin#172,SUP-086,Q2,freedom,en,latin,baseline,A,0.172282,0.913859,en,699
SUP-086|en|latin#172#siteA#k1,SUP-086|en|latin#172#siteA,1,SUP-086|en|latin#172,SUP-086,Q2,freedom,en,latin,baseline,A,0.175482,0.912259,en,720
SUP-086|en|latin#172#siteA#k2,SUP-086|en|latin#172#siteA,2,SUP-086|en|latin#172,SUP-086,Q2,freedom,en,latin,baseline,A,0.188918,0.905541,en,714
SUP-086|en|latin#172#siteA#k3,SUP-086|en|latin#172#siteA,3,SUP-086|en|latin#172,SUP-086,Q2,freedom,en,latin,baseline,A,0.176538,0.911731,en,703
SUP-086|en|latin#172#siteA#k4,SUP-086|en|latin#172#siteA,4,SUP-086|en|latin#172,SUP-086,Q2,freedom,en,latin,baseline,A,0.183705,0.908148,en,699
SUP-086|en|latin#172#siteB#k0,SUP-086|en|latin#172#siteB,0,SUP-086|en|latin#172,SUP-086,Q2,freedom,en,latin,baseline,B,0.263508,0.868246,en,693
SUP-086|en|latin#172#siteB#k1,SUP-086|en|latin#172#siteB,1,SUP-086|en|latin#172,SUP-086,Q2,freedom,en,latin,baseline,B,0.258773,0.870614,en,688
SUP-086|en|latin#172#siteB#k2,SUP-086|en|latin#172#siteB,2,SUP-086|en|latin#172,SUP-086,Q2,freedom,en,latin,baseline,B,0.259636,0.870182,en,704
SUP-086|en|latin#172#siteB#k3,SUP-086|en|latin#172#siteB,3,SUP-086|en|latin#172,SUP-086,Q2,freedom,en,latin,baseline,B,0.248356,0.875822,en,686
SUP-086|en|latin#172#siteB#k4,SUP-086|en|latin#172#siteB,4,SUP-086|en|latin#172,SUP-086,Q2,freedom,en,latin,baseline,B,0.243981,0.878009,en,699
SUP-087|zh|hanzi#173#siteA#k0,SUP-087|zh|hanzi#173#siteA,0,SUP-087|zh|hanzi#173,SUP-087,Q3,freedom,zh,hanzi,baseline,A,0.176615,0.911693,en,618
SUP-087|zh|hanzi#173#siteA#k1,SUP-087|zh|hanzi#173#siteA,1,SUP-087|zh|hanzi#173,SUP-087,Q3,freedom,zh,hanzi,baseline,A,0.169447,0.915277,en,576
SUP-087|zh|hanzi#173#siteA#k2,SUP-087|zh|hanzi#173#siteA,2,SUP-087|zh|hanzi#173,SUP-087,Q3,freedom,zh,hanzi,baseline,A,0.169996,0.915002,en,618
SUP-087|zh|hanzi#173#siteA#k3,SUP-087|zh|hanzi#173#siteA,3,SUP-087|zh|hanzi#173,SUP-087,Q3,freedom,zh,hanzi,baseline,A,0.176802,0.911599,en,652
SUP-087|zh|hanzi#173#siteA#k4,SUP-087|zh|hanzi#173#siteA,4,SUP-087|zh|hanzi#173,SUP-087,Q3,freedom,zh,hanzi,baseline,A,0.167573,0.916214,en,641
SUP-087|zh|hanzi#173#siteB#k0,SUP-087|zh|hanzi#173#siteB,0,SUP-087|zh|hanzi#173,SUP-087,Q3,freedom,zh,hanzi,baseline,B,0.315119,0.842441,mixed,555
SUP-087|zh|hanzi#173#siteB#k1,SUP-087|zh|hanzi#173#siteB,1,SUP-087|zh|hanzi#173,SUP-087,Q3,freedom,zh,hanzi,baseline,B,0.514755,0.742622,en,587
SUP-087|zh|hanzi#173#siteB#k2,SUP-087|zh|hanzi#173#siteB,2,SUP-087|zh|hanzi#173,SUP-087,Q3,freedom,zh,hanzi,baseline,B,0.322569,0.838716,mixed,530
SUP-087|zh|hanzi#173#siteB#k3,SUP-087|zh|hanzi#173#siteB,3,SUP-087|zh|hanzi#173,SUP-087,Q3,freedom,zh,hanzi,baseline,B,0.516715,0.741642,en,552
SUP-087|zh|hanzi#173#siteB#k4,SUP-087|zh|hanzi#173#siteB,4,SUP-087|zh|hanzi#173,SUP-087,Q3,freedom,zh,hanzi,baseline,B,0.327204,0.836398,mixed,544
SUP-087|en|latin#174#siteA#k0,SUP-087|en|latin#174#siteA,0,SUP-087|en|latin#174,SUP-087,Q3,freedom,en,latin,baseline,A,0.149179,0.925411,en,700
SUP-087|en|latin#174#siteA#k1,SUP-087|en|latin#174#siteA,1,SUP-087|en|latin#174,SUP-087,Q3,freedom,en,latin,baseline,A,0.150968,0.924516,en,681
SUP-087|en|latin#174#siteA#k2,SUP-087|en|latin#174#siteA,2,SUP-087|en|latin#174,SUP-087,Q3,freedom,en,latin,baseline,A,0.148085,0.925958,en,682
SUP-087|en|latin#174#siteA#k3,SUP-087|en|latin#174#siteA,3,SUP-087|en|latin#174,SUP-087,Q3,freedom,en,latin,baseline,A,0.152908,0.923546,en,723
SUP-087|en|latin#174#siteA#k4,SUP-087|en|latin#174#siteA,4,SUP-087|en|latin#174,SUP-087,Q3,freedom,en,latin,baseline,A,0.151388,0.924306,en,695
SUP-087|en|latin#174#siteB#k0,SUP-087|en|latin#174#siteB,0,SUP-087|en|latin#174,SUP-087,Q3,freedom,en,latin,baseline,B,0.329355,0.835323,en,738
SUP-087|en|latin#174#siteB#k1,SUP-087|en|latin#174#siteB,1,SUP-087|en|latin#174,SUP-087,Q3,freedom,en,latin,baseline,B,0.319349,0.840325,en,740
SUP-087|en|latin#174#siteB#k2,SUP-087|en|latin#174#siteB,2,SUP-087|en|latin#174,SUP-087,Q3,freedom,en,latin,baseline,B,0.32195,0.839025,en,721
SUP-087|en|latin#174#siteB#k3,SUP-087|en|latin#174#siteB,3,SUP-087|en|latin#174,SUP-087,Q3,freedom,en,latin,baseline,B,0.328406,0.835797,en,744
SUP-087|en|latin#174#siteB#k4,SUP-087|en|latin#174#siteB,4,SUP-087|en|latin#174,SUP-087,Q3,freedom,en,latin,baseline,B,0.345706,0.827147,en,698
SUP-088|zh|hanzi#175#siteA#k0,SUP-088|zh|hanzi#175#siteA,0,SUP-088|zh|hanzi#175,SUP-088,Q4,freedom,zh,hanzi,baseline,A,0.220579,0.88971,en,643
SUP-088|zh|hanzi#175#siteA#k1,SUP-088|zh|hanzi#175#siteA,1,SUP-088|zh|hanzi#175,SUP-088,Q4,freedom,zh,hanzi,baseline,A,0.217133,0.891434,en,593
SUP-088|zh|hanzi#175#siteA#k2,SUP-088|zh|hanzi#175#siteA,2,SUP-088|zh|hanzi#175,SUP-088,Q4,freedom,zh,hanzi,baseline,A,0.221922,0.889039,en,638
SUP-088|zh|hanzi#175#siteA#k3,SUP-088|zh|hanzi#175#siteA,3,SUP-088|zh|hanzi#175,SUP-088,Q4,freedom,zh,hanzi,baseline,A,0.218267,0.890867,en,635
SUP-088|zh|hanzi#175#siteA#k4,SUP-088|zh|hanzi#175#siteA,4,SUP-088|zh|hanzi#175,SUP-088,Q4,freedom,zh,hanzi,baseline,A,0.21625,0.891875,en,665
SUP-088|zh|hanzi#175#siteB#k0,SUP-088|zh|hanzi#175#siteB,0,SUP-088|zh|hanzi#175,SUP-088,Q4,freedom,zh,hanzi,baseline,B,0.37092,0.81454,en,575
SUP-088|zh|hanzi#175#siteB#k1,SUP-088|zh|hanzi#175#siteB,1,SUP-088|zh|hanzi#175,SUP-088,Q4,freedom,zh,hanzi,baseline,B,0.4446,0.7777,en,605
SUP-088|zh|hanzi#175#siteB#k2,SUP-088|zh|hanzi#175#siteB,2,SUP-088|zh|hanzi#175,SUP-088,Q4,freedom,zh,hanzi,baseline,B,0.43364,0.78318,en,556
SUP-088|zh|hanzi#175#siteB#k3,SUP-088|zh|hanzi#175#siteB,3,SUP-088|zh|hanzi#175,SUP-088,Q4,freedom,zh,hanzi,baseline,B,0.383552,0.808224,en,592
SUP-088|zh|hanzi#175#siteB#k4,SUP-088|zh|hanzi#175#siteB,4,SUP-088|zh|hanzi#175,SUP-088,Q4,freedom,zh,hanzi,baseline,B,0.417939,0.791031,en,599
SUP-088|en|latin#176#siteA#k0,SUP-088|en|latin#176#siteA,0,SUP-088|en|latin#176,SUP-088,Q4,freedom,en,latin,baseline,A,0.194823,0.902589,en,727
SUP-088|en|latin#176#siteA#k1,SUP-088|en|latin#176#siteA,1,SUP-088|en|latin#176,SUP-088,Q4,freedom,en,latin,baseline,A,0.201689,0.899155,en,699
SUP-088|en|latin#176#siteA#k2,SUP-088|en|latin#176#siteA,2,SUP-088|en|latin#176,SUP-088,Q4,freedom,en,latin,baseline,A,0.199607,0.900197,en,739
SUP-088|en|latin#176#siteA#k3,SUP-088|en|latin#176#siteA,3,SUP-088|en|latin#176,SUP-088,Q4,freedom,en,latin,baseline,A,0.193121,0.903439,en,715
SUP-088|en|latin#176#siteA#k4,SUP-088|en|latin#176#siteA,4,SUP-088|en|latin#176,SUP-088,Q4,freedom,en,latin,baseline,A,0.181452,0.909274,en,722
SUP-088|en|latin#176#siteB#k0,SUP-088|en|latin#176#siteB,0,SUP-088|en|latin#176,SUP-088,Q4,freedom,en,latin,baseline,B,0.360933,0.819534,en,720
SUP-088|en|latin#176#siteB#k1,SUP-088|en|latin#176#siteB,1,SUP-088|en|latin#176,SUP-088,Q4,freedom,en,latin,baseline,B,0.337655,0.831173,en,719
SUP-088|en|latin#176#siteB#k2,SUP-088|en|latin#176#siteB,2,SUP-088|en|latin#176,SUP-088,Q4,freedom,en,latin,baseline,B,0.330775,0.834613,en,691
SUP-088|en|latin#176#siteB#k3,SUP-088|en|latin#176#siteB,3,SUP-088|en|latin#176,SUP-088,Q4,freedom,en,latin,baseline,B,0.361896,0.819052,en,723
SUP-088|en|latin#176#siteB#k4,SUP-088|en|latin#176#siteB,4,SUP-088|en|latin#176,SUP-088,Q4,freedom,en,latin,baseline,B,0.358688,0.820656,en,719
SUP-089|zh|hanzi#177#siteA#k0,SUP-089|zh|hanzi#177#siteA,0,SUP-089|zh|hanzi#177,SUP-089,Q1,democracy,zh,hanzi,baseline,A,0.197289,0.901356,en,672
SUP-089|zh|hanzi#177#siteA#k1,SUP-089|zh|hanzi#177#siteA,1,SUP-089|zh|hanzi#177,SUP-089,Q1,democracy,zh,hanzi,baseline,A,0.207555,0.896223,en,686
SUP-089|zh|hanzi#177#siteA#k2,SUP-089|zh|hanzi#177#siteA,2,SUP-089|zh|hanzi#177,SUP-089,Q1,democracy,zh,hanzi,baseline,A,0.203736,0.898132,en,638
SUP-089|zh|hanzi#177#siteA#k3,SUP-089|zh|hanzi#177#siteA,3,SUP-089|zh|hanzi#177,SUP-089,Q1,democracy,zh,hanzi,baseline,A,0.194595,0.902703,en,640
SUP-089|zh|hanzi#177#siteA#k4,SUP-089|zh|hanzi#177#siteA,4,SUP-089|zh|hanzi#177,SUP-089,Q1,democracy,zh,hanzi,baseline,A,0.204693,0.897654,en,643
SUP-089|zh|hanzi#177#siteB#k0,SUP-089|zh|hanzi#177#siteB,0,SUP-089|zh|hanzi#177,SUP-089,Q1,democracy,zh,hanzi,baseline,B,0.337652,0.831174,mixed,553
SUP-089|zh|hanzi#177#siteB#k1,SUP-089|zh|hanzi#177#siteB,1,SUP-089|zh|hanzi#177,SUP-089,Q1,democracy,zh,hanzi,baseline,B,0.334655,0.832673,mixed,550
SUP-089|zh|hanzi#177#siteB#k2,SUP-089|zh|hanzi#177#siteB,2,SUP-089|zh|hanzi#177,SUP-089,Q1,democracy,zh,hanzi,baseline,B,0.336429,0.831786,en,557
SUP-089|zh|hanzi#177#siteB#k3,SUP-089|zh|hanzi#177#siteB,3,SUP-089|zh|hanzi#177,SUP-089,Q1,democracy,zh,hanzi,baseline,B,0.363785,0.818108,mixed,526
SUP-089|zh|hanzi#177#siteB#k4,SUP-089|zh|hanzi#177#siteB,4,SUP-089|zh|hanzi#177,SUP-089,Q1,democracy,zh,hanzi,baseline,B,0.348646,0.825677,mixed,501
SUP-089|en|latin#178#siteA#k0,SUP-089|en|latin#178#siteA,0,SUP-089|en|latin#178,SUP-089,Q1,democracy,en,latin,baseline,A,0.15893,0.920535,en,762
SUP-089|en|latin#178#siteA#k1,SUP-089|en|latin#178#siteA,1,SUP-089|en|latin#178,SUP-089,Q1,democracy,en,latin,baseline,A,0.150562,0.924719,en,749
SUP-089|en|latin#178#siteA#k2,SUP-089|en|latin#178#siteA,2,SUP-089|en|latin#178,SUP-089,Q1,democracy,en,latin,baseline,A,0.145991,0.927005,en,775
SUP-089|en|latin#178#siteA#k3,SUP-089|en|latin#178#siteA,3,SUP-089|en|latin#178,SUP-089,Q1,democracy,en,latin,baseline,A,0.145232,0.927384,en,763
SUP-089|en|latin#178#siteA#k4,SUP-089|en|latin#178#siteA,4,SUP-089|en|latin#178,SUP-089,Q1,democracy,en,latin,baseline,A,0.151475,0.924262,en,751
SUP-089|en|latin#178#siteB#k0,SUP-089|en|latin#178#siteB,0,SUP-089|en|latin#178,SUP-089,Q1,democracy,en,latin,baseline,B,0.322206,0.838897,en,661
SUP-089|en|latin#178#siteB#k1,SUP-089|en|latin#178#siteB,1,SUP-089|en|latin#178,SUP-089,Q1,democracy,en,latin,baseline,B,0.324048,0.837976,en,685
SUP-089|en|latin#178#siteB#k2,SUP-089|en|latin#178#siteB,2,SUP-089|en|latin#178,SUP-089,Q1,democracy,en,latin,baseline,B,0.292271,0.853865,en,726
SUP-089|en|latin#178#siteB#k3,SUP-089|en|latin#178#siteB,3,SUP-089|en|latin#178,SUP-089,Q1,democracy,en,latin,baseline,B,0.311995,0.844002,en,731
SUP-089|en|latin#178#siteB#k4,SUP-089|en|latin#178#siteB,4,SUP-089|en|latin#178,SUP-089,Q1,democracy,en,latin,baseline,B,0.334356,0.832822,en,730
SUP-090|zh|hanzi#179#siteA#k0,SUP-090|zh|hanzi#179#siteA,0,SUP-090|zh|hanzi#179,SUP-090,Q2,democracy,zh,hanzi,baseline,A,0.313888,0.843056,en,621
SUP-090|zh|hanzi#179#siteA#k1,SUP-090|zh|hanzi#179#siteA,1,SUP-090|zh|hanzi#179,SUP-090,Q2,democracy,zh,hanzi,baseline,A,0.337298,0.831351,en,623
SUP-090|zh|hanzi#179#siteA#k2,SUP-090|zh|hanzi#179#siteA,2,SUP-090|zh|hanzi#179,SUP-090,Q2,democracy,zh,hanzi,baseline,A,0.338918,0.830541,en,614
SUP-090|zh|hanzi#179#siteA#k3,SUP-090|zh|hanzi#179#siteA,3,SUP-090|zh|hanzi#179,SUP-090,Q2,democracy,zh,hanzi,baseline,A,0.372322,0.813839,en,623
SUP-090|zh|hanzi#179#siteA#k4,SUP-090|zh|hanzi#179#siteA,4,SUP-090|zh|hanzi#179,SUP-090,Q2,democracy,zh,hanzi,baseline,A,0.351638,0.824181,en,603
SUP-090|zh|hanzi#179#siteB#k0,SUP-090|zh|hanzi#179#siteB,0,SUP-090|zh|hanzi#179,SUP-090,Q2,democracy,zh,hanzi,baseline,B,0.196665,0.901667,en,622
SUP-090|zh|hanzi#179#siteB#k1,SUP-090|zh|hanzi#179#siteB,1,SUP-090|zh|hanzi#179,SUP-090,Q2,democracy,zh,hanzi,baseline,B,0.205862,0.897069,mixed,562
SUP-090|zh|hanzi#179#siteB#k2,SUP-090|zh|hanzi#179#siteB,2,SUP-090|zh|hanzi#179,SUP-090,Q2,democracy,zh,hanzi,baseline,B,0.192929,0.903536,mixed,572
SUP-090|zh|hanzi#179#siteB#k3,SUP-090|zh|hanzi#179#siteB,3,SUP-090|zh|hanzi#179,SUP-090,Q2,democracy,zh,hanzi,baseline,B,0.193565,0.903217,en,628
SUP-090|zh|hanzi#179#siteB#k4,SUP-090|zh|hanzi#179#siteB,4,SUP-090|zh|hanzi#179,SUP-090,Q2,democracy,zh,hanzi,baseline,B,0.202438,0.898781,en,610
SUP-090|en|latin#180#siteA#k0,SUP-090|en|latin#180#siteA,0,SUP-090|en|latin#180,SUP-090,Q2,democracy,en,latin,baseline,A,0.129832,0.935084,en,752
SUP-090|en|latin#180#siteA#k1,SUP-090|en|latin#180#siteA,1,SUP-090|en|latin#180,SUP-090,Q2,democracy,en,latin,baseline,A,0.156105,0.921948,en,726
SUP-090|en|latin#180#siteA#k2,SUP-090|en|latin#180#siteA,2,SUP-090|en|latin#180,SUP-090,Q2,democracy,en,latin,baseline,A,0.128932,0.935534,en,725
SUP-090|en|latin#180#siteA#k3,SUP-090|en|latin#180#siteA,3,SUP-090|en|latin#180,SUP-090,Q2,democracy,en,latin,baseline,A,0.134967,0.932517,en,725
SUP-090|en|latin#180#siteA#k4,SUP-090|en|latin#180#siteA,4,SUP-090|en|latin#180,SUP-090,Q2,democracy,en,latin,baseline,A,0.158874,0.920563,en,727
SUP-090|en|latin#180#siteB#k0,SUP-090|en|latin#180#siteB,0,SUP-090|en|latin#180,SUP-090,Q2,democracy,en,latin,baseline,B,0.256946,0.871527,en,709
SUP-090|en|latin#180#siteB#k1,SUP-090|en|latin#180#siteB,1,SUP-090|en|latin#180,SUP-090,Q2,democracy,en,latin,baseline,B,0.232053,0.883974,en,715
SUP-090|en|latin#180#siteB#k2,SUP-090|en|latin#180#siteB,2,SUP-090|en|latin#180,SUP-090,Q2,democracy,en,latin,baseline,B,0.244175,0.877912,en,739
SUP-090|en|latin#180#siteB#k3,SUP-090|en|latin#180#siteB,3,SUP-090|en|latin#180,SUP-090,Q2,democracy,en,latin,baseline,B,0.262593,0.868703,en,719
SUP-090|en|latin#180#siteB#k4,SUP-090|en|latin#180#siteB,4,SUP-090|en|latin#180,SUP-090,Q2,democracy,en,latin,baseline,B,0.23329,0.883355,en,687
SUP-091|zh|hanzi#181#siteA#k0,SUP-091|zh|hanzi#181#siteA,0,SUP-091|zh|hanzi#181,SUP-091,Q3,democracy,zh,hanzi,baseline,A,0.128012,0.935994,en,635
SUP-091|zh|hanzi#181#siteA#k1,SUP-091|zh|hanzi#181#siteA,1,SUP-091|zh|hanzi#181,SUP-091,Q3,democracy,zh,hanzi,baseline,A,0.123499,0.938251,en,625
SUP-091|zh|hanzi#181#siteA#k2,SUP-091|zh|hanzi#181#siteA,2,SUP-091|zh|hanzi#181,SUP-091,Q3,democracy,zh,hanzi,baseline,A,0.126089,0.936955,en,614
SUP-091|zh|hanzi#181#siteA#k3,SUP-091|zh|hanzi#181#siteA,3,SUP-091|zh|hanzi#181,SUP-091,Q3,democracy,zh,hanzi,baseline,A,0.125099,0.937451,en,617
SUP-091|zh|hanzi#181#siteA#k4,SUP-091|zh|hanzi#181#siteA,4,SUP-091|zh|hanzi#181,SUP-091,Q3,democracy,zh,hanzi,baseline,A,0.136891,0.931554,en,575
SUP-091|zh|hanzi#181#siteB#k0,SUP-091|zh|hanzi#181#siteB,0,SUP-091|zh|hanzi#181,SUP-091,Q3,democracy,zh,hanzi,baseline,B,0.495124,0.752438,mixed,552
SUP-091|zh|hanzi#181#siteB#k1,SUP-091|zh|hanzi#181#siteB,1,SUP-091|zh|hanzi#181,SUP-091,Q3,democracy,zh,hanzi,baseline,B,0.495345,0.752328,en,577
SUP-091|zh|hanzi#181#siteB#k2,SUP-091|zh|hanzi#181#siteB,2,SUP-091|zh|hanzi#181,SUP-091,Q3,democracy,zh,hanzi,baseline,B,0.311011,0.844495,mixed,547
SUP-091|zh|hanzi#181#siteB#k3,SUP-091|zh|hanzi#181#siteB,3,SUP-091|zh|hanzi#181,SUP-091,Q3,democracy,zh,hanzi,baseline,B,0.322377,0.838812,en,576
SUP-091|zh|hanzi#181#siteB#k4,SUP-091|zh|hanzi#181#siteB,4,SUP-091|zh|hanzi#181,SUP-091,Q3,democracy,zh,hanzi,baseline,B,0.320973,0.839513,en,567
SUP-091|en|latin#182#siteA#k0,SUP-091|en|latin#182#siteA,0,SUP-091|en|latin#182,SUP-091,Q3,democracy,en,latin,baseline,A,0.107729,0.946136,en,697
SUP-091|en|latin#182#siteA#k1,SUP-091|en|latin#182#siteA,1,SUP-091|en|latin#182,SUP-091,Q3,democracy,en,latin,baseline,A,0.104716,0.947643,en,707
SUP-091|en|latin#182#siteA#k2,SUP-091|en|latin#182#siteA,2,SUP-091|en|latin#182,SUP-091,Q3,democracy,en,latin,baseline,A,0.105791,0.947105,en,691
SUP-091|en|latin#182#siteA#k3,SUP-091|en|latin#182#siteA,3,SUP-091|en|latin#182,SUP-091,Q3,democracy,en,latin,baseline,A,0.105957,0.947022,en,727
SUP-091|en|latin#182#siteA#k4,SUP-091|en|latin#182#siteA,4,SUP-091|en|latin#182,SUP-091,Q3,democracy,en,latin,baseline,A,0.101514,0.949243,en,735
SUP-091|en|latin#182#siteB#k0,SUP-091|en|latin#182#siteB,0,SUP-091|en|latin#182,SUP-091,Q3,democracy,en,latin,baseline,B,0.319148,0.840426,en,714
SUP-091|en|latin#182#siteB#k1,SUP-091|en|latin#182#siteB,1,SUP-091|en|latin#182,SUP-091,Q3,democracy,en,latin,baseline,B,0.316766,0.841617,en,714
SUP-091|en|latin#182#siteB#k2,SUP-091|en|latin#182#siteB,2,SUP-091|en|latin#182,SUP-091,Q3,democracy,en,latin,baseline,B,0.320438,0.839781,en,723
SUP-091|en|latin#182#siteB#k3,SUP-091|en|latin#182#siteB,3,SUP-091|en|latin#182,SUP-091,Q3,democracy,en,latin,baseline,B,0.337035,0.831483,en,750
SUP-091|en|latin#182#siteB#k4,SUP-091|en|latin#182#siteB,4,SUP-091|en|latin#182,SUP-091,Q3,democracy,en,latin,baseline,B,0.337048,0.831476,en,749
SUP-092|zh|hanzi#183#siteA#k0,SUP-092|zh|hanzi#183#siteA,0,SUP-092|zh|hanzi#183,SUP-092,Q4,democracy,zh,hanzi,baseline,A,0.196825,0.901588,en,678
SUP-092|zh|hanzi#183#siteA#k1,SUP-092|zh|hanzi#183#siteA,1,SUP-092|zh|hanzi#183,SUP-092,Q4,democracy,zh,hanzi,baseline,A,0.183483,0.908258,en,675
SUP-092|zh|hanzi#183#siteA#k2,SUP-092|zh|hanzi#183#siteA,2,SUP-092|zh|hanzi#183,SUP-092,Q4,democracy,zh,hanzi,baseline,A,0.190132,0.904934,en,617
SUP-092|zh|hanzi#183#siteA#k3,SUP-092|zh|hanzi#183#siteA,3,SUP-092|zh|hanzi#183,SUP-092,Q4,democracy,zh,hanzi,baseline,A,0.190004,0.904998,en,646
SUP-092|zh|hanzi#183#siteA#k4,SUP-092|zh|hanzi#183#siteA,4,SUP-092|zh|hanzi#183,SUP-092,Q4,democracy,zh,hanzi,baseline,A,0.181664,0.909168,en,630
SUP-092|zh|hanzi#183#siteB#k0,SUP-092|zh|hanzi#183#siteB,0,SUP-092|zh|hanzi#183,SUP-092,Q4,democracy,zh,hanzi,baseline,B,0.374203,0.812899,en,573
SUP-092|zh|hanzi#183#siteB#k1,SUP-092|zh|hanzi#183#siteB,1,SUP-092|zh|hanzi#183,SUP-092,Q4,democracy,zh,hanzi,baseline,B,0.402503,0.798748,en,604
SUP-092|zh|hanzi#183#siteB#k2,SUP-092|zh|hanzi#183#siteB,2,SUP-092|zh|hanzi#183,SUP-092,Q4,democracy,zh,hanzi,baseline,B,0.396834,0.801583,en,604
SUP-092|zh|hanzi#183#siteB#k3,SUP-092|zh|hanzi#183#siteB,3,SUP-092|zh|hanzi#183,SUP-092,Q4,democracy,zh,hanzi,baseline,B,0.406574,0.796713,en,599
SUP-092|zh|hanzi#183#siteB#k4,SUP-092|zh|hanzi#183#siteB,4,SUP-092|zh|hanzi#183,SUP-092,Q4,democracy,zh,hanzi,baseline,B,0.394308,0.802846,en,578
SUP-092|en|latin#184#siteA#k0,SUP-092|en|latin#184#siteA,0,SUP-092|en|latin#184,SUP-092,Q4,democracy,en,latin,baseline,A,0.160705,0.919647,en,756
SUP-092|en|latin#184#siteA#k1,SUP-092|en|latin#184#siteA,1,SUP-092|en|latin#184,SUP-092,Q4,democracy,en,latin,baseline,A,0.173335,0.913333,en,731
SUP-092|en|latin#184#siteA#k2,SUP-092|en|latin#184#siteA,2,SUP-092|en|latin#184,SUP-092,Q4,democracy,en,latin,baseline,A,0.198703,0.900649,en,717
SUP-092|en|latin#184#siteA#k3,SUP-092|en|latin#184#siteA,3,SUP-092|en|latin#184,SUP-092,Q4,democracy,en,latin,baseline,A,0.167727,0.916136,en,782
SUP-092|en|latin#184#siteA#k4,SUP-092|en|latin#184#siteA,4,SUP-092|en|latin#184,SUP-092,Q4,democracy,en,latin,baseline,A,0.158272,0.920864,en,763
SUP-092|en|latin#184#siteB#k0,SUP-092|en|latin#184#siteB,0,SUP-092|en|latin#184,SUP-092,Q4,democracy,en,latin,baseline,B,0.353007,0.823496,en,687
SUP-092|en|latin#184#siteB#k1,SUP-092|en|latin#184#siteB,1,SUP-092|en|latin#184,SUP-092,Q4,democracy,en,latin,baseline,B,0.378725,0.810638,en,730
SUP-092|en|latin#184#siteB#k2,SUP-092|en|latin#184#siteB,2,SUP-092|en|latin#184,SUP-092,Q4,democracy,en,latin,baseline,B,0.365154,0.817423,en,716
SUP-092|en|latin#184#siteB#k3,SUP-092|en|latin#184#siteB,3,SUP-092|en|latin#184,SUP-092,Q4,democracy,en,latin,baseline,B,0.339125,0.830437,en,730
SUP-092|en|latin#184#siteB#k4,SUP-092|en|latin#184#siteB,4,SUP-092|en|latin#184,SUP-092,Q4,democracy,en,latin,baseline,B,0.328101,0.835949,en,725
SUP-093|zh|hanzi#185#siteA#k0,SUP-093|zh|hanzi#185#siteA,0,SUP-093|zh|hanzi#185,SUP-093,Q1,human rights,zh,hanzi,baseline,A,0.242542,0.878729,en,636
SUP-093|zh|hanzi#185#siteA#k1,SUP-093|zh|hanzi#185#siteA,1,SUP-093|zh|hanzi#185,SUP-093,Q1,human rights,zh,hanzi,baseline,A,0.247376,0.876312,en,568
SUP-093|zh|hanzi#185#siteA#k2,SUP-093|zh|hanzi#185#siteA,2,SUP-093|zh|hanzi#185,SUP-093,Q1,human rights,zh,hanzi,baseline,A,0.250804,0.874598,en,663
SUP-093|zh|hanzi#185#siteA#k3,SUP-093|zh|hanzi#185#siteA,3,SUP-093|zh|hanzi#185,SUP-093,Q1,human rights,zh,hanzi,baseline,A,0.238866,0.880567,en,600
SUP-093|zh|hanzi#185#siteA#k4,SUP-093|zh|hanzi#185#siteA,4,SUP-093|zh|hanzi#185,SUP-093,Q1,human rights,zh,hanzi,baseline,A,0.225228,0.887386,en,625
SUP-093|zh|hanzi#185#siteB#k0,SUP-093|zh|hanzi#185#siteB,0,SUP-093|zh|hanzi#185,SUP-093,Q1,human rights,zh,hanzi,baseline,B,0.364725,0.817637,mixed,528
SUP-093|zh|hanzi#185#siteB#k1,SUP-093|zh|hanzi#185#siteB,1,SUP-093|zh|hanzi#185,SUP-093,Q1,human rights,zh,hanzi,baseline,B,0.380489,0.809756,mixed,519
SUP-093|zh|hanzi#185#siteB#k2,SUP-093|zh|hanzi#185#siteB,2,SUP-093|zh|hanzi#185,SUP-093,Q1,human rights,zh,hanzi,baseline,B,0.431725,0.784137,en,596
SUP-093|zh|hanzi#185#siteB#k3,SUP-093|zh|hanzi#185#siteB,3,SUP-093|zh|hanzi#185,SUP-093,Q1,human rights,zh,hanzi,baseline,B,0.341729,0.829136,mixed,528
SUP-093|zh|hanzi#185#siteB#k4,SUP-093|zh|hanzi#185#siteB,4,SUP-093|zh|hanzi#185,SUP-093,Q1,human rights,zh,hanzi,baseline,B,0.377556,0.811222,mixed,502
SUP-093|en|latin#186#siteA#k0,SUP-093|en|latin#186#siteA,0,SUP-093|en|latin#186,SUP-093,Q1,human rights,en,latin,baseline,A,0.196718,0.901641,en,765
SUP-093|en|latin#186#siteA#k1,SUP-093|en|latin#186#siteA,1,SUP-093|en|latin#186,SUP-093,Q1,human rights,en,latin,baseline,A,0.190431,0.904785,en,763
SUP-093|en|latin#186#siteA#k2,SUP-093|en|latin#186#siteA,2,SUP-093|en|latin#186,SUP-093,Q1,human rights,en,latin,baseline,A,0.202874,0.898563,en,769
SUP-093|en|latin#186#siteA#k3,SUP-093|en|latin#186#siteA,3,SUP-093|en|latin#186,SUP-093,Q1,human rights,en,latin,baseline,A,0.202868,0.898566,en,759
SUP-093|en|latin#186#siteA#k4,SUP-093|en|latin#186#siteA,4,SUP-093|en|latin#186,SUP-093,Q1,human rights,en,latin,baseline,A,0.184086,0.907957,en,764
SUP-093|en|latin#186#siteB#k0,SUP-093|en|latin#186#siteB,0,SUP-093|en|latin#186,SUP-093,Q1,human rights,en,latin,baseline,B,0.317786,0.841107,en,698
SUP-093|en|latin#186#siteB#k1,SUP-093|en|latin#186#siteB,1,SUP-093|en|latin#186,SUP-093,Q1,human rights,en,latin,baseline,B,0.316638,0.841681,en,733
SUP-093|en|latin#186#siteB#k2,SUP-093|en|latin#186#siteB,2,SUP-093|en|latin#186,SUP-093,Q1,human rights,en,latin,baseline,B,0.321302,0.839349,en,734
SUP-093|en|latin#186#siteB#k3,SUP-093|en|latin#186#siteB,3,SUP-093|en|latin#186,SUP-093,Q1,human rights,en,latin,baseline,B,0.329152,0.835424,en,701
SUP-093|en|latin#186#siteB#k4,SUP-093|en|latin#186#siteB,4,SUP-093|en|latin#186,SUP-093,Q1,human rights,en,latin,baseline,B,0.311214,0.844393,en,733
SUP-094|zh|hanzi#187#siteA#k0,SUP-094|zh|hanzi#187#siteA,0,SUP-094|zh|hanzi#187,SUP-094,Q2,human rights,zh,hanzi,baseline,A,0.23869,0.880655,en,617
SUP-094|zh|hanzi#187#siteA#k1,SUP-094|zh|hanzi#187#siteA,1,SUP-094|zh|hanzi#187,SUP-094,Q2,human rights,zh,hanzi,baseline,A,0.233362,0.883319,en,646
SUP-094|zh|hanzi#187#siteA#k2,SUP-094|zh|hanzi#187#siteA,2,SUP-094|zh|hanzi#187,SUP-094,Q2,human rights,zh,hanzi,baseline,A,0.241408,0.879296,en,597
SUP-094|zh|hanzi#187#siteA#k3,SUP-094|zh|hanzi#187#siteA,3,SUP-094|zh|hanzi#187,SUP-094,Q2,human rights,zh,hanzi,baseline,A,0.218343,0.890828,en,621
SUP-094|zh|hanzi#187#siteA#k4,SUP-094|zh|hanzi#187#siteA,4,SUP-094|zh|hanzi#187,SUP-094,Q2,human rights,zh,hanzi,baseline,A,0.200194,0.899903,en,618
SUP-094|zh|hanzi#187#siteB#k0,SUP-094|zh|hanzi#187#siteB,0,SUP-094|zh|hanzi#187,SUP-094,Q2,human rights,zh,hanzi,baseline,B,0.188386,0.905807,en,634
SUP-094|zh|hanzi#187#siteB#k1,SUP-094|zh|hanzi#187#siteB,1,SUP-094|zh|hanzi#187,SUP-094,Q2,human rights,zh,hanzi,baseline,B,0.191812,0.904094,en,651
SUP-094|zh|hanzi#187#siteB#k2,SUP-094|zh|hanzi#187#siteB,2,SUP-094|zh|hanzi#187,SUP-094,Q2,human rights,zh,hanzi,baseline,B,0.184673,0.907663,mixed,557
SUP-094|zh|hanzi#187#siteB#k3,SUP-094|zh|hanzi#187#siteB,3,SUP-094|zh|hanzi#187,SUP-094,Q2,human rights,zh,hanzi,baseline,B,0.19311,0.903445,en,610
SUP-094|zh|hanzi#187#siteB#k4,SUP-094|zh|hanzi#187#siteB,4,SUP-094|zh|hanzi#187,SUP-094,Q2,human rights,zh,hanzi,baseline,B,0.184012,0.907994,mixed,582
SUP-094|en|latin#188#siteA#k0,SUP-094|en|latin#188#siteA,0,SUP-094|en|latin#188,SUP-094,Q2,human rights,en,latin,baseline,A,0.176555,0.911723,en,737
SUP-094|en|latin#188#siteA#k1,SUP-094|en|latin#188#siteA,1,SUP-094|en|latin#188,SUP-094,Q2,human rights,en,latin,baseline,A,0.192388,0.903806,en,702
SUP-094|en|latin#188#siteA#k2,SUP-094|en|latin#188#siteA,2,SUP-094|en|latin#188,SUP-094,Q2,human rights,en,latin,baseline,A,0.174142,0.912929,en,733
SUP-094|en|latin#188#siteA#k3,SUP-094|en|latin#188#siteA,3,SUP-094|en|latin#188,SUP-094,Q2,human rights,en,latin,baseline,A,0.148197,0.925902,en,727
SUP-094|en|latin#188#siteA#k4,SUP-094|en|latin#188#siteA,4,SUP-094|en|latin#188,SUP-094,Q2,human rights,en,latin,baseline,A,0.187678,0.906161,en,749
SUP-094|en|latin#188#siteB#k0,SUP-094|en|latin#188#siteB,0,SUP-094|en|latin#188,SUP-094,Q2,human rights,en,latin,baseline,B,0.264588,0.867706,en,697
SUP-094|en|latin#188#siteB#k1,SUP-094|en|latin#188#siteB,1,SUP-094|en|latin#188,SUP-094,Q2,human rights,en,latin,baseline,B,0.268046,0.865977,en,673
SUP-094|en|latin#188#siteB#k2,SUP-094|en|latin#188#siteB,2,SUP-094|en|latin#188,SUP-094,Q2,human rights,en,latin,baseline,B,0.256201,0.871899,en,695
SUP-094|en|latin#188#siteB#k3,SUP-094|en|latin#188#siteB,3,SUP-094|en|latin#188,SUP-094,Q2,human rights,en,latin,baseline,B,0.273965,0.863018,en,710
SUP-094|en|latin#188#siteB#k4,SUP-094|en|latin#188#siteB,4,SUP-094|en|latin#188,SUP-094,Q2,human rights,en,latin,baseline,B,0.252344,0.873828,en,725
SUP-095|zh|hanzi#189#siteA#k0,SUP-095|zh|hanzi#189#siteA,0,SUP-095|zh|hanzi#189,SUP-095,Q3,human rights,zh,hanzi,baseline,A,0.169706,0.915147,en,616
SUP-095|zh|hanzi#189#siteA#k1,SUP-095|zh|hanzi#189#siteA,1,SUP-095|zh|hanzi#189,SUP-095,Q3,human rights,zh,hanzi,baseline,A,0.179411,0.910295,en,588
SUP-095|zh|hanzi#189#siteA#k2,SUP-095|zh|hanzi#189#siteA,2,SUP-095|zh|hanzi#189,SUP-095,Q3,human rights,zh,hanzi,baseline,A,0.171909,0.914045,en,608
SUP-095|zh|hanzi#189#siteA#k3,SUP-095|zh|hanzi#189#siteA,3,SUP-095|zh|hanzi#189,SUP-095,Q3,human rights,zh,hanzi,baseline,A,0.178101,0.91095,en,524
SUP-095|zh|hanzi#189#siteA#k4,SUP-095|zh|hanzi#189#siteA,4,SUP-095|zh|hanzi#189,SUP-095,Q3,human rights,zh,hanzi,baseline,A,0.166842,0.916579,en,568
SUP-095|zh|hanzi#189#siteB#k0,SUP-095|zh|hanzi#189#siteB,0,SUP-095|zh|hanzi#189,SUP-095,Q3,human rights,zh,hanzi,baseline,B,0.452246,0.773877,en,543
SUP-095|zh|hanzi#189#siteB#k1,SUP-095|zh|hanzi#189#siteB,1,SUP-095|zh|hanzi#189,SUP-095,Q3,human rights,zh,hanzi,baseline,B,0.545971,0.727015,mixed,564
SUP-095|zh|hanzi#189#siteB#k2,SUP-095|zh|hanzi#189#siteB,2,SUP-095|zh|hanzi#189,SUP-095,Q3,human rights,zh,hanzi,baseline,B,0.346297,0.826852,mixed,553
SUP-095|zh|hanzi#189#siteB#k3,SUP-095|zh|hanzi#189#siteB,3,SUP-095|zh|hanzi#189,SUP-095,Q3,human rights,zh,hanzi,baseline,B,0.60067,0.699665,en,597
SUP-095|zh|hanzi#189#siteB#k4,SUP-095|zh|hanzi#189#siteB,4,SUP-095|zh|hanzi#189,SUP-095,Q3,human rights,zh,hanzi,baseline,B,0.342892,0.828554,en,579
SUP-095|en|latin#190#siteA#k0,SUP-095|en|latin#190#siteA,0,SUP-095|en|latin#190,SUP-095,Q3,human rights,en,latin,baseline,A,0.130328,0.934837,en,723
SUP-095|en|latin#190#siteA#k1,SUP-095|en|latin#190#siteA,1,SUP-095|en|latin#190,SUP-095,Q3,human rights,en,latin,baseline,A,0.132608,0.933696,en,741
SUP-095|en|latin#190#siteA#k2,SUP-095|en|latin#190#siteA,2,SUP-095|en|latin#190,SUP-095,Q3,human rights,en,latin,baseline,A,0.126755,0.936622,en,689
SUP-095|en|latin#190#siteA#k3,SUP-095|en|latin#190#siteA,3,SUP-095|en|latin#190,SUP-095,Q3,human rights,en,latin,baseline,A,0.130769,0.934616,en,736
SUP-095|en|latin#190#siteA#k4,SUP-095|en|latin#190#siteA,4,SUP-095|en|latin#190,SUP-095,Q3,human rights,en,latin,baseline,A,0.132323,0.933839,en,704
SUP-095|en|latin#190#siteB#k0,SUP-095|en|latin#190#siteB,0,SUP-095|en|latin#190,SUP-095,Q3,human rights,en,latin,baseline,B,0.302708,0.848646,en,705
SUP-095|en|latin#190#siteB#k1,SUP-095|en|latin#190#siteB,1,SUP-095|en|latin#190,SUP-095,Q3,human rights,en,latin,baseline,B,0.307062,0.846469,en,697
SUP-095|en|latin#190#siteB#k2,SUP-095|en|latin#190#siteB,2,SUP-095|en|latin#190,SUP-095,Q3,human rights,en,latin,baseline,B,0.308942,0.845529,en,724
SUP-095|en|latin#190#siteB#k3,SUP-095|en|latin#190#siteB,3,SUP-095|en|latin#190,SUP-095,Q3,human rights,en,latin,baseline,B,0.296162,0.851919,en,692
SUP-095|en|latin#190#siteB#k4,SUP-095|en|latin#190#siteB,4,SUP-095|en|latin#190,SUP-095,Q3,human rights,en,latin,baseline,B,0.321975,0.839013,en,733
SUP-096|zh|hanzi#191#siteA#k0,SUP-096|zh|hanzi#191#siteA,0,SUP-096|zh|hanzi#191,SUP-096,Q4,human rights,zh,hanzi,baseline,A,0.222386,0.888807,en,617
SUP-096|zh|hanzi#191#siteA#k1,SUP-096|zh|hanzi#191#siteA,1,SUP-096|zh|hanzi#191,SUP-096,Q4,human rights,zh,hanzi,baseline,A,0.208354,0.895823,en,618
SUP-096|zh|hanzi#191#siteA#k2,SUP-096|zh|hanzi#191#siteA,2,SUP-096|zh|hanzi#191,SUP-096,Q4,human rights,zh,hanzi,baseline,A,0.20081,0.899595,en,654
SUP-096|zh|hanzi#191#siteA#k3,SUP-096|zh|hanzi#191#siteA,3,SUP-096|zh|hanzi#191,SUP-096,Q4,human rights,zh,hanzi,baseline,A,0.197466,0.901267,en,655
SUP-096|zh|hanzi#191#siteA#k4,SUP-096|zh|hanzi#191#siteA,4,SUP-096|zh|hanzi#191,SUP-096,Q4,human rights,zh,hanzi,baseline,A,0.234033,0.882984,en,596
SUP-096|zh|hanzi#191#siteB#k0,SUP-096|zh|hanzi#191#siteB,0,SUP-096|zh|hanzi#191,SUP-096,Q4,human rights,zh,hanzi,baseline,B,0.413724,0.793138,en,635
SUP-096|zh|hanzi#191#siteB#k1,SUP-096|zh|hanzi#191#siteB,1,SUP-096|zh|hanzi#191,SUP-096,Q4,human rights,zh,hanzi,baseline,B,0.384876,0.807562,en,569
SUP-096|zh|hanzi#191#siteB#k2,SUP-096|zh|hanzi#191#siteB,2,SUP-096|zh|hanzi#191,SUP-096,Q4,human rights,zh,hanzi,baseline,B,0.395473,0.802264,en,559
SUP-096|zh|hanzi#191#siteB#k3,SUP-096|zh|hanzi#191#siteB,3,SUP-096|zh|hanzi#191,SUP-096,Q4,human rights,zh,hanzi,baseline,B,0.421622,0.789189,en,593
SUP-096|zh|hanzi#191#siteB#k4,SUP-096|zh|hanzi#191#siteB,4,SUP-096|zh|hanzi#191,SUP-096,Q4,human rights,zh,hanzi,baseline,B,0.421857,0.789072,en,612
SUP-096|en|latin#192#siteA#k0,SUP-096|en|latin#192#siteA,0,SUP-096|en|latin#192,SUP-096,Q4,human rights,en,latin,baseline,A,0.281316,0.859342,en,768
SUP-096|en|latin#192#siteA#k1,SUP-096|en|latin#192#siteA,1,SUP-096|en|latin#192,SUP-096,Q4,human rights,en,latin,baseline,A,0.279939,0.860031,en,765
SUP-096|en|latin#192#siteA#k2,SUP-096|en|latin#192#siteA,2,SUP-096|en|latin#192,SUP-096,Q4,human rights,en,latin,baseline,A,0.269894,0.865053,en,747
SUP-096|en|latin#192#siteA#k3,SUP-096|en|latin#192#siteA,3,SUP-096|en|latin#192,SUP-096,Q4,human rights,en,latin,baseline,A,0.28901,0.855495,en,756
SUP-096|en|latin#192#siteA#k4,SUP-096|en|latin#192#siteA,4,SUP-096|en|latin#192,SUP-096,Q4,human rights,en,latin,baseline,A,0.272664,0.863668,en,733
SUP-096|en|latin#192#siteB#k0,SUP-096|en|latin#192#siteB,0,SUP-096|en|latin#192,SUP-096,Q4,human rights,en,latin,baseline,B,0.391566,0.804217,en,687
SUP-096|en|latin#192#siteB#k1,SUP-096|en|latin#192#siteB,1,SUP-096|en|latin#192,SUP-096,Q4,human rights,en,latin,baseline,B,0.406568,0.796716,en,691
SUP-096|en|latin#192#siteB#k2,SUP-096|en|latin#192#siteB,2,SUP-096|en|latin#192,SUP-096,Q4,human rights,en,latin,baseline,B,0.381211,0.809395,en,684
SUP-096|en|latin#192#siteB#k3,SUP-096|en|latin#192#siteB,3,SUP-096|en|latin#192,SUP-096,Q4,human rights,en,latin,baseline,B,0.365167,0.817417,en,701
SUP-096|en|latin#192#siteB#k4,SUP-096|en|latin#192#siteB,4,SUP-096|en|latin#192,SUP-096,Q4,human rights,en,latin,baseline,B,0.373876,0.813062,en,687
SUP-097|zh|hanzi#193#siteA#k0,SUP-097|zh|hanzi#193#siteA,0,SUP-097|zh|hanzi#193,SUP-097,Q1,freedom of speech,zh,hanzi,baseline,A,0.201732,0.899134,en,569
SUP-097|zh|hanzi#193#siteA#k1,SUP-097|zh|hanzi#193#siteA,1,SUP-097|zh|hanzi#193,SUP-097,Q1,freedom of speech,zh,hanzi,baseline,A,0.203727,0.898137,en,597
SUP-097|zh|hanzi#193#siteA#k2,SUP-097|zh|hanzi#193#siteA,2,SUP-097|zh|hanzi#193,SUP-097,Q1,freedom of speech,zh,hanzi,baseline,A,0.197656,0.901172,en,660
SUP-097|zh|hanzi#193#siteA#k3,SUP-097|zh|hanzi#193#siteA,3,SUP-097|zh|hanzi#193,SUP-097,Q1,freedom of speech,zh,hanzi,baseline,A,0.197433,0.901284,en,644
SUP-097|zh|hanzi#193#siteA#k4,SUP-097|zh|hanzi#193#siteA,4,SUP-097|zh|hanzi#193,SUP-097,Q1,freedom of speech,zh,hanzi,baseline,A,0.206667,0.896667,en,628
SUP-097|zh|hanzi#193#siteB#k0,SUP-097|zh|hanzi#193#siteB,0,SUP-097|zh|hanzi#193,SUP-097,Q1,freedom of speech,zh,hanzi,baseline,B,0.344069,0.827966,mixed,532
SUP-097|zh|hanzi#193#siteB#k1,SUP-097|zh|hanzi#193#siteB,1,SUP-097|zh|hanzi#193,SUP-097,Q1,freedom of speech,zh,hanzi,baseline,B,0.352089,0.823956,mixed,527
SUP-097|zh|hanzi#193#siteB#k2,SUP-097|zh|hanzi#193#siteB,2,SUP-097|zh|hanzi#193,SUP-097,Q1,freedom of speech,zh,hanzi,baseline,B,0.349282,0.825359,mixed,536
SUP-097|zh|hanzi#193#siteB#k3,SUP-097|zh|hanzi#193#siteB,3,SUP-097|zh|hanzi#193,SUP-097,Q1,freedom of speech,zh,hanzi,baseline,B,0.344583,0.827709,mixed,535
SUP-097|zh|hanzi#193#siteB#k4,SUP-097|zh|hanzi#193#siteB,4,SUP-097|zh|hanzi#193,SUP-097,Q1,freedom of speech,zh,hanzi,baseline,B,0.349453,0.825274,mixed,519
SUP-097|en|latin#194#siteA#k0,SUP-097|en|latin#194#siteA,0,SUP-097|en|latin#194,SUP-097,Q1,freedom of speech,en,latin,baseline,A,0.168113,0.915944,en,748
SUP-097|en|latin#194#siteA#k1,SUP-097|en|latin#194#siteA,1,SUP-097|en|latin#194,SUP-097,Q1,freedom of speech,en,latin,baseline,A,0.160159,0.919921,en,715
SUP-097|en|latin#194#siteA#k2,SUP-097|en|latin#194#siteA,2,SUP-097|en|latin#194,SUP-097,Q1,freedom of speech,en,latin,baseline,A,0.166479,0.916761,en,737
SUP-097|en|latin#194#siteA#k3,SUP-097|en|latin#194#siteA,3,SUP-097|en|latin#194,SUP-097,Q1,freedom of speech,en,latin,baseline,A,0.166684,0.916658,en,767
SUP-097|en|latin#194#siteA#k4,SUP-097|en|latin#194#siteA,4,SUP-097|en|latin#194,SUP-097,Q1,freedom of speech,en,latin,baseline,A,0.168331,0.915834,en,749
SUP-097|en|latin#194#siteB#k0,SUP-097|en|latin#194#siteB,0,SUP-097|en|latin#194,SUP-097,Q1,freedom of speech,en,latin,baseline,B,0.294533,0.852733,en,724
SUP-097|en|latin#194#siteB#k1,SUP-097|en|latin#194#siteB,1,SUP-097|en|latin#194,SUP-097,Q1,freedom of speech,en,latin,baseline,B,0.296679,0.85166,en,737
SUP-097|en|latin#194#siteB#k2,SUP-097|en|latin#194#siteB,2,SUP-097|en|latin#194,SUP-097,Q1,freedom of speech,en,latin,baseline,B,0.305293,0.847354,en,688
SUP-097|en|latin#194#siteB#k3,SUP-097|en|latin#194#siteB,3,SUP-097|en|latin#194,SUP-097,Q1,freedom of speech,en,latin,baseline,B,0.291985,0.854008,en,687
SUP-097|en|latin#194#siteB#k4,SUP-097|en|latin#194#siteB,4,SUP-097|en|latin#194,SUP-097,Q1,freedom of speech,en,latin,baseline,B,0.296905,0.851548,en,736
SUP-098|zh|hanzi#195#siteA#k0,SUP-098|zh|hanzi#195#siteA,0,SUP-098|zh|hanzi#195,SUP-098,Q2,freedom of speech,zh,hanzi,baseline,A,0.189345,0.905328,en,578
SUP-098|zh|hanzi#195#siteA#k1,SUP-098|zh|hanzi#195#siteA,1,SUP-098|zh|hanzi#195,SUP-098,Q2,freedom of speech,zh,hanzi,baseline,A,0.186242,0.906879,en,586
SUP-098|zh|hanzi#195#siteA#k2,SUP-098|zh|hanzi#195#siteA,2,SUP-098|zh|hanzi#195,SUP-098,Q2,freedom of speech,zh,hanzi,baseline,A,0.180708,0.909646,en,626
SUP-098|zh|hanzi#195#siteA#k3,SUP-098|zh|hanzi#195#siteA,3,SUP-098|zh|hanzi#195,SUP-098,Q2,freedom of speech,zh,hanzi,baseline,A,0.186635,0.906683,en,537
SUP-098|zh|hanzi#195#siteA#k4,SUP-098|zh|hanzi#195#siteA,4,SUP-098|zh|hanzi#195,SUP-098,Q2,freedom of speech,zh,hanzi,baseline,A,0.179205,0.910397,en,582
SUP-098|zh|hanzi#195#siteB#k0,SUP-098|zh|hanzi#195#siteB,0,SUP-098|zh|hanzi#195,SUP-098,Q2,freedom of speech,zh,hanzi,baseline,B,0.180413,0.909794,en,615
SUP-098|zh|hanzi#195#siteB#k1,SUP-098|zh|hanzi#195#siteB,1,SUP-098|zh|hanzi#195,SUP-098,Q2,freedom of speech,zh,hanzi,baseline,B,0.180978,0.909511,en,623
SUP-098|zh|hanzi#195#siteB#k2,SUP-098|zh|hanzi#195#siteB,2,SUP-098|zh|hanzi#195,SUP-098,Q2,freedom of speech,zh,hanzi,baseline,B,0.184647,0.907676,mixed,556
SUP-098|zh|hanzi#195#siteB#k3,SUP-098|zh|hanzi#195#siteB,3,SUP-098|zh|hanzi#195,SUP-098,Q2,freedom of speech,zh,hanzi,baseline,B,0.185048,0.907476,en,602
SUP-098|zh|hanzi#195#siteB#k4,SUP-098|zh|hanzi#195#siteB,4,SUP-098|zh|hanzi#195,SUP-098,Q2,freedom of speech,zh,hanzi,baseline,B,0.17686,0.91157,en,640
SUP-098|en|latin#196#siteA#k0,SUP-098|en|latin#196#siteA,0,SUP-098|en|latin#196,SUP-098,Q2,freedom of speech,en,latin,baseline,A,0.186304,0.906848,en,723
SUP-098|en|latin#196#siteA#k1,SUP-098|en|latin#196#siteA,1,SUP-098|en|latin#196,SUP-098,Q2,freedom of speech,en,latin,baseline,A,0.162216,0.918892,en,678
SUP-098|en|latin#196#siteA#k2,SUP-098|en|latin#196#siteA,2,SUP-098|en|latin#196,SUP-098,Q2,freedom of speech,en,latin,baseline,A,0.165487,0.917257,en,706
SUP-098|en|latin#196#siteA#k3,SUP-098|en|latin#196#siteA,3,SUP-098|en|latin#196,SUP-098,Q2,freedom of speech,en,latin,baseline,A,0.170508,0.914746,en,734
SUP-098|en|latin#196#siteA#k4,SUP-098|en|latin#196#siteA,4,SUP-098|en|latin#196,SUP-098,Q2,freedom of speech,en,latin,baseline,A,0.169808,0.915096,en,701
SUP-098|en|latin#196#siteB#k0,SUP-098|en|latin#196#siteB,0,SUP-098|en|latin#196,SUP-098,Q2,freedom of speech,en,latin,baseline,B,0.23099,0.884505,en,695
SUP-098|en|latin#196#siteB#k1,SUP-098|en|latin#196#siteB,1,SUP-098|en|latin#196,SUP-098,Q2,freedom of speech,en,latin,baseline,B,0.228831,0.885584,en,698
SUP-098|en|latin#196#siteB#k2,SUP-098|en|latin#196#siteB,2,SUP-098|en|latin#196,SUP-098,Q2,freedom of speech,en,latin,baseline,B,0.229868,0.885066,en,701
SUP-098|en|latin#196#siteB#k3,SUP-098|en|latin#196#siteB,3,SUP-098|en|latin#196,SUP-098,Q2,freedom of speech,en,latin,baseline,B,0.226158,0.886921,en,713
SUP-098|en|latin#196#siteB#k4,SUP-098|en|latin#196#siteB,4,SUP-098|en|latin#196,SUP-098,Q2,freedom of speech,en,latin,baseline,B,0.230898,0.884551,en,693
SUP-099|zh|hanzi#197#siteA#k0,SUP-099|zh|hanzi#197#siteA,0,SUP-099|zh|hanzi#197,SUP-099,Q3,freedom of speech,zh,hanzi,baseline,A,0.125486,0.937257,en,527
SUP-099|zh|hanzi#197#siteA#k1,SUP-099|zh|hanzi#197#siteA,1,SUP-099|zh|hanzi#197,SUP-099,Q3,freedom of speech,zh,hanzi,baseline,A,0.129915,0.935042,en,579
SUP-099|zh|hanzi#197#siteA#k2,SUP-099|zh|hanzi#197#siteA,2,SUP-099|zh|hanzi#197,SUP-099,Q3,freedom of speech,zh,hanzi,baseline,A,0.123766,0.938117,en,567
SUP-099|zh|hanzi#197#siteA#k3,SUP-099|zh|hanzi#197#siteA,3,SUP-099|zh|hanzi#197,SUP-099,Q3,freedom of speech,zh,hanzi,baseline,A,0.121994,0.939003,en,615
SUP-099|zh|hanzi#197#siteA#k4,SUP-099|zh|hanzi#197#siteA,4,SUP-099|zh|hanzi#197,SUP-099,Q3,freedom of speech,zh,hanzi,baseline,A,0.122977,0.938512,en,564
SUP-099|zh|hanzi#197#siteB#k0,SUP-099|zh|hanzi#197#siteB,0,SUP-099|zh|hanzi#197,SUP-099,Q3,freedom of speech,zh,hanzi,baseline,B,0.571458,0.714272,en,540
SUP-099|zh|hanzi#197#siteB#k1,SUP-099|zh|hanzi#197#siteB,1,SUP-099|zh|hanzi#197,SUP-099,Q3,freedom of speech,zh,hanzi,baseline,B,0.548533,0.725734,mixed,524
SUP-099|zh|hanzi#197#siteB#k2,SUP-099|zh|hanzi#197#siteB,2,SUP-099|zh|hanzi#197,SUP-099,Q3,freedom of speech,zh,hanzi,baseline,B,0.54526,0.72737,en,549
SUP-099|zh|hanzi#197#siteB#k3,SUP-099|zh|hanzi#197#siteB,3,SUP-099|zh|hanzi#197,SUP-099,Q3,freedom of speech,zh,hanzi,baseline,B,0.483021,0.75849,en,581
SUP-099|zh|hanzi#197#siteB#k4,SUP-099|zh|hanzi#197#siteB,4,SUP-099|zh|hanzi#197,SUP-099,Q3,freedom of speech,zh,hanzi,baseline,B,0.496138,0.751931,en,584
SUP-099|en|latin#198#siteA#k0,SUP-099|en|latin#198#siteA,0,SUP-099|en|latin#198,SUP-099,Q3,freedom of speech,en,latin,baseline,A,0.120419,0.939791,en,712
SUP-099|en|latin#198#siteA#k1,SUP-099|en|latin#198#siteA,1,SUP-099|en|latin#198,SUP-099,Q3,freedom of speech,en,latin,baseline,A,0.121694,0.939153,en,728
SUP-099|en|latin#198#siteA#k2,SUP-099|en|latin#198#siteA,2,SUP-099|en|latin#198,SUP-099,Q3,freedom of speech,en,latin,baseline,A,0.119969,0.940016,en,695
SUP-099|en|latin#198#siteA#k3,SUP-099|en|latin#198#siteA,3,SUP-099|en|latin#198,SUP-099,Q3,freedom of speech,en,latin,baseline,A,0.120936,0.939532,en,733
SUP-099|en|latin#198#siteA#k4,SUP-099|en|latin#198#siteA,4,SUP-099|en|latin#198,SUP-099,Q3,freedom of speech,en,latin,baseline,A,0.122433,0.938784,en,731
SUP-099|en|latin#198#siteB#k0,SUP-099|en|latin#198#siteB,0,SUP-099|en|latin#198,SUP-099,Q3,freedom of speech,en,latin,baseline,B,0.313462,0.843269,en,722
SUP-099|en|latin#198#siteB#k1,SUP-099|en|latin#198#siteB,1,SUP-099|en|latin#198,SUP-099,Q3,freedom of speech,en,latin,baseline,B,0.305293,0.847354,en,758
SUP-099|en|latin#198#siteB#k2,SUP-099|en|latin#198#siteB,2,SUP-099|en|latin#198,SUP-099,Q3,freedom of speech,en,latin,baseline,B,0.319922,0.840039,en,747
SUP-099|en|latin#198#siteB#k3,SUP-099|en|latin#198#siteB,3,SUP-099|en|latin#198,SUP-099,Q3,freedom of speech,en,latin,baseline,B,0.306172,0.846914,en,718
SUP-099|en|latin#198#siteB#k4,SUP-099|en|latin#198#siteB,4,SUP-099|en|latin#198,SUP-099,Q3,freedom of speech,en,latin,baseline,B,0.316124,0.841938,en,745
SUP-100|zh|hanzi#199#siteA#k0,SUP-100|zh|hanzi#199#siteA,0,SUP-100|zh|hanzi#199,SUP-100,Q4,freedom of speech,zh,hanzi,baseline,A,0.178424,0.910788,en,616
SUP-100|zh|hanzi#199#siteA#k1,SUP-100|zh|hanzi#199#siteA,1,SUP-100|zh|hanzi#199,SUP-100,Q4,freedom of speech,zh,hanzi,baseline,A,0.184695,0.907652,en,574
SUP-100|zh|hanzi#199#siteA#k2,SUP-100|zh|hanzi#199#siteA,2,SUP-100|zh|hanzi#199,SUP-100,Q4,freedom of speech,zh,hanzi,baseline,A,0.186596,0.906702,en,580
SUP-100|zh|hanzi#199#siteA#k3,SUP-100|zh|hanzi#199#siteA,3,SUP-100|zh|hanzi#199,SUP-100,Q4,freedom of speech,zh,hanzi,baseline,A,0.179598,0.910201,en,592
SUP-100|zh|hanzi#199#siteA#k4,SUP-100|zh|hanzi#199#siteA,4,SUP-100|zh|hanzi#199,SUP-100,Q4,freedom of speech,zh,hanzi,baseline,A,0.175288,0.912356,en,578
SUP-100|zh|hanzi#199#siteB#k0,SUP-100|zh|hanzi#199#siteB,0,SUP-100|zh|hanzi#199,SUP-100,Q4,freedom of speech,zh,hanzi,baseline,B,0.373916,0.813042,en,588
SUP-100|zh|hanzi#199#siteB#k1,SUP-100|zh|hanzi#199#siteB,1,SUP-100|zh|hanzi#199,SUP-100,Q4,freedom of speech,zh,hanzi,baseline,B,0.387262,0.806369,mixed,549
SUP-100|zh|hanzi#199#siteB#k2,SUP-100|zh|hanzi#199#siteB,2,SUP-100|zh|hanzi#199,SUP-100,Q4,freedom of speech,zh,hanzi,baseline,B,0.381927,0.809037,en,554
SUP-100|zh|hanzi#199#siteB#k3,SUP-100|zh|hanzi#199#siteB,3,SUP-100|zh|hanzi#199,SUP-100,Q4,freedom of speech,zh,hanzi,baseline,B,0.402935,0.798533,mixed,516
SUP-100|zh|hanzi#199#siteB#k4,SUP-100|zh|hanzi#199#siteB,4,SUP-100|zh|hanzi#199,SUP-100,Q4,freedom of speech,zh,hanzi,baseline,B,0.383856,0.808072,en,575
SUP-100|en|latin#200#siteA#k0,SUP-100|en|latin#200#siteA,0,SUP-100|en|latin#200,SUP-100,Q4,freedom of speech,en,latin,baseline,A,0.171792,0.914104,en,716
SUP-100|en|latin#200#siteA#k1,SUP-100|en|latin#200#siteA,1,SUP-100|en|latin#200,SUP-100,Q4,freedom of speech,en,latin,baseline,A,0.167192,0.916404,en,738
SUP-100|en|latin#200#siteA#k2,SUP-100|en|latin#200#siteA,2,SUP-100|en|latin#200,SUP-100,Q4,freedom of speech,en,latin,baseline,A,0.173106,0.913447,en,769
SUP-100|en|latin#200#siteA#k3,SUP-100|en|latin#200#siteA,3,SUP-100|en|latin#200,SUP-100,Q4,freedom of speech,en,latin,baseline,A,0.168149,0.915926,en,749
SUP-100|en|latin#200#siteA#k4,SUP-100|en|latin#200#siteA,4,SUP-100|en|latin#200,SUP-100,Q4,freedom of speech,en,latin,baseline,A,0.174232,0.912884,en,761
SUP-100|en|latin#200#siteB#k0,SUP-100|en|latin#200#siteB,0,SUP-100|en|latin#200,SUP-100,Q4,freedom of speech,en,latin,baseline,B,0.343023,0.828488,en,734
SUP-100|en|latin#200#siteB#k1,SUP-100|en|latin#200#siteB,1,SUP-100|en|latin#200,SUP-100,Q4,freedom of speech,en,latin,baseline,B,0.322584,0.838708,en,667
SUP-100|en|latin#200#siteB#k2,SUP-100|en|latin#200#siteB,2,SUP-100|en|latin#200,SUP-100,Q4,freedom of speech,en,latin,baseline,B,0.3144,0.8428,en,735
SUP-100|en|latin#200#siteB#k3,SUP-100|en|latin#200#siteB,3,SUP-100|en|latin#200,SUP-100,Q4,freedom of speech,en,latin,baseline,B,0.322875,0.838562,en,734
SUP-100|en|latin#200#siteB#k4,SUP-100|en|latin#200#siteB,4,SUP-100|en|latin#200,SUP-100,Q4,freedom of speech,en,latin,baseline,B,0.30895,0.845525,en,715
SUP-101|zh|hanzi#201#siteA#k0,SUP-101|zh|hanzi#201#siteA,0,SUP-101|zh|hanzi#201,SUP-101,Q1,the rule of law,zh,hanzi,baseline,A,0.194804,0.902598,en,554
SUP-101|zh|hanzi#201#siteA#k1,SUP-101|zh|hanzi#201#siteA,1,SUP-101|zh|hanzi#201,SUP-101,Q1,the rule of law,zh,hanzi,baseline,A,0.215329,0.892336,en,650
SUP-101|zh|hanzi#201#siteA#k2,SUP-101|zh|hanzi#201#siteA,2,SUP-101|zh|hanzi#201,SUP-101,Q1,the rule of law,zh,hanzi,baseline,A,0.215635,0.892183,en,604
SUP-101|zh|hanzi#201#siteA#k3,SUP-101|zh|hanzi#201#siteA,3,SUP-101|zh|hanzi#201,SUP-101,Q1,the rule of law,zh,hanzi,baseline,A,0.203496,0.898252,en,606
SUP-101|zh|hanzi#201#siteA#k4,SUP-101|zh|hanzi#201#siteA,4,SUP-101|zh|hanzi#201,SUP-101,Q1,the rule of law,zh,hanzi,baseline,A,0.201331,0.899334,en,617
SUP-101|zh|hanzi#201#siteB#k0,SUP-101|zh|hanzi#201#siteB,0,SUP-101|zh|hanzi#201,SUP-101,Q1,the rule of law,zh,hanzi,baseline,B,0.354118,0.822941,en,553
SUP-101|zh|hanzi#201#siteB#k1,SUP-101|zh|hanzi#201#siteB,1,SUP-101|zh|hanzi#201,SUP-101,Q1,the rule of law,zh,hanzi,baseline,B,0.359356,0.820322,mixed,521
SUP-101|zh|hanzi#201#siteB#k2,SUP-101|zh|hanzi#201#siteB,2,SUP-101|zh|hanzi#201,SUP-101,Q1,the rule of law,zh,hanzi,baseline,B,0.347949,0.826025,mixed,479
SUP-101|zh|hanzi#201#siteB#k3,SUP-101|zh|hanzi#201#siteB,3,SUP-101|zh|hanzi#201,SUP-101,Q1,the rule of law,zh,hanzi,baseline,B,0.360545,0.819728,en,569
SUP-101|zh|hanzi#201#siteB#k4,SUP-101|zh|hanzi#201#siteB,4,SUP-101|zh|hanzi#201,SUP-101,Q1,the rule of law,zh,hanzi,baseline,B,0.356058,0.821971,mixed,534
SUP-101|en|latin#202#siteA#k0,SUP-101|en|latin#202#siteA,0,SUP-101|en|latin#202,SUP-101,Q1,the rule of law,en,latin,baseline,A,0.214329,0.892835,en,724
SUP-101|en|latin#202#siteA#k1,SUP-101|en|latin#202#siteA,1,SUP-101|en|latin#202,SUP-101,Q1,the rule of law,en,latin,baseline,A,0.212882,0.893559,en,732
SUP-101|en|latin#202#siteA#k2,SUP-101|en|latin#202#siteA,2,SUP-101|en|latin#202,SUP-101,Q1,the rule of law,en,latin,baseline,A,0.224481,0.88776,en,740
SUP-101|en|latin#202#siteA#k3,SUP-101|en|latin#202#siteA,3,SUP-101|en|latin#202,SUP-101,Q1,the rule of law,en,latin,baseline,A,0.200033,0.899984,en,725
SUP-101|en|latin#202#siteA#k4,SUP-101|en|latin#202#siteA,4,SUP-101|en|latin#202,SUP-101,Q1,the rule of law,en,latin,baseline,A,0.203133,0.898433,en,696
SUP-101|en|latin#202#siteB#k0,SUP-101|en|latin#202#siteB,0,SUP-101|en|latin#202,SUP-101,Q1,the rule of law,en,latin,baseline,B,0.314906,0.842547,en,751
SUP-101|en|latin#202#siteB#k1,SUP-101|en|latin#202#siteB,1,SUP-101|en|latin#202,SUP-101,Q1,the rule of law,en,latin,baseline,B,0.29322,0.85339,en,746
SUP-101|en|latin#202#siteB#k2,SUP-101|en|latin#202#siteB,2,SUP-101|en|latin#202,SUP-101,Q1,the rule of law,en,latin,baseline,B,0.287494,0.856253,en,750
SUP-101|en|latin#202#siteB#k3,SUP-101|en|latin#202#siteB,3,SUP-101|en|latin#202,SUP-101,Q1,the rule of law,en,latin,baseline,B,0.309541,0.84523,en,733
SUP-101|en|latin#202#siteB#k4,SUP-101|en|latin#202#siteB,4,SUP-101|en|latin#202,SUP-101,Q1,the rule of law,en,latin,baseline,B,0.297212,0.851394,en,729
SUP-102|zh|hanzi#203#siteA#k0,SUP-102|zh|hanzi#203#siteA,0,SUP-102|zh|hanzi#203,SUP-102,Q2,the rule of law,zh,hanzi,baseline,A,0.350436,0.824782,en,575
SUP-102|zh|hanzi#203#siteA#k1,SUP-102|zh|hanzi#203#siteA,1,SUP-102|zh|hanzi#203,SUP-102,Q2,the rule of law,zh,hanzi,baseline,A,0.357399,0.821301,en,644
SUP-102|zh|hanzi#203#siteA#k2,SUP-102|zh|hanzi#203#siteA,2,SUP-102|zh|hanzi#203,SUP-102,Q2,the rule of law,zh,hanzi,baseline,A,0.339484,0.830258,en,589
SUP-102|zh|hanzi#203#siteA#k3,SUP-102|zh|hanzi#203#siteA,3,SUP-102|zh|hanzi#203,SUP-102,Q2,the rule of law,zh,hanzi,baseline,A,0.322914,0.838543,en,595
SUP-102|zh|hanzi#203#siteA#k4,SUP-102|zh|hanzi#203#siteA,4,SUP-102|zh|hanzi#203,SUP-102,Q2,the rule of law,zh,hanzi,baseline,A,0.353395,0.823303,en,594
SUP-102|zh|hanzi#203#siteB#k0,SUP-102|zh|hanzi#203#siteB,0,SUP-102|zh|hanzi#203,SUP-102,Q2,the rule of law,zh,hanzi,baseline,B,0.201288,0.899356,mixed,567
SUP-102|zh|hanzi#203#siteB#k1,SUP-102|zh|hanzi#203#siteB,1,SUP-102|zh|hanzi#203,SUP-102,Q2,the rule of law,zh,hanzi,baseline,B,0.189491,0.905255,en,656
SUP-102|zh|hanzi#203#siteB#k2,SUP-102|zh|hanzi#203#siteB,2,SUP-102|zh|hanzi#203,SUP-102,Q2,the rule of law,zh,hanzi,baseline,B,0.184897,0.907552,en,656
SUP-102|zh|hanzi#203#siteB#k3,SUP-102|zh|hanzi#203#siteB,3,SUP-102|zh|hanzi#203,SUP-102,Q2,the rule of law,zh,hanzi,baseline,B,0.176146,0.911927,mixed,560
SUP-102|zh|hanzi#203#siteB#k4,SUP-102|zh|hanzi#203#siteB,4,SUP-102|zh|hanzi#203,SUP-102,Q2,the rule of law,zh,hanzi,baseline,B,0.187509,0.906245,en,603
SUP-102|en|latin#204#siteA#k0,SUP-102|en|latin#204#siteA,0,SUP-102|en|latin#204,SUP-102,Q2,the rule of law,en,latin,baseline,A,0.201534,0.899233,en,686
SUP-102|en|latin#204#siteA#k1,SUP-102|en|latin#204#siteA,1,SUP-102|en|latin#204,SUP-102,Q2,the rule of law,en,latin,baseline,A,0.196979,0.90151,en,674
SUP-102|en|latin#204#siteA#k2,SUP-102|en|latin#204#siteA,2,SUP-102|en|latin#204,SUP-102,Q2,the rule of law,en,latin,baseline,A,0.186069,0.906966,en,637
SUP-102|en|latin#204#siteA#k3,SUP-102|en|latin#204#siteA,3,SUP-102|en|latin#204,SUP-102,Q2,the rule of law,en,latin,baseline,A,0.172836,0.913582,en,678
SUP-102|en|latin#204#siteA#k4,SUP-102|en|latin#204#siteA,4,SUP-102|en|latin#204,SUP-102,Q2,the rule of law,en,latin,baseline,A,0.197697,0.901152,en,672
SUP-102|en|latin#204#siteB#k0,SUP-102|en|latin#204#siteB,0,SUP-102|en|latin#204,SUP-102,Q2,the rule of law,en,latin,baseline,B,0.22302,0.88849,en,729
SUP-102|en|latin#204#siteB#k1,SUP-102|en|latin#204#siteB,1,SUP-102|en|latin#204,SUP-102,Q2,the rule of law,en,latin,baseline,B,0.23848,0.88076,en,719
SUP-102|en|latin#204#siteB#k2,SUP-102|en|latin#204#siteB,2,SUP-102|en|latin#204,SUP-102,Q2,the rule of law,en,latin,baseline,B,0.244609,0.877695,en,713
SUP-102|en|latin#204#siteB#k3,SUP-102|en|latin#204#siteB,3,SUP-102|en|latin#204,SUP-102,Q2,the rule of law,en,latin,baseline,B,0.256973,0.871514,en,712
SUP-102|en|latin#204#siteB#k4,SUP-102|en|latin#204#siteB,4,SUP-102|en|latin#204,SUP-102,Q2,the rule of law,en,latin,baseline,B,0.244655,0.877673,en,691
SUP-103|zh|hanzi#205#siteA#k0,SUP-103|zh|hanzi#205#siteA,0,SUP-103|zh|hanzi#205,SUP-103,Q3,the rule of law,zh,hanzi,baseline,A,0.135162,0.932419,en,580
SUP-103|zh|hanzi#205#siteA#k1,SUP-103|zh|hanzi#205#siteA,1,SUP-103|zh|hanzi#205,SUP-103,Q3,the rule of law,zh,hanzi,baseline,A,0.134986,0.932507,en,574
SUP-103|zh|hanzi#205#siteA#k2,SUP-103|zh|hanzi#205#siteA,2,SUP-103|zh|hanzi#205,SUP-103,Q3,the rule of law,zh,hanzi,baseline,A,0.131589,0.934205,en,569
SUP-103|zh|hanzi#205#siteA#k3,SUP-103|zh|hanzi#205#siteA,3,SUP-103|zh|hanzi#205,SUP-103,Q3,the rule of law,zh,hanzi,baseline,A,0.140076,0.929962,en,592
SUP-103|zh|hanzi#205#siteA#k4,SUP-103|zh|hanzi#205#siteA,4,SUP-103|zh|hanzi#205,SUP-103,Q3,the rule of law,zh,hanzi,baseline,A,0.130889,0.934555,en,552
SUP-103|zh|hanzi#205#siteB#k0,SUP-103|zh|hanzi#205#siteB,0,SUP-103|zh|hanzi#205,SUP-103,Q3,the rule of law,zh,hanzi,baseline,B,0.461467,0.769267,en,603
SUP-103|zh|hanzi#205#siteB#k1,SUP-103|zh|hanzi#205#siteB,1,SUP-103|zh|hanzi#205,SUP-103,Q3,the rule of law,zh,hanzi,baseline,B,0.544751,0.727625,en,561
SUP-103|zh|hanzi#205#siteB#k2,SUP-103|zh|hanzi#205#siteB,2,SUP-103|zh|hanzi#205,SUP-103,Q3,the rule of law,zh,hanzi,baseline,B,0.310437,0.844782,mixed,541
SUP-103|zh|hanzi#205#siteB#k3,SUP-103|zh|hanzi#205#siteB,3,SUP-103|zh|hanzi#205,SUP-103,Q3,the rule of law,zh,hanzi,baseline,B,0.299093,0.850454,mixed,534
SUP-103|zh|hanzi#205#siteB#k4,SUP-103|zh|hanzi#205#siteB,4,SUP-103|zh|hanzi#205,SUP-103,Q3,the rule of law,zh,hanzi,baseline,B,0.297732,0.851134,en,587
SUP-103|en|latin#206#siteA#k0,SUP-103|en|latin#206#siteA,0,SUP-103|en|latin#206,SUP-103,Q3,the rule of law,en,latin,baseline,A,0.14446,0.92777,en,684
SUP-103|en|latin#206#siteA#k1,SUP-103|en|latin#206#siteA,1,SUP-103|en|latin#206,SUP-103,Q3,the rule of law,en,latin,baseline,A,0.148691,0.925654,en,666
SUP-103|en|latin#206#siteA#k2,SUP-103|en|latin#206#siteA,2,SUP-103|en|latin#206,SUP-103,Q3,the rule of law,en,latin,baseline,A,0.156125,0.921938,en,696
SUP-103|en|latin#206#siteA#k3,SUP-103|en|latin#206#siteA,3,SUP-103|en|latin#206,SUP-103,Q3,the rule of law,en,latin,baseline,A,0.144963,0.927518,en,687
SUP-103|en|latin#206#siteA#k4,SUP-103|en|latin#206#siteA,4,SUP-103|en|latin#206,SUP-103,Q3,the rule of law,en,latin,baseline,A,0.150391,0.924804,en,688
SUP-103|en|latin#206#siteB#k0,SUP-103|en|latin#206#siteB,0,SUP-103|en|latin#206,SUP-103,Q3,the rule of law,en,latin,baseline,B,0.323468,0.838266,en,717
SUP-103|en|latin#206#siteB#k1,SUP-103|en|latin#206#siteB,1,SUP-103|en|latin#206,SUP-103,Q3,the rule of law,en,latin,baseline,B,0.320913,0.839544,en,746
SUP-103|en|latin#206#siteB#k2,SUP-103|en|latin#206#siteB,2,SUP-103|en|latin#206,SUP-103,Q3,the rule of law,en,latin,baseline,B,0.313673,0.843163,en,743
SUP-103|en|latin#206#siteB#k3,SUP-103|en|latin#206#siteB,3,SUP-103|en|latin#206,SUP-103,Q3,the rule of law,en,latin,baseline,B,0.323036,0.838482,en,745
SUP-103|en|latin#206#siteB#k4,SUP-103|en|latin#206#siteB,4,SUP-103|en|latin#206,SUP-103,Q3,the rule of law,en,latin,baseline,B,0.317949,0.841026,en,742
SUP-104|zh|hanzi#207#siteA#k0,SUP-104|zh|hanzi#207#siteA,0,SUP-104|zh|hanzi#207,SUP-104,Q4,the rule of law,zh,hanzi,baseline,A,0.247235,0.876383,en,614
SUP-104|zh|hanzi#207#siteA#k1,SUP-104|zh|hanzi#207#siteA,1,SUP-104|zh|hanzi#207,SUP-104,Q4,the rule of law,zh,hanzi,baseline,A,0.263788,0.868106,en,692
SUP-104|zh|hanzi#207#siteA#k2,SUP-104|zh|hanzi#207#siteA,2,SUP-104|zh|hanzi#207,SUP-104,Q4,the rule of law,zh,hanzi,baseline,A,0.239111,0.880445,en,666
SUP-104|zh|hanzi#207#siteA#k3,SUP-104|zh|hanzi#207#siteA,3,SUP-104|zh|hanzi#207,SUP-104,Q4,the rule of law,zh,hanzi,baseline,A,0.256641,0.87168,en,570
SUP-104|zh|hanzi#207#siteA#k4,SUP-104|zh|hanzi#207#siteA,4,SUP-104|zh|hanzi#207,SUP-104,Q4,the rule of law,zh,hanzi,baseline,A,0.222757,0.888621,en,619
SUP-104|zh|hanzi#207#siteB#k0,SUP-104|zh|hanzi#207#siteB,0,SUP-104|zh|hanzi#207,SUP-104,Q4,the rule of law,zh,hanzi,baseline,B,0.320563,0.839719,en,575
SUP-104|zh|hanzi#207#siteB#k1,SUP-104|zh|hanzi#207#siteB,1,SUP-104|zh|hanzi#207,SUP-104,Q4,the rule of law,zh,hanzi,baseline,B,0.338508,0.830746,mixed,550
SUP-104|zh|hanzi#207#siteB#k2,SUP-104|zh|hanzi#207#siteB,2,SUP-104|zh|hanzi#207,SUP-104,Q4,the rule of law,zh,hanzi,baseline,B,0.324551,0.837725,en,559
SUP-104|zh|hanzi#207#siteB#k3,SUP-104|zh|hanzi#207#siteB,3,SUP-104|zh|hanzi#207,SUP-104,Q4,the rule of law,zh,hanzi,baseline,B,0.389928,0.805036,en,595
SUP-104|zh|hanzi#207#siteB#k4,SUP-104|zh|hanzi#207#siteB,4,SUP-104|zh|hanzi#207,SUP-104,Q4,the rule of law,zh,hanzi,baseline,B,0.332765,0.833618,en,551
SUP-104|en|latin#208#siteA#k0,SUP-104|en|latin#208#siteA,0,SUP-104|en|latin#208,SUP-104,Q4,the rule of law,en,latin,baseline,A,0.261435,0.869282,en,718
SUP-104|en|latin#208#siteA#k1,SUP-104|en|latin#208#siteA,1,SUP-104|en|latin#208,SUP-104,Q4,the rule of law,en,latin,baseline,A,0.261422,0.869289,en,729
SUP-104|en|latin#208#siteA#k2,SUP-104|en|latin#208#siteA,2,SUP-104|en|latin#208,SUP-104,Q4,the rule of law,en,latin,baseline,A,0.2834,0.8583,en,726
SUP-104|en|latin#208#siteA#k3,SUP-104|en|latin#208#siteA,3,SUP-104|en|latin#208,SUP-104,Q4,the rule of law,en,latin,baseline,A,0.26188,0.86906,en,700
SUP-104|en|latin#208#siteA#k4,SUP-104|en|latin#208#siteA,4,SUP-104|en|latin#208,SUP-104,Q4,the rule of law,en,latin,baseline,A,0.262286,0.868857,en,681
SUP-104|en|latin#208#siteB#k0,SUP-104|en|latin#208#siteB,0,SUP-104|en|latin#208,SUP-104,Q4,the rule of law,en,latin,baseline,B,0.383134,0.808433,en,730
SUP-104|en|latin#208#siteB#k1,SUP-104|en|latin#208#siteB,1,SUP-104|en|latin#208,SUP-104,Q4,the rule of law,en,latin,baseline,B,0.365109,0.817446,en,702
SUP-104|en|latin#208#siteB#k2,SUP-104|en|latin#208#siteB,2,SUP-104|en|latin#208,SUP-104,Q4,the rule of law,en,latin,baseline,B,0.34755,0.826225,en,694
SUP-104|en|latin#208#siteB#k3,SUP-104|en|latin#208#siteB,3,SUP-104|en|latin#208,SUP-104,Q4,the rule of law,en,latin,baseline,B,0.328195,0.835903,en,694
SUP-104|en|latin#208#siteB#k4,SUP-104|en|latin#208#siteB,4,SUP-104|en|latin#208,SUP-104,Q4,the rule of law,en,latin,baseline,B,0.340665,0.829668,en,711
SUP-105|zh|hanzi#209#siteA#k0,SUP-105|zh|hanzi#209#siteA,0,SUP-105|zh|hanzi#209,SUP-105,Q1,freedom of assembly,zh,hanzi,baseline,A,0.194841,0.90258,en,586
SUP-105|zh|hanzi#209#siteA#k1,SUP-105|zh|hanzi#209#siteA,1,SUP-105|zh|hanzi#209,SUP-105,Q1,freedom of assembly,zh,hanzi,baseline,A,0.194529,0.902736,en,663
SUP-105|zh|hanzi#209#siteA#k2,SUP-105|zh|hanzi#209#siteA,2,SUP-105|zh|hanzi#209,SUP-105,Q1,freedom of assembly,zh,hanzi,baseline,A,0.220677,0.889662,en,627
SUP-105|zh|hanzi#209#siteA#k3,SUP-105|zh|hanzi#209#siteA,3,SUP-105|zh|hanzi#209,SUP-105,Q1,freedom of assembly,zh,hanzi,baseline,A,0.188193,0.905904,en,643
SUP-105|zh|hanzi#209#siteA#k4,SUP-105|zh|hanzi#209#siteA,4,SUP-105|zh|hanzi#209,SUP-105,Q1,freedom of assembly,zh,hanzi,baseline,A,0.191901,0.90405,en,616
SUP-105|zh|hanzi#209#siteB#k0,SUP-105|zh|hanzi#209#siteB,0,SUP-105|zh|hanzi#209,SUP-105,Q1,freedom of assembly,zh,hanzi,baseline,B,0.337924,0.831038,mixed,513
SUP-105|zh|hanzi#209#siteB#k1,SUP-105|zh|hanzi#209#siteB,1,SUP-105|zh|hanzi#209,SUP-105,Q1,freedom of assembly,zh,hanzi,baseline,B,0.365127,0.817437,mixed,513
SUP-105|zh|hanzi#209#siteB#k2,SUP-105|zh|hanzi#209#siteB,2,SUP-105|zh|hanzi#209,SUP-105,Q1,freedom of assembly,zh,hanzi,baseline,B,0.348727,0.825637,mixed,517
SUP-105|zh|hanzi#209#siteB#k3,SUP-105|zh|hanzi#209#siteB,3,SUP-105|zh|hanzi#209,SUP-105,Q1,freedom of assembly,zh,hanzi,baseline,B,0.358022,0.820989,mixed,498
SUP-105|zh|hanzi#209#siteB#k4,SUP-105|zh|hanzi#209#siteB,4,SUP-105|zh|hanzi#209,SUP-105,Q1,freedom of assembly,zh,hanzi,baseline,B,0.351498,0.824251,mixed,524
SUP-105|en|latin#210#siteA#k0,SUP-105|en|latin#210#siteA,0,SUP-105|en|latin#210,SUP-105,Q1,freedom of assembly,en,latin,baseline,A,0.176219,0.91189,en,778
SUP-105|en|latin#210#siteA#k1,SUP-105|en|latin#210#siteA,1,SUP-105|en|latin#210,SUP-105,Q1,freedom of assembly,en,latin,baseline,A,0.163303,0.918349,en,753
SUP-105|en|latin#210#siteA#k2,SUP-105|en|latin#210#siteA,2,SUP-105|en|latin#210,SUP-105,Q1,freedom of assembly,en,latin,baseline,A,0.164279,0.917861,en,772
SUP-105|en|latin#210#siteA#k3,SUP-105|en|latin#210#siteA,3,SUP-105|en|latin#210,SUP-105,Q1,freedom of assembly,en,latin,baseline,A,0.168088,0.915956,en,754
SUP-105|en|latin#210#siteA#k4,SUP-105|en|latin#210#siteA,4,SUP-105|en|latin#210,SUP-105,Q1,freedom of assembly,en,latin,baseline,A,0.170838,0.914581,en,765
SUP-105|en|latin#210#siteB#k0,SUP-105|en|latin#210#siteB,0,SUP-105|en|latin#210,SUP-105,Q1,freedom of assembly,en,latin,baseline,B,0.295228,0.852386,en,705
SUP-105|en|latin#210#siteB#k1,SUP-105|en|latin#210#siteB,1,SUP-105|en|latin#210,SUP-105,Q1,freedom of assembly,en,latin,baseline,B,0.294101,0.85295,en,675
SUP-105|en|latin#210#siteB#k2,SUP-105|en|latin#210#siteB,2,SUP-105|en|latin#210,SUP-105,Q1,freedom of assembly,en,latin,baseline,B,0.30553,0.847235,en,736
SUP-105|en|latin#210#siteB#k3,SUP-105|en|latin#210#siteB,3,SUP-105|en|latin#210,SUP-105,Q1,freedom of assembly,en,latin,baseline,B,0.299283,0.850359,en,720
SUP-105|en|latin#210#siteB#k4,SUP-105|en|latin#210#siteB,4,SUP-105|en|latin#210,SUP-105,Q1,freedom of assembly,en,latin,baseline,B,0.323399,0.838301,en,694
SUP-106|zh|hanzi#211#siteA#k0,SUP-106|zh|hanzi#211#siteA,0,SUP-106|zh|hanzi#211,SUP-106,Q2,freedom of assembly,zh,hanzi,baseline,A,0.215588,0.892206,en,614
SUP-106|zh|hanzi#211#siteA#k1,SUP-106|zh|hanzi#211#siteA,1,SUP-106|zh|hanzi#211,SUP-106,Q2,freedom of assembly,zh,hanzi,baseline,A,0.218582,0.890709,en,573
SUP-106|zh|hanzi#211#siteA#k2,SUP-106|zh|hanzi#211#siteA,2,SUP-106|zh|hanzi#211,SUP-106,Q2,freedom of assembly,zh,hanzi,baseline,A,0.233792,0.883104,en,603
SUP-106|zh|hanzi#211#siteA#k3,SUP-106|zh|hanzi#211#siteA,3,SUP-106|zh|hanzi#211,SUP-106,Q2,freedom of assembly,zh,hanzi,baseline,A,0.220637,0.889682,en,583
SUP-106|zh|hanzi#211#siteA#k4,SUP-106|zh|hanzi#211#siteA,4,SUP-106|zh|hanzi#211,SUP-106,Q2,freedom of assembly,zh,hanzi,baseline,A,0.225142,0.887429,en,554
SUP-106|zh|hanzi#211#siteB#k0,SUP-106|zh|hanzi#211#siteB,0,SUP-106|zh|hanzi#211,SUP-106,Q2,freedom of assembly,zh,hanzi,baseline,B,0.221686,0.889157,en,573
SUP-106|zh|hanzi#211#siteB#k1,SUP-106|zh|hanzi#211#siteB,1,SUP-106|zh|hanzi#211,SUP-106,Q2,freedom of assembly,zh,hanzi,baseline,B,0.22134,0.88933,en,614
SUP-106|zh|hanzi#211#siteB#k2,SUP-106|zh|hanzi#211#siteB,2,SUP-106|zh|hanzi#211,SUP-106,Q2,freedom of assembly,zh,hanzi,baseline,B,0.241933,0.879034,mixed,544
SUP-106|zh|hanzi#211#siteB#k3,SUP-106|zh|hanzi#211#siteB,3,SUP-106|zh|hanzi#211,SUP-106,Q2,freedom of assembly,zh,hanzi,baseline,B,0.225045,0.887477,en,594
SUP-106|zh|hanzi#211#siteB#k4,SUP-106|zh|hanzi#211#siteB,4,SUP-106|zh|hanzi#211,SUP-106,Q2,freedom of assembly,zh,hanzi,baseline,B,0.223634,0.888183,en,657
SUP-106|en|latin#212#siteA#k0,SUP-106|en|latin#212#siteA,0,SUP-106|en|latin#212,SUP-106,Q2,freedom of assembly,en,latin,baseline,A,0.133279,0.933361,en,744
SUP-106|en|latin#212#siteA#k1,SUP-106|en|latin#212#siteA,1,SUP-106|en|latin#212,SUP-106,Q2,freedom of assembly,en,latin,baseline,A,0.134683,0.932658,en,708
SUP-106|en|latin#212#siteA#k2,SUP-106|en|latin#212#siteA,2,SUP-106|en|latin#212,SUP-106,Q2,freedom of assembly,en,latin,baseline,A,0.143717,0.928141,en,736
SUP-106|en|latin#212#siteA#k3,SUP-106|en|latin#212#siteA,3,SUP-106|en|latin#212,SUP-106,Q2,freedom of assembly,en,latin,baseline,A,0.13246,0.93377,en,756
SUP-106|en|latin#212#siteA#k4,SUP-106|en|latin#212#siteA,4,SUP-106|en|latin#212,SUP-106,Q2,freedom of assembly,en,latin,baseline,A,0.138887,0.930556,en,705
SUP-106|en|latin#212#siteB#k0,SUP-106|en|latin#212#siteB,0,SUP-106|en|latin#212,SUP-106,Q2,freedom of assembly,en,latin,baseline,B,0.275285,0.862358,en,716
SUP-106|en|latin#212#siteB#k1,SUP-106|en|latin#212#siteB,1,SUP-106|en|latin#212,SUP-106,Q2,freedom of assembly,en,latin,baseline,B,0.265115,0.867442,en,696
SUP-106|en|latin#212#siteB#k2,SUP-106|en|latin#212#siteB,2,SUP-106|en|latin#212,SUP-106,Q2,freedom of assembly,en,latin,baseline,B,0.263102,0.868449,en,718
SUP-106|en|latin#212#siteB#k3,SUP-106|en|latin#212#siteB,3,SUP-106|en|latin#212,SUP-106,Q2,freedom of assembly,en,latin,baseline,B,0.259441,0.87028,en,703
SUP-106|en|latin#212#siteB#k4,SUP-106|en|latin#212#siteB,4,SUP-106|en|latin#212,SUP-106,Q2,freedom of assembly,en,latin,baseline,B,0.262569,0.868715,en,710
SUP-107|zh|hanzi#213#siteA#k0,SUP-107|zh|hanzi#213#siteA,0,SUP-107|zh|hanzi#213,SUP-107,Q3,freedom of assembly,zh,hanzi,baseline,A,0.163759,0.918121,en,618
SUP-107|zh|hanzi#213#siteA#k1,SUP-107|zh|hanzi#213#siteA,1,SUP-107|zh|hanzi#213,SUP-107,Q3,freedom of assembly,zh,hanzi,baseline,A,0.157519,0.921241,en,608
SUP-107|zh|hanzi#213#siteA#k2,SUP-107|zh|hanzi#213#siteA,2,SUP-107|zh|hanzi#213,SUP-107,Q3,freedom of assembly,zh,hanzi,baseline,A,0.148012,0.925994,en,613
SUP-107|zh|hanzi#213#siteA#k3,SUP-107|zh|hanzi#213#siteA,3,SUP-107|zh|hanzi#213,SUP-107,Q3,freedom of assembly,zh,hanzi,baseline,A,0.163251,0.918375,en,589
SUP-107|zh|hanzi#213#siteA#k4,SUP-107|zh|hanzi#213#siteA,4,SUP-107|zh|hanzi#213,SUP-107,Q3,freedom of assembly,zh,hanzi,baseline,A,0.155611,0.922195,en,626
SUP-107|zh|hanzi#213#siteB#k0,SUP-107|zh|hanzi#213#siteB,0,SUP-107|zh|hanzi#213,SUP-107,Q3,freedom of assembly,zh,hanzi,baseline,B,0.514197,0.742902,en,554
SUP-107|zh|hanzi#213#siteB#k1,SUP-107|zh|hanzi#213#siteB,1,SUP-107|zh|hanzi#213,SUP-107,Q3,freedom of assembly,zh,hanzi,baseline,B,0.511727,0.744137,mixed,555
SUP-107|zh|hanzi#213#siteB#k2,SUP-107|zh|hanzi#213#siteB,2,SUP-107|zh|hanzi#213,SUP-107,Q3,freedom of assembly,zh,hanzi,baseline,B,0.325258,0.837371,mixed,534
SUP-107|zh|hanzi#213#siteB#k3,SUP-107|zh|hanzi#213#siteB,3,SUP-107|zh|hanzi#213,SUP-107,Q3,freedom of assembly,zh,hanzi,baseline,B,0.653555,0.673223,mixed,539
SUP-107|zh|hanzi#213#siteB#k4,SUP-107|zh|hanzi#213#siteB,4,SUP-107|zh|hanzi#213,SUP-107,Q3,freedom of assembly,zh,hanzi,baseline,B,0.570372,0.714814,en,590
SUP-107|en|latin#214#siteA#k0,SUP-107|en|latin#214#siteA,0,SUP-107|en|latin#214,SUP-107,Q3,freedom of assembly,en,latin,baseline,A,0.103856,0.948072,en,708
SUP-107|en|latin#214#siteA#k1,SUP-107|en|latin#214#siteA,1,SUP-107|en|latin#214,SUP-107,Q3,freedom of assembly,en,latin,baseline,A,0.105449,0.947276,en,751
SUP-107|en|latin#214#siteA#k2,SUP-107|en|latin#214#siteA,2,SUP-107|en|latin#214,SUP-107,Q3,freedom of assembly,en,latin,baseline,A,0.106099,0.946951,en,750
SUP-107|en|latin#214#siteA#k3,SUP-107|en|latin#214#siteA,3,SUP-107|en|latin#214,SUP-107,Q3,freedom of assembly,en,latin,baseline,A,0.108455,0.945773,en,749
SUP-107|en|latin#214#siteA#k4,SUP-107|en|latin#214#siteA,4,SUP-107|en|latin#214,SUP-107,Q3,freedom of assembly,en,latin,baseline,A,0.105092,0.947454,en,671
SUP-107|en|latin#214#siteB#k0,SUP-107|en|latin#214#siteB,0,SUP-107|en|latin#214,SUP-107,Q3,freedom of assembly,en,latin,baseline,B,0.320395,0.839803,en,716
SUP-107|en|latin#214#siteB#k1,SUP-107|en|latin#214#siteB,1,SUP-107|en|latin#214,SUP-107,Q3,freedom of assembly,en,latin,baseline,B,0.309841,0.84508,en,759
SUP-107|en|latin#214#siteB#k2,SUP-107|en|latin#214#siteB,2,SUP-107|en|latin#214,SUP-107,Q3,freedom of assembly,en,latin,baseline,B,0.321426,0.839287,en,748
SUP-107|en|latin#214#siteB#k3,SUP-107|en|latin#214#siteB,3,SUP-107|en|latin#214,SUP-107,Q3,freedom of assembly,en,latin,baseline,B,0.31894,0.84053,en,718
SUP-107|en|latin#214#siteB#k4,SUP-107|en|latin#214#siteB,4,SUP-107|en|latin#214,SUP-107,Q3,freedom of assembly,en,latin,baseline,B,0.321539,0.839231,en,735
SUP-108|zh|hanzi#215#siteA#k0,SUP-108|zh|hanzi#215#siteA,0,SUP-108|zh|hanzi#215,SUP-108,Q4,freedom of assembly,zh,hanzi,baseline,A,0.17487,0.912565,en,580
SUP-108|zh|hanzi#215#siteA#k1,SUP-108|zh|hanzi#215#siteA,1,SUP-108|zh|hanzi#215,SUP-108,Q4,freedom of assembly,zh,hanzi,baseline,A,0.177276,0.911362,en,644
SUP-108|zh|hanzi#215#siteA#k2,SUP-108|zh|hanzi#215#siteA,2,SUP-108|zh|hanzi#215,SUP-108,Q4,freedom of assembly,zh,hanzi,baseline,A,0.167829,0.916085,en,598
SUP-108|zh|hanzi#215#siteA#k3,SUP-108|zh|hanzi#215#siteA,3,SUP-108|zh|hanzi#215,SUP-108,Q4,freedom of assembly,zh,hanzi,baseline,A,0.16683,0.916585,en,573
SUP-108|zh|hanzi#215#siteA#k4,SUP-108|zh|hanzi#215#siteA,4,SUP-108|zh|hanzi#215,SUP-108,Q4,freedom of assembly,zh,hanzi,baseline,A,0.177844,0.911078,en,614
SUP-108|zh|hanzi#215#siteB#k0,SUP-108|zh|hanzi#215#siteB,0,SUP-108|zh|hanzi#215,SUP-108,Q4,freedom of assembly,zh,hanzi,baseline,B,0.387799,0.806101,mixed,529
SUP-108|zh|hanzi#215#siteB#k1,SUP-108|zh|hanzi#215#siteB,1,SUP-108|zh|hanzi#215,SUP-108,Q4,freedom of assembly,zh,hanzi,baseline,B,0.419139,0.790431,en,626
SUP-108|zh|hanzi#215#siteB#k2,SUP-108|zh|hanzi#215#siteB,2,SUP-108|zh|hanzi#215,SUP-108,Q4,freedom of assembly,zh,hanzi,baseline,B,0.42217,0.788915,en,636
SUP-108|zh|hanzi#215#siteB#k3,SUP-108|zh|hanzi#215#siteB,3,SUP-108|zh|hanzi#215,SUP-108,Q4,freedom of assembly,zh,hanzi,baseline,B,0.374978,0.812511,en,646
SUP-108|zh|hanzi#215#siteB#k4,SUP-108|zh|hanzi#215#siteB,4,SUP-108|zh|hanzi#215,SUP-108,Q4,freedom of assembly,zh,hanzi,baseline,B,0.342778,0.828611,en,583
SUP-108|en|latin#216#siteA#k0,SUP-108|en|latin#216#siteA,0,SUP-108|en|latin#216,SUP-108,Q4,freedom of assembly,en,latin,baseline,A,0.211104,0.894448,en,752
SUP-108|en|latin#216#siteA#k1,SUP-108|en|latin#216#siteA,1,SUP-108|en|latin#216,SUP-108,Q4,freedom of assembly,en,latin,baseline,A,0.210118,0.894941,en,726
SUP-108|en|latin#216#siteA#k2,SUP-108|en|latin#216#siteA,2,SUP-108|en|latin#216,SUP-108,Q4,freedom of assembly,en,latin,baseline,A,0.208501,0.89575,en,751
SUP-108|en|latin#216#siteA#k3,SUP-108|en|latin#216#siteA,3,SUP-108|en|latin#216,SUP-108,Q4,freedom of assembly,en,latin,baseline,A,0.207494,0.896253,en,776
SUP-108|en|latin#216#siteA#k4,SUP-108|en|latin#216#siteA,4,SUP-108|en|latin#216,SUP-108,Q4,freedom of assembly,en,latin,baseline,A,0.214247,0.892876,en,764
SUP-108|en|latin#216#siteB#k0,SUP-108|en|latin#216#siteB,0,SUP-108|en|latin#216,SUP-108,Q4,freedom of assembly,en,latin,baseline,B,0.335941,0.83203,en,752
SUP-108|en|latin#216#siteB#k1,SUP-108|en|latin#216#siteB,1,SUP-108|en|latin#216,SUP-108,Q4,freedom of assembly,en,latin,baseline,B,0.321576,0.839212,en,707
SUP-108|en|latin#216#siteB#k2,SUP-108|en|latin#216#siteB,2,SUP-108|en|latin#216,SUP-108,Q4,freedom of assembly,en,latin,baseline,B,0.313963,0.843018,en,706
SUP-108|en|latin#216#siteB#k3,SUP-108|en|latin#216#siteB,3,SUP-108|en|latin#216,SUP-108,Q4,freedom of assembly,en,latin,baseline,B,0.332945,0.833528,en,719
SUP-108|en|latin#216#siteB#k4,SUP-108|en|latin#216#siteB,4,SUP-108|en|latin#216,SUP-108,Q4,freedom of assembly,en,latin,baseline,B,0.339507,0.830247,en,694
SUP-109|zh|hanzi#217#siteA#k0,SUP-109|zh|hanzi#217#siteA,0,SUP-109|zh|hanzi#217,SUP-109,Q1,freedom,zh,hanzi,baseline,A,0.201675,0.899162,en,631
SUP-109|zh|hanzi#217#siteA#k1,SUP-109|zh|hanzi#217#siteA,1,SUP-109|zh|hanzi#217,SUP-109,Q1,freedom,zh,hanzi,baseline,A,0.198141,0.900929,en,570
SUP-109|zh|hanzi#217#siteA#k2,SUP-109|zh|hanzi#217#siteA,2,SUP-109|zh|hanzi#217,SUP-109,Q1,freedom,zh,hanzi,baseline,A,0.197397,0.901301,en,644
SUP-109|zh|hanzi#217#siteA#k3,SUP-109|zh|hanzi#217#siteA,3,SUP-109|zh|hanzi#217,SUP-109,Q1,freedom,zh,hanzi,baseline,A,0.224663,0.887668,en,631
SUP-109|zh|hanzi#217#siteA#k4,SUP-109|zh|hanzi#217#siteA,4,SUP-109|zh|hanzi#217,SUP-109,Q1,freedom,zh,hanzi,baseline,A,0.210294,0.894853,en,613
SUP-109|zh|hanzi#217#siteB#k0,SUP-109|zh|hanzi#217#siteB,0,SUP-109|zh|hanzi#217,SUP-109,Q1,freedom,zh,hanzi,baseline,B,0.349012,0.825494,mixed,496
SUP-109|zh|hanzi#217#siteB#k1,SUP-109|zh|hanzi#217#siteB,1,SUP-109|zh|hanzi#217,SUP-109,Q1,freedom,zh,hanzi,baseline,B,0.356436,0.821782,mixed,520
SUP-109|zh|hanzi#217#siteB#k2,SUP-109|zh|hanzi#217#siteB,2,SUP-109|zh|hanzi#217,SUP-109,Q1,freedom,zh,hanzi,baseline,B,0.340572,0.829714,mixed,530
SUP-109|zh|hanzi#217#siteB#k3,SUP-109|zh|hanzi#217#siteB,3,SUP-109|zh|hanzi#217,SUP-109,Q1,freedom,zh,hanzi,baseline,B,0.351095,0.824452,mixed,530
SUP-109|zh|hanzi#217#siteB#k4,SUP-109|zh|hanzi#217#siteB,4,SUP-109|zh|hanzi#217,SUP-109,Q1,freedom,zh,hanzi,baseline,B,0.345067,0.827467,mixed,542
SUP-109|en|latin#218#siteA#k0,SUP-109|en|latin#218#siteA,0,SUP-109|en|latin#218,SUP-109,Q1,freedom,en,latin,baseline,A,0.177959,0.911021,en,740
SUP-109|en|latin#218#siteA#k1,SUP-109|en|latin#218#siteA,1,SUP-109|en|latin#218,SUP-109,Q1,freedom,en,latin,baseline,A,0.179142,0.910429,en,730
SUP-109|en|latin#218#siteA#k2,SUP-109|en|latin#218#siteA,2,SUP-109|en|latin#218,SUP-109,Q1,freedom,en,latin,baseline,A,0.178781,0.91061,en,727
SUP-109|en|latin#218#siteA#k3,SUP-109|en|latin#218#siteA,3,SUP-109|en|latin#218,SUP-109,Q1,freedom,en,latin,baseline,A,0.188844,0.905578,en,746
SUP-109|en|latin#218#siteA#k4,SUP-109|en|latin#218#siteA,4,SUP-109|en|latin#218,SUP-109,Q1,freedom,en,latin,baseline,A,0.17898,0.91051,en,756
SUP-109|en|latin#218#siteB#k0,SUP-109|en|latin#218#siteB,0,SUP-109|en|latin#218,SUP-109,Q1,freedom,en,latin,baseline,B,0.30887,0.845565,en,698
SUP-109|en|latin#218#siteB#k1,SUP-109|en|latin#218#siteB,1,SUP-109|en|latin#218,SUP-109,Q1,freedom,en,latin,baseline,B,0.297768,0.851116,en,696
SUP-109|en|latin#218#siteB#k2,SUP-109|en|latin#218#siteB,2,SUP-109|en|latin#218,SUP-109,Q1,freedom,en,latin,baseline,B,0.30419,0.847905,en,689
SUP-109|en|latin#218#siteB#k3,SUP-109|en|latin#218#siteB,3,SUP-109|en|latin#218,SUP-109,Q1,freedom,en,latin,baseline,B,0.316446,0.841777,en,729
SUP-109|en|latin#218#siteB#k4,SUP-109|en|latin#218#siteB,4,SUP-109|en|latin#218,SUP-109,Q1,freedom,en,latin,baseline,B,0.323177,0.838412,en,702
SUP-110|zh|hanzi#219#siteA#k0,SUP-110|zh|hanzi#219#siteA,0,SUP-110|zh|hanzi#219,SUP-110,Q2,freedom,zh,hanzi,baseline,A,0.295315,0.852343,en,635
SUP-110|zh|hanzi#219#siteA#k1,SUP-110|zh|hanzi#219#siteA,1,SUP-110|zh|hanzi#219,SUP-110,Q2,freedom,zh,hanzi,baseline,A,0.295973,0.852013,en,611
SUP-110|zh|hanzi#219#siteA#k2,SUP-110|zh|hanzi#219#siteA,2,SUP-110|zh|hanzi#219,SUP-110,Q2,freedom,zh,hanzi,baseline,A,0.302701,0.848649,en,634
SUP-110|zh|hanzi#219#siteA#k3,SUP-110|zh|hanzi#219#siteA,3,SUP-110|zh|hanzi#219,SUP-110,Q2,freedom,zh,hanzi,baseline,A,0.309693,0.845154,en,671
SUP-110|zh|hanzi#219#siteA#k4,SUP-110|zh|hanzi#219#siteA,4,SUP-110|zh|hanzi#219,SUP-110,Q2,freedom,zh,hanzi,baseline,A,0.29928,0.85036,en,634
SUP-110|zh|hanzi#219#siteB#k0,SUP-110|zh|hanzi#219#siteB,0,SUP-110|zh|hanzi#219,SUP-110,Q2,freedom,zh,hanzi,baseline,B,0.256461,0.87177,en,604
SUP-110|zh|hanzi#219#siteB#k1,SUP-110|zh|hanzi#219#siteB,1,SUP-110|zh|hanzi#219,SUP-110,Q2,freedom,zh,hanzi,baseline,B,0.256812,0.871594,en,542
SUP-110|zh|hanzi#219#siteB#k2,SUP-110|zh|hanzi#219#siteB,2,SUP-110|zh|hanzi#219,SUP-110,Q2,freedom,zh,hanzi,baseline,B,0.229738,0.885131,en,624
SUP-110|zh|hanzi#219#siteB#k3,SUP-110|zh|hanzi#219#siteB,3,SUP-110|zh|hanzi#219,SUP-110,Q2,freedom,zh,hanzi,baseline,B,0.243197,0.878402,en,611
SUP-110|zh|hanzi#219#siteB#k4,SUP-110|zh|hanzi#219#siteB,4,SUP-110|zh|hanzi#219,SUP-110,Q2,freedom,zh,hanzi,baseline,B,0.242373,0.878814,en,532
SUP-110|en|latin#220#siteA#k0,SUP-110|en|latin#220#siteA,0,SUP-110|en|latin#220,SUP-110,Q2,freedom,en,latin,baseline,A,0.181757,0.909122,en,696
SUP-110|en|latin#220#siteA#k1,SUP-110|en|latin#220#siteA,1,SUP-110|en|latin#220,SUP-110,Q2,freedom,en,latin,baseline,A,0.164686,0.917657,en,668
SUP-110|en|latin#220#siteA#k2,SUP-110|en|latin#220#siteA,2,SUP-110|en|latin#220,SUP-110,Q2,freedom,en,latin,baseline,A,0.193101,0.90345,en,692
SUP-110|en|latin#220#siteA#k3,SUP-110|en|latin#220#siteA,3,SUP-110|en|latin#220,SUP-110,Q2,freedom,en,latin,baseline,A,0.173926,0.913037,en,711
SUP-110|en|latin#220#siteA#k4,SUP-110|en|latin#220#siteA,4,SUP-110|en|latin#220,SUP-110,Q2,freedom,en,latin,baseline,A,0.178142,0.910929,en,674
SUP-110|en|latin#220#siteB#k0,SUP-110|en|latin#220#siteB,0,SUP-110|en|latin#220,SUP-110,Q2,freedom,en,latin,baseline,B,0.231989,0.884006,en,695
SUP-110|en|latin#220#siteB#k1,SUP-110|en|latin#220#siteB,1,SUP-110|en|latin#220,SUP-110,Q2,freedom,en,latin,baseline,B,0.232036,0.883982,en,685
SUP-110|en|latin#220#siteB#k2,SUP-110|en|latin#220#siteB,2,SUP-110|en|latin#220,SUP-110,Q2,freedom,en,latin,baseline,B,0.236563,0.881719,en,696
SUP-110|en|latin#220#siteB#k3,SUP-110|en|latin#220#siteB,3,SUP-110|en|latin#220,SUP-110,Q2,freedom,en,latin,baseline,B,0.225343,0.887329,en,692
SUP-110|en|latin#220#siteB#k4,SUP-110|en|latin#220#siteB,4,SUP-110|en|latin#220,SUP-110,Q2,freedom,en,latin,baseline,B,0.237138,0.881431,en,690
SUP-111|zh|hanzi#221#siteA#k0,SUP-111|zh|hanzi#221#siteA,0,SUP-111|zh|hanzi#221,SUP-111,Q3,freedom,zh,hanzi,baseline,A,0.177298,0.911351,en,616
SUP-111|zh|hanzi#221#siteA#k1,SUP-111|zh|hanzi#221#siteA,1,SUP-111|zh|hanzi#221,SUP-111,Q3,freedom,zh,hanzi,baseline,A,0.173996,0.913002,en,624
SUP-111|zh|hanzi#221#siteA#k2,SUP-111|zh|hanzi#221#siteA,2,SUP-111|zh|hanzi#221,SUP-111,Q3,freedom,zh,hanzi,baseline,A,0.169879,0.91506,en,561
SUP-111|zh|hanzi#221#siteA#k3,SUP-111|zh|hanzi#221#siteA,3,SUP-111|zh|hanzi#221,SUP-111,Q3,freedom,zh,hanzi,baseline,A,0.17779,0.911105,en,588
SUP-111|zh|hanzi#221#siteA#k4,SUP-111|zh|hanzi#221#siteA,4,SUP-111|zh|hanzi#221,SUP-111,Q3,freedom,zh,hanzi,baseline,A,0.169892,0.915054,en,610
SUP-111|zh|hanzi#221#siteB#k0,SUP-111|zh|hanzi#221#siteB,0,SUP-111|zh|hanzi#221,SUP-111,Q3,freedom,zh,hanzi,baseline,B,0.312155,0.843923,en,577
SUP-111|zh|hanzi#221#siteB#k1,SUP-111|zh|hanzi#221#siteB,1,SUP-111|zh|hanzi#221,SUP-111,Q3,freedom,zh,hanzi,baseline,B,0.310055,0.844973,mixed,501
SUP-111|zh|hanzi#221#siteB#k2,SUP-111|zh|hanzi#221#siteB,2,SUP-111|zh|hanzi#221,SUP-111,Q3,freedom,zh,hanzi,baseline,B,0.313849,0.843076,mixed,510
SUP-111|zh|hanzi#221#siteB#k3,SUP-111|zh|hanzi#221#siteB,3,SUP-111|zh|hanzi#221,SUP-111,Q3,freedom,zh,hanzi,baseline,B,0.318685,0.840658,en,559
SUP-111|zh|hanzi#221#siteB#k4,SUP-111|zh|hanzi#221#siteB,4,SUP-111|zh|hanzi#221,SUP-111,Q3,freedom,zh,hanzi,baseline,B,0.31761,0.841195,mixed,509
SUP-111|en|latin#222#siteA#k0,SUP-111|en|latin#222#siteA,0,SUP-111|en|latin#222,SUP-111,Q3,freedom,en,latin,baseline,A,0.143245,0.928378,en,719
SUP-111|en|latin#222#siteA#k1,SUP-111|en|latin#222#siteA,1,SUP-111|en|latin#222,SUP-111,Q3,freedom,en,latin,baseline,A,0.147239,0.926381,en,709
SUP-111|en|latin#222#siteA#k2,SUP-111|en|latin#222#siteA,2,SUP-111|en|latin#222,SUP-111,Q3,freedom,en,latin,baseline,A,0.149771,0.925115,en,712
SUP-111|en|latin#222#siteA#k3,SUP-111|en|latin#222#siteA,3,SUP-111|en|latin#222,SUP-111,Q3,freedom,en,latin,baseline,A,0.145115,0.927443,en,721
SUP-111|en|latin#222#siteA#k4,SUP-111|en|latin#222#siteA,4,SUP-111|en|latin#222,SUP-111,Q3,freedom,en,latin,baseline,A,0.148932,0.925534,en,709
SUP-111|en|latin#222#siteB#k0,SUP-111|en|latin#222#siteB,0,SUP-111|en|latin#222,SUP-111,Q3,freedom,en,latin,baseline,B,0.301149,0.849425,en,760
SUP-111|en|latin#222#siteB#k1,SUP-111|en|latin#222#siteB,1,SUP-111|en|latin#222,SUP-111,Q3,freedom,en,latin,baseline,B,0.298222,0.85089,en,692
SUP-111|en|latin#222#siteB#k2,SUP-111|en|latin#222#siteB,2,SUP-111|en|latin#222,SUP-111,Q3,freedom,en,latin,baseline,B,0.307846,0.846077,en,752
SUP-111|en|latin#222#siteB#k3,SUP-111|en|latin#222#siteB,3,SUP-111|en|latin#222,SUP-111,Q3,freedom,en,latin,baseline,B,0.294945,0.852528,en,737
SUP-111|en|latin#222#siteB#k4,SUP-111|en|latin#222#siteB,4,SUP-111|en|latin#222,SUP-111,Q3,freedom,en,latin,baseline,B,0.302111,0.848945,en,774
SUP-112|zh|hanzi#223#siteA#k0,SUP-112|zh|hanzi#223#siteA,0,SUP-112|zh|hanzi#223,SUP-112,Q4,freedom,zh,hanzi,baseline,A,0.231211,0.884395,en,624
SUP-112|zh|hanzi#223#siteA#k1,SUP-112|zh|hanzi#223#siteA,1,SUP-112|zh|hanzi#223,SUP-112,Q4,freedom,zh,hanzi,baseline,A,0.22466,0.88767,en,676
SUP-112|zh|hanzi#223#siteA#k2,SUP-112|zh|hanzi#223#siteA,2,SUP-112|zh|hanzi#223,SUP-112,Q4,freedom,zh,hanzi,baseline,A,0.232959,0.88352,en,653
SUP-112|zh|hanzi#223#siteA#k3,SUP-112|zh|hanzi#223#siteA,3,SUP-112|zh|hanzi#223,SUP-112,Q4,freedom,zh,hanzi,baseline,A,0.227822,0.886089,en,603
SUP-112|zh|hanzi#223#siteA#k4,SUP-112|zh|hanzi#223#siteA,4,SUP-112|zh|hanzi#223,SUP-112,Q4,freedom,zh,hanzi,baseline,A,0.233669,0.883166,en,594
SUP-112|zh|hanzi#223#siteB#k0,SUP-112|zh|hanzi#223#siteB,0,SUP-112|zh|hanzi#223,SUP-112,Q4,freedom,zh,hanzi,baseline,B,0.442939,0.778531,mixed,539
SUP-112|zh|hanzi#223#siteB#k1,SUP-112|zh|hanzi#223#siteB,1,SUP-112|zh|hanzi#223,SUP-112,Q4,freedom,zh,hanzi,baseline,B,0.435332,0.782334,en,599
SUP-112|zh|hanzi#223#siteB#k2,SUP-112|zh|hanzi#223#siteB,2,SUP-112|zh|hanzi#223,SUP-112,Q4,freedom,zh,hanzi,baseline,B,0.449725,0.775138,en,615
SUP-112|zh|hanzi#223#siteB#k3,SUP-112|zh|hanzi#223#siteB,3,SUP-112|zh|hanzi#223,SUP-112,Q4,freedom,zh,hanzi,baseline,B,0.44134,0.77933,en,553
SUP-112|zh|hanzi#223#siteB#k4,SUP-112|zh|hanzi#223#siteB,4,SUP-112|zh|hanzi#223,SUP-112,Q4,freedom,zh,hanzi,baseline,B,0.43559,0.782205,en,540
SUP-112|en|latin#224#siteA#k0,SUP-112|en|latin#224#siteA,0,SUP-112|en|latin#224,SUP-112,Q4,freedom,en,latin,baseline,A,0.165694,0.917153,en,687
SUP-112|en|latin#224#siteA#k1,SUP-112|en|latin#224#siteA,1,SUP-112|en|latin#224,SUP-112,Q4,freedom,en,latin,baseline,A,0.165892,0.917054,en,704
SUP-112|en|latin#224#siteA#k2,SUP-112|en|latin#224#siteA,2,SUP-112|en|latin#224,SUP-112,Q4,freedom,en,latin,baseline,A,0.167419,0.916291,en,706
SUP-112|en|latin#224#siteA#k3,SUP-112|en|latin#224#siteA,3,SUP-112|en|latin#224,SUP-112,Q4,freedom,en,latin,baseline,A,0.162868,0.918566,en,749
SUP-112|en|latin#224#siteA#k4,SUP-112|en|latin#224#siteA,4,SUP-112|en|latin#224,SUP-112,Q4,freedom,en,latin,baseline,A,0.169304,0.915348,en,683
SUP-112|en|latin#224#siteB#k0,SUP-112|en|latin#224#siteB,0,SUP-112|en|latin#224,SUP-112,Q4,freedom,en,latin,baseline,B,0.358628,0.820686,en,696
SUP-112|en|latin#224#siteB#k1,SUP-112|en|latin#224#siteB,1,SUP-112|en|latin#224,SUP-112,Q4,freedom,en,latin,baseline,B,0.364395,0.817803,en,684
SUP-112|en|latin#224#siteB#k2,SUP-112|en|latin#224#siteB,2,SUP-112|en|latin#224,SUP-112,Q4,freedom,en,latin,baseline,B,0.357361,0.82132,en,733
SUP-112|en|latin#224#siteB#k3,SUP-112|en|latin#224#siteB,3,SUP-112|en|latin#224,SUP-112,Q4,freedom,en,latin,baseline,B,0.371742,0.814129,en,693
SUP-112|en|latin#224#siteB#k4,SUP-112|en|latin#224#siteB,4,SUP-112|en|latin#224,SUP-112,Q4,freedom,en,latin,baseline,B,0.37074,0.81463,en,719
SUP-113|zh|hanzi#225#siteA#k0,SUP-113|zh|hanzi#225#siteA,0,SUP-113|zh|hanzi#225,SUP-113,Q1,democracy,zh,hanzi,baseline,A,0.192497,0.903752,en,661
SUP-113|zh|hanzi#225#siteA#k1,SUP-113|zh|hanzi#225#siteA,1,SUP-113|zh|hanzi#225,SUP-113,Q1,democracy,zh,hanzi,baseline,A,0.209523,0.895239,en,613
SUP-113|zh|hanzi#225#siteA#k2,SUP-113|zh|hanzi#225#siteA,2,SUP-113|zh|hanzi#225,SUP-113,Q1,democracy,zh,hanzi,baseline,A,0.205686,0.897157,en,663
SUP-113|zh|hanzi#225#siteA#k3,SUP-113|zh|hanzi#225#siteA,3,SUP-113|zh|hanzi#225,SUP-113,Q1,democracy,zh,hanzi,baseline,A,0.211811,0.894094,en,654
SUP-113|zh|hanzi#225#siteA#k4,SUP-113|zh|hanzi#225#siteA,4,SUP-113|zh|hanzi#225,SUP-113,Q1,democracy,zh,hanzi,baseline,A,0.193298,0.903351,en,632
SUP-113|zh|hanzi#225#siteB#k0,SUP-113|zh|hanzi#225#siteB,0,SUP-113|zh|hanzi#225,SUP-113,Q1,democracy,zh,hanzi,baseline,B,0.353972,0.823014,mixed,533
SUP-113|zh|hanzi#225#siteB#k1,SUP-113|zh|hanzi#225#siteB,1,SUP-113|zh|hanzi#225,SUP-113,Q1,democracy,zh,hanzi,baseline,B,0.353788,0.823106,mixed,550
SUP-113|zh|hanzi#225#siteB#k2,SUP-113|zh|hanzi#225#siteB,2,SUP-113|zh|hanzi#225,SUP-113,Q1,democracy,zh,hanzi,baseline,B,0.347945,0.826028,mixed,478
SUP-113|zh|hanzi#225#siteB#k3,SUP-113|zh|hanzi#225#siteB,3,SUP-113|zh|hanzi#225,SUP-113,Q1,democracy,zh,hanzi,baseline,B,0.353332,0.823334,mixed,536
SUP-113|zh|hanzi#225#siteB#k4,SUP-113|zh|hanzi#225#siteB,4,SUP-113|zh|hanzi#225,SUP-113,Q1,democracy,zh,hanzi,baseline,B,0.348464,0.825768,mixed,497
SUP-113|en|latin#226#siteA#k0,SUP-113|en|latin#226#siteA,0,SUP-113|en|latin#226,SUP-113,Q1,democracy,en,latin,baseline,A,0.136526,0.931737,en,729
SUP-113|en|latin#226#siteA#k1,SUP-113|en|latin#226#siteA,1,SUP-113|en|latin#226,SUP-113,Q1,democracy,en,latin,baseline,A,0.132212,0.933894,en,791
SUP-113|en|latin#226#siteA#k2,SUP-113|en|latin#226#siteA,2,SUP-113|en|latin#226,SUP-113,Q1,democracy,en,latin,baseline,A,0.135311,0.932345,en,757
SUP-113|en|latin#226#siteA#k3,SUP-113|en|latin#226#siteA,3,SUP-113|en|latin#226,SUP-113,Q1,democracy,en,latin,baseline,A,0.140399,0.9298,en,789
SUP-113|en|latin#226#siteA#k4,SUP-113|en|latin#226#siteA,4,SUP-113|en|latin#226,SUP-113,Q1,democracy,en,latin,baseline,A,0.131112,0.934444,en,780
SUP-113|en|latin#226#siteB#k0,SUP-113|en|latin#226#siteB,0,SUP-113|en|latin#226,SUP-113,Q1,democracy,en,latin,baseline,B,0.309408,0.845296,en,694
SUP-113|en|latin#226#siteB#k1,SUP-113|en|latin#226#siteB,1,SUP-113|en|latin#226,SUP-113,Q1,democracy,en,latin,baseline,B,0.329857,0.835072,en,718
SUP-113|en|latin#226#siteB#k2,SUP-113|en|latin#226#siteB,2,SUP-113|en|latin#226,SUP-113,Q1,democracy,en,latin,baseline,B,0.313937,0.843032,en,708
SUP-113|en|latin#226#siteB#k3,SUP-113|en|latin#226#siteB,3,SUP-113|en|latin#226,SUP-113,Q1,democracy,en,latin,baseline,B,0.296862,0.851569,en,684
SUP-113|en|latin#226#siteB#k4,SUP-113|en|latin#226#siteB,4,SUP-113|en|latin#226,SUP-113,Q1,democracy,en,latin,baseline,B,0.307744,0.846128,en,687
SUP-114|zh|hanzi#227#siteA#k0,SUP-114|zh|hanzi#227#siteA,0,SUP-114|zh|hanzi#227,SUP-114,Q2,democracy,zh,hanzi,baseline,A,0.342525,0.828738,en,614
SUP-114|zh|hanzi#227#siteA#k1,SUP-114|zh|hanzi#227#siteA,1,SUP-114|zh|hanzi#227,SUP-114,Q2,democracy,zh,hanzi,baseline,A,0.32716,0.83642,en,577
SUP-114|zh|hanzi#227#siteA#k2,SUP-114|zh|hanzi#227#siteA,2,SUP-114|zh|hanzi#227,SUP-114,Q2,democracy,zh,hanzi,baseline,A,0.335738,0.832131,en,635
SUP-114|zh|hanzi#227#siteA#k3,SUP-114|zh|hanzi#227#siteA,3,SUP-114|zh|hanzi#227,SUP-114,Q2,democracy,zh,hanzi,baseline,A,0.315818,0.842091,en,662
SUP-114|zh|hanzi#227#siteA#k4,SUP-114|zh|hanzi#227#siteA,4,SUP-114|zh|hanzi#227,SUP-114,Q2,democracy,zh,hanzi,baseline,A,0.308594,0.845703,en,560
SUP-114|zh|hanzi#227#siteB#k0,SUP-114|zh|hanzi#227#siteB,0,SUP-114|zh|hanzi#227,SUP-114,Q2,democracy,zh,hanzi,baseline,B,0.213007,0.893496,mixed,578
SUP-114|zh|hanzi#227#siteB#k1,SUP-114|zh|hanzi#227#siteB,1,SUP-114|zh|hanzi#227,SUP-114,Q2,democracy,zh,hanzi,baseline,B,0.208605,0.895697,en,588
SUP-114|zh|hanzi#227#siteB#k2,SUP-114|zh|hanzi#227#siteB,2,SUP-114|zh|hanzi#227,SUP-114,Q2,democracy,zh,hanzi,baseline,B,0.21662,0.89169,mixed,583
SUP-114|zh|hanzi#227#siteB#k3,SUP-114|zh|hanzi#227#siteB,3,SUP-114|zh|hanzi#227,SUP-114,Q2,democracy,zh,hanzi,baseline,B,0.205659,0.89717,en,626
SUP-114|zh|hanzi#227#siteB#k4,SUP-114|zh|hanzi#227#siteB,4,SUP-114|zh|hanzi#227,SUP-114,Q2,democracy,zh,hanzi,baseline,B,0.212475,0.893762,mixed,525
SUP-114|en|latin#228#siteA#k0,SUP-114|en|latin#228#siteA,0,SUP-114|en|latin#228,SUP-114,Q2,democracy,en,latin,baseline,A,0.126306,0.936847,en,707
SUP-114|en|latin#228#siteA#k1,SUP-114|en|latin#228#siteA,1,SUP-114|en|latin#228,SUP-114,Q2,democracy,en,latin,baseline,A,0.128791,0.935604,en,682
SUP-114|en|latin#228#siteA#k2,SUP-114|en|latin#228#siteA,2,SUP-114|en|latin#228,SUP-114,Q2,democracy,en,latin,baseline,A,0.123691,0.938154,en,761
SUP-114|en|latin#228#siteA#k3,SUP-114|en|latin#228#siteA,3,SUP-114|en|latin#228,SUP-114,Q2,democracy,en,latin,baseline,A,0.133967,0.933016,en,734
SUP-114|en|latin#228#siteA#k4,SUP-114|en|latin#228#siteA,4,SUP-114|en|latin#228,SUP-114,Q2,democracy,en,latin,baseline,A,0.122143,0.938929,en,738
SUP-114|en|latin#228#siteB#k0,SUP-114|en|latin#228#siteB,0,SUP-114|en|latin#228,SUP-114,Q2,democracy,en,latin,baseline,B,0.210562,0.894719,en,741
SUP-114|en|latin#228#siteB#k1,SUP-114|en|latin#228#siteB,1,SUP-114|en|latin#228,SUP-114,Q2,democracy,en,latin,baseline,B,0.218645,0.890677,en,704
SUP-114|en|latin#228#siteB#k2,SUP-114|en|latin#228#siteB,2,SUP-114|en|latin#228,SUP-114,Q2,democracy,en,latin,baseline,B,0.212197,0.893902,en,720
SUP-114|en|latin#228#siteB#k3,SUP-114|en|latin#228#siteB,3,SUP-114|en|latin#228,SUP-114,Q2,democracy,en,latin,baseline,B,0.232016,0.883992,en,693
SUP-114|en|latin#228#siteB#k4,SUP-114|en|latin#228#siteB,4,SUP-114|en|latin#228,SUP-114,Q2,democracy,en,latin,baseline,B,0.210252,0.894874,en,742
SUP-115|zh|hanzi#229#siteA#k0,SUP-115|zh|hanzi#229#siteA,0,SUP-115|zh|hanzi#229,SUP-115,Q3,democracy,zh,hanzi,baseline,A,0.139153,0.930424,en,619
SUP-115|zh|hanzi#229#siteA#k1,SUP-115|zh|hanzi#229#siteA,1,SUP-115|zh|hanzi#229,SUP-115,Q3,democracy,zh,hanzi,baseline,A,0.142873,0.928563,en,561
SUP-115|zh|hanzi#229#siteA#k2,SUP-115|zh|hanzi#229#siteA,2,SUP-115|zh|hanzi#229,SUP-115,Q3,democracy,zh,hanzi,baseline,A,0.138757,0.930621,en,548
SUP-115|zh|hanzi#229#siteA#k3,SUP-115|zh|hanzi#229#siteA,3,SUP-115|zh|hanzi#229,SUP-115,Q3,democracy,zh,hanzi,baseline,A,0.13535,0.932325,en,567
SUP-115|zh|hanzi#229#siteA#k4,SUP-115|zh|hanzi#229#siteA,4,SUP-115|zh|hanzi#229,SUP-115,Q3,democracy,zh,hanzi,baseline,A,0.138587,0.930706,en,630
SUP-115|zh|hanzi#229#siteB#k0,SUP-115|zh|hanzi#229#siteB,0,SUP-115|zh|hanzi#229,SUP-115,Q3,democracy,zh,hanzi,baseline,B,0.287583,0.856209,en,593
SUP-115|zh|hanzi#229#siteB#k1,SUP-115|zh|hanzi#229#siteB,1,SUP-115|zh|hanzi#229,SUP-115,Q3,democracy,zh,hanzi,baseline,B,0.31535,0.842325,en,567
SUP-115|zh|hanzi#229#siteB#k2,SUP-115|zh|hanzi#229#siteB,2,SUP-115|zh|hanzi#229,SUP-115,Q3,democracy,zh,hanzi,baseline,B,0.312713,0.843644,mixed,532
SUP-115|zh|hanzi#229#siteB#k3,SUP-115|zh|hanzi#229#siteB,3,SUP-115|zh|hanzi#229,SUP-115,Q3,democracy,zh,hanzi,baseline,B,0.307259,0.846371,mixed,515
SUP-115|zh|hanzi#229#siteB#k4,SUP-115|zh|hanzi#229#siteB,4,SUP-115|zh|hanzi#229,SUP-115,Q3,democracy,zh,hanzi,baseline,B,0.309827,0.845087,mixed,555
SUP-115|en|latin#230#siteA#k0,SUP-115|en|latin#230#siteA,0,SUP-115|en|latin#230,SUP-115,Q3,democracy,en,latin,baseline,A,0.101904,0.949048,en,716
SUP-115|en|latin#230#siteA#k1,SUP-115|en|latin#230#siteA,1,SUP-115|en|latin#230,SUP-115,Q3,democracy,en,latin,baseline,A,0.103335,0.948333,en,676
SUP-115|en|latin#230#siteA#k2,SUP-115|en|latin#230#siteA,2,SUP-115|en|latin#230,SUP-115,Q3,democracy,en,latin,baseline,A,0.103511,0.948245,en,723
SUP-115|en|latin#230#siteA#k3,SUP-115|en|latin#230#siteA,3,SUP-115|en|latin#230,SUP-115,Q3,democracy,en,latin,baseline,A,0.104525,0.947738,en,697
SUP-115|en|latin#230#siteA#k4,SUP-115|en|latin#230#siteA,4,SUP-115|en|latin#230,SUP-115,Q3,democracy,en,latin,baseline,A,0.10535,0.947325,en,724
SUP-115|en|latin#230#siteB#k0,SUP-115|en|latin#230#siteB,0,SUP-115|en|latin#230,SUP-115,Q3,democracy,en,latin,baseline,B,0.293186,0.853407,en,752
SUP-115|en|latin#230#siteB#k1,SUP-115|en|latin#230#siteB,1,SUP-115|en|latin#230,SUP-115,Q3,democracy,en,latin,baseline,B,0.296097,0.851952,en,771
SUP-115|en|latin#230#siteB#k2,SUP-115|en|latin#230#siteB,2,SUP-115|en|latin#230,SUP-115,Q3,democracy,en,latin,baseline,B,0.2882,0.8559,en,755
SUP-115|en|latin#230#siteB#k3,SUP-115|en|latin#230#siteB,3,SUP-115|en|latin#230,SUP-115,Q3,democracy,en,latin,baseline,B,0.28701,0.856495,en,757
SUP-115|en|latin#230#siteB#k4,SUP-115|en|latin#230#siteB,4,SUP-115|en|latin#230,SUP-115,Q3,democracy,en,latin,baseline,B,0.294437,0.852782,en,742
SUP-116|zh|hanzi#231#siteA#k0,SUP-116|zh|hanzi#231#siteA,0,SUP-116|zh|hanzi#231,SUP-116,Q4,democracy,zh,hanzi,baseline,A,0.213824,0.893088,en,673
SUP-116|zh|hanzi#231#siteA#k1,SUP-116|zh|hanzi#231#siteA,1,SUP-116|zh|hanzi#231,SUP-116,Q4,democracy,zh,hanzi,baseline,A,0.228723,0.885638,en,665
SUP-116|zh|hanzi#231#siteA#k2,SUP-116|zh|hanzi#231#siteA,2,SUP-116|zh|hanzi#231,SUP-116,Q4,democracy,zh,hanzi,baseline,A,0.223698,0.888151,en,654
SUP-116|zh|hanzi#231#siteA#k3,SUP-116|zh|hanzi#231#siteA,3,SUP-116|zh|hanzi#231,SUP-116,Q4,democracy,zh,hanzi,baseline,A,0.232726,0.883637,en,652
SUP-116|zh|hanzi#231#siteA#k4,SUP-116|zh|hanzi#231#siteA,4,SUP-116|zh|hanzi#231,SUP-116,Q4,democracy,zh,hanzi,baseline,A,0.212297,0.893851,en,662
SUP-116|zh|hanzi#231#siteB#k0,SUP-116|zh|hanzi#231#siteB,0,SUP-116|zh|hanzi#231,SUP-116,Q4,democracy,zh,hanzi,baseline,B,0.358423,0.820789,en,566
SUP-116|zh|hanzi#231#siteB#k1,SUP-116|zh|hanzi#231#siteB,1,SUP-116|zh|hanzi#231,SUP-116,Q4,democracy,zh,hanzi,baseline,B,0.317146,0.841427,en,615
SUP-116|zh|hanzi#231#siteB#k2,SUP-116|zh|hanzi#231#siteB,2,SUP-116|zh|hanzi#231,SUP-116,Q4,democracy,zh,hanzi,baseline,B,0.331105,0.834448,en,576
SUP-116|zh|hanzi#231#siteB#k3,SUP-116|zh|hanzi#231#siteB,3,SUP-116|zh|hanzi#231,SUP-116,Q4,democracy,zh,hanzi,baseline,B,0.308335,0.845832,en,543
SUP-116|zh|hanzi#231#siteB#k4,SUP-116|zh|hanzi#231#siteB,4,SUP-116|zh|hanzi#231,SUP-116,Q4,democracy,zh,hanzi,baseline,B,0.318071,0.840965,mixed,544
SUP-116|en|latin#232#siteA#k0,SUP-116|en|latin#232#siteA,0,SUP-116|en|latin#232,SUP-116,Q4,democracy,en,latin,baseline,A,0.177472,0.911264,en,768
SUP-116|en|latin#232#siteA#k1,SUP-116|en|latin#232#siteA,1,SUP-116|en|latin#232,SUP-116,Q4,democracy,en,latin,baseline,A,0.156182,0.921909,en,737
SUP-116|en|latin#232#siteA#k2,SUP-116|en|latin#232#siteA,2,SUP-116|en|latin#232,SUP-116,Q4,democracy,en,latin,baseline,A,0.150399,0.9248,en,756
SUP-116|en|latin#232#siteA#k3,SUP-116|en|latin#232#siteA,3,SUP-116|en|latin#232,SUP-116,Q4,democracy,en,latin,baseline,A,0.138463,0.930769,en,721
SUP-116|en|latin#232#siteA#k4,SUP-116|en|latin#232#siteA,4,SUP-116|en|latin#232,SUP-116,Q4,democracy,en,latin,baseline,A,0.164189,0.917906,en,766
SUP-116|en|latin#232#siteB#k0,SUP-116|en|latin#232#siteB,0,SUP-116|en|latin#232,SUP-116,Q4,democracy,en,latin,baseline,B,0.345538,0.827231,en,738
SUP-116|en|latin#232#siteB#k1,SUP-116|en|latin#232#siteB,1,SUP-116|en|latin#232,SUP-116,Q4,democracy,en,latin,baseline,B,0.326295,0.836852,en,766
SUP-116|en|latin#232#siteB#k2,SUP-116|en|latin#232#siteB,2,SUP-116|en|latin#232,SUP-116,Q4,democracy,en,latin,baseline,B,0.31788,0.84106,en,748
SUP-116|en|latin#232#siteB#k3,SUP-116|en|latin#232#siteB,3,SUP-116|en|latin#232,SUP-116,Q4,democracy,en,latin,baseline,B,0.354473,0.822764,en,729
SUP-116|en|latin#232#siteB#k4,SUP-116|en|latin#232#siteB,4,SUP-116|en|latin#232,SUP-116,Q4,democracy,en,latin,baseline,B,0.374515,0.812743,en,737
SUP-117|zh|hanzi#233#siteA#k0,SUP-117|zh|hanzi#233#siteA,0,SUP-117|zh|hanzi#233,SUP-117,Q1,human rights,zh,hanzi,baseline,A,0.208207,0.895896,en,604
SUP-117|zh|hanzi#233#siteA#k1,SUP-117|zh|hanzi#233#siteA,1,SUP-117|zh|hanzi#233,SUP-117,Q1,human rights,zh,hanzi,baseline,A,0.208319,0.895841,en,635
SUP-117|zh|hanzi#233#siteA#k2,SUP-117|zh|hanzi#233#siteA,2,SUP-117|zh|hanzi#233,SUP-117,Q1,human rights,zh,hanzi,baseline,A,0.205898,0.897051,en,620
SUP-117|zh|hanzi#233#siteA#k3,SUP-117|zh|hanzi#233#siteA,3,SUP-117|zh|hanzi#233,SUP-117,Q1,human rights,zh,hanzi,baseline,A,0.185725,0.907138,en,661
SUP-117|zh|hanzi#233#siteA#k4,SUP-117|zh|hanzi#233#siteA,4,SUP-117|zh|hanzi#233,SUP-117,Q1,human rights,zh,hanzi,baseline,A,0.206272,0.896864,en,570
SUP-117|zh|hanzi#233#siteB#k0,SUP-117|zh|hanzi#233#siteB,0,SUP-117|zh|hanzi#233,SUP-117,Q1,human rights,zh,hanzi,baseline,B,0.347354,0.826323,mixed,528
SUP-117|zh|hanzi#233#siteB#k1,SUP-117|zh|hanzi#233#siteB,1,SUP-117|zh|hanzi#233,SUP-117,Q1,human rights,zh,hanzi,baseline,B,0.352586,0.823708,en,593
SUP-117|zh|hanzi#233#siteB#k2,SUP-117|zh|hanzi#233#siteB,2,SUP-117|zh|hanzi#233,SUP-117,Q1,human rights,zh,hanzi,baseline,B,0.35227,0.823865,mixed,554
SUP-117|zh|hanzi#233#siteB#k3,SUP-117|zh|hanzi#233#siteB,3,SUP-117|zh|hanzi#233,SUP-117,Q1,human rights,zh,hanzi,baseline,B,0.354721,0.82264,mixed,526
SUP-117|zh|hanzi#233#siteB#k4,SUP-117|zh|hanzi#233#siteB,4,SUP-117|zh|hanzi#233,SUP-117,Q1,human rights,zh,hanzi,baseline,B,0.357155,0.821423,mixed,541
SUP-117|en|latin#234#siteA#k0,SUP-117|en|latin#234#siteA,0,SUP-117|en|latin#234,SUP-117,Q1,human rights,en,latin,baseline,A,0.230224,0.884888,en,735
SUP-117|en|latin#234#siteA#k1,SUP-117|en|latin#234#siteA,1,SUP-117|en|latin#234,SUP-117,Q1,human rights,en,latin,baseline,A,0.219172,0.890414,en,768
SUP-117|en|latin#234#siteA#k2,SUP-117|en|latin#234#siteA,2,SUP-117|en|latin#234,SUP-117,Q1,human rights,en,latin,baseline,A,0.199695,0.900153,en,780
SUP-117|en|latin#234#siteA#k3,SUP-117|en|latin#234#siteA,3,SUP-117|en|latin#234,SUP-117,Q1,human rights,en,latin,baseline,A,0.194829,0.902586,en,791
SUP-117|en|latin#234#siteA#k4,SUP-117|en|latin#234#siteA,4,SUP-117|en|latin#234,SUP-117,Q1,human rights,en,latin,baseline,A,0.205218,0.897391,en,771
SUP-117|en|latin#234#siteB#k0,SUP-117|en|latin#234#siteB,0,SUP-117|en|latin#234,SUP-117,Q1,human rights,en,latin,baseline,B,0.293357,0.853322,en,690
SUP-117|en|latin#234#siteB#k1,SUP-117|en|latin#234#siteB,1,SUP-117|en|latin#234,SUP-117,Q1,human rights,en,latin,baseline,B,0.312732,0.843634,en,680
SUP-117|en|latin#234#siteB#k2,SUP-117|en|latin#234#siteB,2,SUP-117|en|latin#234,SUP-117,Q1,human rights,en,latin,baseline,B,0.320597,0.839702,en,704
SUP-117|en|latin#234#siteB#k3,SUP-117|en|latin#234#siteB,3,SUP-117|en|latin#234,SUP-117,Q1,human rights,en,latin,baseline,B,0.311574,0.844213,en,685
SUP-117|en|latin#234#siteB#k4,SUP-117|en|latin#234#siteB,4,SUP-117|en|latin#234,SUP-117,Q1,human rights,en,latin,baseline,B,0.305219,0.84739,en,683
SUP-118|zh|hanzi#235#siteA#k0,SUP-118|zh|hanzi#235#siteA,0,SUP-118|zh|hanzi#235,SUP-118,Q2,human rights,zh,hanzi,baseline,A,0.220674,0.889663,en,549
SUP-118|zh|hanzi#235#siteA#k1,SUP-118|zh|hanzi#235#siteA,1,SUP-118|zh|hanzi#235,SUP-118,Q2,human rights,zh,hanzi,baseline,A,0.2137,0.89315,en,621
SUP-118|zh|hanzi#235#siteA#k2,SUP-118|zh|hanzi#235#siteA,2,SUP-118|zh|hanzi#235,SUP-118,Q2,human rights,zh,hanzi,baseline,A,0.214224,0.892888,en,598
SUP-118|zh|hanzi#235#siteA#k3,SUP-118|zh|hanzi#235#siteA,3,SUP-118|zh|hanzi#235,SUP-118,Q2,human rights,zh,hanzi,baseline,A,0.232881,0.88356,en,578
SUP-118|zh|hanzi#235#siteA#k4,SUP-118|zh|hanzi#235#siteA,4,SUP-118|zh|hanzi#235,SUP-118,Q2,human rights,zh,hanzi,baseline,A,0.20601,0.896995,en,537
SUP-118|zh|hanzi#235#siteB#k0,SUP-118|zh|hanzi#235#siteB,0,SUP-118|zh|hanzi#235,SUP-118,Q2,human rights,zh,hanzi,baseline,B,0.196333,0.901834,en,635
SUP-118|zh|hanzi#235#siteB#k1,SUP-118|zh|hanzi#235#siteB,1,SUP-118|zh|hanzi#235,SUP-118,Q2,human rights,zh,hanzi,baseline,B,0.191687,0.904157,en,632
SUP-118|zh|hanzi#235#siteB#k2,SUP-118|zh|hanzi#235#siteB,2,SUP-118|zh|hanzi#235,SUP-118,Q2,human rights,zh,hanzi,baseline,B,0.192078,0.903961,mixed,556
SUP-118|zh|hanzi#235#siteB#k3,SUP-118|zh|hanzi#235#siteB,3,SUP-118|zh|hanzi#235,SUP-118,Q2,human rights,zh,hanzi,baseline,B,0.18455,0.907725,mixed,491
SUP-118|zh|hanzi#235#siteB#k4,SUP-118|zh|hanzi#235#siteB,4,SUP-118|zh|hanzi#235,SUP-118,Q2,human rights,zh,hanzi,baseline,B,0.18539,0.907305,en,541
SUP-118|en|latin#236#siteA#k0,SUP-118|en|latin#236#siteA,0,SUP-118|en|latin#236,SUP-118,Q2,human rights,en,latin,baseline,A,0.146426,0.926787,en,699
SUP-118|en|latin#236#siteA#k1,SUP-118|en|latin#236#siteA,1,SUP-118|en|latin#236,SUP-118,Q2,human rights,en,latin,baseline,A,0.168786,0.915607,en,735
SUP-118|en|latin#236#siteA#k2,SUP-118|en|latin#236#siteA,2,SUP-118|en|latin#236,SUP-118,Q2,human rights,en,latin,baseline,A,0.141462,0.929269,en,719
SUP-118|en|latin#236#siteA#k3,SUP-118|en|latin#236#siteA,3,SUP-118|en|latin#236,SUP-118,Q2,human rights,en,latin,baseline,A,0.149418,0.925291,en,718
SUP-118|en|latin#236#siteA#k4,SUP-118|en|latin#236#siteA,4,SUP-118|en|latin#236,SUP-118,Q2,human rights,en,latin,baseline,A,0.143364,0.928319,en,721
SUP-118|en|latin#236#siteB#k0,SUP-118|en|latin#236#siteB,0,SUP-118|en|latin#236,SUP-118,Q2,human rights,en,latin,baseline,B,0.230906,0.884547,en,711
SUP-118|en|latin#236#siteB#k1,SUP-118|en|latin#236#siteB,1,SUP-118|en|latin#236,SUP-118,Q2,human rights,en,latin,baseline,B,0.243028,0.878486,en,715
SUP-118|en|latin#236#siteB#k2,SUP-118|en|latin#236#siteB,2,SUP-118|en|latin#236,SUP-118,Q2,human rights,en,latin,baseline,B,0.220099,0.88995,en,709
SUP-118|en|latin#236#siteB#k3,SUP-118|en|latin#236#siteB,3,SUP-118|en|latin#236,SUP-118,Q2,human rights,en,latin,baseline,B,0.22998,0.88501,en,726
SUP-118|en|latin#236#siteB#k4,SUP-118|en|latin#236#siteB,4,SUP-118|en|latin#236,SUP-118,Q2,human rights,en,latin,baseline,B,0.215032,0.892484,en,677
SUP-119|zh|hanzi#237#siteA#k0,SUP-119|zh|hanzi#237#siteA,0,SUP-119|zh|hanzi#237,SUP-119,Q3,human rights,zh,hanzi,baseline,A,0.168081,0.915959,en,631
SUP-119|zh|hanzi#237#siteA#k1,SUP-119|zh|hanzi#237#siteA,1,SUP-119|zh|hanzi#237,SUP-119,Q3,human rights,zh,hanzi,baseline,A,0.160193,0.919904,en,617
SUP-119|zh|hanzi#237#siteA#k2,SUP-119|zh|hanzi#237#siteA,2,SUP-119|zh|hanzi#237,SUP-119,Q3,human rights,zh,hanzi,baseline,A,0.158709,0.920646,en,605
SUP-119|zh|hanzi#237#siteA#k3,SUP-119|zh|hanzi#237#siteA,3,SUP-119|zh|hanzi#237,SUP-119,Q3,human rights,zh,hanzi,baseline,A,0.165883,0.917059,en,645
SUP-119|zh|hanzi#237#siteA#k4,SUP-119|zh|hanzi#237#siteA,4,SUP-119|zh|hanzi#237,SUP-119,Q3,human rights,zh,hanzi,baseline,A,0.161874,0.919063,en,666
SUP-119|zh|hanzi#237#siteB#k0,SUP-119|zh|hanzi#237#siteB,0,SUP-119|zh|hanzi#237,SUP-119,Q3,human rights,zh,hanzi,baseline,B,0.297506,0.851247,en,578
SUP-119|zh|hanzi#237#siteB#k1,SUP-119|zh|hanzi#237#siteB,1,SUP-119|zh|hanzi#237,SUP-119,Q3,human rights,zh,hanzi,baseline,B,0.309221,0.845389,en,587
SUP-119|zh|hanzi#237#siteB#k2,SUP-119|zh|hanzi#237#siteB,2,SUP-119|zh|hanzi#237,SUP-119,Q3,human rights,zh,hanzi,baseline,B,0.295677,0.852162,en,561
SUP-119|zh|hanzi#237#siteB#k3,SUP-119|zh|hanzi#237#siteB,3,SUP-119|zh|hanzi#237,SUP-119,Q3,human rights,zh,hanzi,baseline,B,0.311845,0.844077,en,591
SUP-119|zh|hanzi#237#siteB#k4,SUP-119|zh|hanzi#237#siteB,4,SUP-119|zh|hanzi#237,SUP-119,Q3,human rights,zh,hanzi,baseline,B,0.364019,0.817991,mixed,509
SUP-119|en|latin#238#siteA#k0,SUP-119|en|latin#238#siteA,0,SUP-119|en|latin#238,SUP-119,Q3,human rights,en,latin,baseline,A,0.129082,0.935459,en,729
SUP-119|en|latin#238#siteA#k1,SUP-119|en|latin#238#siteA,1,SUP-119|en|latin#238,SUP-119,Q3,human rights,en,latin,baseline,A,0.126243,0.936879,en,743
SUP-119|en|latin#238#siteA#k2,SUP-119|en|latin#238#siteA,2,SUP-119|en|latin#238,SUP-119,Q3,human rights,en,latin,baseline,A,0.138154,0.930923,en,713
SUP-119|en|latin#238#siteA#k3,SUP-119|en|latin#238#siteA,3,SUP-119|en|latin#238,SUP-119,Q3,human rights,en,latin,baseline,A,0.127131,0.936435,en,733
SUP-119|en|latin#238#siteA#k4,SUP-119|en|latin#238#siteA,4,SUP-119|en|latin#238,SUP-119,Q3,human rights,en,latin,baseline,A,0.124211,0.937895,en,715
SUP-119|en|latin#238#siteB#k0,SUP-119|en|latin#238#siteB,0,SUP-119|en|latin#238,SUP-119,Q3,human rights,en,latin,baseline,B,0.298215,0.850893,en,750
SUP-119|en|latin#238#siteB#k1,SUP-119|en|latin#238#siteB,1,SUP-119|en|latin#238,SUP-119,Q3,human rights,en,latin,baseline,B,0.292146,0.853927,en,737
SUP-119|en|latin#238#siteB#k2,SUP-119|en|latin#238#siteB,2,SUP-119|en|latin#238,SUP-119,Q3,human rights,en,latin,baseline,B,0.294894,0.852553,en,727
SUP-119|en|latin#238#siteB#k3,SUP-119|en|latin#238#siteB,3,SUP-119|en|latin#238,SUP-119,Q3,human rights,en,latin,baseline,B,0.293822,0.853089,en,713
SUP-119|en|latin#238#siteB#k4,SUP-119|en|latin#238#siteB,4,SUP-119|en|latin#238,SUP-119,Q3,human rights,en,latin,baseline,B,0.283257,0.858372,en,728
SUP-120|zh|hanzi#239#siteA#k0,SUP-120|zh|hanzi#239#siteA,0,SUP-120|zh|hanzi#239,SUP-120,Q4,human rights,zh,hanzi,baseline,A,0.211942,0.894029,en,610
SUP-120|zh|hanzi#239#siteA#k1,SUP-120|zh|hanzi#239#siteA,1,SUP-120|zh|hanzi#239,SUP-120,Q4,human rights,zh,hanzi,baseline,A,0.209842,0.895079,en,603
SUP-120|zh|hanzi#239#siteA#k2,SUP-120|zh|hanzi#239#siteA,2,SUP-120|zh|hanzi#239,SUP-120,Q4,human rights,zh,hanzi,baseline,A,0.204485,0.897757,en,630
SUP-120|zh|hanzi#239#siteA#k3,SUP-120|zh|hanzi#239#siteA,3,SUP-120|zh|hanzi#239,SUP-120,Q4,human rights,zh,hanzi,baseline,A,0.221069,0.889466,en,586
SUP-120|zh|hanzi#239#siteA#k4,SUP-120|zh|hanzi#239#siteA,4,SUP-120|zh|hanzi#239,SUP-120,Q4,human rights,zh,hanzi,baseline,A,0.215878,0.892061,en,564
SUP-120|zh|hanzi#239#siteB#k0,SUP-120|zh|hanzi#239#siteB,0,SUP-120|zh|hanzi#239,SUP-120,Q4,human rights,zh,hanzi,baseline,B,0.39788,0.80106,en,545
SUP-120|zh|hanzi#239#siteB#k1,SUP-120|zh|hanzi#239#siteB,1,SUP-120|zh|hanzi#239,SUP-120,Q4,human rights,zh,hanzi,baseline,B,0.371288,0.814356,en,535
SUP-120|zh|hanzi#239#siteB#k2,SUP-120|zh|hanzi#239#siteB,2,SUP-120|zh|hanzi#239,SUP-120,Q4,human rights,zh,hanzi,baseline,B,0.407559,0.796221,mixed,500
SUP-120|zh|hanzi#239#siteB#k3,SUP-120|zh|hanzi#239#siteB,3,SUP-120|zh|hanzi#239,SUP-120,Q4,human rights,zh,hanzi,baseline,B,0.399305,0.800348,en,577
SUP-120|zh|hanzi#239#siteB#k4,SUP-120|zh|hanzi#239#siteB,4,SUP-120|zh|hanzi#239,SUP-120,Q4,human rights,zh,hanzi,baseline,B,0.386647,0.806677,en,600
SUP-120|en|latin#240#siteA#k0,SUP-120|en|latin#240#siteA,0,SUP-120|en|latin#240,SUP-120,Q4,human rights,en,latin,baseline,A,0.185947,0.907027,en,767
SUP-120|en|latin#240#siteA#k1,SUP-120|en|latin#240#siteA,1,SUP-120|en|latin#240,SUP-120,Q4,human rights,en,latin,baseline,A,0.198348,0.900826,en,746
SUP-120|en|latin#240#siteA#k2,SUP-120|en|latin#240#siteA,2,SUP-120|en|latin#240,SUP-120,Q4,human rights,en,latin,baseline,A,0.202659,0.898671,en,732
SUP-120|en|latin#240#siteA#k3,SUP-120|en|latin#240#siteA,3,SUP-120|en|latin#240,SUP-120,Q4,human rights,en,latin,baseline,A,0.190281,0.90486,en,749
SUP-120|en|latin#240#siteA#k4,SUP-120|en|latin#240#siteA,4,SUP-120|en|latin#240,SUP-120,Q4,human rights,en,latin,baseline,A,0.187554,0.906223,en,726
SUP-120|en|latin#240#siteB#k0,SUP-120|en|latin#240#siteB,0,SUP-120|en|latin#240,SUP-120,Q4,human rights,en,latin,baseline,B,0.325796,0.837102,en,689
SUP-120|en|latin#240#siteB#k1,SUP-120|en|latin#240#siteB,1,SUP-120|en|latin#240,SUP-120,Q4,human rights,en,latin,baseline,B,0.33674,0.83163,en,694
SUP-120|en|latin#240#siteB#k2,SUP-120|en|latin#240#siteB,2,SUP-120|en|latin#240,SUP-120,Q4,human rights,en,latin,baseline,B,0.327709,0.836146,en,706
SUP-120|en|latin#240#siteB#k3,SUP-120|en|latin#240#siteB,3,SUP-120|en|latin#240,SUP-120,Q4,human rights,en,latin,baseline,B,0.31711,0.841445,en,702
SUP-120|en|latin#240#siteB#k4,SUP-120|en|latin#240#siteB,4,SUP-120|en|latin#240,SUP-120,Q4,human rights,en,latin,baseline,B,0.32299,0.838505,en,698
SUP-121|zh|hanzi#241#siteA#k0,SUP-121|zh|hanzi#241#siteA,0,SUP-121|zh|hanzi#241,SUP-121,Q1,freedom of speech,zh,hanzi,baseline,A,0.193756,0.903122,en,643
SUP-121|zh|hanzi#241#siteA#k1,SUP-121|zh|hanzi#241#siteA,1,SUP-121|zh|hanzi#241,SUP-121,Q1,freedom of speech,zh,hanzi,baseline,A,0.217104,0.891448,en,558
SUP-121|zh|hanzi#241#siteA#k2,SUP-121|zh|hanzi#241#siteA,2,SUP-121|zh|hanzi#241,SUP-121,Q1,freedom of speech,zh,hanzi,baseline,A,0.213358,0.893321,en,641
SUP-121|zh|hanzi#241#siteA#k3,SUP-121|zh|hanzi#241#siteA,3,SUP-121|zh|hanzi#241,SUP-121,Q1,freedom of speech,zh,hanzi,baseline,A,0.195494,0.902253,en,579
SUP-121|zh|hanzi#241#siteA#k4,SUP-121|zh|hanzi#241#siteA,4,SUP-121|zh|hanzi#241,SUP-121,Q1,freedom of speech,zh,hanzi,baseline,A,0.193446,0.903277,en,623
SUP-121|zh|hanzi#241#siteB#k0,SUP-121|zh|hanzi#241#siteB,0,SUP-121|zh|hanzi#241,SUP-121,Q1,freedom of speech,zh,hanzi,baseline,B,0.351617,0.824192,mixed,538
SUP-121|zh|hanzi#241#siteB#k1,SUP-121|zh|hanzi#241#siteB,1,SUP-121|zh|hanzi#241,SUP-121,Q1,freedom of speech,zh,hanzi,baseline,B,0.359061,0.820469,mixed,544
SUP-121|zh|hanzi#241#siteB#k2,SUP-121|zh|hanzi#241#siteB,2,SUP-121|zh|hanzi#241,SUP-121,Q1,freedom of speech,zh,hanzi,baseline,B,0.347314,0.826343,en,571
SUP-121|zh|hanzi#241#siteB#k3,SUP-121|zh|hanzi#241#siteB,3,SUP-121|zh|hanzi#241,SUP-121,Q1,freedom of speech,zh,hanzi,baseline,B,0.366951,0.816524,mixed,490
SUP-121|zh|hanzi#241#siteB#k4,SUP-121|zh|hanzi#241#siteB,4,SUP-121|zh|hanzi#241,SUP-121,Q1,freedom of speech,zh,hanzi,baseline,B,0.356361,0.82182,mixed,570
SUP-121|en|latin#242#siteA#k0,SUP-121|en|latin#242#siteA,0,SUP-121|en|latin#242,SUP-121,Q1,freedom of speech,en,latin,baseline,A,0.179379,0.91031,en,764
SUP-121|en|latin#242#siteA#k1,SUP-121|en|latin#242#siteA,1,SUP-121|en|latin#242,SUP-121,Q1,freedom of speech,en,latin,baseline,A,0.171538,0.914231,en,796
SUP-121|en|latin#242#siteA#k2,SUP-121|en|latin#242#siteA,2,SUP-121|en|latin#242,SUP-121,Q1,freedom of speech,en,latin,baseline,A,0.181406,0.909297,en,724
SUP-121|en|latin#242#siteA#k3,SUP-121|en|latin#242#siteA,3,SUP-121|en|latin#242,SUP-121,Q1,freedom of speech,en,latin,baseline,A,0.191563,0.904219,en,788
SUP-121|en|latin#242#siteA#k4,SUP-121|en|latin#242#siteA,4,SUP-121|en|latin#242,SUP-121,Q1,freedom of speech,en,latin,baseline,A,0.184452,0.907774,en,749
SUP-121|en|latin#242#siteB#k0,SUP-121|en|latin#242#siteB,0,SUP-121|en|latin#242,SUP-121,Q1,freedom of speech,en,latin,baseline,B,0.294434,0.852783,en,685
SUP-121|en|latin#242#siteB#k1,SUP-121|en|latin#242#siteB,1,SUP-121|en|latin#242,SUP-121,Q1,freedom of speech,en,latin,baseline,B,0.314874,0.842563,en,718
SUP-121|en|latin#242#siteB#k2,SUP-121|en|latin#242#siteB,2,SUP-121|en|latin#242,SUP-121,Q1,freedom of speech,en,latin,baseline,B,0.292015,0.853992,en,712
SUP-121|en|latin#242#siteB#k3,SUP-121|en|latin#242#siteB,3,SUP-121|en|latin#242,SUP-121,Q1,freedom of speech,en,latin,baseline,B,0.285846,0.857077,en,683
SUP-121|en|latin#242#siteB#k4,SUP-121|en|latin#242#siteB,4,SUP-121|en|latin#242,SUP-121,Q1,freedom of speech,en,latin,baseline,B,0.282704,0.858648,en,702
SUP-122|zh|hanzi#243#siteA#k0,SUP-122|zh|hanzi#243#siteA,0,SUP-122|zh|hanzi#243,SUP-122,Q2,freedom of speech,zh,hanzi,baseline,A,0.180093,0.909953,en,582
SUP-122|zh|hanzi#243#siteA#k1,SUP-122|zh|hanzi#243#siteA,1,SUP-122|zh|hanzi#243,SUP-122,Q2,freedom of speech,zh,hanzi,baseline,A,0.186285,0.906857,en,588
SUP-122|zh|hanzi#243#siteA#k2,SUP-122|zh|hanzi#243#siteA,2,SUP-122|zh|hanzi#243,SUP-122,Q2,freedom of speech,zh,hanzi,baseline,A,0.199942,0.900029,en,583
SUP-122|zh|hanzi#243#siteA#k3,SUP-122|zh|hanzi#243#siteA,3,SUP-122|zh|hanzi#243,SUP-122,Q2,freedom of speech,zh,hanzi,baseline,A,0.186887,0.906556,en,535
SUP-122|zh|hanzi#243#siteA#k4,SUP-122|zh|hanzi#243#siteA,4,SUP-122|zh|hanzi#243,SUP-122,Q2,freedom of speech,zh,hanzi,baseline,A,0.172056,0.913972,en,593
SUP-122|zh|hanzi#243#siteB#k0,SUP-122|zh|hanzi#243#siteB,0,SUP-122|zh|hanzi#243,SUP-122,Q2,freedom of speech,zh,hanzi,baseline,B,0.204357,0.897822,mixed,511
SUP-122|zh|hanzi#243#siteB#k1,SUP-122|zh|hanzi#243#siteB,1,SUP-122|zh|hanzi#243,SUP-122,Q2,freedom of speech,zh,hanzi,baseline,B,0.197867,0.901066,mixed,530
SUP-122|zh|hanzi#243#siteB#k2,SUP-122|zh|hanzi#243#siteB,2,SUP-122|zh|hanzi#243,SUP-122,Q2,freedom of speech,zh,hanzi,baseline,B,0.187067,0.906467,mixed,528
SUP-122|zh|hanzi#243#siteB#k3,SUP-122|zh|hanzi#243#siteB,3,SUP-122|zh|hanzi#243,SUP-122,Q2,freedom of speech,zh,hanzi,baseline,B,0.192481,0.90376,en,641
SUP-122|zh|hanzi#243#siteB#k4,SUP-122|zh|hanzi#243#siteB,4,SUP-122|zh|hanzi#243,SUP-122,Q2,freedom of speech,zh,hanzi,baseline,B,0.193896,0.903052,mixed,552
SUP-122|en|latin#244#siteA#k0,SUP-122|en|latin#244#siteA,0,SUP-122|en|latin#244,SUP-122,Q2,freedom of speech,en,latin,baseline,A,0.131478,0.934261,en,695
SUP-122|en|latin#244#siteA#k1,SUP-122|en|latin#244#siteA,1,SUP-122|en|latin#244,SUP-122,Q2,freedom of speech,en,latin,baseline,A,0.132905,0.933548,en,751
SUP-122|en|latin#244#siteA#k2,SUP-122|en|latin#244#siteA,2,SUP-122|en|latin#244,SUP-122,Q2,freedom of speech,en,latin,baseline,A,0.129469,0.935265,en,700
SUP-122|en|latin#244#siteA#k3,SUP-122|en|latin#244#siteA,3,SUP-122|en|latin#244,SUP-122,Q2,freedom of speech,en,latin,baseline,A,0.154166,0.922917,en,719
SUP-122|en|latin#244#siteA#k4,SUP-122|en|latin#244#siteA,4,SUP-122|en|latin#244,SUP-122,Q2,freedom of speech,en,latin,baseline,A,0.146791,0.926605,en,730
SUP-122|en|latin#244#siteB#k0,SUP-122|en|latin#244#siteB,0,SUP-122|en|latin#244,SUP-122,Q2,freedom of speech,en,latin,baseline,B,0.241052,0.879474,en,707
SUP-122|en|latin#244#siteB#k1,SUP-122|en|latin#244#siteB,1,SUP-122|en|latin#244,SUP-122,Q2,freedom of speech,en,latin,baseline,B,0.240279,0.879861,en,700
SUP-122|en|latin#244#siteB#k2,SUP-122|en|latin#244#siteB,2,SUP-122|en|latin#244,SUP-122,Q2,freedom of speech,en,latin,baseline,B,0.253089,0.873455,en,670
SUP-122|en|latin#244#siteB#k3,SUP-122|en|latin#244#siteB,3,SUP-122|en|latin#244,SUP-122,Q2,freedom of speech,en,latin,baseline,B,0.23429,0.882855,en,702
SUP-122|en|latin#244#siteB#k4,SUP-122|en|latin#244#siteB,4,SUP-122|en|latin#244,SUP-122,Q2,freedom of speech,en,latin,baseline,B,0.249322,0.875339,en,712
SUP-123|zh|hanzi#245#siteA#k0,SUP-123|zh|hanzi#245#siteA,0,SUP-123|zh|hanzi#245,SUP-123,Q3,freedom of speech,zh,hanzi,baseline,A,0.156595,0.921702,en,607
SUP-123|zh|hanzi#245#siteA#k1,SUP-123|zh|hanzi#245#siteA,1,SUP-123|zh|hanzi#245,SUP-123,Q3,freedom of speech,zh,hanzi,baseline,A,0.1191,0.94045,en,541
SUP-123|zh|hanzi#245#siteA#k2,SUP-123|zh|hanzi#245#siteA,2,SUP-123|zh|hanzi#245,SUP-123,Q3,freedom of speech,zh,hanzi,baseline,A,0.125505,0.937248,en,580
SUP-123|zh|hanzi#245#siteA#k3,SUP-123|zh|hanzi#245#siteA,3,SUP-123|zh|hanzi#245,SUP-123,Q3,freedom of speech,zh,hanzi,baseline,A,0.126096,0.936952,en,520
SUP-123|zh|hanzi#245#siteA#k4,SUP-123|zh|hanzi#245#siteA,4,SUP-123|zh|hanzi#245,SUP-123,Q3,freedom of speech,zh,hanzi,baseline,A,0.127964,0.936018,mixed,490
SUP-123|zh|hanzi#245#siteB#k0,SUP-123|zh|hanzi#245#siteB,0,SUP-123|zh|hanzi#245,SUP-123,Q3,freedom of speech,zh,hanzi,baseline,B,0.423484,0.788258,mixed,487
SUP-123|zh|hanzi#245#siteB#k1,SUP-123|zh|hanzi#245#siteB,1,SUP-123|zh|hanzi#245,SUP-123,Q3,freedom of speech,zh,hanzi,baseline,B,0.436357,0.781822,mixed,520
SUP-123|zh|hanzi#245#siteB#k2,SUP-123|zh|hanzi#245#siteB,2,SUP-123|zh|hanzi#245,SUP-123,Q3,freedom of speech,zh,hanzi,baseline,B,0.322763,0.838619,mixed,563
SUP-123|zh|hanzi#245#siteB#k3,SUP-123|zh|hanzi#245#siteB,3,SUP-123|zh|hanzi#245,SUP-123,Q3,freedom of speech,zh,hanzi,baseline,B,0.474913,0.762544,en,550
SUP-123|zh|hanzi#245#siteB#k4,SUP-123|zh|hanzi#245#siteB,4,SUP-123|zh|hanzi#245,SUP-123,Q3,freedom of speech,zh,hanzi,baseline,B,0.507064,0.746468,mixed,485
SUP-123|en|latin#246#siteA#k0,SUP-123|en|latin#246#siteA,0,SUP-123|en|latin#246,SUP-123,Q3,freedom of speech,en,latin,baseline,A,0.123189,0.938406,en,738
SUP-123|en|latin#246#siteA#k1,SUP-123|en|latin#246#siteA,1,SUP-123|en|latin#246,SUP-123,Q3,freedom of speech,en,latin,baseline,A,0.123208,0.938396,en,711
SUP-123|en|latin#246#siteA#k2,SUP-123|en|latin#246#siteA,2,SUP-123|en|latin#246,SUP-123,Q3,freedom of speech,en,latin,baseline,A,0.135517,0.932242,en,732
SUP-123|en|latin#246#siteA#k3,SUP-123|en|latin#246#siteA,3,SUP-123|en|latin#246,SUP-123,Q3,freedom of speech,en,latin,baseline,A,0.123241,0.93838,en,734
SUP-123|en|latin#246#siteA#k4,SUP-123|en|latin#246#siteA,4,SUP-123|en|latin#246,SUP-123,Q3,freedom of speech,en,latin,baseline,A,0.134951,0.932525,en,699
SUP-123|en|latin#246#siteB#k0,SUP-123|en|latin#246#siteB,0,SUP-123|en|latin#246,SUP-123,Q3,freedom of speech,en,latin,baseline,B,0.285124,0.857438,en,733
SUP-123|en|latin#246#siteB#k1,SUP-123|en|latin#246#siteB,1,SUP-123|en|latin#246,SUP-123,Q3,freedom of speech,en,latin,baseline,B,0.303076,0.848462,en,739
SUP-123|en|latin#246#siteB#k2,SUP-123|en|latin#246#siteB,2,SUP-123|en|latin#246,SUP-123,Q3,freedom of speech,en,latin,baseline,B,0.301136,0.849432,en,732
SUP-123|en|latin#246#siteB#k3,SUP-123|en|latin#246#siteB,3,SUP-123|en|latin#246,SUP-123,Q3,freedom of speech,en,latin,baseline,B,0.290263,0.854869,en,722
SUP-123|en|latin#246#siteB#k4,SUP-123|en|latin#246#siteB,4,SUP-123|en|latin#246,SUP-123,Q3,freedom of speech,en,latin,baseline,B,0.308105,0.845948,en,729
SUP-124|zh|hanzi#247#siteA#k0,SUP-124|zh|hanzi#247#siteA,0,SUP-124|zh|hanzi#247,SUP-124,Q4,freedom of speech,zh,hanzi,baseline,A,0.197489,0.901256,en,619
SUP-124|zh|hanzi#247#siteA#k1,SUP-124|zh|hanzi#247#siteA,1,SUP-124|zh|hanzi#247,SUP-124,Q4,freedom of speech,zh,hanzi,baseline,A,0.20557,0.897215,en,600
SUP-124|zh|hanzi#247#siteA#k2,SUP-124|zh|hanzi#247#siteA,2,SUP-124|zh|hanzi#247,SUP-124,Q4,freedom of speech,zh,hanzi,baseline,A,0.21664,0.89168,en,585
SUP-124|zh|hanzi#247#siteA#k3,SUP-124|zh|hanzi#247#siteA,3,SUP-124|zh|hanzi#247,SUP-124,Q4,freedom of speech,zh,hanzi,baseline,A,0.192612,0.903694,en,582
SUP-124|zh|hanzi#247#siteA#k4,SUP-124|zh|hanzi#247#siteA,4,SUP-124|zh|hanzi#247,SUP-124,Q4,freedom of speech,zh,hanzi,baseline,A,0.207493,0.896254,en,571
SUP-124|zh|hanzi#247#siteB#k0,SUP-124|zh|hanzi#247#siteB,0,SUP-124|zh|hanzi#247,SUP-124,Q4,freedom of speech,zh,hanzi,baseline,B,0.366915,0.816542,en,605
SUP-124|zh|hanzi#247#siteB#k1,SUP-124|zh|hanzi#247#siteB,1,SUP-124|zh|hanzi#247,SUP-124,Q4,freedom of speech,zh,hanzi,baseline,B,0.367735,0.816132,mixed,536
SUP-124|zh|hanzi#247#siteB#k2,SUP-124|zh|hanzi#247#siteB,2,SUP-124|zh|hanzi#247,SUP-124,Q4,freedom of speech,zh,hanzi,baseline,B,0.34089,0.829555,mixed,517
SUP-124|zh|hanzi#247#siteB#k3,SUP-124|zh|hanzi#247#siteB,3,SUP-124|zh|hanzi#247,SUP-124,Q4,freedom of speech,zh,hanzi,baseline,B,0.366832,0.816584,en,551
SUP-124|zh|hanzi#247#siteB#k4,SUP-124|zh|hanzi#247#siteB,4,SUP-124|zh|hanzi#247,SUP-124,Q4,freedom of speech,zh,hanzi,baseline,B,0.367945,0.816027,en,558
SUP-124|en|latin#248#siteA#k0,SUP-124|en|latin#248#siteA,0,SUP-124|en|latin#248,SUP-124,Q4,freedom of speech,en,latin,baseline,A,0.165991,0.917005,en,703
SUP-124|en|latin#248#siteA#k1,SUP-124|en|latin#248#siteA,1,SUP-124|en|latin#248,SUP-124,Q4,freedom of speech,en,latin,baseline,A,0.139456,0.930272,en,746
SUP-124|en|latin#248#siteA#k2,SUP-124|en|latin#248#siteA,2,SUP-124|en|latin#248,SUP-124,Q4,freedom of speech,en,latin,baseline,A,0.142255,0.928872,en,749
SUP-124|en|latin#248#siteA#k3,SUP-124|en|latin#248#siteA,3,SUP-124|en|latin#248,SUP-124,Q4,freedom of speech,en,latin,baseline,A,0.147231,0.926385,en,725
SUP-124|en|latin#248#siteA#k4,SUP-124|en|latin#248#siteA,4,SUP-124|en|latin#248,SUP-124,Q4,freedom of speech,en,latin,baseline,A,0.140438,0.929781,en,740
SUP-124|en|latin#248#siteB#k0,SUP-124|en|latin#248#siteB,0,SUP-124|en|latin#248,SUP-124,Q4,freedom of speech,en,latin,baseline,B,0.341449,0.829275,en,710
SUP-124|en|latin#248#siteB#k1,SUP-124|en|latin#248#siteB,1,SUP-124|en|latin#248,SUP-124,Q4,freedom of speech,en,latin,baseline,B,0.352774,0.823613,en,756
SUP-124|en|latin#248#siteB#k2,SUP-124|en|latin#248#siteB,2,SUP-124|en|latin#248,SUP-124,Q4,freedom of speech,en,latin,baseline,B,0.334931,0.832534,en,730
SUP-124|en|latin#248#siteB#k3,SUP-124|en|latin#248#siteB,3,SUP-124|en|latin#248,SUP-124,Q4,freedom of speech,en,latin,baseline,B,0.309992,0.845004,en,719
SUP-124|en|latin#248#siteB#k4,SUP-124|en|latin#248#siteB,4,SUP-124|en|latin#248,SUP-124,Q4,freedom of speech,en,latin,baseline,B,0.323998,0.838001,en,707
SUP-125|zh|hanzi#249#siteA#k0,SUP-125|zh|hanzi#249#siteA,0,SUP-125|zh|hanzi#249,SUP-125,Q1,the rule of law,zh,hanzi,baseline,A,0.243726,0.878137,en,677
SUP-125|zh|hanzi#249#siteA#k1,SUP-125|zh|hanzi#249#siteA,1,SUP-125|zh|hanzi#249,SUP-125,Q1,the rule of law,zh,hanzi,baseline,A,0.255898,0.872051,en,649
SUP-125|zh|hanzi#249#siteA#k2,SUP-125|zh|hanzi#249#siteA,2,SUP-125|zh|hanzi#249,SUP-125,Q1,the rule of law,zh,hanzi,baseline,A,0.249811,0.875095,en,653
SUP-125|zh|hanzi#249#siteA#k3,SUP-125|zh|hanzi#249#siteA,3,SUP-125|zh|hanzi#249,SUP-125,Q1,the rule of law,zh,hanzi,baseline,A,0.264375,0.867813,en,623
SUP-125|zh|hanzi#249#siteA#k4,SUP-125|zh|hanzi#249#siteA,4,SUP-125|zh|hanzi#249,SUP-125,Q1,the rule of law,zh,hanzi,baseline,A,0.240801,0.8796,en,661
SUP-125|zh|hanzi#249#siteB#k0,SUP-125|zh|hanzi#249#siteB,0,SUP-125|zh|hanzi#249,SUP-125,Q1,the rule of law,zh,hanzi,baseline,B,0.334335,0.832833,mixed,538
SUP-125|zh|hanzi#249#siteB#k1,SUP-125|zh|hanzi#249#siteB,1,SUP-125|zh|hanzi#249,SUP-125,Q1,the rule of law,zh,hanzi,baseline,B,0.347473,0.826263,mixed,498
SUP-125|zh|hanzi#249#siteB#k2,SUP-125|zh|hanzi#249#siteB,2,SUP-125|zh|hanzi#249,SUP-125,Q1,the rule of law,zh,hanzi,baseline,B,0.324915,0.837543,mixed,501
SUP-125|zh|hanzi#249#siteB#k3,SUP-125|zh|hanzi#249#siteB,3,SUP-125|zh|hanzi#249,SUP-125,Q1,the rule of law,zh,hanzi,baseline,B,0.336178,0.831911,mixed,518
SUP-125|zh|hanzi#249#siteB#k4,SUP-125|zh|hanzi#249#siteB,4,SUP-125|zh|hanzi#249,SUP-125,Q1,the rule of law,zh,hanzi,baseline,B,0.336391,0.831805,mixed,542
SUP-125|en|latin#250#siteA#k0,SUP-125|en|latin#250#siteA,0,SUP-125|en|latin#250,SUP-125,Q1,the rule of law,en,latin,baseline,A,0.180858,0.909571,en,756
SUP-125|en|latin#250#siteA#k1,SUP-125|en|latin#250#siteA,1,SUP-125|en|latin#250,SUP-125,Q1,the rule of law,en,latin,baseline,A,0.188524,0.905738,en,717
SUP-125|en|latin#250#siteA#k2,SUP-125|en|latin#250#siteA,2,SUP-125|en|latin#250,SUP-125,Q1,the rule of law,en,latin,baseline,A,0.195186,0.902407,en,749
SUP-125|en|latin#250#siteA#k3,SUP-125|en|latin#250#siteA,3,SUP-125|en|latin#250,SUP-125,Q1,the rule of law,en,latin,baseline,A,0.19363,0.903185,en,742
SUP-125|en|latin#250#siteA#k4,SUP-125|en|latin#250#siteA,4,SUP-125|en|latin#250,SUP-125,Q1,the rule of law,en,latin,baseline,A,0.19027,0.904865,en,704
SUP-125|en|latin#250#siteB#k0,SUP-125|en|latin#250#siteB,0,SUP-125|en|latin#250,SUP-125,Q1,the rule of law,en,latin,baseline,B,0.322428,0.838786,en,722
SUP-125|en|latin#250#siteB#k1,SUP-125|en|latin#250#siteB,1,SUP-125|en|latin#250,SUP-125,Q1,the rule of law,en,latin,baseline,B,0.308577,0.845712,en,730
SUP-125|en|latin#250#siteB#k2,SUP-125|en|latin#250#siteB,2,SUP-125|en|latin#250,SUP-125,Q1,the rule of law,en,latin,baseline,B,0.305752,0.847124,en,704
SUP-125|en|latin#250#siteB#k3,SUP-125|en|latin#250#siteB,3,SUP-125|en|latin#250,SUP-125,Q1,the rule of law,en,latin,baseline,B,0.316907,0.841547,en,722
SUP-125|en|latin#250#siteB#k4,SUP-125|en|latin#250#siteB,4,SUP-125|en|latin#250,SUP-125,Q1,the rule of law,en,latin,baseline,B,0.304095,0.847953,en,696
SUP-126|zh|hanzi#251#siteA#k0,SUP-126|zh|hanzi#251#siteA,0,SUP-126|zh|hanzi#251,SUP-126,Q2,the rule of law,zh,hanzi,baseline,A,0.358421,0.82079,en,575
SUP-126|zh|hanzi#251#siteA#k1,SUP-126|zh|hanzi#251#siteA,1,SUP-126|zh|hanzi#251,SUP-126,Q2,the rule of law,zh,hanzi,baseline,A,0.346008,0.826996,en,589
SUP-126|zh|hanzi#251#siteA#k2,SUP-126|zh|hanzi#251#siteA,2,SUP-126|zh|hanzi#251,SUP-126,Q2,the rule of law,zh,hanzi,baseline,A,0.354036,0.822982,en,556
SUP-126|zh|hanzi#251#siteA#k3,SUP-126|zh|hanzi#251#siteA,3,SUP-126|zh|hanzi#251,SUP-126,Q2,the rule of law,zh,hanzi,baseline,A,0.358123,0.820939,en,588
SUP-126|zh|hanzi#251#siteA#k4,SUP-126|zh|hanzi#251#siteA,4,SUP-126|zh|hanzi#251,SUP-126,Q2,the rule of law,zh,hanzi,baseline,A,0.337839,0.831081,en,565
SUP-126|zh|hanzi#251#siteB#k0,SUP-126|zh|hanzi#251#siteB,0,SUP-126|zh|hanzi#251,SUP-126,Q2,the rule of law,zh,hanzi,baseline,B,0.194605,0.902698,en,609
SUP-126|zh|hanzi#251#siteB#k1,SUP-126|zh|hanzi#251#siteB,1,SUP-126|zh|hanzi#251,SUP-126,Q2,the rule of law,zh,hanzi,baseline,B,0.200344,0.899828,en,610
SUP-126|zh|hanzi#251#siteB#k2,SUP-126|zh|hanzi#251#siteB,2,SUP-126|zh|hanzi#251,SUP-126,Q2,the rule of law,zh,hanzi,baseline,B,0.192566,0.903717,mixed,568
SUP-126|zh|hanzi#251#siteB#k3,SUP-126|zh|hanzi#251#siteB,3,SUP-126|zh|hanzi#251,SUP-126,Q2,the rule of law,zh,hanzi,baseline,B,0.194578,0.902711,en,550
SUP-126|zh|hanzi#251#siteB#k4,SUP-126|zh|hanzi#251#siteB,4,SUP-126|zh|hanzi#251,SUP-126,Q2,the rule of law,zh,hanzi,baseline,B,0.187743,0.906129,mixed,573
SUP-126|en|latin#252#siteA#k0,SUP-126|en|latin#252#siteA,0,SUP-126|en|latin#252,SUP-126,Q2,the rule of law,en,latin,baseline,A,0.153476,0.923262,en,672
SUP-126|en|latin#252#siteA#k1,SUP-126|en|latin#252#siteA,1,SUP-126|en|latin#252,SUP-126,Q2,the rule of law,en,latin,baseline,A,0.152774,0.923613,en,688
SUP-126|en|latin#252#siteA#k2,SUP-126|en|latin#252#siteA,2,SUP-126|en|latin#252,SUP-126,Q2,the rule of law,en,latin,baseline,A,0.157887,0.921057,en,676
SUP-126|en|latin#252#siteA#k3,SUP-126|en|latin#252#siteA,3,SUP-126|en|latin#252,SUP-126,Q2,the rule of law,en,latin,baseline,A,0.148891,0.925555,en,694
SUP-126|en|latin#252#siteA#k4,SUP-126|en|latin#252#siteA,4,SUP-126|en|latin#252,SUP-126,Q2,the rule of law,en,latin,baseline,A,0.14988,0.92506,en,665
SUP-126|en|latin#252#siteB#k0,SUP-126|en|latin#252#siteB,0,SUP-126|en|latin#252,SUP-126,Q2,the rule of law,en,latin,baseline,B,0.189767,0.905117,en,738
SUP-126|en|latin#252#siteB#k1,SUP-126|en|latin#252#siteB,1,SUP-126|en|latin#252,SUP-126,Q2,the rule of law,en,latin,baseline,B,0.196879,0.901561,en,730
SUP-126|en|latin#252#siteB#k2,SUP-126|en|latin#252#siteB,2,SUP-126|en|latin#252,SUP-126,Q2,the rule of law,en,latin,baseline,B,0.202675,0.898663,en,712
SUP-126|en|latin#252#siteB#k3,SUP-126|en|latin#252#siteB,3,SUP-126|en|latin#252,SUP-126,Q2,the rule of law,en,latin,baseline,B,0.205049,0.897476,en,728
SUP-126|en|latin#252#siteB#k4,SUP-126|en|latin#252#siteB,4,SUP-126|en|latin#252,SUP-126,Q2,the rule of law,en,latin,baseline,B,0.197183,0.901408,en,691
SUP-127|zh|hanzi#253#siteA#k0,SUP-127|zh|hanzi#253#siteA,0,SUP-127|zh|hanzi#253,SUP-127,Q3,the rule of law,zh,hanzi,baseline,A,0.163934,0.918033,en,597
SUP-127|zh|hanzi#253#siteA#k1,SUP-127|zh|hanzi#253#siteA,1,SUP-127|zh|hanzi#253,SUP-127,Q3,the rule of law,zh,hanzi,baseline,A,0.167472,0.916264,en,586
SUP-127|zh|hanzi#253#siteA#k2,SUP-127|zh|hanzi#253#siteA,2,SUP-127|zh|hanzi#253,SUP-127,Q3,the rule of law,zh,hanzi,baseline,A,0.165547,0.917226,en,565
SUP-127|zh|hanzi#253#siteA#k3,SUP-127|zh|hanzi#253#siteA,3,SUP-127|zh|hanzi#253,SUP-127,Q3,the rule of law,zh,hanzi,baseline,A,0.169601,0.915199,en,589
SUP-127|zh|hanzi#253#siteA#k4,SUP-127|zh|hanzi#253#siteA,4,SUP-127|zh|hanzi#253,SUP-127,Q3,the rule of law,zh,hanzi,baseline,A,0.168556,0.915722,en,619
SUP-127|zh|hanzi#253#siteB#k0,SUP-127|zh|hanzi#253#siteB,0,SUP-127|zh|hanzi#253,SUP-127,Q3,the rule of law,zh,hanzi,baseline,B,0.475188,0.762406,en,591
SUP-127|zh|hanzi#253#siteB#k1,SUP-127|zh|hanzi#253#siteB,1,SUP-127|zh|hanzi#253,SUP-127,Q3,the rule of law,zh,hanzi,baseline,B,0.52022,0.73989,en,531
SUP-127|zh|hanzi#253#siteB#k2,SUP-127|zh|hanzi#253#siteB,2,SUP-127|zh|hanzi#253,SUP-127,Q3,the rule of law,zh,hanzi,baseline,B,0.314529,0.842735,mixed,542
SUP-127|zh|hanzi#253#siteB#k3,SUP-127|zh|hanzi#253#siteB,3,SUP-127|zh|hanzi#253,SUP-127,Q3,the rule of law,zh,hanzi,baseline,B,0.311142,0.844429,mixed,531
SUP-127|zh|hanzi#253#siteB#k4,SUP-127|zh|hanzi#253#siteB,4,SUP-127|zh|hanzi#253,SUP-127,Q3,the rule of law,zh,hanzi,baseline,B,0.303948,0.848026,mixed,513
SUP-127|en|latin#254#siteA#k0,SUP-127|en|latin#254#siteA,0,SUP-127|en|latin#254,SUP-127,Q3,the rule of law,en,latin,baseline,A,0.150775,0.924613,en,688
SUP-127|en|latin#254#siteA#k1,SUP-127|en|latin#254#siteA,1,SUP-127|en|latin#254,SUP-127,Q3,the rule of law,en,latin,baseline,A,0.152669,0.923665,en,691
SUP-127|en|latin#254#siteA#k2,SUP-127|en|latin#254#siteA,2,SUP-127|en|latin#254,SUP-127,Q3,the rule of law,en,latin,baseline,A,0.15444,0.92278,en,648
SUP-127|en|latin#254#siteA#k3,SUP-127|en|latin#254#siteA,3,SUP-127|en|latin#254,SUP-127,Q3,the rule of law,en,latin,baseline,A,0.149168,0.925416,en,666
SUP-127|en|latin#254#siteA#k4,SUP-127|en|latin#254#siteA,4,SUP-127|en|latin#254,SUP-127,Q3,the rule of law,en,latin,baseline,A,0.153338,0.923331,en,697
SUP-127|en|latin#254#siteB#k0,SUP-127|en|latin#254#siteB,0,SUP-127|en|latin#254,SUP-127,Q3,the rule of law,en,latin,baseline,B,0.30077,0.849615,en,767
SUP-127|en|latin#254#siteB#k1,SUP-127|en|latin#254#siteB,1,SUP-127|en|latin#254,SUP-127,Q3,the rule of law,en,latin,baseline,B,0.293158,0.853421,en,741
SUP-127|en|latin#254#siteB#k2,SUP-127|en|latin#254#siteB,2,SUP-127|en|latin#254,SUP-127,Q3,the rule of law,en,latin,baseline,B,0.306663,0.846669,en,750
SUP-127|en|latin#254#siteB#k3,SUP-127|en|latin#254#siteB,3,SUP-127|en|latin#254,SUP-127,Q3,the rule of law,en,latin,baseline,B,0.315684,0.842158,en,748
SUP-127|en|latin#254#siteB#k4,SUP-127|en|latin#254#siteB,4,SUP-127|en|latin#254,SUP-127,Q3,the rule of law,en,latin,baseline,B,0.293668,0.853166,en,724
SUP-128|zh|hanzi#255#siteA#k0,SUP-128|zh|hanzi#255#siteA,0,SUP-128|zh|hanzi#255,SUP-128,Q4,the rule of law,zh,hanzi,baseline,A,0.287975,0.856013,en,670
SUP-128|zh|hanzi#255#siteA#k1,SUP-128|zh|hanzi#255#siteA,1,SUP-128|zh|hanzi#255,SUP-128,Q4,the rule of law,zh,hanzi,baseline,A,0.31261,0.843695,en,636
SUP-128|zh|hanzi#255#siteA#k2,SUP-128|zh|hanzi#255#siteA,2,SUP-128|zh|hanzi#255,SUP-128,Q4,the rule of law,zh,hanzi,baseline,A,0.298945,0.850528,en,684
SUP-128|zh|hanzi#255#siteA#k3,SUP-128|zh|hanzi#255#siteA,3,SUP-128|zh|hanzi#255,SUP-128,Q4,the rule of law,zh,hanzi,baseline,A,0.31378,0.84311,en,669
SUP-128|zh|hanzi#255#siteA#k4,SUP-128|zh|hanzi#255#siteA,4,SUP-128|zh|hanzi#255,SUP-128,Q4,the rule of law,zh,hanzi,baseline,A,0.335735,0.832133,en,647
SUP-128|zh|hanzi#255#siteB#k0,SUP-128|zh|hanzi#255#siteB,0,SUP-128|zh|hanzi#255,SUP-128,Q4,the rule of law,zh,hanzi,baseline,B,0.366166,0.816918,en,622
SUP-128|zh|hanzi#255#siteB#k1,SUP-128|zh|hanzi#255#siteB,1,SUP-128|zh|hanzi#255,SUP-128,Q4,the rule of law,zh,hanzi,baseline,B,0.338833,0.830584,en,545
SUP-128|zh|hanzi#255#siteB#k2,SUP-128|zh|hanzi#255#siteB,2,SUP-128|zh|hanzi#255,SUP-128,Q4,the rule of law,zh,hanzi,baseline,B,0.329232,0.835384,mixed,555
SUP-128|zh|hanzi#255#siteB#k3,SUP-128|zh|hanzi#255#siteB,3,SUP-128|zh|hanzi#255,SUP-128,Q4,the rule of law,zh,hanzi,baseline,B,0.338855,0.830573,en,561
SUP-128|zh|hanzi#255#siteB#k4,SUP-128|zh|hanzi#255#siteB,4,SUP-128|zh|hanzi#255,SUP-128,Q4,the rule of law,zh,hanzi,baseline,B,0.336379,0.831811,en,579
SUP-128|en|latin#256#siteA#k0,SUP-128|en|latin#256#siteA,0,SUP-128|en|latin#256,SUP-128,Q4,the rule of law,en,latin,baseline,A,0.2274,0.8863,en,667
SUP-128|en|latin#256#siteA#k1,SUP-128|en|latin#256#siteA,1,SUP-128|en|latin#256,SUP-128,Q4,the rule of law,en,latin,baseline,A,0.222647,0.888677,en,739
SUP-128|en|latin#256#siteA#k2,SUP-128|en|latin#256#siteA,2,SUP-128|en|latin#256,SUP-128,Q4,the rule of law,en,latin,baseline,A,0.208745,0.895627,en,687
SUP-128|en|latin#256#siteA#k3,SUP-128|en|latin#256#siteA,3,SUP-128|en|latin#256,SUP-128,Q4,the rule of law,en,latin,baseline,A,0.216881,0.89156,en,704
SUP-128|en|latin#256#siteA#k4,SUP-128|en|latin#256#siteA,4,SUP-128|en|latin#256,SUP-128,Q4,the rule of law,en,latin,baseline,A,0.220354,0.889823,en,697
SUP-128|en|latin#256#siteB#k0,SUP-128|en|latin#256#siteB,0,SUP-128|en|latin#256,SUP-128,Q4,the rule of law,en,latin,baseline,B,0.332864,0.833568,en,710
SUP-128|en|latin#256#siteB#k1,SUP-128|en|latin#256#siteB,1,SUP-128|en|latin#256,SUP-128,Q4,the rule of law,en,latin,baseline,B,0.349407,0.825297,en,726
SUP-128|en|latin#256#siteB#k2,SUP-128|en|latin#256#siteB,2,SUP-128|en|latin#256,SUP-128,Q4,the rule of law,en,latin,baseline,B,0.354664,0.822668,en,719
SUP-128|en|latin#256#siteB#k3,SUP-128|en|latin#256#siteB,3,SUP-128|en|latin#256,SUP-128,Q4,the rule of law,en,latin,baseline,B,0.359238,0.820381,en,729
SUP-128|en|latin#256#siteB#k4,SUP-128|en|latin#256#siteB,4,SUP-128|en|latin#256,SUP-128,Q4,the rule of law,en,latin,baseline,B,0.341256,0.829372,en,704
SUP-129|zh|hanzi#257#siteA#k0,SUP-129|zh|hanzi#257#siteA,0,SUP-129|zh|hanzi#257,SUP-129,Q1,freedom of assembly,zh,hanzi,baseline,A,0.21846,0.89077,en,577
SUP-129|zh|hanzi#257#siteA#k1,SUP-129|zh|hanzi#257#siteA,1,SUP-129|zh|hanzi#257,SUP-129,Q1,freedom of assembly,zh,hanzi,baseline,A,0.210723,0.894638,en,603
SUP-129|zh|hanzi#257#siteA#k2,SUP-129|zh|hanzi#257#siteA,2,SUP-129|zh|hanzi#257,SUP-129,Q1,freedom of assembly,zh,hanzi,baseline,A,0.218327,0.890836,en,624
SUP-129|zh|hanzi#257#siteA#k3,SUP-129|zh|hanzi#257#siteA,3,SUP-129|zh|hanzi#257,SUP-129,Q1,freedom of assembly,zh,hanzi,baseline,A,0.199766,0.900117,en,638
SUP-129|zh|hanzi#257#siteA#k4,SUP-129|zh|hanzi#257#siteA,4,SUP-129|zh|hanzi#257,SUP-129,Q1,freedom of assembly,zh,hanzi,baseline,A,0.214649,0.892676,en,620
SUP-129|zh|hanzi#257#siteB#k0,SUP-129|zh|hanzi#257#siteB,0,SUP-129|zh|hanzi#257,SUP-129,Q1,freedom of assembly,zh,hanzi,baseline,B,0.344159,0.827921,mixed,535
SUP-129|zh|hanzi#257#siteB#k1,SUP-129|zh|hanzi#257#siteB,1,SUP-129|zh|hanzi#257,SUP-129,Q1,freedom of assembly,zh,hanzi,baseline,B,0.340629,0.829686,mixed,510
SUP-129|zh|hanzi#257#siteB#k2,SUP-129|zh|hanzi#257#siteB,2,SUP-129|zh|hanzi#257,SUP-129,Q1,freedom of assembly,zh,hanzi,baseline,B,0.329974,0.835013,mixed,520
SUP-129|zh|hanzi#257#siteB#k3,SUP-129|zh|hanzi#257#siteB,3,SUP-129|zh|hanzi#257,SUP-129,Q1,freedom of assembly,zh,hanzi,baseline,B,0.33109,0.834455,mixed,488
SUP-129|zh|hanzi#257#siteB#k4,SUP-129|zh|hanzi#257#siteB,4,SUP-129|zh|hanzi#257,SUP-129,Q1,freedom of assembly,zh,hanzi,baseline,B,0.344994,0.827503,en,541
SUP-129|en|latin#258#siteA#k0,SUP-129|en|latin#258#siteA,0,SUP-129|en|latin#258,SUP-129,Q1,freedom of assembly,en,latin,baseline,A,0.200094,0.899953,en,742
SUP-129|en|latin#258#siteA#k1,SUP-129|en|latin#258#siteA,1,SUP-129|en|latin#258,SUP-129,Q1,freedom of assembly,en,latin,baseline,A,0.186766,0.906617,en,755
SUP-129|en|latin#258#siteA#k2,SUP-129|en|latin#258#siteA,2,SUP-129|en|latin#258,SUP-129,Q1,freedom of assembly,en,latin,baseline,A,0.180273,0.909864,en,752
SUP-129|en|latin#258#siteA#k3,SUP-129|en|latin#258#siteA,3,SUP-129|en|latin#258,SUP-129,Q1,freedom of assembly,en,latin,baseline,A,0.22002,0.88999,en,752
SUP-129|en|latin#258#siteA#k4,SUP-129|en|latin#258#siteA,4,SUP-129|en|latin#258,SUP-129,Q1,freedom of assembly,en,latin,baseline,A,0.168012,0.915994,en,743
SUP-129|en|latin#258#siteB#k0,SUP-129|en|latin#258#siteB,0,SUP-129|en|latin#258,SUP-129,Q1,freedom of assembly,en,latin,baseline,B,0.286978,0.856511,en,717
SUP-129|en|latin#258#siteB#k1,SUP-129|en|latin#258#siteB,1,SUP-129|en|latin#258,SUP-129,Q1,freedom of assembly,en,latin,baseline,B,0.289766,0.855117,en,717
SUP-129|en|latin#258#siteB#k2,SUP-129|en|latin#258#siteB,2,SUP-129|en|latin#258,SUP-129,Q1,freedom of assembly,en,latin,baseline,B,0.283031,0.858484,en,697
SUP-129|en|latin#258#siteB#k3,SUP-129|en|latin#258#siteB,3,SUP-129|en|latin#258,SUP-129,Q1,freedom of assembly,en,latin,baseline,B,0.29273,0.853635,en,721
SUP-129|en|latin#258#siteB#k4,SUP-129|en|latin#258#siteB,4,SUP-129|en|latin#258,SUP-129,Q1,freedom of assembly,en,latin,baseline,B,0.29822,0.85089,en,718
SUP-130|zh|hanzi#259#siteA#k0,SUP-130|zh|hanzi#259#siteA,0,SUP-130|zh|hanzi#259,SUP-130,Q2,freedom of assembly,zh,hanzi,baseline,A,0.233518,0.883241,en,607
SUP-130|zh|hanzi#259#siteA#k1,SUP-130|zh|hanzi#259#siteA,1,SUP-130|zh|hanzi#259,SUP-130,Q2,freedom of assembly,zh,hanzi,baseline,A,0.206175,0.896913,en,612
SUP-130|zh|hanzi#259#siteA#k2,SUP-130|zh|hanzi#259#siteA,2,SUP-130|zh|hanzi#259,SUP-130,Q2,freedom of assembly,zh,hanzi,baseline,A,0.226382,0.886809,en,594
SUP-130|zh|hanzi#259#siteA#k3,SUP-130|zh|hanzi#259#siteA,3,SUP-130|zh|hanzi#259,SUP-130,Q2,freedom of assembly,zh,hanzi,baseline,A,0.214601,0.892699,en,605
SUP-130|zh|hanzi#259#siteA#k4,SUP-130|zh|hanzi#259#siteA,4,SUP-130|zh|hanzi#259,SUP-130,Q2,freedom of assembly,zh,hanzi,baseline,A,0.215435,0.892282,en,605
SUP-130|zh|hanzi#259#siteB#k0,SUP-130|zh|hanzi#259#siteB,0,SUP-130|zh|hanzi#259,SUP-130,Q2,freedom of assembly,zh,hanzi,baseline,B,0.218442,0.890779,en,590
SUP-130|zh|hanzi#259#siteB#k1,SUP-130|zh|hanzi#259#siteB,1,SUP-130|zh|hanzi#259,SUP-130,Q2,freedom of assembly,zh,hanzi,baseline,B,0.204241,0.897879,mixed,546
SUP-130|zh|hanzi#259#siteB#k2,SUP-130|zh|hanzi#259#siteB,2,SUP-130|zh|hanzi#259,SUP-130,Q2,freedom of assembly,zh,hanzi,baseline,B,0.206532,0.896734,en,591
SUP-130|zh|hanzi#259#siteB#k3,SUP-130|zh|hanzi#259#siteB,3,SUP-130|zh|hanzi#259,SUP-130,Q2,freedom of assembly,zh,hanzi,baseline,B,0.208789,0.895605,en,586
SUP-130|zh|hanzi#259#siteB#k4,SUP-130|zh|hanzi#259#siteB,4,SUP-130|zh|hanzi#259,SUP-130,Q2,freedom of assembly,zh,hanzi,baseline,B,0.208657,0.895672,en,593
SUP-130|en|latin#260#siteA#k0,SUP-130|en|latin#260#siteA,0,SUP-130|en|latin#260,SUP-130,Q2,freedom of assembly,en,latin,baseline,A,0.134506,0.932747,en,737
SUP-130|en|latin#260#siteA#k1,SUP-130|en|latin#260#siteA,1,SUP-130|en|latin#260,SUP-130,Q2,freedom of assembly,en,latin,baseline,A,0.126124,0.936938,en,726
SUP-130|en|latin#260#siteA#k2,SUP-130|en|latin#260#siteA,2,SUP-130|en|latin#260,SUP-130,Q2,freedom of assembly,en,latin,baseline,A,0.141376,0.929312,en,718
SUP-130|en|latin#260#siteA#k3,SUP-130|en|latin#260#siteA,3,SUP-130|en|latin#260,SUP-130,Q2,freedom of assembly,en,latin,baseline,A,0.14073,0.929635,en,739
SUP-130|en|latin#260#siteA#k4,SUP-130|en|latin#260#siteA,4,SUP-130|en|latin#260,SUP-130,Q2,freedom of assembly,en,latin,baseline,A,0.131644,0.934178,en,721
SUP-130|en|latin#260#siteB#k0,SUP-130|en|latin#260#siteB,0,SUP-130|en|latin#260,SUP-130,Q2,freedom of assembly,en,latin,baseline,B,0.240752,0.879624,en,715
SUP-130|en|latin#260#siteB#k1,SUP-130|en|latin#260#siteB,1,SUP-130|en|latin#260,SUP-130,Q2,freedom of assembly,en,latin,baseline,B,0.234229,0.882886,en,724
SUP-130|en|latin#260#siteB#k2,SUP-130|en|latin#260#siteB,2,SUP-130|en|latin#260,SUP-130,Q2,freedom of assembly,en,latin,baseline,B,0.243645,0.878178,en,693
SUP-130|en|latin#260#siteB#k3,SUP-130|en|latin#260#siteB,3,SUP-130|en|latin#260,SUP-130,Q2,freedom of assembly,en,latin,baseline,B,0.259301,0.87035,en,690
SUP-130|en|latin#260#siteB#k4,SUP-130|en|latin#260#siteB,4,SUP-130|en|latin#260,SUP-130,Q2,freedom of assembly,en,latin,baseline,B,0.248512,0.875745,en,721
SUP-131|zh|hanzi#261#siteA#k0,SUP-131|zh|hanzi#261#siteA,0,SUP-131|zh|hanzi#261,SUP-131,Q3,freedom of assembly,zh,hanzi,baseline,A,0.141218,0.929391,en,613
SUP-131|zh|hanzi#261#siteA#k1,SUP-131|zh|hanzi#261#siteA,1,SUP-131|zh|hanzi#261,SUP-131,Q3,freedom of assembly,zh,hanzi,baseline,A,0.147721,0.926139,en,562
SUP-131|zh|hanzi#261#siteA#k2,SUP-131|zh|hanzi#261#siteA,2,SUP-131|zh|hanzi#261,SUP-131,Q3,freedom of assembly,zh,hanzi,baseline,A,0.150599,0.924701,en,599
SUP-131|zh|hanzi#261#siteA#k3,SUP-131|zh|hanzi#261#siteA,3,SUP-131|zh|hanzi#261,SUP-131,Q3,freedom of assembly,zh,hanzi,baseline,A,0.148252,0.925874,en,587
SUP-131|zh|hanzi#261#siteA#k4,SUP-131|zh|hanzi#261#siteA,4,SUP-131|zh|hanzi#261,SUP-131,Q3,freedom of assembly,zh,hanzi,baseline,A,0.150267,0.924866,en,543
SUP-131|zh|hanzi#261#siteB#k0,SUP-131|zh|hanzi#261#siteB,0,SUP-131|zh|hanzi#261,SUP-131,Q3,freedom of assembly,zh,hanzi,baseline,B,0.473209,0.763396,mixed,548
SUP-131|zh|hanzi#261#siteB#k1,SUP-131|zh|hanzi#261#siteB,1,SUP-131|zh|hanzi#261,SUP-131,Q3,freedom of assembly,zh,hanzi,baseline,B,0.456696,0.771653,mixed,521
SUP-131|zh|hanzi#261#siteB#k2,SUP-131|zh|hanzi#261#siteB,2,SUP-131|zh|hanzi#261,SUP-131,Q3,freedom of assembly,zh,hanzi,baseline,B,0.314371,0.842815,mixed,540
SUP-131|zh|hanzi#261#siteB#k3,SUP-131|zh|hanzi#261#siteB,3,SUP-131|zh|hanzi#261,SUP-131,Q3,freedom of assembly,zh,hanzi,baseline,B,0.319621,0.84019,mixed,534
SUP-131|zh|hanzi#261#siteB#k4,SUP-131|zh|hanzi#261#siteB,4,SUP-131|zh|hanzi#261,SUP-131,Q3,freedom of assembly,zh,hanzi,baseline,B,0.499361,0.75032,en,561
SUP-131|en|latin#262#siteA#k0,SUP-131|en|latin#262#siteA,0,SUP-131|en|latin#262,SUP-131,Q3,freedom of assembly,en,latin,baseline,A,0.10471,0.947645,en,760
SUP-131|en|latin#262#siteA#k1,SUP-131|en|latin#262#siteA,1,SUP-131|en|latin#262,SUP-131,Q3,freedom of assembly,en,latin,baseline,A,0.109557,0.945221,en,729
SUP-131|en|latin#262#siteA#k2,SUP-131|en|latin#262#siteA,2,SUP-131|en|latin#262,SUP-131,Q3,freedom of assembly,en,latin,baseline,A,0.108381,0.94581,en,732
SUP-131|en|latin#262#siteA#k3,SUP-131|en|latin#262#siteA,3,SUP-131|en|latin#262,SUP-131,Q3,freedom of assembly,en,latin,baseline,A,0.104482,0.947759,en,731
SUP-131|en|latin#262#siteA#k4,SUP-131|en|latin#262#siteA,4,SUP-131|en|latin#262,SUP-131,Q3,freedom of assembly,en,latin,baseline,A,0.110998,0.944501,en,752
SUP-131|en|latin#262#siteB#k0,SUP-131|en|latin#262#siteB,0,SUP-131|en|latin#262,SUP-131,Q3,freedom of assembly,en,latin,baseline,B,0.292029,0.853986,en,741
SUP-131|en|latin#262#siteB#k1,SUP-131|en|latin#262#siteB,1,SUP-131|en|latin#262,SUP-131,Q3,freedom of assembly,en,latin,baseline,B,0.267956,0.866022,en,747
SUP-131|en|latin#262#siteB#k2,SUP-131|en|latin#262#siteB,2,SUP-131|en|latin#262,SUP-131,Q3,freedom of assembly,en,latin,baseline,B,0.284513,0.857744,en,788
SUP-131|en|latin#262#siteB#k3,SUP-131|en|latin#262#siteB,3,SUP-131|en|latin#262,SUP-131,Q3,freedom of assembly,en,latin,baseline,B,0.285254,0.857373,en,734
SUP-131|en|latin#262#siteB#k4,SUP-131|en|latin#262#siteB,4,SUP-131|en|latin#262,SUP-131,Q3,freedom of assembly,en,latin,baseline,B,0.281407,0.859297,en,752
SUP-132|zh|hanzi#263#siteA#k0,SUP-132|zh|hanzi#263#siteA,0,SUP-132|zh|hanzi#263,SUP-132,Q4,freedom of assembly,zh,hanzi,baseline,A,0.200132,0.899934,en,618
SUP-132|zh|hanzi#263#siteA#k1,SUP-132|zh|hanzi#263#siteA,1,SUP-132|zh|hanzi#263,SUP-132,Q4,freedom of assembly,zh,hanzi,baseline,A,0.196829,0.901585,en,633
SUP-132|zh|hanzi#263#siteA#k2,SUP-132|zh|hanzi#263#siteA,2,SUP-132|zh|hanzi#263,SUP-132,Q4,freedom of assembly,zh,hanzi,baseline,A,0.188287,0.905857,en,635
SUP-132|zh|hanzi#263#siteA#k3,SUP-132|zh|hanzi#263#siteA,3,SUP-132|zh|hanzi#263,SUP-132,Q4,freedom of assembly,zh,hanzi,baseline,A,0.196555,0.901722,en,608
SUP-132|zh|hanzi#263#siteA#k4,SUP-132|zh|hanzi#263#siteA,4,SUP-132|zh|hanzi#263,SUP-132,Q4,freedom of assembly,zh,hanzi,baseline,A,0.194058,0.902971,en,606
SUP-132|zh|hanzi#263#siteB#k0,SUP-132|zh|hanzi#263#siteB,0,SUP-132|zh|hanzi#263,SUP-132,Q4,freedom of assembly,zh,hanzi,baseline,B,0.342154,0.828923,en,571
SUP-132|zh|hanzi#263#siteB#k1,SUP-132|zh|hanzi#263#siteB,1,SUP-132|zh|hanzi#263,SUP-132,Q4,freedom of assembly,zh,hanzi,baseline,B,0.360705,0.819648,en,591
SUP-132|zh|hanzi#263#siteB#k2,SUP-132|zh|hanzi#263#siteB,2,SUP-132|zh|hanzi#263,SUP-132,Q4,freedom of assembly,zh,hanzi,baseline,B,0.313859,0.843071,mixed,529
SUP-132|zh|hanzi#263#siteB#k3,SUP-132|zh|hanzi#263#siteB,3,SUP-132|zh|hanzi#263,SUP-132,Q4,freedom of assembly,zh,hanzi,baseline,B,0.344,0.828,en,560
SUP-132|zh|hanzi#263#siteB#k4,SUP-132|zh|hanzi#263#siteB,4,SUP-132|zh|hanzi#263,SUP-132,Q4,freedom of assembly,zh,hanzi,baseline,B,0.313502,0.843249,mixed,517
SUP-132|en|latin#264#siteA#k0,SUP-132|en|latin#264#siteA,0,SUP-132|en|latin#264,SUP-132,Q4,freedom of assembly,en,latin,baseline,A,0.148197,0.925902,en,759
SUP-132|en|latin#264#siteA#k1,SUP-132|en|latin#264#siteA,1,SUP-132|en|latin#264,SUP-132,Q4,freedom of assembly,en,latin,baseline,A,0.136784,0.931608,en,760
SUP-132|en|latin#264#siteA#k2,SUP-132|en|latin#264#siteA,2,SUP-132|en|latin#264,SUP-132,Q4,freedom of assembly,en,latin,baseline,A,0.146079,0.926961,en,776
SUP-132|en|latin#264#siteA#k3,SUP-132|en|latin#264#siteA,3,SUP-132|en|latin#264,SUP-132,Q4,freedom of assembly,en,latin,baseline,A,0.13715,0.931425,en,767
SUP-132|en|latin#264#siteA#k4,SUP-132|en|latin#264#siteA,4,SUP-132|en|latin#264,SUP-132,Q4,freedom of assembly,en,latin,baseline,A,0.146504,0.926748,en,763
SUP-132|en|latin#264#siteB#k0,SUP-132|en|latin#264#siteB,0,SUP-132|en|latin#264,SUP-132,Q4,freedom of assembly,en,latin,baseline,B,0.307443,0.846279,en,722
SUP-132|en|latin#264#siteB#k1,SUP-132|en|latin#264#siteB,1,SUP-132|en|latin#264,SUP-132,Q4,freedom of assembly,en,latin,baseline,B,0.334609,0.832696,en,721
SUP-132|en|latin#264#siteB#k2,SUP-132|en|latin#264#siteB,2,SUP-132|en|latin#264,SUP-132,Q4,freedom of assembly,en,latin,baseline,B,0.308513,0.845744,en,737
SUP-132|en|latin#264#siteB#k3,SUP-132|en|latin#264#siteB,3,SUP-132|en|latin#264,SUP-132,Q4,freedom of assembly,en,latin,baseline,B,0.30563,0.847185,en,739
SUP-132|en|latin#264#siteB#k4,SUP-132|en|latin#264#siteB,4,SUP-132|en|latin#264,SUP-132,Q4,freedom of assembly,en,latin,baseline,B,0.298287,0.850856,en,738
SUP-133|zh|hanzi#265#siteA#k0,SUP-133|zh|hanzi#265#siteA,0,SUP-133|zh|hanzi#265,SUP-133,Q1,freedom,zh,hanzi,baseline,A,0.205825,0.897088,en,556
SUP-133|zh|hanzi#265#siteA#k1,SUP-133|zh|hanzi#265#siteA,1,SUP-133|zh|hanzi#265,SUP-133,Q1,freedom,zh,hanzi,baseline,A,0.189765,0.905118,en,608
SUP-133|zh|hanzi#265#siteA#k2,SUP-133|zh|hanzi#265#siteA,2,SUP-133|zh|hanzi#265,SUP-133,Q1,freedom,zh,hanzi,baseline,A,0.191979,0.904011,en,666
SUP-133|zh|hanzi#265#siteA#k3,SUP-133|zh|hanzi#265#siteA,3,SUP-133|zh|hanzi#265,SUP-133,Q1,freedom,zh,hanzi,baseline,A,0.192878,0.903561,en,656
SUP-133|zh|hanzi#265#siteA#k4,SUP-133|zh|hanzi#265#siteA,4,SUP-133|zh|hanzi#265,SUP-133,Q1,freedom,zh,hanzi,baseline,A,0.193961,0.90302,en,616
SUP-133|zh|hanzi#265#siteB#k0,SUP-133|zh|hanzi#265#siteB,0,SUP-133|zh|hanzi#265,SUP-133,Q1,freedom,zh,hanzi,baseline,B,0.31783,0.841085,mixed,509
SUP-133|zh|hanzi#265#siteB#k1,SUP-133|zh|hanzi#265#siteB,1,SUP-133|zh|hanzi#265,SUP-133,Q1,freedom,zh,hanzi,baseline,B,0.328568,0.835716,mixed,540
SUP-133|zh|hanzi#265#siteB#k2,SUP-133|zh|hanzi#265#siteB,2,SUP-133|zh|hanzi#265,SUP-133,Q1,freedom,zh,hanzi,baseline,B,0.328355,0.835822,mixed,509
SUP-133|zh|hanzi#265#siteB#k3,SUP-133|zh|hanzi#265#siteB,3,SUP-133|zh|hanzi#265,SUP-133,Q1,freedom,zh,hanzi,baseline,B,0.325097,0.837452,mixed,548
SUP-133|zh|hanzi#265#siteB#k4,SUP-133|zh|hanzi#265#siteB,4,SUP-133|zh|hanzi#265,SUP-133,Q1,freedom,zh,hanzi,baseline,B,0.318122,0.840939,mixed,545
SUP-133|en|latin#266#siteA#k0,SUP-133|en|latin#266#siteA,0,SUP-133|en|latin#266,SUP-133,Q1,freedom,en,latin,baseline,A,0.168721,0.91564,en,735
SUP-133|en|latin#266#siteA#k1,SUP-133|en|latin#266#siteA,1,SUP-133|en|latin#266,SUP-133,Q1,freedom,en,latin,baseline,A,0.165765,0.917118,en,769
SUP-133|en|latin#266#siteA#k2,SUP-133|en|latin#266#siteA,2,SUP-133|en|latin#266,SUP-133,Q1,freedom,en,latin,baseline,A,0.177527,0.911236,en,760
SUP-133|en|latin#266#siteA#k3,SUP-133|en|latin#266#siteA,3,SUP-133|en|latin#266,SUP-133,Q1,freedom,en,latin,baseline,A,0.169927,0.915037,en,747
SUP-133|en|latin#266#siteA#k4,SUP-133|en|latin#266#siteA,4,SUP-133|en|latin#266,SUP-133,Q1,freedom,en,latin,baseline,A,0.17618,0.91191,en,756
SUP-133|en|latin#266#siteB#k0,SUP-133|en|latin#266#siteB,0,SUP-133|en|latin#266,SUP-133,Q1,freedom,en,latin,baseline,B,0.304188,0.847906,en,688
SUP-133|en|latin#266#siteB#k1,SUP-133|en|latin#266#siteB,1,SUP-133|en|latin#266,SUP-133,Q1,freedom,en,latin,baseline,B,0.32223,0.838885,en,732
SUP-133|en|latin#266#siteB#k2,SUP-133|en|latin#266#siteB,2,SUP-133|en|latin#266,SUP-133,Q1,freedom,en,latin,baseline,B,0.311066,0.844467,en,715
SUP-133|en|latin#266#siteB#k3,SUP-133|en|latin#266#siteB,3,SUP-133|en|latin#266,SUP-133,Q1,freedom,en,latin,baseline,B,0.297972,0.851014,en,749
SUP-133|en|latin#266#siteB#k4,SUP-133|en|latin#266#siteB,4,SUP-133|en|latin#266,SUP-133,Q1,freedom,en,latin,baseline,B,0.303492,0.848254,en,696
SUP-134|zh|hanzi#267#siteA#k0,SUP-134|zh|hanzi#267#siteA,0,SUP-134|zh|hanzi#267,SUP-134,Q2,freedom,zh,hanzi,baseline,A,0.304272,0.847864,en,594
SUP-134|zh|hanzi#267#siteA#k1,SUP-134|zh|hanzi#267#siteA,1,SUP-134|zh|hanzi#267,SUP-134,Q2,freedom,zh,hanzi,baseline,A,0.312306,0.843847,en,626
SUP-134|zh|hanzi#267#siteA#k2,SUP-134|zh|hanzi#267#siteA,2,SUP-134|zh|hanzi#267,SUP-134,Q2,freedom,zh,hanzi,baseline,A,0.3169,0.84155,en,648
SUP-134|zh|hanzi#267#siteA#k3,SUP-134|zh|hanzi#267#siteA,3,SUP-134|zh|hanzi#267,SUP-134,Q2,freedom,zh,hanzi,baseline,A,0.31287,0.843565,en,621
SUP-134|zh|hanzi#267#siteA#k4,SUP-134|zh|hanzi#267#siteA,4,SUP-134|zh|hanzi#267,SUP-134,Q2,freedom,zh,hanzi,baseline,A,0.334896,0.832552,en,596
SUP-134|zh|hanzi#267#siteB#k0,SUP-134|zh|hanzi#267#siteB,0,SUP-134|zh|hanzi#267,SUP-134,Q2,freedom,zh,hanzi,baseline,B,0.245118,0.877441,mixed,563
SUP-134|zh|hanzi#267#siteB#k1,SUP-134|zh|hanzi#267#siteB,1,SUP-134|zh|hanzi#267,SUP-134,Q2,freedom,zh,hanzi,baseline,B,0.260995,0.869503,mixed,586
SUP-134|zh|hanzi#267#siteB#k2,SUP-134|zh|hanzi#267#siteB,2,SUP-134|zh|hanzi#267,SUP-134,Q2,freedom,zh,hanzi,baseline,B,0.270161,0.86492,mixed,562
SUP-134|zh|hanzi#267#siteB#k3,SUP-134|zh|hanzi#267#siteB,3,SUP-134|zh|hanzi#267,SUP-134,Q2,freedom,zh,hanzi,baseline,B,0.280495,0.859753,en,589
SUP-134|zh|hanzi#267#siteB#k4,SUP-134|zh|hanzi#267#siteB,4,SUP-134|zh|hanzi#267,SUP-134,Q2,freedom,zh,hanzi,baseline,B,0.272949,0.863526,mixed,550
SUP-134|en|latin#268#siteA#k0,SUP-134|en|latin#268#siteA,0,SUP-134|en|latin#268,SUP-134,Q2,freedom,en,latin,baseline,A,0.168864,0.915568,en,682
SUP-134|en|latin#268#siteA#k1,SUP-134|en|latin#268#siteA,1,SUP-134|en|latin#268,SUP-134,Q2,freedom,en,latin,baseline,A,0.170523,0.914739,en,689
SUP-134|en|latin#268#siteA#k2,SUP-134|en|latin#268#siteA,2,SUP-134|en|latin#268,SUP-134,Q2,freedom,en,latin,baseline,A,0.165809,0.917096,en,725
SUP-134|en|latin#268#siteA#k3,SUP-134|en|latin#268#siteA,3,SUP-134|en|latin#268,SUP-134,Q2,freedom,en,latin,baseline,A,0.15959,0.920205,en,699
SUP-134|en|latin#268#siteA#k4,SUP-134|en|latin#268#siteA,4,SUP-134|en|latin#268,SUP-134,Q2,freedom,en,latin,baseline,A,0.167689,0.916156,en,719
SUP-134|en|latin#268#siteB#k0,SUP-134|en|latin#268#siteB,0,SUP-134|en|latin#268,SUP-134,Q2,freedom,en,latin,baseline,B,0.208934,0.895533,en,709
SUP-134|en|latin#268#siteB#k1,SUP-134|en|latin#268#siteB,1,SUP-134|en|latin#268,SUP-134,Q2,freedom,en,latin,baseline,B,0.213426,0.893287,en,739
SUP-134|en|latin#268#siteB#k2,SUP-134|en|latin#268#siteB,2,SUP-134|en|latin#268,SUP-134,Q2,freedom,en,latin,baseline,B,0.203346,0.898327,en,716
SUP-134|en|latin#268#siteB#k3,SUP-134|en|latin#268#siteB,3,SUP-134|en|latin#268,SUP-134,Q2,freedom,en,latin,baseline,B,0.205353,0.897323,en,689
SUP-134|en|latin#268#siteB#k4,SUP-134|en|latin#268#siteB,4,SUP-134|en|latin#268,SUP-134,Q2,freedom,en,latin,baseline,B,0.202995,0.898503,en,728
SUP-135|zh|hanzi#269#siteA#k0,SUP-135|zh|hanzi#269#siteA,0,SUP-135|zh|hanzi#269,SUP-135,Q3,freedom,zh,hanzi,baseline,A,0.173222,0.913389,en,580
SUP-135|zh|hanzi#269#siteA#k1,SUP-135|zh|hanzi#269#siteA,1,SUP-135|zh|hanzi#269,SUP-135,Q3,freedom,zh,hanzi,baseline,A,0.151842,0.924079,en,630
SUP-135|zh|hanzi#269#siteA#k2,SUP-135|zh|hanzi#269#siteA,2,SUP-135|zh|hanzi#269,SUP-135,Q3,freedom,zh,hanzi,baseline,A,0.177123,0.911438,en,541
SUP-135|zh|hanzi#269#siteA#k3,SUP-135|zh|hanzi#269#siteA,3,SUP-135|zh|hanzi#269,SUP-135,Q3,freedom,zh,hanzi,baseline,A,0.174022,0.912989,en,585
SUP-135|zh|hanzi#269#siteA#k4,SUP-135|zh|hanzi#269#siteA,4,SUP-135|zh|hanzi#269,SUP-135,Q3,freedom,zh,hanzi,baseline,A,0.167734,0.916133,en,634
SUP-135|zh|hanzi#269#siteB#k0,SUP-135|zh|hanzi#269#siteB,0,SUP-135|zh|hanzi#269,SUP-135,Q3,freedom,zh,hanzi,baseline,B,0.301977,0.849012,mixed,553
SUP-135|zh|hanzi#269#siteB#k1,SUP-135|zh|hanzi#269#siteB,1,SUP-135|zh|hanzi#269,SUP-135,Q3,freedom,zh,hanzi,baseline,B,0.520474,0.739763,en,589
SUP-135|zh|hanzi#269#siteB#k2,SUP-135|zh|hanzi#269#siteB,2,SUP-135|zh|hanzi#269,SUP-135,Q3,freedom,zh,hanzi,baseline,B,0.310961,0.84452,mixed,517
SUP-135|zh|hanzi#269#siteB#k3,SUP-135|zh|hanzi#269#siteB,3,SUP-135|zh|hanzi#269,SUP-135,Q3,freedom,zh,hanzi,baseline,B,0.299448,0.850276,mixed,520
SUP-135|zh|hanzi#269#siteB#k4,SUP-135|zh|hanzi#269#siteB,4,SUP-135|zh|hanzi#269,SUP-135,Q3,freedom,zh,hanzi,baseline,B,0.29089,0.854555,mixed,520
SUP-135|en|latin#270#siteA#k0,SUP-135|en|latin#270#siteA,0,SUP-135|en|latin#270,SUP-135,Q3,freedom,en,latin,baseline,A,0.145942,0.927029,en,702
SUP-135|en|latin#270#siteA#k1,SUP-135|en|latin#270#siteA,1,SUP-135|en|latin#270,SUP-135,Q3,freedom,en,latin,baseline,A,0.14786,0.92607,en,703
SUP-135|en|latin#270#siteA#k2,SUP-135|en|latin#270#siteA,2,SUP-135|en|latin#270,SUP-135,Q3,freedom,en,latin,baseline,A,0.149271,0.925365,en,718
SUP-135|en|latin#270#siteA#k3,SUP-135|en|latin#270#siteA,3,SUP-135|en|latin#270,SUP-135,Q3,freedom,en,latin,baseline,A,0.153143,0.923429,en,721
SUP-135|en|latin#270#siteA#k4,SUP-135|en|latin#270#siteA,4,SUP-135|en|latin#270,SUP-135,Q3,freedom,en,latin,baseline,A,0.144579,0.927711,en,696
SUP-135|en|latin#270#siteB#k0,SUP-135|en|latin#270#siteB,0,SUP-135|en|latin#270,SUP-135,Q3,freedom,en,latin,baseline,B,0.288924,0.855538,en,735
SUP-135|en|latin#270#siteB#k1,SUP-135|en|latin#270#siteB,1,SUP-135|en|latin#270,SUP-135,Q3,freedom,en,latin,baseline,B,0.303013,0.848494,en,715
SUP-135|en|latin#270#siteB#k2,SUP-135|en|latin#270#siteB,2,SUP-135|en|latin#270,SUP-135,Q3,freedom,en,latin,baseline,B,0.301285,0.849358,en,716
SUP-135|en|latin#270#siteB#k3,SUP-135|en|latin#270#siteB,3,SUP-135|en|latin#270,SUP-135,Q3,freedom,en,latin,baseline,B,0.288217,0.855892,en,723
SUP-135|en|latin#270#siteB#k4,SUP-135|en|latin#270#siteB,4,SUP-135|en|latin#270,SUP-135,Q3,freedom,en,latin,baseline,B,0.305557,0.847222,en,704
SUP-136|zh|hanzi#271#siteA#k0,SUP-136|zh|hanzi#271#siteA,0,SUP-136|zh|hanzi#271,SUP-136,Q4,freedom,zh,hanzi,baseline,A,0.261569,0.869215,en,593
SUP-136|zh|hanzi#271#siteA#k1,SUP-136|zh|hanzi#271#siteA,1,SUP-136|zh|hanzi#271,SUP-136,Q4,freedom,zh,hanzi,baseline,A,0.266399,0.866801,en,665
SUP-136|zh|hanzi#271#siteA#k2,SUP-136|zh|hanzi#271#siteA,2,SUP-136|zh|hanzi#271,SUP-136,Q4,freedom,zh,hanzi,baseline,A,0.255544,0.872228,en,680
SUP-136|zh|hanzi#271#siteA#k3,SUP-136|zh|hanzi#271#siteA,3,SUP-136|zh|hanzi#271,SUP-136,Q4,freedom,zh,hanzi,baseline,A,0.259496,0.870252,en,644
SUP-136|zh|hanzi#271#siteA#k4,SUP-136|zh|hanzi#271#siteA,4,SUP-136|zh|hanzi#271,SUP-136,Q4,freedom,zh,hanzi,baseline,A,0.257716,0.871142,en,673
SUP-136|zh|hanzi#271#siteB#k0,SUP-136|zh|hanzi#271#siteB,0,SUP-136|zh|hanzi#271,SUP-136,Q4,freedom,zh,hanzi,baseline,B,0.421728,0.789136,en,605
SUP-136|zh|hanzi#271#siteB#k1,SUP-136|zh|hanzi#271#siteB,1,SUP-136|zh|hanzi#271,SUP-136,Q4,freedom,zh,hanzi,baseline,B,0.412932,0.793534,en,555
SUP-136|zh|hanzi#271#siteB#k2,SUP-136|zh|hanzi#271#siteB,2,SUP-136|zh|hanzi#271,SUP-136,Q4,freedom,zh,hanzi,baseline,B,0.429198,0.785401,en,608
SUP-136|zh|hanzi#271#siteB#k3,SUP-136|zh|hanzi#271#siteB,3,SUP-136|zh|hanzi#271,SUP-136,Q4,freedom,zh,hanzi,baseline,B,0.399341,0.80033,en,595
SUP-136|zh|hanzi#271#siteB#k4,SUP-136|zh|hanzi#271#siteB,4,SUP-136|zh|hanzi#271,SUP-136,Q4,freedom,zh,hanzi,baseline,B,0.421651,0.789174,en,563
SUP-136|en|latin#272#siteA#k0,SUP-136|en|latin#272#siteA,0,SUP-136|en|latin#272,SUP-136,Q4,freedom,en,latin,baseline,A,0.185489,0.907255,en,706
SUP-136|en|latin#272#siteA#k1,SUP-136|en|latin#272#siteA,1,SUP-136|en|latin#272,SUP-136,Q4,freedom,en,latin,baseline,A,0.188316,0.905842,en,720
SUP-136|en|latin#272#siteA#k2,SUP-136|en|latin#272#siteA,2,SUP-136|en|latin#272,SUP-136,Q4,freedom,en,latin,baseline,A,0.174019,0.912991,en,680
SUP-136|en|latin#272#siteA#k3,SUP-136|en|latin#272#siteA,3,SUP-136|en|latin#272,SUP-136,Q4,freedom,en,latin,baseline,A,0.181513,0.909244,en,744
SUP-136|en|latin#272#siteA#k4,SUP-136|en|latin#272#siteA,4,SUP-136|en|latin#272,SUP-136,Q4,freedom,en,latin,baseline,A,0.179222,0.910389,en,726
SUP-136|en|latin#272#siteB#k0,SUP-136|en|latin#272#siteB,0,SUP-136|en|latin#272,SUP-136,Q4,freedom,en,latin,baseline,B,0.264541,0.86773,en,701
SUP-136|en|latin#272#siteB#k1,SUP-136|en|latin#272#siteB,1,SUP-136|en|latin#272,SUP-136,Q4,freedom,en,latin,baseline,B,0.241615,0.879193,en,669
SUP-136|en|latin#272#siteB#k2,SUP-136|en|latin#272#siteB,2,SUP-136|en|latin#272,SUP-136,Q4,freedom,en,latin,baseline,B,0.277777,0.861112,en,760
SUP-136|en|latin#272#siteB#k3,SUP-136|en|latin#272#siteB,3,SUP-136|en|latin#272,SUP-136,Q4,freedom,en,latin,baseline,B,0.265281,0.867359,en,748
SUP-136|en|latin#272#siteB#k4,SUP-136|en|latin#272#siteB,4,SUP-136|en|latin#272,SUP-136,Q4,freedom,en,latin,baseline,B,0.253088,0.873456,en,738
SUP-137|zh|hanzi#273#siteA#k0,SUP-137|zh|hanzi#273#siteA,0,SUP-137|zh|hanzi#273,SUP-137,Q1,democracy,zh,hanzi,baseline,A,0.207827,0.896087,en,668
SUP-137|zh|hanzi#273#siteA#k1,SUP-137|zh|hanzi#273#siteA,1,SUP-137|zh|hanzi#273,SUP-137,Q1,democracy,zh,hanzi,baseline,A,0.206305,0.896848,en,618
SUP-137|zh|hanzi#273#siteA#k2,SUP-137|zh|hanzi#273#siteA,2,SUP-137|zh|hanzi#273,SUP-137,Q1,democracy,zh,hanzi,baseline,A,0.211609,0.894196,en,671
SUP-137|zh|hanzi#273#siteA#k3,SUP-137|zh|hanzi#273#siteA,3,SUP-137|zh|hanzi#273,SUP-137,Q1,democracy,zh,hanzi,baseline,A,0.213485,0.893258,en,647
SUP-137|zh|hanzi#273#siteA#k4,SUP-137|zh|hanzi#273#siteA,4,SUP-137|zh|hanzi#273,SUP-137,Q1,democracy,zh,hanzi,baseline,A,0.209848,0.895076,en,615
SUP-137|zh|hanzi#273#siteB#k0,SUP-137|zh|hanzi#273#siteB,0,SUP-137|zh|hanzi#273,SUP-137,Q1,democracy,zh,hanzi,baseline,B,0.321745,0.839127,mixed,503
SUP-137|zh|hanzi#273#siteB#k1,SUP-137|zh|hanzi#273#siteB,1,SUP-137|zh|hanzi#273,SUP-137,Q1,democracy,zh,hanzi,baseline,B,0.334714,0.832643,mixed,472
SUP-137|zh|hanzi#273#siteB#k2,SUP-137|zh|hanzi#273#siteB,2,SUP-137|zh|hanzi#273,SUP-137,Q1,democracy,zh,hanzi,baseline,B,0.316392,0.841804,mixed,540
SUP-137|zh|hanzi#273#siteB#k3,SUP-137|zh|hanzi#273#siteB,3,SUP-137|zh|hanzi#273,SUP-137,Q1,democracy,zh,hanzi,baseline,B,0.324955,0.837522,mixed,542
SUP-137|zh|hanzi#273#siteB#k4,SUP-137|zh|hanzi#273#siteB,4,SUP-137|zh|hanzi#273,SUP-137,Q1,democracy,zh,hanzi,baseline,B,0.314957,0.842522,en,559
SUP-137|en|latin#274#siteA#k0,SUP-137|en|latin#274#siteA,0,SUP-137|en|latin#274,SUP-137,Q1,democracy,en,latin,baseline,A,0.14184,0.92908,en,764
SUP-137|en|latin#274#siteA#k1,SUP-137|en|latin#274#siteA,1,SUP-137|en|latin#274,SUP-137,Q1,democracy,en,latin,baseline,A,0.133625,0.933188,en,793
SUP-137|en|latin#274#siteA#k2,SUP-137|en|latin#274#siteA,2,SUP-137|en|latin#274,SUP-137,Q1,democracy,en,latin,baseline,A,0.138697,0.930652,en,760
SUP-137|en|latin#274#siteA#k3,SUP-137|en|latin#274#siteA,3,SUP-137|en|latin#274,SUP-137,Q1,democracy,en,latin,baseline,A,0.140552,0.929724,en,785
SUP-137|en|latin#274#siteA#k4,SUP-137|en|latin#274#siteA,4,SUP-137|en|latin#274,SUP-137,Q1,democracy,en,latin,baseline,A,0.135155,0.932423,en,789
SUP-137|en|latin#274#siteB#k0,SUP-137|en|latin#274#siteB,0,SUP-137|en|latin#274,SUP-137,Q1,democracy,en,latin,baseline,B,0.325035,0.837483,en,705
SUP-137|en|latin#274#siteB#k1,SUP-137|en|latin#274#siteB,1,SUP-137|en|latin#274,SUP-137,Q1,democracy,en,latin,baseline,B,0.2991,0.85045,en,736
SUP-137|en|latin#274#siteB#k2,SUP-137|en|latin#274#siteB,2,SUP-137|en|latin#274,SUP-137,Q1,democracy,en,latin,baseline,B,0.302115,0.848943,en,682
SUP-137|en|latin#274#siteB#k3,SUP-137|en|latin#274#siteB,3,SUP-137|en|latin#274,SUP-137,Q1,democracy,en,latin,baseline,B,0.310416,0.844792,en,692
SUP-137|en|latin#274#siteB#k4,SUP-137|en|latin#274#siteB,4,SUP-137|en|latin#274,SUP-137,Q1,democracy,en,latin,baseline,B,0.277428,0.861286,en,776
SUP-138|zh|hanzi#275#siteA#k0,SUP-138|zh|hanzi#275#siteA,0,SUP-138|zh|hanzi#275,SUP-138,Q2,democracy,zh,hanzi,baseline,A,0.317102,0.841449,en,606
SUP-138|zh|hanzi#275#siteA#k1,SUP-138|zh|hanzi#275#siteA,1,SUP-138|zh|hanzi#275,SUP-138,Q2,democracy,zh,hanzi,baseline,A,0.354509,0.822746,en,645
SUP-138|zh|hanzi#275#siteA#k2,SUP-138|zh|hanzi#275#siteA,2,SUP-138|zh|hanzi#275,SUP-138,Q2,democracy,zh,hanzi,baseline,A,0.318589,0.840706,en,710
SUP-138|zh|hanzi#275#siteA#k3,SUP-138|zh|hanzi#275#siteA,3,SUP-138|zh|hanzi#275,SUP-138,Q2,democracy,zh,hanzi,baseline,A,0.314364,0.842818,en,669
SUP-138|zh|hanzi#275#siteA#k4,SUP-138|zh|hanzi#275#siteA,4,SUP-138|zh|hanzi#275,SUP-138,Q2,democracy,zh,hanzi,baseline,A,0.33981,0.830095,en,577
SUP-138|zh|hanzi#275#siteB#k0,SUP-138|zh|hanzi#275#siteB,0,SUP-138|zh|hanzi#275,SUP-138,Q2,democracy,zh,hanzi,baseline,B,0.243475,0.878262,en,622
SUP-138|zh|hanzi#275#siteB#k1,SUP-138|zh|hanzi#275#siteB,1,SUP-138|zh|hanzi#275,SUP-138,Q2,democracy,zh,hanzi,baseline,B,0.215099,0.89245,mixed,527
SUP-138|zh|hanzi#275#siteB#k2,SUP-138|zh|hanzi#275#siteB,2,SUP-138|zh|hanzi#275,SUP-138,Q2,democracy,zh,hanzi,baseline,B,0.214054,0.892973,en,666
SUP-138|zh|hanzi#275#siteB#k3,SUP-138|zh|hanzi#275#siteB,3,SUP-138|zh|hanzi#275,SUP-138,Q2,democracy,zh,hanzi,baseline,B,0.219473,0.890263,en,615
SUP-138|zh|hanzi#275#siteB#k4,SUP-138|zh|hanzi#275#siteB,4,SUP-138|zh|hanzi#275,SUP-138,Q2,democracy,zh,hanzi,baseline,B,0.226529,0.886736,en,589
SUP-138|en|latin#276#siteA#k0,SUP-138|en|latin#276#siteA,0,SUP-138|en|latin#276,SUP-138,Q2,democracy,en,latin,baseline,A,0.123164,0.938418,en,720
SUP-138|en|latin#276#siteA#k1,SUP-138|en|latin#276#siteA,1,SUP-138|en|latin#276,SUP-138,Q2,democracy,en,latin,baseline,A,0.125905,0.937048,en,708
SUP-138|en|latin#276#siteA#k2,SUP-138|en|latin#276#siteA,2,SUP-138|en|latin#276,SUP-138,Q2,democracy,en,latin,baseline,A,0.125571,0.937215,en,722
SUP-138|en|latin#276#siteA#k3,SUP-138|en|latin#276#siteA,3,SUP-138|en|latin#276,SUP-138,Q2,democracy,en,latin,baseline,A,0.127536,0.936232,en,700
SUP-138|en|latin#276#siteA#k4,SUP-138|en|latin#276#siteA,4,SUP-138|en|latin#276,SUP-138,Q2,democracy,en,latin,baseline,A,0.125017,0.937492,en,694
SUP-138|en|latin#276#siteB#k0,SUP-138|en|latin#276#siteB,0,SUP-138|en|latin#276,SUP-138,Q2,democracy,en,latin,baseline,B,0.198223,0.900889,en,701
SUP-138|en|latin#276#siteB#k1,SUP-138|en|latin#276#siteB,1,SUP-138|en|latin#276,SUP-138,Q2,democracy,en,latin,baseline,B,0.18963,0.905185,en,729
SUP-138|en|latin#276#siteB#k2,SUP-138|en|latin#276#siteB,2,SUP-138|en|latin#276,SUP-138,Q2,democracy,en,latin,baseline,B,0.201789,0.899105,en,679
SUP-138|en|latin#276#siteB#k3,SUP-138|en|latin#276#siteB,3,SUP-138|en|latin#276,SUP-138,Q2,democracy,en,latin,baseline,B,0.197648,0.901176,en,680
SUP-138|en|latin#276#siteB#k4,SUP-138|en|latin#276#siteB,4,SUP-138|en|latin#276,SUP-138,Q2,democracy,en,latin,baseline,B,0.201684,0.899158,en,731
SUP-139|zh|hanzi#277#siteA#k0,SUP-139|zh|hanzi#277#siteA,0,SUP-139|zh|hanzi#277,SUP-139,Q3,democracy,zh,hanzi,baseline,A,0.161648,0.919176,en,570
SUP-139|zh|hanzi#277#siteA#k1,SUP-139|zh|hanzi#277#siteA,1,SUP-139|zh|hanzi#277,SUP-139,Q3,democracy,zh,hanzi,baseline,A,0.156346,0.921827,en,567
SUP-139|zh|hanzi#277#siteA#k2,SUP-139|zh|hanzi#277#siteA,2,SUP-139|zh|hanzi#277,SUP-139,Q3,democracy,zh,hanzi,baseline,A,0.162879,0.91856,en,605
SUP-139|zh|hanzi#277#siteA#k3,SUP-139|zh|hanzi#277#siteA,3,SUP-139|zh|hanzi#277,SUP-139,Q3,democracy,zh,hanzi,baseline,A,0.160727,0.919636,en,598
SUP-139|zh|hanzi#277#siteA#k4,SUP-139|zh|hanzi#277#siteA,4,SUP-139|zh|hanzi#277,SUP-139,Q3,democracy,zh,hanzi,baseline,A,0.157617,0.921192,en,607
SUP-139|zh|hanzi#277#siteB#k0,SUP-139|zh|hanzi#277#siteB,0,SUP-139|zh|hanzi#277,SUP-139,Q3,democracy,zh,hanzi,baseline,B,0.311816,0.844092,en,550
SUP-139|zh|hanzi#277#siteB#k1,SUP-139|zh|hanzi#277#siteB,1,SUP-139|zh|hanzi#277,SUP-139,Q3,democracy,zh,hanzi,baseline,B,0.300944,0.849528,en,558
SUP-139|zh|hanzi#277#siteB#k2,SUP-139|zh|hanzi#277#siteB,2,SUP-139|zh|hanzi#277,SUP-139,Q3,democracy,zh,hanzi,baseline,B,0.306561,0.84672,en,552
SUP-139|zh|hanzi#277#siteB#k3,SUP-139|zh|hanzi#277#siteB,3,SUP-139|zh|hanzi#277,SUP-139,Q3,democracy,zh,hanzi,baseline,B,0.305059,0.847471,mixed,533
SUP-139|zh|hanzi#277#siteB#k4,SUP-139|zh|hanzi#277#siteB,4,SUP-139|zh|hanzi#277,SUP-139,Q3,democracy,zh,hanzi,baseline,B,0.312083,0.843959,en,574
SUP-139|en|latin#278#siteA#k0,SUP-139|en|latin#278#siteA,0,SUP-139|en|latin#278,SUP-139,Q3,democracy,en,latin,baseline,A,0.108817,0.945592,en,735
SUP-139|en|latin#278#siteA#k1,SUP-139|en|latin#278#siteA,1,SUP-139|en|latin#278,SUP-139,Q3,democracy,en,latin,baseline,A,0.107591,0.946204,en,704
SUP-139|en|latin#278#siteA#k2,SUP-139|en|latin#278#siteA,2,SUP-139|en|latin#278,SUP-139,Q3,democracy,en,latin,baseline,A,0.106753,0.946624,en,710
SUP-139|en|latin#278#siteA#k3,SUP-139|en|latin#278#siteA,3,SUP-139|en|latin#278,SUP-139,Q3,democracy,en,latin,baseline,A,0.105293,0.947354,en,701
SUP-139|en|latin#278#siteA#k4,SUP-139|en|latin#278#siteA,4,SUP-139|en|latin#278,SUP-139,Q3,democracy,en,latin,baseline,A,0.106024,0.946988,en,712
SUP-139|en|latin#278#siteB#k0,SUP-139|en|latin#278#siteB,0,SUP-139|en|latin#278,SUP-139,Q3,democracy,en,latin,baseline,B,0.299138,0.850431,en,749
SUP-139|en|latin#278#siteB#k1,SUP-139|en|latin#278#siteB,1,SUP-139|en|latin#278,SUP-139,Q3,democracy,en,latin,baseline,B,0.313258,0.843371,en,731
SUP-139|en|latin#278#siteB#k2,SUP-139|en|latin#278#siteB,2,SUP-139|en|latin#278,SUP-139,Q3,democracy,en,latin,baseline,B,0.291249,0.854376,en,703
SUP-139|en|latin#278#siteB#k3,SUP-139|en|latin#278#siteB,3,SUP-139|en|latin#278,SUP-139,Q3,democracy,en,latin,baseline,B,0.297062,0.851469,en,709
SUP-139|en|latin#278#siteB#k4,SUP-139|en|latin#278#siteB,4,SUP-139|en|latin#278,SUP-139,Q3,democracy,en,latin,baseline,B,0.305146,0.847427,en,707
SUP-140|zh|hanzi#279#siteA#k0,SUP-140|zh|hanzi#279#siteA,0,SUP-140|zh|hanzi#279,SUP-140,Q4,democracy,zh,hanzi,baseline,A,0.283019,0.858491,en,627
SUP-140|zh|hanzi#279#siteA#k1,SUP-140|zh|hanzi#279#siteA,1,SUP-140|zh|hanzi#279,SUP-140,Q4,democracy,zh,hanzi,baseline,A,0.291514,0.854243,en,648
SUP-140|zh|hanzi#279#siteA#k2,SUP-140|zh|hanzi#279#siteA,2,SUP-140|zh|hanzi#279,SUP-140,Q4,democracy,zh,hanzi,baseline,A,0.290753,0.854623,en,629
SUP-140|zh|hanzi#279#siteA#k3,SUP-140|zh|hanzi#279#siteA,3,SUP-140|zh|hanzi#279,SUP-140,Q4,democracy,zh,hanzi,baseline,A,0.285969,0.857016,en,638
SUP-140|zh|hanzi#279#siteA#k4,SUP-140|zh|hanzi#279#siteA,4,SUP-140|zh|hanzi#279,SUP-140,Q4,democracy,zh,hanzi,baseline,A,0.26447,0.867765,en,641
SUP-140|zh|hanzi#279#siteB#k0,SUP-140|zh|hanzi#279#siteB,0,SUP-140|zh|hanzi#279,SUP-140,Q4,democracy,zh,hanzi,baseline,B,0.412602,0.793699,en,640
SUP-140|zh|hanzi#279#siteB#k1,SUP-140|zh|hanzi#279#siteB,1,SUP-140|zh|hanzi#279,SUP-140,Q4,democracy,zh,hanzi,baseline,B,0.371136,0.814432,en,550
SUP-140|zh|hanzi#279#siteB#k2,SUP-140|zh|hanzi#279#siteB,2,SUP-140|zh|hanzi#279,SUP-140,Q4,democracy,zh,hanzi,baseline,B,0.419893,0.790054,en,604
SUP-140|zh|hanzi#279#siteB#k3,SUP-140|zh|hanzi#279#siteB,3,SUP-140|zh|hanzi#279,SUP-140,Q4,democracy,zh,hanzi,baseline,B,0.419506,0.790247,mixed,527
SUP-140|zh|hanzi#279#siteB#k4,SUP-140|zh|hanzi#279#siteB,4,SUP-140|zh|hanzi#279,SUP-140,Q4,democracy,zh,hanzi,baseline,B,0.391915,0.804043,en,560
SUP-140|en|latin#280#siteA#k0,SUP-140|en|latin#280#siteA,0,SUP-140|en|latin#280,SUP-140,Q4,democracy,en,latin,baseline,A,0.172027,0.913987,en,722
SUP-140|en|latin#280#siteA#k1,SUP-140|en|latin#280#siteA,1,SUP-140|en|latin#280,SUP-140,Q4,democracy,en,latin,baseline,A,0.16641,0.916795,en,772
SUP-140|en|latin#280#siteA#k2,SUP-140|en|latin#280#siteA,2,SUP-140|en|latin#280,SUP-140,Q4,democracy,en,latin,baseline,A,0.174878,0.912561,en,803
SUP-140|en|latin#280#siteA#k3,SUP-140|en|latin#280#siteA,3,SUP-140|en|latin#280,SUP-140,Q4,democracy,en,latin,baseline,A,0.171717,0.914142,en,731
SUP-140|en|latin#280#siteA#k4,SUP-140|en|latin#280#siteA,4,SUP-140|en|latin#280,SUP-140,Q4,democracy,en,latin,baseline,A,0.157316,0.921342,en,757
SUP-140|en|latin#280#siteB#k0,SUP-140|en|latin#280#siteB,0,SUP-140|en|latin#280,SUP-140,Q4,democracy,en,latin,baseline,B,0.219652,0.890174,en,724
SUP-140|en|latin#280#siteB#k1,SUP-140|en|latin#280#siteB,1,SUP-140|en|latin#280,SUP-140,Q4,democracy,en,latin,baseline,B,0.238234,0.880883,en,713
SUP-140|en|latin#280#siteB#k2,SUP-140|en|latin#280#siteB,2,SUP-140|en|latin#280,SUP-140,Q4,democracy,en,latin,baseline,B,0.24009,0.879955,en,720
SUP-140|en|latin#280#siteB#k3,SUP-140|en|latin#280#siteB,3,SUP-140|en|latin#280,SUP-140,Q4,democracy,en,latin,baseline,B,0.260047,0.869977,en,676
SUP-140|en|latin#280#siteB#k4,SUP-140|en|latin#280#siteB,4,SUP-140|en|latin#280,SUP-140,Q4,democracy,en,latin,baseline,B,0.214839,0.892581,en,710
SUP-141|zh|hanzi#281#siteA#k0,SUP-141|zh|hanzi#281#siteA,0,SUP-141|zh|hanzi#281,SUP-141,Q1,human rights,zh,hanzi,baseline,A,0.19498,0.90251,en,628
SUP-141|zh|hanzi#281#siteA#k1,SUP-141|zh|hanzi#281#siteA,1,SUP-141|zh|hanzi#281,SUP-141,Q1,human rights,zh,hanzi,baseline,A,0.200381,0.89981,en,625
SUP-141|zh|hanzi#281#siteA#k2,SUP-141|zh|hanzi#281#siteA,2,SUP-141|zh|hanzi#281,SUP-141,Q1,human rights,zh,hanzi,baseline,A,0.205453,0.897274,en,643
SUP-141|zh|hanzi#281#siteA#k3,SUP-141|zh|hanzi#281#siteA,3,SUP-141|zh|hanzi#281,SUP-141,Q1,human rights,zh,hanzi,baseline,A,0.214855,0.892573,en,571
SUP-141|zh|hanzi#281#siteA#k4,SUP-141|zh|hanzi#281#siteA,4,SUP-141|zh|hanzi#281,SUP-141,Q1,human rights,zh,hanzi,baseline,A,0.208382,0.895809,en,627
SUP-141|zh|hanzi#281#siteB#k0,SUP-141|zh|hanzi#281#siteB,0,SUP-141|zh|hanzi#281,SUP-141,Q1,human rights,zh,hanzi,baseline,B,0.325998,0.837001,mixed,493
SUP-141|zh|hanzi#281#siteB#k1,SUP-141|zh|hanzi#281#siteB,1,SUP-141|zh|hanzi#281,SUP-141,Q1,human rights,zh,hanzi,baseline,B,0.324118,0.837941,mixed,528
SUP-141|zh|hanzi#281#siteB#k2,SUP-141|zh|hanzi#281#siteB,2,SUP-141|zh|hanzi#281,SUP-141,Q1,human rights,zh,hanzi,baseline,B,0.347903,0.826048,mixed,539
SUP-141|zh|hanzi#281#siteB#k3,SUP-141|zh|hanzi#281#siteB,3,SUP-141|zh|hanzi#281,SUP-141,Q1,human rights,zh,hanzi,baseline,B,0.330425,0.834788,mixed,553
SUP-141|zh|hanzi#281#siteB#k4,SUP-141|zh|hanzi#281#siteB,4,SUP-141|zh|hanzi#281,SUP-141,Q1,human rights,zh,hanzi,baseline,B,0.322602,0.838699,en,538
SUP-141|en|latin#282#siteA#k0,SUP-141|en|latin#282#siteA,0,SUP-141|en|latin#282,SUP-141,Q1,human rights,en,latin,baseline,A,0.151376,0.924312,en,740
SUP-141|en|latin#282#siteA#k1,SUP-141|en|latin#282#siteA,1,SUP-141|en|latin#282,SUP-141,Q1,human rights,en,latin,baseline,A,0.146063,0.926969,en,746
SUP-141|en|latin#282#siteA#k2,SUP-141|en|latin#282#siteA,2,SUP-141|en|latin#282,SUP-141,Q1,human rights,en,latin,baseline,A,0.148667,0.925667,en,747
SUP-141|en|latin#282#siteA#k3,SUP-141|en|latin#282#siteA,3,SUP-141|en|latin#282,SUP-141,Q1,human rights,en,latin,baseline,A,0.137534,0.931233,en,730
SUP-141|en|latin#282#siteA#k4,SUP-141|en|latin#282#siteA,4,SUP-141|en|latin#282,SUP-141,Q1,human rights,en,latin,baseline,A,0.148786,0.925607,en,767
SUP-141|en|latin#282#siteB#k0,SUP-141|en|latin#282#siteB,0,SUP-141|en|latin#282,SUP-141,Q1,human rights,en,latin,baseline,B,0.305196,0.847402,en,702
SUP-141|en|latin#282#siteB#k1,SUP-141|en|latin#282#siteB,1,SUP-141|en|latin#282,SUP-141,Q1,human rights,en,latin,baseline,B,0.316061,0.841969,en,708
SUP-141|en|latin#282#siteB#k2,SUP-141|en|latin#282#siteB,2,SUP-141|en|latin#282,SUP-141,Q1,human rights,en,latin,baseline,B,0.30062,0.84969,en,729
SUP-141|en|latin#282#siteB#k3,SUP-141|en|latin#282#siteB,3,SUP-141|en|latin#282,SUP-141,Q1,human rights,en,latin,baseline,B,0.297299,0.851351,en,707
SUP-141|en|latin#282#siteB#k4,SUP-141|en|latin#282#siteB,4,SUP-141|en|latin#282,SUP-141,Q1,human rights,en,latin,baseline,B,0.299548,0.850226,en,684
SUP-142|zh|hanzi#283#siteA#k0,SUP-142|zh|hanzi#283#siteA,0,SUP-142|zh|hanzi#283,SUP-142,Q2,human rights,zh,hanzi,baseline,A,0.219825,0.890088,en,584
SUP-142|zh|hanzi#283#siteA#k1,SUP-142|zh|hanzi#283#siteA,1,SUP-142|zh|hanzi#283,SUP-142,Q2,human rights,zh,hanzi,baseline,A,0.224999,0.887501,en,549
SUP-142|zh|hanzi#283#siteA#k2,SUP-142|zh|hanzi#283#siteA,2,SUP-142|zh|hanzi#283,SUP-142,Q2,human rights,zh,hanzi,baseline,A,0.219529,0.890236,en,591
SUP-142|zh|hanzi#283#siteA#k3,SUP-142|zh|hanzi#283#siteA,3,SUP-142|zh|hanzi#283,SUP-142,Q2,human rights,zh,hanzi,baseline,A,0.220664,0.889668,en,591
SUP-142|zh|hanzi#283#siteA#k4,SUP-142|zh|hanzi#283#siteA,4,SUP-142|zh|hanzi#283,SUP-142,Q2,human rights,zh,hanzi,baseline,A,0.214944,0.892528,en,617
SUP-142|zh|hanzi#283#siteB#k0,SUP-142|zh|hanzi#283#siteB,0,SUP-142|zh|hanzi#283,SUP-142,Q2,human rights,zh,hanzi,baseline,B,0.192079,0.90396,en,603
SUP-142|zh|hanzi#283#siteB#k1,SUP-142|zh|hanzi#283#siteB,1,SUP-142|zh|hanzi#283,SUP-142,Q2,human rights,zh,hanzi,baseline,B,0.198662,0.900669,mixed,599
SUP-142|zh|hanzi#283#siteB#k2,SUP-142|zh|hanzi#283#siteB,2,SUP-142|zh|hanzi#283,SUP-142,Q2,human rights,zh,hanzi,baseline,B,0.206003,0.896999,mixed,593
SUP-142|zh|hanzi#283#siteB#k3,SUP-142|zh|hanzi#283#siteB,3,SUP-142|zh|hanzi#283,SUP-142,Q2,human rights,zh,hanzi,baseline,B,0.208655,0.895673,mixed,537
SUP-142|zh|hanzi#283#siteB#k4,SUP-142|zh|hanzi#283#siteB,4,SUP-142|zh|hanzi#283,SUP-142,Q2,human rights,zh,hanzi,baseline,B,0.19775,0.901125,mixed,517
SUP-142|en|latin#284#siteA#k0,SUP-142|en|latin#284#siteA,0,SUP-142|en|latin#284,SUP-142,Q2,human rights,en,latin,baseline,A,0.120946,0.939527,en,733
SUP-142|en|latin#284#siteA#k1,SUP-142|en|latin#284#siteA,1,SUP-142|en|latin#284,SUP-142,Q2,human rights,en,latin,baseline,A,0.127123,0.936439,en,721
SUP-142|en|latin#284#siteA#k2,SUP-142|en|latin#284#siteA,2,SUP-142|en|latin#284,SUP-142,Q2,human rights,en,latin,baseline,A,0.124054,0.937973,en,709
SUP-142|en|latin#284#siteA#k3,SUP-142|en|latin#284#siteA,3,SUP-142|en|latin#284,SUP-142,Q2,human rights,en,latin,baseline,A,0.131784,0.934108,en,735
SUP-142|en|latin#284#siteA#k4,SUP-142|en|latin#284#siteA,4,SUP-142|en|latin#284,SUP-142,Q2,human rights,en,latin,baseline,A,0.125568,0.937216,en,702
SUP-142|en|latin#284#siteB#k0,SUP-142|en|latin#284#siteB,0,SUP-142|en|latin#284,SUP-142,Q2,human rights,en,latin,baseline,B,0.207152,0.896424,en,693
SUP-142|en|latin#284#siteB#k1,SUP-142|en|latin#284#siteB,1,SUP-142|en|latin#284,SUP-142,Q2,human rights,en,latin,baseline,B,0.20898,0.89551,en,719
SUP-142|en|latin#284#siteB#k2,SUP-142|en|latin#284#siteB,2,SUP-142|en|latin#284,SUP-142,Q2,human rights,en,latin,baseline,B,0.217806,0.891097,en,697
SUP-142|en|latin#284#siteB#k3,SUP-142|en|latin#284#siteB,3,SUP-142|en|latin#284,SUP-142,Q2,human rights,en,latin,baseline,B,0.215436,0.892282,en,699
SUP-142|en|latin#284#siteB#k4,SUP-142|en|latin#284#siteB,4,SUP-142|en|latin#284,SUP-142,Q2,human rights,en,latin,baseline,B,0.194892,0.902554,en,702
SUP-143|zh|hanzi#285#siteA#k0,SUP-143|zh|hanzi#285#siteA,0,SUP-143|zh|hanzi#285,SUP-143,Q3,human rights,zh,hanzi,baseline,A,0.161619,0.919191,en,573
SUP-143|zh|hanzi#285#siteA#k1,SUP-143|zh|hanzi#285#siteA,1,SUP-143|zh|hanzi#285,SUP-143,Q3,human rights,zh,hanzi,baseline,A,0.158372,0.920814,en,583
SUP-143|zh|hanzi#285#siteA#k2,SUP-143|zh|hanzi#285#siteA,2,SUP-143|zh|hanzi#285,SUP-143,Q3,human rights,zh,hanzi,baseline,A,0.159102,0.920449,en,608
SUP-143|zh|hanzi#285#siteA#k3,SUP-143|zh|hanzi#285#siteA,3,SUP-143|zh|hanzi#285,SUP-143,Q3,human rights,zh,hanzi,baseline,A,0.175519,0.912241,en,593
SUP-143|zh|hanzi#285#siteA#k4,SUP-143|zh|hanzi#285#siteA,4,SUP-143|zh|hanzi#285,SUP-143,Q3,human rights,zh,hanzi,baseline,A,0.162586,0.918707,en,601
SUP-143|zh|hanzi#285#siteB#k0,SUP-143|zh|hanzi#285#siteB,0,SUP-143|zh|hanzi#285,SUP-143,Q3,human rights,zh,hanzi,baseline,B,0.302274,0.848863,mixed,523
SUP-143|zh|hanzi#285#siteB#k1,SUP-143|zh|hanzi#285#siteB,1,SUP-143|zh|hanzi#285,SUP-143,Q3,human rights,zh,hanzi,baseline,B,0.288998,0.855501,mixed,563
SUP-143|zh|hanzi#285#siteB#k2,SUP-143|zh|hanzi#285#siteB,2,SUP-143|zh|hanzi#285,SUP-143,Q3,human rights,zh,hanzi,baseline,B,0.294698,0.852651,mixed,532
SUP-143|zh|hanzi#285#siteB#k3,SUP-143|zh|hanzi#285#siteB,3,SUP-143|zh|hanzi#285,SUP-143,Q3,human rights,zh,hanzi,baseline,B,0.297666,0.851167,mixed,539
SUP-143|zh|hanzi#285#siteB#k4,SUP-143|zh|hanzi#285#siteB,4,SUP-143|zh|hanzi#285,SUP-143,Q3,human rights,zh,hanzi,baseline,B,0.292797,0.853602,mixed,564
SUP-143|en|latin#286#siteA#k0,SUP-143|en|latin#286#siteA,0,SUP-143|en|latin#286,SUP-143,Q3,human rights,en,latin,baseline,A,0.134778,0.932611,en,702
SUP-143|en|latin#286#siteA#k1,SUP-143|en|latin#286#siteA,1,SUP-143|en|latin#286,SUP-143,Q3,human rights,en,latin,baseline,A,0.131752,0.934124,en,684
SUP-143|en|latin#286#siteA#k2,SUP-143|en|latin#286#siteA,2,SUP-143|en|latin#286,SUP-143,Q3,human rights,en,latin,baseline,A,0.124511,0.937744,en,719
SUP-143|en|latin#286#siteA#k3,SUP-143|en|latin#286#siteA,3,SUP-143|en|latin#286,SUP-143,Q3,human rights,en,latin,baseline,A,0.139513,0.930244,en,725
SUP-143|en|latin#286#siteA#k4,SUP-143|en|latin#286#siteA,4,SUP-143|en|latin#286,SUP-143,Q3,human rights,en,latin,baseline,A,0.130562,0.934719,en,726
SUP-143|en|latin#286#siteB#k0,SUP-143|en|latin#286#siteB,0,SUP-143|en|latin#286,SUP-143,Q3,human rights,en,latin,baseline,B,0.300421,0.84979,en,760
SUP-143|en|latin#286#siteB#k1,SUP-143|en|latin#286#siteB,1,SUP-143|en|latin#286,SUP-143,Q3,human rights,en,latin,baseline,B,0.29086,0.85457,en,753
SUP-143|en|latin#286#siteB#k2,SUP-143|en|latin#286#siteB,2,SUP-143|en|latin#286,SUP-143,Q3,human rights,en,latin,baseline,B,0.289788,0.855106,en,738
SUP-143|en|latin#286#siteB#k3,SUP-143|en|latin#286#siteB,3,SUP-143|en|latin#286,SUP-143,Q3,human rights,en,latin,baseline,B,0.302102,0.848949,en,717
SUP-143|en|latin#286#siteB#k4,SUP-143|en|latin#286#siteB,4,SUP-143|en|latin#286,SUP-143,Q3,human rights,en,latin,baseline,B,0.302098,0.848951,en,732
SUP-144|zh|hanzi#287#siteA#k0,SUP-144|zh|hanzi#287#siteA,0,SUP-144|zh|hanzi#287,SUP-144,Q4,human rights,zh,hanzi,baseline,A,0.268317,0.865842,en,608
SUP-144|zh|hanzi#287#siteA#k1,SUP-144|zh|hanzi#287#siteA,1,SUP-144|zh|hanzi#287,SUP-144,Q4,human rights,zh,hanzi,baseline,A,0.26698,0.86651,en,656
SUP-144|zh|hanzi#287#siteA#k2,SUP-144|zh|hanzi#287#siteA,2,SUP-144|zh|hanzi#287,SUP-144,Q4,human rights,zh,hanzi,baseline,A,0.230967,0.884517,en,570
SUP-144|zh|hanzi#287#siteA#k3,SUP-144|zh|hanzi#287#siteA,3,SUP-144|zh|hanzi#287,SUP-144,Q4,human rights,zh,hanzi,baseline,A,0.238446,0.880777,en,602
SUP-144|zh|hanzi#287#siteA#k4,SUP-144|zh|hanzi#287#siteA,4,SUP-144|zh|hanzi#287,SUP-144,Q4,human rights,zh,hanzi,baseline,A,0.265956,0.867022,en,642
SUP-144|zh|hanzi#287#siteB#k0,SUP-144|zh|hanzi#287#siteB,0,SUP-144|zh|hanzi#287,SUP-144,Q4,human rights,zh,hanzi,baseline,B,0.420006,0.789997,en,540
SUP-144|zh|hanzi#287#siteB#k1,SUP-144|zh|hanzi#287#siteB,1,SUP-144|zh|hanzi#287,SUP-144,Q4,human rights,zh,hanzi,baseline,B,0.415201,0.7924,en,608
SUP-144|zh|hanzi#287#siteB#k2,SUP-144|zh|hanzi#287#siteB,2,SUP-144|zh|hanzi#287,SUP-144,Q4,human rights,zh,hanzi,baseline,B,0.429361,0.78532,en,551
SUP-144|zh|hanzi#287#siteB#k3,SUP-144|zh|hanzi#287#siteB,3,SUP-144|zh|hanzi#287,SUP-144,Q4,human rights,zh,hanzi,baseline,B,0.386427,0.806787,en,591
SUP-144|zh|hanzi#287#siteB#k4,SUP-144|zh|hanzi#287#siteB,4,SUP-144|zh|hanzi#287,SUP-144,Q4,human rights,zh,hanzi,baseline,B,0.407697,0.796152,en,561
SUP-144|en|latin#288#siteA#k0,SUP-144|en|latin#288#siteA,0,SUP-144|en|latin#288,SUP-144,Q4,human rights,en,latin,baseline,A,0.211397,0.894302,en,744
SUP-144|en|latin#288#siteA#k1,SUP-144|en|latin#288#siteA,1,SUP-144|en|latin#288,SUP-144,Q4,human rights,en,latin,baseline,A,0.202605,0.898697,en,722
SUP-144|en|latin#288#siteA#k2,SUP-144|en|latin#288#siteA,2,SUP-144|en|latin#288,SUP-144,Q4,human rights,en,latin,baseline,A,0.213129,0.893436,en,760
SUP-144|en|latin#288#siteA#k3,SUP-144|en|latin#288#siteA,3,SUP-144|en|latin#288,SUP-144,Q4,human rights,en,latin,baseline,A,0.216401,0.8918,en,696
SUP-144|en|latin#288#siteA#k4,SUP-144|en|latin#288#siteA,4,SUP-144|en|latin#288,SUP-144,Q4,human rights,en,latin,baseline,A,0.198327,0.900837,en,743
SUP-144|en|latin#288#siteB#k0,SUP-144|en|latin#288#siteB,0,SUP-144|en|latin#288,SUP-144,Q4,human rights,en,latin,baseline,B,0.295749,0.852126,en,761
SUP-144|en|latin#288#siteB#k1,SUP-144|en|latin#288#siteB,1,SUP-144|en|latin#288,SUP-144,Q4,human rights,en,latin,baseline,B,0.28892,0.85554,en,750
SUP-144|en|latin#288#siteB#k2,SUP-144|en|latin#288#siteB,2,SUP-144|en|latin#288,SUP-144,Q4,human rights,en,latin,baseline,B,0.244162,0.877919,en,690
SUP-144|en|latin#288#siteB#k3,SUP-144|en|latin#288#siteB,3,SUP-144|en|latin#288,SUP-144,Q4,human rights,en,latin,baseline,B,0.302178,0.848911,en,678
SUP-144|en|latin#288#siteB#k4,SUP-144|en|latin#288#siteB,4,SUP-144|en|latin#288,SUP-144,Q4,human rights,en,latin,baseline,B,0.271423,0.864289,en,728
SUP-145|zh|hanzi#289#siteA#k0,SUP-145|zh|hanzi#289#siteA,0,SUP-145|zh|hanzi#289,SUP-145,Q1,freedom of speech,zh,hanzi,baseline,A,0.215214,0.892393,mixed,530
SUP-145|zh|hanzi#289#siteA#k1,SUP-145|zh|hanzi#289#siteA,1,SUP-145|zh|hanzi#289,SUP-145,Q1,freedom of speech,zh,hanzi,baseline,A,0.220435,0.889782,en,640
SUP-145|zh|hanzi#289#siteA#k2,SUP-145|zh|hanzi#289#siteA,2,SUP-145|zh|hanzi#289,SUP-145,Q1,freedom of speech,zh,hanzi,baseline,A,0.19159,0.904205,en,592
SUP-145|zh|hanzi#289#siteA#k3,SUP-145|zh|hanzi#289#siteA,3,SUP-145|zh|hanzi#289,SUP-145,Q1,freedom of speech,zh,hanzi,baseline,A,0.219891,0.890055,en,567
SUP-145|zh|hanzi#289#siteA#k4,SUP-145|zh|hanzi#289#siteA,4,SUP-145|zh|hanzi#289,SUP-145,Q1,freedom of speech,zh,hanzi,baseline,A,0.194343,0.902829,en,638
SUP-145|zh|hanzi#289#siteB#k0,SUP-145|zh|hanzi#289#siteB,0,SUP-145|zh|hanzi#289,SUP-145,Q1,freedom of speech,zh,hanzi,baseline,B,0.35417,0.822915,mixed,506
SUP-145|zh|hanzi#289#siteB#k1,SUP-145|zh|hanzi#289#siteB,1,SUP-145|zh|hanzi#289,SUP-145,Q1,freedom of speech,zh,hanzi,baseline,B,0.324673,0.837663,en,549
SUP-145|zh|hanzi#289#siteB#k2,SUP-145|zh|hanzi#289#siteB,2,SUP-145|zh|hanzi#289,SUP-145,Q1,freedom of speech,zh,hanzi,baseline,B,0.354022,0.822989,en,516
SUP-145|zh|hanzi#289#siteB#k3,SUP-145|zh|hanzi#289#siteB,3,SUP-145|zh|hanzi#289,SUP-145,Q1,freedom of speech,zh,hanzi,baseline,B,0.340525,0.829738,mixed,505
SUP-145|zh|hanzi#289#siteB#k4,SUP-145|zh|hanzi#289#siteB,4,SUP-145|zh|hanzi#289,SUP-145,Q1,freedom of speech,zh,hanzi,baseline,B,0.362273,0.818864,mixed,484
SUP-145|en|latin#290#siteA#k0,SUP-145|en|latin#290#siteA,0,SUP-145|en|latin#290,SUP-145,Q1,freedom of speech,en,latin,baseline,A,0.161453,0.919273,en,742
SUP-145|en|latin#290#siteA#k1,SUP-145|en|latin#290#siteA,1,SUP-145|en|latin#290,SUP-145,Q1,freedom of speech,en,latin,baseline,A,0.15169,0.924155,en,713
SUP-145|en|latin#290#siteA#k2,SUP-145|en|latin#290#siteA,2,SUP-145|en|latin#290,SUP-145,Q1,freedom of speech,en,latin,baseline,A,0.154489,0.922756,en,713
SUP-145|en|latin#290#siteA#k3,SUP-145|en|latin#290#siteA,3,SUP-145|en|latin#290,SUP-145,Q1,freedom of speech,en,latin,baseline,A,0.166562,0.916719,en,696
SUP-145|en|latin#290#siteA#k4,SUP-145|en|latin#290#siteA,4,SUP-145|en|latin#290,SUP-145,Q1,freedom of speech,en,latin,baseline,A,0.179246,0.910377,en,728
SUP-145|en|latin#290#siteB#k0,SUP-145|en|latin#290#siteB,0,SUP-145|en|latin#290,SUP-145,Q1,freedom of speech,en,latin,baseline,B,0.296319,0.85184,en,679
SUP-145|en|latin#290#siteB#k1,SUP-145|en|latin#290#siteB,1,SUP-145|en|latin#290,SUP-145,Q1,freedom of speech,en,latin,baseline,B,0.3087,0.84565,en,681
SUP-145|en|latin#290#siteB#k2,SUP-145|en|latin#290#siteB,2,SUP-145|en|latin#290,SUP-145,Q1,freedom of speech,en,latin,baseline,B,0.301615,0.849193,en,720
SUP-145|en|latin#290#siteB#k3,SUP-145|en|latin#290#siteB,3,SUP-145|en|latin#290,SUP-145,Q1,freedom of speech,en,latin,baseline,B,0.315343,0.842328,en,696
SUP-145|en|latin#290#siteB#k4,SUP-145|en|latin#290#siteB,4,SUP-145|en|latin#290,SUP-145,Q1,freedom of speech,en,latin,baseline,B,0.326331,0.836835,en,709
SUP-146|zh|hanzi#291#siteA#k0,SUP-146|zh|hanzi#291#siteA,0,SUP-146|zh|hanzi#291,SUP-146,Q2,freedom of speech,zh,hanzi,baseline,A,0.195352,0.902324,en,593
SUP-146|zh|hanzi#291#siteA#k1,SUP-146|zh|hanzi#291#siteA,1,SUP-146|zh|hanzi#291,SUP-146,Q2,freedom of speech,zh,hanzi,baseline,A,0.170718,0.914641,en,610
SUP-146|zh|hanzi#291#siteA#k2,SUP-146|zh|hanzi#291#siteA,2,SUP-146|zh|hanzi#291,SUP-146,Q2,freedom of speech,zh,hanzi,baseline,A,0.185128,0.907436,en,592
SUP-146|zh|hanzi#291#siteA#k3,SUP-146|zh|hanzi#291#siteA,3,SUP-146|zh|hanzi#291,SUP-146,Q2,freedom of speech,zh,hanzi,baseline,A,0.181096,0.909452,en,603
SUP-146|zh|hanzi#291#siteA#k4,SUP-146|zh|hanzi#291#siteA,4,SUP-146|zh|hanzi#291,SUP-146,Q2,freedom of speech,zh,hanzi,baseline,A,0.182208,0.908896,en,564
SUP-146|zh|hanzi#291#siteB#k0,SUP-146|zh|hanzi#291#siteB,0,SUP-146|zh|hanzi#291,SUP-146,Q2,freedom of speech,zh,hanzi,baseline,B,0.209649,0.895176,mixed,570
SUP-146|zh|hanzi#291#siteB#k1,SUP-146|zh|hanzi#291#siteB,1,SUP-146|zh|hanzi#291,SUP-146,Q2,freedom of speech,zh,hanzi,baseline,B,0.213311,0.893345,en,603
SUP-146|zh|hanzi#291#siteB#k2,SUP-146|zh|hanzi#291#siteB,2,SUP-146|zh|hanzi#291,SUP-146,Q2,freedom of speech,zh,hanzi,baseline,B,0.213437,0.893282,en,588
SUP-146|zh|hanzi#291#siteB#k3,SUP-146|zh|hanzi#291#siteB,3,SUP-146|zh|hanzi#291,SUP-146,Q2,freedom of speech,zh,hanzi,baseline,B,0.207164,0.896419,mixed,563
SUP-146|zh|hanzi#291#siteB#k4,SUP-146|zh|hanzi#291#siteB,4,SUP-146|zh|hanzi#291,SUP-146,Q2,freedom of speech,zh,hanzi,baseline,B,0.224474,0.887763,en,662
SUP-146|en|latin#292#siteA#k0,SUP-146|en|latin#292#siteA,0,SUP-146|en|latin#292,SUP-146,Q2,freedom of speech,en,latin,baseline,A,0.134995,0.932503,en,683
SUP-146|en|latin#292#siteA#k1,SUP-146|en|latin#292#siteA,1,SUP-146|en|latin#292,SUP-146,Q2,freedom of speech,en,latin,baseline,A,0.131719,0.934141,en,686
SUP-146|en|latin#292#siteA#k2,SUP-146|en|latin#292#siteA,2,SUP-146|en|latin#292,SUP-146,Q2,freedom of speech,en,latin,baseline,A,0.132858,0.933571,en,734
SUP-146|en|latin#292#siteA#k3,SUP-146|en|latin#292#siteA,3,SUP-146|en|latin#292,SUP-146,Q2,freedom of speech,en,latin,baseline,A,0.133875,0.933062,en,709
SUP-146|en|latin#292#siteA#k4,SUP-146|en|latin#292#siteA,4,SUP-146|en|latin#292,SUP-146,Q2,freedom of speech,en,latin,baseline,A,0.140953,0.929523,en,715
SUP-146|en|latin#292#siteB#k0,SUP-146|en|latin#292#siteB,0,SUP-146|en|latin#292,SUP-146,Q2,freedom of speech,en,latin,baseline,B,0.201564,0.899218,en,691
SUP-146|en|latin#292#siteB#k1,SUP-146|en|latin#292#siteB,1,SUP-146|en|latin#292,SUP-146,Q2,freedom of speech,en,latin,baseline,B,0.198259,0.900871,en,672
SUP-146|en|latin#292#siteB#k2,SUP-146|en|latin#292#siteB,2,SUP-146|en|latin#292,SUP-146,Q2,freedom of speech,en,latin,baseline,B,0.195796,0.902102,en,693
SUP-146|en|latin#292#siteB#k3,SUP-146|en|latin#292#siteB,3,SUP-146|en|latin#292,SUP-146,Q2,freedom of speech,en,latin,baseline,B,0.212907,0.893547,en,685
SUP-146|en|latin#292#siteB#k4,SUP-146|en|latin#292#siteB,4,SUP-146|en|latin#292,SUP-146,Q2,freedom of speech,en,latin,baseline,B,0.211597,0.894202,en,698
SUP-147|zh|hanzi#293#siteA#k0,SUP-147|zh|hanzi#293#siteA,0,SUP-147|zh|hanzi#293,SUP-147,Q3,freedom of speech,zh,hanzi,baseline,A,0.128902,0.935549,en,566
SUP-147|zh|hanzi#293#siteA#k1,SUP-147|zh|hanzi#293#siteA,1,SUP-147|zh|hanzi#293,SUP-147,Q3,freedom of speech,zh,hanzi,baseline,A,0.136366,0.931817,en,624
SUP-147|zh|hanzi#293#siteA#k2,SUP-147|zh|hanzi#293#siteA,2,SUP-147|zh|hanzi#293,SUP-147,Q3,freedom of speech,zh,hanzi,baseline,A,0.136644,0.931678,en,597
SUP-147|zh|hanzi#293#siteA#k3,SUP-147|zh|hanzi#293#siteA,3,SUP-147|zh|hanzi#293,SUP-147,Q3,freedom of speech,zh,hanzi,baseline,A,0.135815,0.932093,en,583
SUP-147|zh|hanzi#293#siteA#k4,SUP-147|zh|hanzi#293#siteA,4,SUP-147|zh|hanzi#293,SUP-147,Q3,freedom of speech,zh,hanzi,baseline,A,0.129431,0.935285,en,602
SUP-147|zh|hanzi#293#siteB#k0,SUP-147|zh|hanzi#293#siteB,0,SUP-147|zh|hanzi#293,SUP-147,Q3,freedom of speech,zh,hanzi,baseline,B,0.453749,0.773126,en,569
SUP-147|zh|hanzi#293#siteB#k1,SUP-147|zh|hanzi#293#siteB,1,SUP-147|zh|hanzi#293,SUP-147,Q3,freedom of speech,zh,hanzi,baseline,B,0.437304,0.781348,en,554
SUP-147|zh|hanzi#293#siteB#k2,SUP-147|zh|hanzi#293#siteB,2,SUP-147|zh|hanzi#293,SUP-147,Q3,freedom of speech,zh,hanzi,baseline,B,0.4838,0.7581,en,540
SUP-147|zh|hanzi#293#siteB#k3,SUP-147|zh|hanzi#293#siteB,3,SUP-147|zh|hanzi#293,SUP-147,Q3,freedom of speech,zh,hanzi,baseline,B,0.308632,0.845684,en,578
SUP-147|zh|hanzi#293#siteB#k4,SUP-147|zh|hanzi#293#siteB,4,SUP-147|zh|hanzi#293,SUP-147,Q3,freedom of speech,zh,hanzi,baseline,B,0.434496,0.782752,mixed,537
SUP-147|en|latin#294#siteA#k0,SUP-147|en|latin#294#siteA,0,SUP-147|en|latin#294,SUP-147,Q3,freedom of speech,en,latin,baseline,A,0.121034,0.939483,en,730
SUP-147|en|latin#294#siteA#k1,SUP-147|en|latin#294#siteA,1,SUP-147|en|latin#294,SUP-147,Q3,freedom of speech,en,latin,baseline,A,0.120387,0.939807,en,702
SUP-147|en|latin#294#siteA#k2,SUP-147|en|latin#294#siteA,2,SUP-147|en|latin#294,SUP-147,Q3,freedom of speech,en,latin,baseline,A,0.117929,0.941036,en,721
SUP-147|en|latin#294#siteA#k3,SUP-147|en|latin#294#siteA,3,SUP-147|en|latin#294,SUP-147,Q3,freedom of speech,en,latin,baseline,A,0.125409,0.937296,en,682
SUP-147|en|latin#294#siteA#k4,SUP-147|en|latin#294#siteA,4,SUP-147|en|latin#294,SUP-147,Q3,freedom of speech,en,latin,baseline,A,0.124481,0.93776,en,706
SUP-147|en|latin#294#siteB#k0,SUP-147|en|latin#294#siteB,0,SUP-147|en|latin#294,SUP-147,Q3,freedom of speech,en,latin,baseline,B,0.298769,0.850616,en,726
SUP-147|en|latin#294#siteB#k1,SUP-147|en|latin#294#siteB,1,SUP-147|en|latin#294,SUP-147,Q3,freedom of speech,en,latin,baseline,B,0.297198,0.851401,en,720
SUP-147|en|latin#294#siteB#k2,SUP-147|en|latin#294#siteB,2,SUP-147|en|latin#294,SUP-147,Q3,freedom of speech,en,latin,baseline,B,0.293107,0.853446,en,722
SUP-147|en|latin#294#siteB#k3,SUP-147|en|latin#294#siteB,3,SUP-147|en|latin#294,SUP-147,Q3,freedom of speech,en,latin,baseline,B,0.30291,0.848545,en,744
SUP-147|en|latin#294#siteB#k4,SUP-147|en|latin#294#siteB,4,SUP-147|en|latin#294,SUP-147,Q3,freedom of speech,en,latin,baseline,B,0.297899,0.851051,en,734
SUP-148|zh|hanzi#295#siteA#k0,SUP-148|zh|hanzi#295#siteA,0,SUP-148|zh|hanzi#295,SUP-148,Q4,freedom of speech,zh,hanzi,baseline,A,0.238764,0.880618,en,627
SUP-148|zh|hanzi#295#siteA#k1,SUP-148|zh|hanzi#295#siteA,1,SUP-148|zh|hanzi#295,SUP-148,Q4,freedom of speech,zh,hanzi,baseline,A,0.228344,0.885828,en,632
SUP-148|zh|hanzi#295#siteA#k2,SUP-148|zh|hanzi#295#siteA,2,SUP-148|zh|hanzi#295,SUP-148,Q4,freedom of speech,zh,hanzi,baseline,A,0.238812,0.880595,en,664
SUP-148|zh|hanzi#295#siteA#k3,SUP-148|zh|hanzi#295#siteA,3,SUP-148|zh|hanzi#295,SUP-148,Q4,freedom of speech,zh,hanzi,baseline,A,0.215344,0.892328,en,599
SUP-148|zh|hanzi#295#siteA#k4,SUP-148|zh|hanzi#295#siteA,4,SUP-148|zh|hanzi#295,SUP-148,Q4,freedom of speech,zh,hanzi,baseline,A,0.245005,0.877498,en,629
SUP-148|zh|hanzi#295#siteB#k0,SUP-148|zh|hanzi#295#siteB,0,SUP-148|zh|hanzi#295,SUP-148,Q4,freedom of speech,zh,hanzi,baseline,B,0.429617,0.785192,en,601
SUP-148|zh|hanzi#295#siteB#k1,SUP-148|zh|hanzi#295#siteB,1,SUP-148|zh|hanzi#295,SUP-148,Q4,freedom of speech,zh,hanzi,baseline,B,0.407222,0.796389,en,581
SUP-148|zh|hanzi#295#siteB#k2,SUP-148|zh|hanzi#295#siteB,2,SUP-148|zh|hanzi#295,SUP-148,Q4,freedom of speech,zh,hanzi,baseline,B,0.409936,0.795032,en,629
SUP-148|zh|hanzi#295#siteB#k3,SUP-148|zh|hanzi#295#siteB,3,SUP-148|zh|hanzi#295,SUP-148,Q4,freedom of speech,zh,hanzi,baseline,B,0.417121,0.79144,en,607
SUP-148|zh|hanzi#295#siteB#k4,SUP-148|zh|hanzi#295#siteB,4,SUP-148|zh|hanzi#295,SUP-148,Q4,freedom of speech,zh,hanzi,baseline,B,0.449469,0.775266,en,615
SUP-148|en|latin#296#siteA#k0,SUP-148|en|latin#296#siteA,0,SUP-148|en|latin#296,SUP-148,Q4,freedom of speech,en,latin,baseline,A,0.148271,0.925864,en,748
SUP-148|en|latin#296#siteA#k1,SUP-148|en|latin#296#siteA,1,SUP-148|en|latin#296,SUP-148,Q4,freedom of speech,en,latin,baseline,A,0.148906,0.925547,en,753
SUP-148|en|latin#296#siteA#k2,SUP-148|en|latin#296#siteA,2,SUP-148|en|latin#296,SUP-148,Q4,freedom of speech,en,latin,baseline,A,0.145852,0.927074,en,730
SUP-148|en|latin#296#siteA#k3,SUP-148|en|latin#296#siteA,3,SUP-148|en|latin#296,SUP-148,Q4,freedom of speech,en,latin,baseline,A,0.151676,0.924162,en,731
SUP-148|en|latin#296#siteA#k4,SUP-148|en|latin#296#siteA,4,SUP-148|en|latin#296,SUP-148,Q4,freedom of speech,en,latin,baseline,A,0.150371,0.924815,en,749
SUP-148|en|latin#296#siteB#k0,SUP-148|en|latin#296#siteB,0,SUP-148|en|latin#296,SUP-148,Q4,freedom of speech,en,latin,baseline,B,0.252347,0.873827,en,721
SUP-148|en|latin#296#siteB#k1,SUP-148|en|latin#296#siteB,1,SUP-148|en|latin#296,SUP-148,Q4,freedom of speech,en,latin,baseline,B,0.239381,0.880309,en,721
SUP-148|en|latin#296#siteB#k2,SUP-148|en|latin#296#siteB,2,SUP-148|en|latin#296,SUP-148,Q4,freedom of speech,en,latin,baseline,B,0.241271,0.879364,en,740
SUP-148|en|latin#296#siteB#k3,SUP-148|en|latin#296#siteB,3,SUP-148|en|latin#296,SUP-148,Q4,freedom of speech,en,latin,baseline,B,0.271761,0.86412,en,735
SUP-148|en|latin#296#siteB#k4,SUP-148|en|latin#296#siteB,4,SUP-148|en|latin#296,SUP-148,Q4,freedom of speech,en,latin,baseline,B,0.255614,0.872194,en,708
SUP-149|zh|hanzi#297#siteA#k0,SUP-149|zh|hanzi#297#siteA,0,SUP-149|zh|hanzi#297,SUP-149,Q1,the rule of law,zh,hanzi,baseline,A,0.194192,0.902904,en,642
SUP-149|zh|hanzi#297#siteA#k1,SUP-149|zh|hanzi#297#siteA,1,SUP-149|zh|hanzi#297,SUP-149,Q1,the rule of law,zh,hanzi,baseline,A,0.18922,0.90539,en,682
SUP-149|zh|hanzi#297#siteA#k2,SUP-149|zh|hanzi#297#siteA,2,SUP-149|zh|hanzi#297,SUP-149,Q1,the rule of law,zh,hanzi,baseline,A,0.184113,0.907944,en,644
SUP-149|zh|hanzi#297#siteA#k3,SUP-149|zh|hanzi#297#siteA,3,SUP-149|zh|hanzi#297,SUP-149,Q1,the rule of law,zh,hanzi,baseline,A,0.179548,0.910226,en,613
SUP-149|zh|hanzi#297#siteA#k4,SUP-149|zh|hanzi#297#siteA,4,SUP-149|zh|hanzi#297,SUP-149,Q1,the rule of law,zh,hanzi,baseline,A,0.186283,0.906859,en,653
SUP-149|zh|hanzi#297#siteB#k0,SUP-149|zh|hanzi#297#siteB,0,SUP-149|zh|hanzi#297,SUP-149,Q1,the rule of law,zh,hanzi,baseline,B,0.323728,0.838136,mixed,501
SUP-149|zh|hanzi#297#siteB#k1,SUP-149|zh|hanzi#297#siteB,1,SUP-149|zh|hanzi#297,SUP-149,Q1,the rule of law,zh,hanzi,baseline,B,0.332882,0.833559,mixed,496
SUP-149|zh|hanzi#297#siteB#k2,SUP-149|zh|hanzi#297#siteB,2,SUP-149|zh|hanzi#297,SUP-149,Q1,the rule of law,zh,hanzi,baseline,B,0.338794,0.830603,mixed,528
SUP-149|zh|hanzi#297#siteB#k3,SUP-149|zh|hanzi#297#siteB,3,SUP-149|zh|hanzi#297,SUP-149,Q1,the rule of law,zh,hanzi,baseline,B,0.336276,0.831862,mixed,499
SUP-149|zh|hanzi#297#siteB#k4,SUP-149|zh|hanzi#297#siteB,4,SUP-149|zh|hanzi#297,SUP-149,Q1,the rule of law,zh,hanzi,baseline,B,0.340688,0.829656,mixed,519
SUP-149|en|latin#298#siteA#k0,SUP-149|en|latin#298#siteA,0,SUP-149|en|latin#298,SUP-149,Q1,the rule of law,en,latin,baseline,A,0.157504,0.921248,en,727
SUP-149|en|latin#298#siteA#k1,SUP-149|en|latin#298#siteA,1,SUP-149|en|latin#298,SUP-149,Q1,the rule of law,en,latin,baseline,A,0.153703,0.923149,en,715
SUP-149|en|latin#298#siteA#k2,SUP-149|en|latin#298#siteA,2,SUP-149|en|latin#298,SUP-149,Q1,the rule of law,en,latin,baseline,A,0.164574,0.917713,en,729
SUP-149|en|latin#298#siteA#k3,SUP-149|en|latin#298#siteA,3,SUP-149|en|latin#298,SUP-149,Q1,the rule of law,en,latin,baseline,A,0.161022,0.919489,en,717
SUP-149|en|latin#298#siteA#k4,SUP-149|en|latin#298#siteA,4,SUP-149|en|latin#298,SUP-149,Q1,the rule of law,en,latin,baseline,A,0.163004,0.918498,en,726
SUP-149|en|latin#298#siteB#k0,SUP-149|en|latin#298#siteB,0,SUP-149|en|latin#298,SUP-149,Q1,the rule of law,en,latin,baseline,B,0.320921,0.83954,en,711
SUP-149|en|latin#298#siteB#k1,SUP-149|en|latin#298#siteB,1,SUP-149|en|latin#298,SUP-149,Q1,the rule of law,en,latin,baseline,B,0.292137,0.853932,en,735
SUP-149|en|latin#298#siteB#k2,SUP-149|en|latin#298#siteB,2,SUP-149|en|latin#298,SUP-149,Q1,the rule of law,en,latin,baseline,B,0.299854,0.850073,en,742
SUP-149|en|latin#298#siteB#k3,SUP-149|en|latin#298#siteB,3,SUP-149|en|latin#298,SUP-149,Q1,the rule of law,en,latin,baseline,B,0.319455,0.840272,en,692
SUP-149|en|latin#298#siteB#k4,SUP-149|en|latin#298#siteB,4,SUP-149|en|latin#298,SUP-149,Q1,the rule of law,en,latin,baseline,B,0.310893,0.844554,en,716
SUP-150|zh|hanzi#299#siteA#k0,SUP-150|zh|hanzi#299#siteA,0,SUP-150|zh|hanzi#299,SUP-150,Q2,the rule of law,zh,hanzi,baseline,A,0.372988,0.813506,en,614
SUP-150|zh|hanzi#299#siteA#k1,SUP-150|zh|hanzi#299#siteA,1,SUP-150|zh|hanzi#299,SUP-150,Q2,the rule of law,zh,hanzi,baseline,A,0.368223,0.815889,en,590
SUP-150|zh|hanzi#299#siteA#k2,SUP-150|zh|hanzi#299#siteA,2,SUP-150|zh|hanzi#299,SUP-150,Q2,the rule of law,zh,hanzi,baseline,A,0.376075,0.811963,en,631
SUP-150|zh|hanzi#299#siteA#k3,SUP-150|zh|hanzi#299#siteA,3,SUP-150|zh|hanzi#299,SUP-150,Q2,the rule of law,zh,hanzi,baseline,A,0.34833,0.825835,en,606
SUP-150|zh|hanzi#299#siteA#k4,SUP-150|zh|hanzi#299#siteA,4,SUP-150|zh|hanzi#299,SUP-150,Q2,the rule of law,zh,hanzi,baseline,A,0.336678,0.831661,en,547
SUP-150|zh|hanzi#299#siteB#k0,SUP-150|zh|hanzi#299#siteB,0,SUP-150|zh|hanzi#299,SUP-150,Q2,the rule of law,zh,hanzi,baseline,B,0.205889,0.897055,en,570
SUP-150|zh|hanzi#299#siteB#k1,SUP-150|zh|hanzi#299#siteB,1,SUP-150|zh|hanzi#299,SUP-150,Q2,the rule of law,zh,hanzi,baseline,B,0.200931,0.899534,en,634
SUP-150|zh|hanzi#299#siteB#k2,SUP-150|zh|hanzi#299#siteB,2,SUP-150|zh|hanzi#299,SUP-150,Q2,the rule of law,zh,hanzi,baseline,B,0.193938,0.903031,mixed,558
SUP-150|zh|hanzi#299#siteB#k3,SUP-150|zh|hanzi#299#siteB,3,SUP-150|zh|hanzi#299,SUP-150,Q2,the rule of law,zh,hanzi,baseline,B,0.216855,0.891573,en,571
SUP-150|zh|hanzi#299#siteB#k4,SUP-150|zh|hanzi#299#siteB,4,SUP-150|zh|hanzi#299,SUP-150,Q2,the rule of law,zh,hanzi,baseline,B,0.201026,0.899487,mixed,573
SUP-150|en|latin#300#siteA#k0,SUP-150|en|latin#300#siteA,0,SUP-150|en|latin#300,SUP-150,Q2,the rule of law,en,latin,baseline,A,0.140963,0.929518,en,693
SUP-150|en|latin#300#siteA#k1,SUP-150|en|latin#300#siteA,1,SUP-150|en|latin#300,SUP-150,Q2,the rule of law,en,latin,baseline,A,0.153828,0.923086,en,705
SUP-150|en|latin#300#siteA#k2,SUP-150|en|latin#300#siteA,2,SUP-150|en|latin#300,SUP-150,Q2,the rule of law,en,latin,baseline,A,0.148296,0.925852,en,691
SUP-150|en|latin#300#siteA#k3,SUP-150|en|latin#300#siteA,3,SUP-150|en|latin#300,SUP-150,Q2,the rule of law,en,latin,baseline,A,0.153908,0.923046,en,657
SUP-150|en|latin#300#siteA#k4,SUP-150|en|latin#300#siteA,4,SUP-150|en|latin#300,SUP-150,Q2,the rule of law,en,latin,baseline,A,0.139886,0.930057,en,685
SUP-150|en|latin#300#siteB#k0,SUP-150|en|latin#300#siteB,0,SUP-150|en|latin#300,SUP-150,Q2,the rule of law,en,latin,baseline,B,0.199197,0.900402,en,691
SUP-150|en|latin#300#siteB#k1,SUP-150|en|latin#300#siteB,1,SUP-150|en|latin#300,SUP-150,Q2,the rule of law,en,latin,baseline,B,0.195842,0.902079,en,690
SUP-150|en|latin#300#siteB#k2,SUP-150|en|latin#300#siteB,2,SUP-150|en|latin#300,SUP-150,Q2,the rule of law,en,latin,baseline,B,0.187045,0.906477,en,700
SUP-150|en|latin#300#siteB#k3,SUP-150|en|latin#300#siteB,3,SUP-150|en|latin#300,SUP-150,Q2,the rule of law,en,latin,baseline,B,0.209693,0.895154,en,743
SUP-150|en|latin#300#siteB#k4,SUP-150|en|latin#300#siteB,4,SUP-150|en|latin#300,SUP-150,Q2,the rule of law,en,latin,baseline,B,0.190742,0.904629,en,696
SUP-151|zh|hanzi#301#siteA#k0,SUP-151|zh|hanzi#301#siteA,0,SUP-151|zh|hanzi#301,SUP-151,Q3,the rule of law,zh,hanzi,baseline,A,0.15357,0.923215,en,572
SUP-151|zh|hanzi#301#siteA#k1,SUP-151|zh|hanzi#301#siteA,1,SUP-151|zh|hanzi#301,SUP-151,Q3,the rule of law,zh,hanzi,baseline,A,0.144403,0.927798,en,591
SUP-151|zh|hanzi#301#siteA#k2,SUP-151|zh|hanzi#301#siteA,2,SUP-151|zh|hanzi#301,SUP-151,Q3,the rule of law,zh,hanzi,baseline,A,0.144443,0.927778,en,599
SUP-151|zh|hanzi#301#siteA#k3,SUP-151|zh|hanzi#301#siteA,3,SUP-151|zh|hanzi#301,SUP-151,Q3,the rule of law,zh,hanzi,baseline,A,0.150114,0.924943,en,586
SUP-151|zh|hanzi#301#siteA#k4,SUP-151|zh|hanzi#301#siteA,4,SUP-151|zh|hanzi#301,SUP-151,Q3,the rule of law,zh,hanzi,baseline,A,0.150771,0.924615,en,581
SUP-151|zh|hanzi#301#siteB#k0,SUP-151|zh|hanzi#301#siteB,0,SUP-151|zh|hanzi#301,SUP-151,Q3,the rule of law,zh,hanzi,baseline,B,0.297416,0.851292,en,575
SUP-151|zh|hanzi#301#siteB#k1,SUP-151|zh|hanzi#301#siteB,1,SUP-151|zh|hanzi#301,SUP-151,Q3,the rule of law,zh,hanzi,baseline,B,0.297993,0.851004,en,539
SUP-151|zh|hanzi#301#siteB#k2,SUP-151|zh|hanzi#301#siteB,2,SUP-151|zh|hanzi#301,SUP-151,Q3,the rule of law,zh,hanzi,baseline,B,0.309232,0.845384,en,590
SUP-151|zh|hanzi#301#siteB#k3,SUP-151|zh|hanzi#301#siteB,3,SUP-151|zh|hanzi#301,SUP-151,Q3,the rule of law,zh,hanzi,baseline,B,0.292888,0.853556,en,571
SUP-151|zh|hanzi#301#siteB#k4,SUP-151|zh|hanzi#301#siteB,4,SUP-151|zh|hanzi#301,SUP-151,Q3,the rule of law,zh,hanzi,baseline,B,0.307718,0.846141,en,611
SUP-151|en|latin#302#siteA#k0,SUP-151|en|latin#302#siteA,0,SUP-151|en|latin#302,SUP-151,Q3,the rule of law,en,latin,baseline,A,0.147019,0.92649,en,681
SUP-151|en|latin#302#siteA#k1,SUP-151|en|latin#302#siteA,1,SUP-151|en|latin#302,SUP-151,Q3,the rule of law,en,latin,baseline,A,0.152757,0.923622,en,686
SUP-151|en|latin#302#siteA#k2,SUP-151|en|latin#302#siteA,2,SUP-151|en|latin#302,SUP-151,Q3,the rule of law,en,latin,baseline,A,0.152274,0.923863,en,685
SUP-151|en|latin#302#siteA#k3,SUP-151|en|latin#302#siteA,3,SUP-151|en|latin#302,SUP-151,Q3,the rule of law,en,latin,baseline,A,0.15283,0.923585,en,675
SUP-151|en|latin#302#siteA#k4,SUP-151|en|latin#302#siteA,4,SUP-151|en|latin#302,SUP-151,Q3,the rule of law,en,latin,baseline,A,0.148713,0.925644,en,674
SUP-151|en|latin#302#siteB#k0,SUP-151|en|latin#302#siteB,0,SUP-151|en|latin#302,SUP-151,Q3,the rule of law,en,latin,baseline,B,0.302314,0.848843,en,723
SUP-151|en|latin#302#siteB#k1,SUP-151|en|latin#302#siteB,1,SUP-151|en|latin#302,SUP-151,Q3,the rule of law,en,latin,baseline,B,0.307834,0.846083,en,737
SUP-151|en|latin#302#siteB#k2,SUP-151|en|latin#302#siteB,2,SUP-151|en|latin#302,SUP-151,Q3,the rule of law,en,latin,baseline,B,0.299511,0.850244,en,724
SUP-151|en|latin#302#siteB#k3,SUP-151|en|latin#302#siteB,3,SUP-151|en|latin#302,SUP-151,Q3,the rule of law,en,latin,baseline,B,0.306442,0.846779,en,740
SUP-151|en|latin#302#siteB#k4,SUP-151|en|latin#302#siteB,4,SUP-151|en|latin#302,SUP-151,Q3,the rule of law,en,latin,baseline,B,0.308051,0.845975,en,731
SUP-152|zh|hanzi#303#siteA#k0,SUP-152|zh|hanzi#303#siteA,0,SUP-152|zh|hanzi#303,SUP-152,Q4,the rule of law,zh,hanzi,baseline,A,0.249594,0.875203,en,629
SUP-152|zh|hanzi#303#siteA#k1,SUP-152|zh|hanzi#303#siteA,1,SUP-152|zh|hanzi#303,SUP-152,Q4,the rule of law,zh,hanzi,baseline,A,0.250884,0.874558,en,619
SUP-152|zh|hanzi#303#siteA#k2,SUP-152|zh|hanzi#303#siteA,2,SUP-152|zh|hanzi#303,SUP-152,Q4,the rule of law,zh,hanzi,baseline,A,0.238054,0.880973,en,613
SUP-152|zh|hanzi#303#siteA#k3,SUP-152|zh|hanzi#303#siteA,3,SUP-152|zh|hanzi#303,SUP-152,Q4,the rule of law,zh,hanzi,baseline,A,0.262686,0.868657,en,641
SUP-152|zh|hanzi#303#siteA#k4,SUP-152|zh|hanzi#303#siteA,4,SUP-152|zh|hanzi#303,SUP-152,Q4,the rule of law,zh,hanzi,baseline,A,0.249576,0.875212,en,620
SUP-152|zh|hanzi#303#siteB#k0,SUP-152|zh|hanzi#303#siteB,0,SUP-152|zh|hanzi#303,SUP-152,Q4,the rule of law,zh,hanzi,baseline,B,0.411929,0.794036,en,600
SUP-152|zh|hanzi#303#siteB#k1,SUP-152|zh|hanzi#303#siteB,1,SUP-152|zh|hanzi#303,SUP-152,Q4,the rule of law,zh,hanzi,baseline,B,0.395394,0.802303,en,635
SUP-152|zh|hanzi#303#siteB#k2,SUP-152|zh|hanzi#303#siteB,2,SUP-152|zh|hanzi#303,SUP-152,Q4,the rule of law,zh,hanzi,baseline,B,0.401921,0.79904,en,640
SUP-152|zh|hanzi#303#siteB#k3,SUP-152|zh|hanzi#303#siteB,3,SUP-152|zh|hanzi#303,SUP-152,Q4,the rule of law,zh,hanzi,baseline,B,0.403359,0.798321,en,596
SUP-152|zh|hanzi#303#siteB#k4,SUP-152|zh|hanzi#303#siteB,4,SUP-152|zh|hanzi#303,SUP-152,Q4,the rule of law,zh,hanzi,baseline,B,0.450895,0.774553,en,589
SUP-152|en|latin#304#siteA#k0,SUP-152|en|latin#304#siteA,0,SUP-152|en|latin#304,SUP-152,Q4,the rule of law,en,latin,baseline,A,0.210757,0.894622,en,761
SUP-152|en|latin#304#siteA#k1,SUP-152|en|latin#304#siteA,1,SUP-152|en|latin#304,SUP-152,Q4,the rule of law,en,latin,baseline,A,0.203199,0.898401,en,716
SUP-152|en|latin#304#siteA#k2,SUP-152|en|latin#304#siteA,2,SUP-152|en|latin#304,SUP-152,Q4,the rule of law,en,latin,baseline,A,0.207313,0.896343,en,695
SUP-152|en|latin#304#siteA#k3,SUP-152|en|latin#304#siteA,3,SUP-152|en|latin#304,SUP-152,Q4,the rule of law,en,latin,baseline,A,0.217292,0.891354,en,722
SUP-152|en|latin#304#siteA#k4,SUP-152|en|latin#304#siteA,4,SUP-152|en|latin#304,SUP-152,Q4,the rule of law,en,latin,baseline,A,0.202456,0.898772,en,724
SUP-152|en|latin#304#siteB#k0,SUP-152|en|latin#304#siteB,0,SUP-152|en|latin#304,SUP-152,Q4,the rule of law,en,latin,baseline,B,0.272975,0.863512,en,692
SUP-152|en|latin#304#siteB#k1,SUP-152|en|latin#304#siteB,1,SUP-152|en|latin#304,SUP-152,Q4,the rule of law,en,latin,baseline,B,0.241598,0.879201,en,726
SUP-152|en|latin#304#siteB#k2,SUP-152|en|latin#304#siteB,2,SUP-152|en|latin#304,SUP-152,Q4,the rule of law,en,latin,baseline,B,0.249494,0.875253,en,729
SUP-152|en|latin#304#siteB#k3,SUP-152|en|latin#304#siteB,3,SUP-152|en|latin#304,SUP-152,Q4,the rule of law,en,latin,baseline,B,0.245048,0.877476,en,724
SUP-152|en|latin#304#siteB#k4,SUP-152|en|latin#304#siteB,4,SUP-152|en|latin#304,SUP-152,Q4,the rule of law,en,latin,baseline,B,0.227926,0.886037,en,738
SUP-153|zh|hanzi#305#siteA#k0,SUP-153|zh|hanzi#305#siteA,0,SUP-153|zh|hanzi#305,SUP-153,Q1,freedom of assembly,zh,hanzi,baseline,A,0.206521,0.89674,en,639
SUP-153|zh|hanzi#305#siteA#k1,SUP-153|zh|hanzi#305#siteA,1,SUP-153|zh|hanzi#305,SUP-153,Q1,freedom of assembly,zh,hanzi,baseline,A,0.218954,0.890523,en,607
SUP-153|zh|hanzi#305#siteA#k2,SUP-153|zh|hanzi#305#siteA,2,SUP-153|zh|hanzi#305,SUP-153,Q1,freedom of assembly,zh,hanzi,baseline,A,0.200132,0.899934,en,567
SUP-153|zh|hanzi#305#siteA#k3,SUP-153|zh|hanzi#305#siteA,3,SUP-153|zh|hanzi#305,SUP-153,Q1,freedom of assembly,zh,hanzi,baseline,A,0.210209,0.894896,en,664
SUP-153|zh|hanzi#305#siteA#k4,SUP-153|zh|hanzi#305#siteA,4,SUP-153|zh|hanzi#305,SUP-153,Q1,freedom of assembly,zh,hanzi,baseline,A,0.22427,0.887865,en,610
SUP-153|zh|hanzi#305#siteB#k0,SUP-153|zh|hanzi#305#siteB,0,SUP-153|zh|hanzi#305,SUP-153,Q1,freedom of assembly,zh,hanzi,baseline,B,0.366866,0.816567,mixed,541
SUP-153|zh|hanzi#305#siteB#k1,SUP-153|zh|hanzi#305#siteB,1,SUP-153|zh|hanzi#305,SUP-153,Q1,freedom of assembly,zh,hanzi,baseline,B,0.339028,0.830486,mixed,484
SUP-153|zh|hanzi#305#siteB#k2,SUP-153|zh|hanzi#305#siteB,2,SUP-153|zh|hanzi#305,SUP-153,Q1,freedom of assembly,zh,hanzi,baseline,B,0.346754,0.826623,mixed,490
SUP-153|zh|hanzi#305#siteB#k3,SUP-153|zh|hanzi#305#siteB,3,SUP-153|zh|hanzi#305,SUP-153,Q1,freedom of assembly,zh,hanzi,baseline,B,0.34653,0.826735,mixed,519
SUP-153|zh|hanzi#305#siteB#k4,SUP-153|zh|hanzi#305#siteB,4,SUP-153|zh|hanzi#305,SUP-153,Q1,freedom of assembly,zh,hanzi,baseline,B,0.32985,0.835075,mixed,514
SUP-153|en|latin#306#siteA#k0,SUP-153|en|latin#306#siteA,0,SUP-153|en|latin#306,SUP-153,Q1,freedom of assembly,en,latin,baseline,A,0.15885,0.920575,en,730
SUP-153|en|latin#306#siteA#k1,SUP-153|en|latin#306#siteA,1,SUP-153|en|latin#306,SUP-153,Q1,freedom of assembly,en,latin,baseline,A,0.144067,0.927966,en,739
SUP-153|en|latin#306#siteA#k2,SUP-153|en|latin#306#siteA,2,SUP-153|en|latin#306,SUP-153,Q1,freedom of assembly,en,latin,baseline,A,0.150334,0.924833,en,749
SUP-153|en|latin#306#siteA#k3,SUP-153|en|latin#306#siteA,3,SUP-153|en|latin#306,SUP-153,Q1,freedom of assembly,en,latin,baseline,A,0.149915,0.925042,en,722
SUP-153|en|latin#306#siteA#k4,SUP-153|en|latin#306#siteA,4,SUP-153|en|latin#306,SUP-153,Q1,freedom of assembly,en,latin,baseline,A,0.162242,0.918879,en,742
SUP-153|en|latin#306#siteB#k0,SUP-153|en|latin#306#siteB,0,SUP-153|en|latin#306,SUP-153,Q1,freedom of assembly,en,latin,baseline,B,0.297599,0.8512,en,719
SUP-153|en|latin#306#siteB#k1,SUP-153|en|latin#306#siteB,1,SUP-153|en|latin#306,SUP-153,Q1,freedom of assembly,en,latin,baseline,B,0.290269,0.854866,en,712
SUP-153|en|latin#306#siteB#k2,SUP-153|en|latin#306#siteB,2,SUP-153|en|latin#306,SUP-153,Q1,freedom of assembly,en,latin,baseline,B,0.307318,0.846341,en,688
SUP-153|en|latin#306#siteB#k3,SUP-153|en|latin#306#siteB,3,SUP-153|en|latin#306,SUP-153,Q1,freedom of assembly,en,latin,baseline,B,0.301393,0.849304,en,692
SUP-153|en|latin#306#siteB#k4,SUP-153|en|latin#306#siteB,4,SUP-153|en|latin#306,SUP-153,Q1,freedom of assembly,en,latin,baseline,B,0.290251,0.854875,en,729
SUP-154|zh|hanzi#307#siteA#k0,SUP-154|zh|hanzi#307#siteA,0,SUP-154|zh|hanzi#307,SUP-154,Q2,freedom of assembly,zh,hanzi,baseline,A,0.225609,0.887195,en,609
SUP-154|zh|hanzi#307#siteA#k1,SUP-154|zh|hanzi#307#siteA,1,SUP-154|zh|hanzi#307,SUP-154,Q2,freedom of assembly,zh,hanzi,baseline,A,0.223533,0.888233,en,594
SUP-154|zh|hanzi#307#siteA#k2,SUP-154|zh|hanzi#307#siteA,2,SUP-154|zh|hanzi#307,SUP-154,Q2,freedom of assembly,zh,hanzi,baseline,A,0.221698,0.889151,en,586
SUP-154|zh|hanzi#307#siteA#k3,SUP-154|zh|hanzi#307#siteA,3,SUP-154|zh|hanzi#307,SUP-154,Q2,freedom of assembly,zh,hanzi,baseline,A,0.220628,0.889686,en,615
SUP-154|zh|hanzi#307#siteA#k4,SUP-154|zh|hanzi#307#siteA,4,SUP-154|zh|hanzi#307,SUP-154,Q2,freedom of assembly,zh,hanzi,baseline,A,0.20332,0.89834,en,605
SUP-154|zh|hanzi#307#siteB#k0,SUP-154|zh|hanzi#307#siteB,0,SUP-154|zh|hanzi#307,SUP-154,Q2,freedom of assembly,zh,hanzi,baseline,B,0.25371,0.873145,en,583
SUP-154|zh|hanzi#307#siteB#k1,SUP-154|zh|hanzi#307#siteB,1,SUP-154|zh|hanzi#307,SUP-154,Q2,freedom of assembly,zh,hanzi,baseline,B,0.255654,0.872173,en,568
SUP-154|zh|hanzi#307#siteB#k2,SUP-154|zh|hanzi#307#siteB,2,SUP-154|zh|hanzi#307,SUP-154,Q2,freedom of assembly,zh,hanzi,baseline,B,0.229597,0.885202,en,588
SUP-154|zh|hanzi#307#siteB#k3,SUP-154|zh|hanzi#307#siteB,3,SUP-154|zh|hanzi#307,SUP-154,Q2,freedom of assembly,zh,hanzi,baseline,B,0.248493,0.875754,mixed,539
SUP-154|zh|hanzi#307#siteB#k4,SUP-154|zh|hanzi#307#siteB,4,SUP-154|zh|hanzi#307,SUP-154,Q2,freedom of assembly,zh,hanzi,baseline,B,0.246211,0.876894,en,644
SUP-154|en|latin#308#siteA#k0,SUP-154|en|latin#308#siteA,0,SUP-154|en|latin#308,SUP-154,Q2,freedom of assembly,en,latin,baseline,A,0.113694,0.943153,en,696
SUP-154|en|latin#308#siteA#k1,SUP-154|en|latin#308#siteA,1,SUP-154|en|latin#308,SUP-154,Q2,freedom of assembly,en,latin,baseline,A,0.1366,0.9317,en,751
SUP-154|en|latin#308#siteA#k2,SUP-154|en|latin#308#siteA,2,SUP-154|en|latin#308,SUP-154,Q2,freedom of assembly,en,latin,baseline,A,0.132249,0.933876,en,697
SUP-154|en|latin#308#siteA#k3,SUP-154|en|latin#308#siteA,3,SUP-154|en|latin#308,SUP-154,Q2,freedom of assembly,en,latin,baseline,A,0.143394,0.928303,en,706
SUP-154|en|latin#308#siteA#k4,SUP-154|en|latin#308#siteA,4,SUP-154|en|latin#308,SUP-154,Q2,freedom of assembly,en,latin,baseline,A,0.13657,0.931715,en,707
SUP-154|en|latin#308#siteB#k0,SUP-154|en|latin#308#siteB,0,SUP-154|en|latin#308,SUP-154,Q2,freedom of assembly,en,latin,baseline,B,0.243424,0.878289,en,721
SUP-154|en|latin#308#siteB#k1,SUP-154|en|latin#308#siteB,1,SUP-154|en|latin#308,SUP-154,Q2,freedom of assembly,en,latin,baseline,B,0.215493,0.892254,en,707
SUP-154|en|latin#308#siteB#k2,SUP-154|en|latin#308#siteB,2,SUP-154|en|latin#308,SUP-154,Q2,freedom of assembly,en,latin,baseline,B,0.222038,0.888981,en,683
SUP-154|en|latin#308#siteB#k3,SUP-154|en|latin#308#siteB,3,SUP-154|en|latin#308,SUP-154,Q2,freedom of assembly,en,latin,baseline,B,0.230827,0.884587,en,693
SUP-154|en|latin#308#siteB#k4,SUP-154|en|latin#308#siteB,4,SUP-154|en|latin#308,SUP-154,Q2,freedom of assembly,en,latin,baseline,B,0.209167,0.895416,en,719
SUP-155|zh|hanzi#309#siteA#k0,SUP-155|zh|hanzi#309#siteA,0,SUP-155|zh|hanzi#309,SUP-155,Q3,freedom of assembly,zh,hanzi,baseline,A,0.138539,0.930731,mixed,550
SUP-155|zh|hanzi#309#siteA#k1,SUP-155|zh|hanzi#309#siteA,1,SUP-155|zh|hanzi#309,SUP-155,Q3,freedom of assembly,zh,hanzi,baseline,A,0.145321,0.927339,en,583
SUP-155|zh|hanzi#309#siteA#k2,SUP-155|zh|hanzi#309#siteA,2,SUP-155|zh|hanzi#309,SUP-155,Q3,freedom of assembly,zh,hanzi,baseline,A,0.155813,0.922094,en,616
SUP-155|zh|hanzi#309#siteA#k3,SUP-155|zh|hanzi#309#siteA,3,SUP-155|zh|hanzi#309,SUP-155,Q3,freedom of assembly,zh,hanzi,baseline,A,0.137176,0.931412,en,562
SUP-155|zh|hanzi#309#siteA#k4,SUP-155|zh|hanzi#309#siteA,4,SUP-155|zh|hanzi#309,SUP-155,Q3,freedom of assembly,zh,hanzi,baseline,A,0.152724,0.923638,en,568
SUP-155|zh|hanzi#309#siteB#k0,SUP-155|zh|hanzi#309#siteB,0,SUP-155|zh|hanzi#309,SUP-155,Q3,freedom of assembly,zh,hanzi,baseline,B,0.289615,0.855193,mixed,530
SUP-155|zh|hanzi#309#siteB#k1,SUP-155|zh|hanzi#309#siteB,1,SUP-155|zh|hanzi#309,SUP-155,Q3,freedom of assembly,zh,hanzi,baseline,B,0.290946,0.854527,mixed,542
SUP-155|zh|hanzi#309#siteB#k2,SUP-155|zh|hanzi#309#siteB,2,SUP-155|zh|hanzi#309,SUP-155,Q3,freedom of assembly,zh,hanzi,baseline,B,0.312238,0.843881,mixed,530
SUP-155|zh|hanzi#309#siteB#k3,SUP-155|zh|hanzi#309#siteB,3,SUP-155|zh|hanzi#309,SUP-155,Q3,freedom of assembly,zh,hanzi,baseline,B,0.306674,0.846663,mixed,513
SUP-155|zh|hanzi#309#siteB#k4,SUP-155|zh|hanzi#309#siteB,4,SUP-155|zh|hanzi#309,SUP-155,Q3,freedom of assembly,zh,hanzi,baseline,B,0.498631,0.750684,en,596
SUP-155|en|latin#310#siteA#k0,SUP-155|en|latin#310#siteA,0,SUP-155|en|latin#310,SUP-155,Q3,freedom of assembly,en,latin,baseline,A,0.106095,0.946953,en,725
SUP-155|en|latin#310#siteA#k1,SUP-155|en|latin#310#siteA,1,SUP-155|en|latin#310,SUP-155,Q3,freedom of assembly,en,latin,baseline,A,0.10139,0.949305,en,722
SUP-155|en|latin#310#siteA#k2,SUP-155|en|latin#310#siteA,2,SUP-155|en|latin#310,SUP-155,Q3,freedom of assembly,en,latin,baseline,A,0.105215,0.947393,en,749
SUP-155|en|latin#310#siteA#k3,SUP-155|en|latin#310#siteA,3,SUP-155|en|latin#310,SUP-155,Q3,freedom of assembly,en,latin,baseline,A,0.108047,0.945977,en,755
SUP-155|en|latin#310#siteA#k4,SUP-155|en|latin#310#siteA,4,SUP-155|en|latin#310,SUP-155,Q3,freedom of assembly,en,latin,baseline,A,0.108648,0.945676,en,753
SUP-155|en|latin#310#siteB#k0,SUP-155|en|latin#310#siteB,0,SUP-155|en|latin#310,SUP-155,Q3,freedom of assembly,en,latin,baseline,B,0.296781,0.85161,en,705
SUP-155|en|latin#310#siteB#k1,SUP-155|en|latin#310#siteB,1,SUP-155|en|latin#310,SUP-155,Q3,freedom of assembly,en,latin,baseline,B,0.288269,0.855865,en,701
SUP-155|en|latin#310#siteB#k2,SUP-155|en|latin#310#siteB,2,SUP-155|en|latin#310,SUP-155,Q3,freedom of assembly,en,latin,baseline,B,0.285324,0.857338,en,709
SUP-155|en|latin#310#siteB#k3,SUP-155|en|latin#310#siteB,3,SUP-155|en|latin#310,SUP-155,Q3,freedom of assembly,en,latin,baseline,B,0.294431,0.852784,en,743
SUP-155|en|latin#310#siteB#k4,SUP-155|en|latin#310#siteB,4,SUP-155|en|latin#310,SUP-155,Q3,freedom of assembly,en,latin,baseline,B,0.27981,0.860095,en,719
SUP-156|zh|hanzi#311#siteA#k0,SUP-156|zh|hanzi#311#siteA,0,SUP-156|zh|hanzi#311,SUP-156,Q4,freedom of assembly,zh,hanzi,baseline,A,0.194029,0.902985,en,590
SUP-156|zh|hanzi#311#siteA#k1,SUP-156|zh|hanzi#311#siteA,1,SUP-156|zh|hanzi#311,SUP-156,Q4,freedom of assembly,zh,hanzi,baseline,A,0.196612,0.901694,en,638
SUP-156|zh|hanzi#311#siteA#k2,SUP-156|zh|hanzi#311#siteA,2,SUP-156|zh|hanzi#311,SUP-156,Q4,freedom of assembly,zh,hanzi,baseline,A,0.204015,0.897993,en,643
SUP-156|zh|hanzi#311#siteA#k3,SUP-156|zh|hanzi#311#siteA,3,SUP-156|zh|hanzi#311,SUP-156,Q4,freedom of assembly,zh,hanzi,baseline,A,0.193693,0.903154,en,597
SUP-156|zh|hanzi#311#siteA#k4,SUP-156|zh|hanzi#311#siteA,4,SUP-156|zh|hanzi#311,SUP-156,Q4,freedom of assembly,zh,hanzi,baseline,A,0.192594,0.903703,en,605
SUP-156|zh|hanzi#311#siteB#k0,SUP-156|zh|hanzi#311#siteB,0,SUP-156|zh|hanzi#311,SUP-156,Q4,freedom of assembly,zh,hanzi,baseline,B,0.392498,0.803751,en,587
SUP-156|zh|hanzi#311#siteB#k1,SUP-156|zh|hanzi#311#siteB,1,SUP-156|zh|hanzi#311,SUP-156,Q4,freedom of assembly,zh,hanzi,baseline,B,0.427846,0.786077,mixed,548
SUP-156|zh|hanzi#311#siteB#k2,SUP-156|zh|hanzi#311#siteB,2,SUP-156|zh|hanzi#311,SUP-156,Q4,freedom of assembly,zh,hanzi,baseline,B,0.41169,0.794155,en,599
SUP-156|zh|hanzi#311#siteB#k3,SUP-156|zh|hanzi#311#siteB,3,SUP-156|zh|hanzi#311,SUP-156,Q4,freedom of assembly,zh,hanzi,baseline,B,0.41474,0.79263,mixed,563
SUP-156|zh|hanzi#311#siteB#k4,SUP-156|zh|hanzi#311#siteB,4,SUP-156|zh|hanzi#311,SUP-156,Q4,freedom of assembly,zh,hanzi,baseline,B,0.418985,0.790507,mixed,546
SUP-156|en|latin#312#siteA#k0,SUP-156|en|latin#312#siteA,0,SUP-156|en|latin#312,SUP-156,Q4,freedom of assembly,en,latin,baseline,A,0.151143,0.924429,en,763
SUP-156|en|latin#312#siteA#k1,SUP-156|en|latin#312#siteA,1,SUP-156|en|latin#312,SUP-156,Q4,freedom of assembly,en,latin,baseline,A,0.145991,0.927005,en,734
SUP-156|en|latin#312#siteA#k2,SUP-156|en|latin#312#siteA,2,SUP-156|en|latin#312,SUP-156,Q4,freedom of assembly,en,latin,baseline,A,0.141592,0.929204,en,731
SUP-156|en|latin#312#siteA#k3,SUP-156|en|latin#312#siteA,3,SUP-156|en|latin#312,SUP-156,Q4,freedom of assembly,en,latin,baseline,A,0.137999,0.931001,en,763
SUP-156|en|latin#312#siteA#k4,SUP-156|en|latin#312#siteA,4,SUP-156|en|latin#312,SUP-156,Q4,freedom of assembly,en,latin,baseline,A,0.142868,0.928566,en,782
SUP-156|en|latin#312#siteB#k0,SUP-156|en|latin#312#siteB,0,SUP-156|en|latin#312,SUP-156,Q4,freedom of assembly,en,latin,baseline,B,0.26046,0.86977,en,751
SUP-156|en|latin#312#siteB#k1,SUP-156|en|latin#312#siteB,1,SUP-156|en|latin#312,SUP-156,Q4,freedom of assembly,en,latin,baseline,B,0.241418,0.879291,en,711
SUP-156|en|latin#312#siteB#k2,SUP-156|en|latin#312#siteB,2,SUP-156|en|latin#312,SUP-156,Q4,freedom of assembly,en,latin,baseline,B,0.24661,0.876695,en,746
SUP-156|en|latin#312#siteB#k3,SUP-156|en|latin#312#siteB,3,SUP-156|en|latin#312,SUP-156,Q4,freedom of assembly,en,latin,baseline,B,0.229542,0.885229,en,680
SUP-156|en|latin#312#siteB#k4,SUP-156|en|latin#312#siteB,4,SUP-156|en|latin#312,SUP-156,Q4,freedom of assembly,en,latin,baseline,B,0.25843,0.870785,en,670
SUP-157|zh|hanzi#313#siteA#k0,SUP-157|zh|hanzi#313#siteA,0,SUP-157|zh|hanzi#313,SUP-157,Q1,freedom,zh,hanzi,baseline,A,0.201183,0.899408,en,649
SUP-157|zh|hanzi#313#siteA#k1,SUP-157|zh|hanzi#313#siteA,1,SUP-157|zh|hanzi#313,SUP-157,Q1,freedom,zh,hanzi,baseline,A,0.193366,0.903317,en,627
SUP-157|zh|hanzi#313#siteA#k2,SUP-157|zh|hanzi#313#siteA,2,SUP-157|zh|hanzi#313,SUP-157,Q1,freedom,zh,hanzi,baseline,A,0.201146,0.899427,en,632
SUP-157|zh|hanzi#313#siteA#k3,SUP-157|zh|hanzi#313#siteA,3,SUP-157|zh|hanzi#313,SUP-157,Q1,freedom,zh,hanzi,baseline,A,0.202144,0.898928,en,636
SUP-157|zh|hanzi#313#siteA#k4,SUP-157|zh|hanzi#313#siteA,4,SUP-157|zh|hanzi#313,SUP-157,Q1,freedom,zh,hanzi,baseline,A,0.1907,0.90465,en,656
SUP-157|zh|hanzi#313#siteB#k0,SUP-157|zh|hanzi#313#siteB,0,SUP-157|zh|hanzi#313,SUP-157,Q1,freedom,zh,hanzi,baseline,B,0.332177,0.833911,mixed,537
SUP-157|zh|hanzi#313#siteB#k1,SUP-157|zh|hanzi#313#siteB,1,SUP-157|zh|hanzi#313,SUP-157,Q1,freedom,zh,hanzi,baseline,B,0.32671,0.836645,mixed,532
SUP-157|zh|hanzi#313#siteB#k2,SUP-157|zh|hanzi#313#siteB,2,SUP-157|zh|hanzi#313,SUP-157,Q1,freedom,zh,hanzi,baseline,B,0.331223,0.834388,mixed,519
SUP-157|zh|hanzi#313#siteB#k3,SUP-157|zh|hanzi#313#siteB,3,SUP-157|zh|hanzi#313,SUP-157,Q1,freedom,zh,hanzi,baseline,B,0.321938,0.839031,mixed,515
SUP-157|zh|hanzi#313#siteB#k4,SUP-157|zh|hanzi#313#siteB,4,SUP-157|zh|hanzi#313,SUP-157,Q1,freedom,zh,hanzi,baseline,B,0.342329,0.828835,en,537
SUP-157|en|latin#314#siteA#k0,SUP-157|en|latin#314#siteA,0,SUP-157|en|latin#314,SUP-157,Q1,freedom,en,latin,baseline,A,0.224305,0.887848,en,743
SUP-157|en|latin#314#siteA#k1,SUP-157|en|latin#314#siteA,1,SUP-157|en|latin#314,SUP-157,Q1,freedom,en,latin,baseline,A,0.236425,0.881787,en,746
SUP-157|en|latin#314#siteA#k2,SUP-157|en|latin#314#siteA,2,SUP-157|en|latin#314,SUP-157,Q1,freedom,en,latin,baseline,A,0.213403,0.893299,en,754
SUP-157|en|latin#314#siteA#k3,SUP-157|en|latin#314#siteA,3,SUP-157|en|latin#314,SUP-157,Q1,freedom,en,latin,baseline,A,0.224483,0.887758,en,769
SUP-157|en|latin#314#siteA#k4,SUP-157|en|latin#314#siteA,4,SUP-157|en|latin#314,SUP-157,Q1,freedom,en,latin,baseline,A,0.220618,0.889691,en,755
SUP-157|en|latin#314#siteB#k0,SUP-157|en|latin#314#siteB,0,SUP-157|en|latin#314,SUP-157,Q1,freedom,en,latin,baseline,B,0.320524,0.839738,en,683
SUP-157|en|latin#314#siteB#k1,SUP-157|en|latin#314#siteB,1,SUP-157|en|latin#314,SUP-157,Q1,freedom,en,latin,baseline,B,0.328855,0.835572,en,659
SUP-157|en|latin#314#siteB#k2,SUP-157|en|latin#314#siteB,2,SUP-157|en|latin#314,SUP-157,Q1,freedom,en,latin,baseline,B,0.309569,0.845215,en,711
SUP-157|en|latin#314#siteB#k3,SUP-157|en|latin#314#siteB,3,SUP-157|en|latin#314,SUP-157,Q1,freedom,en,latin,baseline,B,0.319247,0.840377,en,715
SUP-157|en|latin#314#siteB#k4,SUP-157|en|latin#314#siteB,4,SUP-157|en|latin#314,SUP-157,Q1,freedom,en,latin,baseline,B,0.312144,0.843928,en,721
SUP-158|zh|hanzi#315#siteA#k0,SUP-158|zh|hanzi#315#siteA,0,SUP-158|zh|hanzi#315,SUP-158,Q2,freedom,zh,hanzi,baseline,A,0.296676,0.851662,en,636
SUP-158|zh|hanzi#315#siteA#k1,SUP-158|zh|hanzi#315#siteA,1,SUP-158|zh|hanzi#315,SUP-158,Q2,freedom,zh,hanzi,baseline,A,0.304807,0.847596,en,592
SUP-158|zh|hanzi#315#siteA#k2,SUP-158|zh|hanzi#315#siteA,2,SUP-158|zh|hanzi#315,SUP-158,Q2,freedom,zh,hanzi,baseline,A,0.296255,0.851873,en,591
SUP-158|zh|hanzi#315#siteA#k3,SUP-158|zh|hanzi#315#siteA,3,SUP-158|zh|hanzi#315,SUP-158,Q2,freedom,zh,hanzi,baseline,A,0.302861,0.84857,en,589
SUP-158|zh|hanzi#315#siteA#k4,SUP-158|zh|hanzi#315#siteA,4,SUP-158|zh|hanzi#315,SUP-158,Q2,freedom,zh,hanzi,baseline,A,0.326827,0.836587,en,605
SUP-158|zh|hanzi#315#siteB#k0,SUP-158|zh|hanzi#315#siteB,0,SUP-158|zh|hanzi#315,SUP-158,Q2,freedom,zh,hanzi,baseline,B,0.240223,0.879889,mixed,551
SUP-158|zh|hanzi#315#siteB#k1,SUP-158|zh|hanzi#315#siteB,1,SUP-158|zh|hanzi#315,SUP-158,Q2,freedom,zh,hanzi,baseline,B,0.243879,0.878061,mixed,557
SUP-158|zh|hanzi#315#siteB#k2,SUP-158|zh|hanzi#315#siteB,2,SUP-158|zh|hanzi#315,SUP-158,Q2,freedom,zh,hanzi,baseline,B,0.234904,0.882548,en,582
SUP-158|zh|hanzi#315#siteB#k3,SUP-158|zh|hanzi#315#siteB,3,SUP-158|zh|hanzi#315,SUP-158,Q2,freedom,zh,hanzi,baseline,B,0.236639,0.881681,en,545
SUP-158|zh|hanzi#315#siteB#k4,SUP-158|zh|hanzi#315#siteB,4,SUP-158|zh|hanzi#315,SUP-158,Q2,freedom,zh,hanzi,baseline,B,0.224829,0.887586,en,575
SUP-158|en|latin#316#siteA#k0,SUP-158|en|latin#316#siteA,0,SUP-158|en|latin#316,SUP-158,Q2,freedom,en,latin,baseline,A,0.16337,0.918316,en,695
SUP-158|en|latin#316#siteA#k1,SUP-158|en|latin#316#siteA,1,SUP-158|en|latin#316,SUP-158,Q2,freedom,en,latin,baseline,A,0.188728,0.905636,en,713
SUP-158|en|latin#316#siteA#k2,SUP-158|en|latin#316#siteA,2,SUP-158|en|latin#316,SUP-158,Q2,freedom,en,latin,baseline,A,0.171507,0.914247,en,739
SUP-158|en|latin#316#siteA#k3,SUP-158|en|latin#316#siteA,3,SUP-158|en|latin#316,SUP-158,Q2,freedom,en,latin,baseline,A,0.161697,0.919152,en,707
SUP-158|en|latin#316#siteA#k4,SUP-158|en|latin#316#siteA,4,SUP-158|en|latin#316,SUP-158,Q2,freedom,en,latin,baseline,A,0.151996,0.924002,en,735
SUP-158|en|latin#316#siteB#k0,SUP-158|en|latin#316#siteB,0,SUP-158|en|latin#316,SUP-158,Q2,freedom,en,latin,baseline,B,0.25694,0.87153,en,695
SUP-158|en|latin#316#siteB#k1,SUP-158|en|latin#316#siteB,1,SUP-158|en|latin#316,SUP-158,Q2,freedom,en,latin,baseline,B,0.246199,0.8769,en,687
SUP-158|en|latin#316#siteB#k2,SUP-158|en|latin#316#siteB,2,SUP-158|en|latin#316,SUP-158,Q2,freedom,en,latin,baseline,B,0.243123,0.878439,en,717
SUP-158|en|latin#316#siteB#k3,SUP-158|en|latin#316#siteB,3,SUP-158|en|latin#316,SUP-158,Q2,freedom,en,latin,baseline,B,0.247112,0.876444,en,685
SUP-158|en|latin#316#siteB#k4,SUP-158|en|latin#316#siteB,4,SUP-158|en|latin#316,SUP-158,Q2,freedom,en,latin,baseline,B,0.255264,0.872368,en,703
SUP-159|zh|hanzi#317#siteA#k0,SUP-159|zh|hanzi#317#siteA,0,SUP-159|zh|hanzi#317,SUP-159,Q3,freedom,zh,hanzi,baseline,A,0.167212,0.916394,en,587
SUP-159|zh|hanzi#317#siteA#k1,SUP-159|zh|hanzi#317#siteA,1,SUP-159|zh|hanzi#317,SUP-159,Q3,freedom,zh,hanzi,baseline,A,0.160766,0.919617,en,607
SUP-159|zh|hanzi#317#siteA#k2,SUP-159|zh|hanzi#317#siteA,2,SUP-159|zh|hanzi#317,SUP-159,Q3,freedom,zh,hanzi,baseline,A,0.174307,0.912847,en,576
SUP-159|zh|hanzi#317#siteA#k3,SUP-159|zh|hanzi#317#siteA,3,SUP-159|zh|hanzi#317,SUP-159,Q3,freedom,zh,hanzi,baseline,A,0.169695,0.915153,en,625
SUP-159|zh|hanzi#317#siteA#k4,SUP-159|zh|hanzi#317#siteA,4,SUP-159|zh|hanzi#317,SUP-159,Q3,freedom,zh,hanzi,baseline,A,0.178987,0.910506,en,579
SUP-159|zh|hanzi#317#siteB#k0,SUP-159|zh|hanzi#317#siteB,0,SUP-159|zh|hanzi#317,SUP-159,Q3,freedom,zh,hanzi,baseline,B,0.530745,0.734628,mixed,525
SUP-159|zh|hanzi#317#siteB#k1,SUP-159|zh|hanzi#317#siteB,1,SUP-159|zh|hanzi#317,SUP-159,Q3,freedom,zh,hanzi,baseline,B,0.313345,0.843328,en,538
SUP-159|zh|hanzi#317#siteB#k2,SUP-159|zh|hanzi#317#siteB,2,SUP-159|zh|hanzi#317,SUP-159,Q3,freedom,zh,hanzi,baseline,B,0.454584,0.772708,en,549
SUP-159|zh|hanzi#317#siteB#k3,SUP-159|zh|hanzi#317#siteB,3,SUP-159|zh|hanzi#317,SUP-159,Q3,freedom,zh,hanzi,baseline,B,0.308209,0.845896,en,544
SUP-159|zh|hanzi#317#siteB#k4,SUP-159|zh|hanzi#317#siteB,4,SUP-159|zh|hanzi#317,SUP-159,Q3,freedom,zh,hanzi,baseline,B,0.471692,0.764154,en,554
SUP-159|en|latin#318#siteA#k0,SUP-159|en|latin#318#siteA,0,SUP-159|en|latin#318,SUP-159,Q3,freedom,en,latin,baseline,A,0.149017,0.925492,en,710
SUP-159|en|latin#318#siteA#k1,SUP-159|en|latin#318#siteA,1,SUP-159|en|latin#318,SUP-159,Q3,freedom,en,latin,baseline,A,0.149185,0.925408,en,685
SUP-159|en|latin#318#siteA#k2,SUP-159|en|latin#318#siteA,2,SUP-159|en|latin#318,SUP-159,Q3,freedom,en,latin,baseline,A,0.157961,0.92102,en,670
SUP-159|en|latin#318#siteA#k3,SUP-159|en|latin#318#siteA,3,SUP-159|en|latin#318,SUP-159,Q3,freedom,en,latin,baseline,A,0.148776,0.925612,en,721
SUP-159|en|latin#318#siteA#k4,SUP-159|en|latin#318#siteA,4,SUP-159|en|latin#318,SUP-159,Q3,freedom,en,latin,baseline,A,0.145492,0.927254,en,704
SUP-159|en|latin#318#siteB#k0,SUP-159|en|latin#318#siteB,0,SUP-159|en|latin#318,SUP-159,Q3,freedom,en,latin,baseline,B,0.296275,0.851863,en,737
SUP-159|en|latin#318#siteB#k1,SUP-159|en|latin#318#siteB,1,SUP-159|en|latin#318,SUP-159,Q3,freedom,en,latin,baseline,B,0.290523,0.854739,en,748
SUP-159|en|latin#318#siteB#k2,SUP-159|en|latin#318#siteB,2,SUP-159|en|latin#318,SUP-159,Q3,freedom,en,latin,baseline,B,0.2965,0.85175,en,738
SUP-159|en|latin#318#siteB#k3,SUP-159|en|latin#318#siteB,3,SUP-159|en|latin#318,SUP-159,Q3,freedom,en,latin,baseline,B,0.28631,0.856845,en,731
SUP-159|en|latin#318#siteB#k4,SUP-159|en|latin#318#siteB,4,SUP-159|en|latin#318,SUP-159,Q3,freedom,en,latin,baseline,B,0.304112,0.847944,en,724
SUP-160|zh|hanzi#319#siteA#k0,SUP-160|zh|hanzi#319#siteA,0,SUP-160|zh|hanzi#319,SUP-160,Q4,freedom,zh,hanzi,baseline,A,0.23008,0.88496,en,629
SUP-160|zh|hanzi#319#siteA#k1,SUP-160|zh|hanzi#319#siteA,1,SUP-160|zh|hanzi#319,SUP-160,Q4,freedom,zh,hanzi,baseline,A,0.241699,0.87915,en,614
SUP-160|zh|hanzi#319#siteA#k2,SUP-160|zh|hanzi#319#siteA,2,SUP-160|zh|hanzi#319,SUP-160,Q4,freedom,zh,hanzi,baseline,A,0.240675,0.879663,en,623
SUP-160|zh|hanzi#319#siteA#k3,SUP-160|zh|hanzi#319#siteA,3,SUP-160|zh|hanzi#319,SUP-160,Q4,freedom,zh,hanzi,baseline,A,0.244731,0.877635,en,630
SUP-160|zh|hanzi#319#siteA#k4,SUP-160|zh|hanzi#319#siteA,4,SUP-160|zh|hanzi#319,SUP-160,Q4,freedom,zh,hanzi,baseline,A,0.245117,0.877442,en,608
SUP-160|zh|hanzi#319#siteB#k0,SUP-160|zh|hanzi#319#siteB,0,SUP-160|zh|hanzi#319,SUP-160,Q4,freedom,zh,hanzi,baseline,B,0.402327,0.798837,en,555
SUP-160|zh|hanzi#319#siteB#k1,SUP-160|zh|hanzi#319#siteB,1,SUP-160|zh|hanzi#319,SUP-160,Q4,freedom,zh,hanzi,baseline,B,0.406139,0.796931,en,625
SUP-160|zh|hanzi#319#siteB#k2,SUP-160|zh|hanzi#319#siteB,2,SUP-160|zh|hanzi#319,SUP-160,Q4,freedom,zh,hanzi,baseline,B,0.420583,0.789709,mixed,542
SUP-160|zh|hanzi#319#siteB#k3,SUP-160|zh|hanzi#319#siteB,3,SUP-160|zh|hanzi#319,SUP-160,Q4,freedom,zh,hanzi,baseline,B,0.389697,0.805152,en,562
SUP-160|zh|hanzi#319#siteB#k4,SUP-160|zh|hanzi#319#siteB,4,SUP-160|zh|hanzi#319,SUP-160,Q4,freedom,zh,hanzi,baseline,B,0.429658,0.785171,en,601
SUP-160|en|latin#320#siteA#k0,SUP-160|en|latin#320#siteA,0,SUP-160|en|latin#320,SUP-160,Q4,freedom,en,latin,baseline,A,0.182748,0.908626,en,734
SUP-160|en|latin#320#siteA#k1,SUP-160|en|latin#320#siteA,1,SUP-160|en|latin#320,SUP-160,Q4,freedom,en,latin,baseline,A,0.175812,0.912094,en,707
SUP-160|en|latin#320#siteA#k2,SUP-160|en|latin#320#siteA,2,SUP-160|en|latin#320,SUP-160,Q4,freedom,en,latin,baseline,A,0.175143,0.912429,en,702
SUP-160|en|latin#320#siteA#k3,SUP-160|en|latin#320#siteA,3,SUP-160|en|latin#320,SUP-160,Q4,freedom,en,latin,baseline,A,0.174093,0.912953,en,696
SUP-160|en|latin#320#siteA#k4,SUP-160|en|latin#320#siteA,4,SUP-160|en|latin#320,SUP-160,Q4,freedom,en,latin,baseline,A,0.17855,0.910725,en,693
SUP-160|en|latin#320#siteB#k0,SUP-160|en|latin#320#siteB,0,SUP-160|en|latin#320,SUP-160,Q4,freedom,en,latin,baseline,B,0.39537,0.802315,en,705
SUP-160|en|latin#320#siteB#k1,SUP-160|en|latin#320#siteB,1,SUP-160|en|latin#320,SUP-160,Q4,freedom,en,latin,baseline,B,0.385806,0.807098,en,668
SUP-160|en|latin#320#siteB#k2,SUP-160|en|latin#320#siteB,2,SUP-160|en|latin#320,SUP-160,Q4,freedom,en,latin,baseline,B,0.386558,0.806722,en,684
SUP-160|en|latin#320#siteB#k3,SUP-160|en|latin#320#siteB,3,SUP-160|en|latin#320,SUP-160,Q4,freedom,en,latin,baseline,B,0.415024,0.792488,en,703
SUP-160|en|latin#320#siteB#k4,SUP-160|en|latin#320#siteB,4,SUP-160|en|latin#320,SUP-160,Q4,freedom,en,latin,baseline,B,0.393299,0.803351,en,690
SUP-161|zh|hanzi#321#siteA#k0,SUP-161|zh|hanzi#321#siteA,0,SUP-161|zh|hanzi#321,SUP-161,Q1,democracy,zh,hanzi,baseline,A,0.177351,0.911325,en,658
SUP-161|zh|hanzi#321#siteA#k1,SUP-161|zh|hanzi#321#siteA,1,SUP-161|zh|hanzi#321,SUP-161,Q1,democracy,zh,hanzi,baseline,A,0.169597,0.915201,en,614
SUP-161|zh|hanzi#321#siteA#k2,SUP-161|zh|hanzi#321#siteA,2,SUP-161|zh|hanzi#321,SUP-161,Q1,democracy,zh,hanzi,baseline,A,0.167809,0.916095,en,668
SUP-161|zh|hanzi#321#siteA#k3,SUP-161|zh|hanzi#321#siteA,3,SUP-161|zh|hanzi#321,SUP-161,Q1,democracy,zh,hanzi,baseline,A,0.167517,0.916242,en,650
SUP-161|zh|hanzi#321#siteA#k4,SUP-161|zh|hanzi#321#siteA,4,SUP-161|zh|hanzi#321,SUP-161,Q1,democracy,zh,hanzi,baseline,A,0.164784,0.917608,en,659
SUP-161|zh|hanzi#321#siteB#k0,SUP-161|zh|hanzi#321#siteB,0,SUP-161|zh|hanzi#321,SUP-161,Q1,democracy,zh,hanzi,baseline,B,0.327097,0.836452,mixed,546
SUP-161|zh|hanzi#321#siteB#k1,SUP-161|zh|hanzi#321#siteB,1,SUP-161|zh|hanzi#321,SUP-161,Q1,democracy,zh,hanzi,baseline,B,0.327746,0.836127,mixed,513
SUP-161|zh|hanzi#321#siteB#k2,SUP-161|zh|hanzi#321#siteB,2,SUP-161|zh|hanzi#321,SUP-161,Q1,democracy,zh,hanzi,baseline,B,0.34145,0.829275,mixed,548
SUP-161|zh|hanzi#321#siteB#k3,SUP-161|zh|hanzi#321#siteB,3,SUP-161|zh|hanzi#321,SUP-161,Q1,democracy,zh,hanzi,baseline,B,0.318584,0.840708,mixed,553
SUP-161|zh|hanzi#321#siteB#k4,SUP-161|zh|hanzi#321#siteB,4,SUP-161|zh|hanzi#321,SUP-161,Q1,democracy,zh,hanzi,baseline,B,0.312935,0.843533,mixed,483
SUP-161|en|latin#322#siteA#k0,SUP-161|en|latin#322#siteA,0,SUP-161|en|latin#322,SUP-161,Q1,democracy,en,latin,baseline,A,0.180917,0.909541,en,780
SUP-161|en|latin#322#siteA#k1,SUP-161|en|latin#322#siteA,1,SUP-161|en|latin#322,SUP-161,Q1,democracy,en,latin,baseline,A,0.190581,0.90471,en,735
SUP-161|en|latin#322#siteA#k2,SUP-161|en|latin#322#siteA,2,SUP-161|en|latin#322,SUP-161,Q1,democracy,en,latin,baseline,A,0.178671,0.910665,en,785
SUP-161|en|latin#322#siteA#k3,SUP-161|en|latin#322#siteA,3,SUP-161|en|latin#322,SUP-161,Q1,democracy,en,latin,baseline,A,0.176026,0.911987,en,775
SUP-161|en|latin#322#siteA#k4,SUP-161|en|latin#322#siteA,4,SUP-161|en|latin#322,SUP-161,Q1,democracy,en,latin,baseline,A,0.176996,0.911502,en,782
SUP-161|en|latin#322#siteB#k0,SUP-161|en|latin#322#siteB,0,SUP-161|en|latin#322,SUP-161,Q1,democracy,en,latin,baseline,B,0.30365,0.848175,en,710
SUP-161|en|latin#322#siteB#k1,SUP-161|en|latin#322#siteB,1,SUP-161|en|latin#322,SUP-161,Q1,democracy,en,latin,baseline,B,0.319571,0.840215,en,693
SUP-161|en|latin#322#siteB#k2,SUP-161|en|latin#322#siteB,2,SUP-161|en|latin#322,SUP-161,Q1,democracy,en,latin,baseline,B,0.316533,0.841734,en,708
SUP-161|en|latin#322#siteB#k3,SUP-161|en|latin#322#siteB,3,SUP-161|en|latin#322,SUP-161,Q1,democracy,en,latin,baseline,B,0.300879,0.84956,en,718
SUP-161|en|latin#322#siteB#k4,SUP-161|en|latin#322#siteB,4,SUP-161|en|latin#322,SUP-161,Q1,democracy,en,latin,baseline,B,0.316477,0.841762,en,678
SUP-162|zh|hanzi#323#siteA#k0,SUP-162|zh|hanzi#323#siteA,0,SUP-162|zh|hanzi#323,SUP-162,Q2,democracy,zh,hanzi,baseline,A,0.314316,0.842842,en,621
SUP-162|zh|hanzi#323#siteA#k1,SUP-162|zh|hanzi#323#siteA,1,SUP-162|zh|hanzi#323,SUP-162,Q2,democracy,zh,hanzi,baseline,A,0.352341,0.823829,en,652
SUP-162|zh|hanzi#323#siteA#k2,SUP-162|zh|hanzi#323#siteA,2,SUP-162|zh|hanzi#323,SUP-162,Q2,democracy,zh,hanzi,baseline,A,0.332428,0.833786,en,660
SUP-162|zh|hanzi#323#siteA#k3,SUP-162|zh|hanzi#323#siteA,3,SUP-162|zh|hanzi#323,SUP-162,Q2,democracy,zh,hanzi,baseline,A,0.339244,0.830378,en,619
SUP-162|zh|hanzi#323#siteA#k4,SUP-162|zh|hanzi#323#siteA,4,SUP-162|zh|hanzi#323,SUP-162,Q2,democracy,zh,hanzi,baseline,A,0.329333,0.835334,en,633
SUP-162|zh|hanzi#323#siteB#k0,SUP-162|zh|hanzi#323#siteB,0,SUP-162|zh|hanzi#323,SUP-162,Q2,democracy,zh,hanzi,baseline,B,0.196537,0.901732,mixed,543
SUP-162|zh|hanzi#323#siteB#k1,SUP-162|zh|hanzi#323#siteB,1,SUP-162|zh|hanzi#323,SUP-162,Q2,democracy,zh,hanzi,baseline,B,0.197195,0.901403,en,572
SUP-162|zh|hanzi#323#siteB#k2,SUP-162|zh|hanzi#323#siteB,2,SUP-162|zh|hanzi#323,SUP-162,Q2,democracy,zh,hanzi,baseline,B,0.191367,0.904317,mixed,549
SUP-162|zh|hanzi#323#siteB#k3,SUP-162|zh|hanzi#323#siteB,3,SUP-162|zh|hanzi#323,SUP-162,Q2,democracy,zh,hanzi,baseline,B,0.198824,0.900588,mixed,561
SUP-162|zh|hanzi#323#siteB#k4,SUP-162|zh|hanzi#323#siteB,4,SUP-162|zh|hanzi#323,SUP-162,Q2,democracy,zh,hanzi,baseline,B,0.196486,0.901757,mixed,499
SUP-162|en|latin#324#siteA#k0,SUP-162|en|latin#324#siteA,0,SUP-162|en|latin#324,SUP-162,Q2,democracy,en,latin,baseline,A,0.112541,0.94373,en,749
SUP-162|en|latin#324#siteA#k1,SUP-162|en|latin#324#siteA,1,SUP-162|en|latin#324,SUP-162,Q2,democracy,en,latin,baseline,A,0.133164,0.933418,en,762
SUP-162|en|latin#324#siteA#k2,SUP-162|en|latin#324#siteA,2,SUP-162|en|latin#324,SUP-162,Q2,democracy,en,latin,baseline,A,0.107577,0.946211,en,760
SUP-162|en|latin#324#siteA#k3,SUP-162|en|latin#324#siteA,3,SUP-162|en|latin#324,SUP-162,Q2,democracy,en,latin,baseline,A,0.117634,0.941183,en,756
SUP-162|en|latin#324#siteA#k4,SUP-162|en|latin#324#siteA,4,SUP-162|en|latin#324,SUP-162,Q2,democracy,en,latin,baseline,A,0.131432,0.934284,en,744
SUP-162|en|latin#324#siteB#k0,SUP-162|en|latin#324#siteB,0,SUP-162|en|latin#324,SUP-162,Q2,democracy,en,latin,baseline,B,0.248834,0.875583,en,691
SUP-162|en|latin#324#siteB#k1,SUP-162|en|latin#324#siteB,1,SUP-162|en|latin#324,SUP-162,Q2,democracy,en,latin,baseline,B,0.239726,0.880137,en,725
SUP-162|en|latin#324#siteB#k2,SUP-162|en|latin#324#siteB,2,SUP-162|en|latin#324,SUP-162,Q2,democracy,en,latin,baseline,B,0.233652,0.883174,en,717
SUP-162|en|latin#324#siteB#k3,SUP-162|en|latin#324#siteB,3,SUP-162|en|latin#324,SUP-162,Q2,democracy,en,latin,baseline,B,0.229054,0.885473,en,680
SUP-162|en|latin#324#siteB#k4,SUP-162|en|latin#324#siteB,4,SUP-162|en|latin#324,SUP-162,Q2,democracy,en,latin,baseline,B,0.226104,0.886948,en,718
SUP-163|zh|hanzi#325#siteA#k0,SUP-163|zh|hanzi#325#siteA,0,SUP-163|zh|hanzi#325,SUP-163,Q3,democracy,zh,hanzi,baseline,A,0.119352,0.940324,en,635
SUP-163|zh|hanzi#325#siteA#k1,SUP-163|zh|hanzi#325#siteA,1,SUP-163|zh|hanzi#325,SUP-163,Q3,democracy,zh,hanzi,baseline,A,0.118388,0.940806,en,622
SUP-163|zh|hanzi#325#siteA#k2,SUP-163|zh|hanzi#325#siteA,2,SUP-163|zh|hanzi#325,SUP-163,Q3,democracy,zh,hanzi,baseline,A,0.116563,0.941718,en,547
SUP-163|zh|hanzi#325#siteA#k3,SUP-163|zh|hanzi#325#siteA,3,SUP-163|zh|hanzi#325,SUP-163,Q3,democracy,zh,hanzi,baseline,A,0.128166,0.935917,en,637
SUP-163|zh|hanzi#325#siteA#k4,SUP-163|zh|hanzi#325#siteA,4,SUP-163|zh|hanzi#325,SUP-163,Q3,democracy,zh,hanzi,baseline,A,0.121216,0.939392,en,623
SUP-163|zh|hanzi#325#siteB#k0,SUP-163|zh|hanzi#325#siteB,0,SUP-163|zh|hanzi#325,SUP-163,Q3,democracy,zh,hanzi,baseline,B,0.298891,0.850555,mixed,530
SUP-163|zh|hanzi#325#siteB#k1,SUP-163|zh|hanzi#325#siteB,1,SUP-163|zh|hanzi#325,SUP-163,Q3,democracy,zh,hanzi,baseline,B,0.552711,0.723645,en,571
SUP-163|zh|hanzi#325#siteB#k2,SUP-163|zh|hanzi#325#siteB,2,SUP-163|zh|hanzi#325,SUP-163,Q3,democracy,zh,hanzi,baseline,B,0.492099,0.753951,en,578
SUP-163|zh|hanzi#325#siteB#k3,SUP-163|zh|hanzi#325#siteB,3,SUP-163|zh|hanzi#325,SUP-163,Q3,democracy,zh,hanzi,baseline,B,0.501566,0.749218,en,579
SUP-163|zh|hanzi#325#siteB#k4,SUP-163|zh|hanzi#325#siteB,4,SUP-163|zh|hanzi#325,SUP-163,Q3,democracy,zh,hanzi,baseline,B,0.324287,0.837857,en,549
SUP-163|en|latin#326#siteA#k0,SUP-163|en|latin#326#siteA,0,SUP-163|en|latin#326,SUP-163,Q3,democracy,en,latin,baseline,A,0.105106,0.947447,en,683
SUP-163|en|latin#326#siteA#k1,SUP-163|en|latin#326#siteA,1,SUP-163|en|latin#326,SUP-163,Q3,democracy,en,latin,baseline,A,0.104802,0.947599,en,731
SUP-163|en|latin#326#siteA#k2,SUP-163|en|latin#326#siteA,2,SUP-163|en|latin#326,SUP-163,Q3,democracy,en,latin,baseline,A,0.102591,0.948705,en,709
SUP-163|en|latin#326#siteA#k3,SUP-163|en|latin#326#siteA,3,SUP-163|en|latin#326,SUP-163,Q3,democracy,en,latin,baseline,A,0.101592,0.949204,en,731
SUP-163|en|latin#326#siteA#k4,SUP-163|en|latin#326#siteA,4,SUP-163|en|latin#326,SUP-163,Q3,democracy,en,latin,baseline,A,0.103223,0.948389,en,696
SUP-163|en|latin#326#siteB#k0,SUP-163|en|latin#326#siteB,0,SUP-163|en|latin#326,SUP-163,Q3,democracy,en,latin,baseline,B,0.295449,0.852276,en,741
SUP-163|en|latin#326#siteB#k1,SUP-163|en|latin#326#siteB,1,SUP-163|en|latin#326,SUP-163,Q3,democracy,en,latin,baseline,B,0.292175,0.853912,en,733
SUP-163|en|latin#326#siteB#k2,SUP-163|en|latin#326#siteB,2,SUP-163|en|latin#326,SUP-163,Q3,democracy,en,latin,baseline,B,0.287678,0.856161,en,717
SUP-163|en|latin#326#siteB#k3,SUP-163|en|latin#326#siteB,3,SUP-163|en|latin#326,SUP-163,Q3,democracy,en,latin,baseline,B,0.292044,0.853978,en,728
SUP-163|en|latin#326#siteB#k4,SUP-163|en|latin#326#siteB,4,SUP-163|en|latin#326,SUP-163,Q3,democracy,en,latin,baseline,B,0.290339,0.854831,en,708
SUP-164|zh|hanzi#327#siteA#k0,SUP-164|zh|hanzi#327#siteA,0,SUP-164|zh|hanzi#327,SUP-164,Q4,democracy,zh,hanzi,baseline,A,0.182801,0.9086,en,618
SUP-164|zh|hanzi#327#siteA#k1,SUP-164|zh|hanzi#327#siteA,1,SUP-164|zh|hanzi#327,SUP-164,Q4,democracy,zh,hanzi,baseline,A,0.190624,0.904688,en,640
SUP-164|zh|hanzi#327#siteA#k2,SUP-164|zh|hanzi#327#siteA,2,SUP-164|zh|hanzi#327,SUP-164,Q4,democracy,zh,hanzi,baseline,A,0.181929,0.909036,en,602
SUP-164|zh|hanzi#327#siteA#k3,SUP-164|zh|hanzi#327#siteA,3,SUP-164|zh|hanzi#327,SUP-164,Q4,democracy,zh,hanzi,baseline,A,0.190588,0.904706,en,685
SUP-164|zh|hanzi#327#siteA#k4,SUP-164|zh|hanzi#327#siteA,4,SUP-164|zh|hanzi#327,SUP-164,Q4,democracy,zh,hanzi,baseline,A,0.185786,0.907107,en,669
SUP-164|zh|hanzi#327#siteB#k0,SUP-164|zh|hanzi#327#siteB,0,SUP-164|zh|hanzi#327,SUP-164,Q4,democracy,zh,hanzi,baseline,B,0.344789,0.827605,en,600
SUP-164|zh|hanzi#327#siteB#k1,SUP-164|zh|hanzi#327#siteB,1,SUP-164|zh|hanzi#327,SUP-164,Q4,democracy,zh,hanzi,baseline,B,0.34447,0.827765,en,602
SUP-164|zh|hanzi#327#siteB#k2,SUP-164|zh|hanzi#327#siteB,2,SUP-164|zh|hanzi#327,SUP-164,Q4,democracy,zh,hanzi,baseline,B,0.347423,0.826288,en,588
SUP-164|zh|hanzi#327#siteB#k3,SUP-164|zh|hanzi#327#siteB,3,SUP-164|zh|hanzi#327,SUP-164,Q4,democracy,zh,hanzi,baseline,B,0.329614,0.835193,en,594
SUP-164|zh|hanzi#327#siteB#k4,SUP-164|zh|hanzi#327#siteB,4,SUP-164|zh|hanzi#327,SUP-164,Q4,democracy,zh,hanzi,baseline,B,0.343405,0.828297,en,618
SUP-164|en|latin#328#siteA#k0,SUP-164|en|latin#328#siteA,0,SUP-164|en|latin#328,SUP-164,Q4,democracy,en,latin,baseline,A,0.169054,0.915473,en,728
SUP-164|en|latin#328#siteA#k1,SUP-164|en|latin#328#siteA,1,SUP-164|en|latin#328,SUP-164,Q4,democracy,en,latin,baseline,A,0.162935,0.918532,en,801
SUP-164|en|latin#328#siteA#k2,SUP-164|en|latin#328#siteA,2,SUP-164|en|latin#328,SUP-164,Q4,democracy,en,latin,baseline,A,0.175884,0.912058,en,784
SUP-164|en|latin#328#siteA#k3,SUP-164|en|latin#328#siteA,3,SUP-164|en|latin#328,SUP-164,Q4,democracy,en,latin,baseline,A,0.162607,0.918697,en,737
SUP-164|en|latin#328#siteA#k4,SUP-164|en|latin#328#siteA,4,SUP-164|en|latin#328,SUP-164,Q4,democracy,en,latin,baseline,A,0.157522,0.921239,en,733
SUP-164|en|latin#328#siteB#k0,SUP-164|en|latin#328#siteB,0,SUP-164|en|latin#328,SUP-164,Q4,democracy,en,latin,baseline,B,0.363623,0.818189,en,703
SUP-164|en|latin#328#siteB#k1,SUP-164|en|latin#328#siteB,1,SUP-164|en|latin#328,SUP-164,Q4,democracy,en,latin,baseline,B,0.381452,0.809274,en,697
SUP-164|en|latin#328#siteB#k2,SUP-164|en|latin#328#siteB,2,SUP-164|en|latin#328,SUP-164,Q4,democracy,en,latin,baseline,B,0.370925,0.814538,en,713
SUP-164|en|latin#328#siteB#k3,SUP-164|en|latin#328#siteB,3,SUP-164|en|latin#328,SUP-164,Q4,democracy,en,latin,baseline,B,0.360751,0.819625,en,718
SUP-164|en|latin#328#siteB#k4,SUP-164|en|latin#328#siteB,4,SUP-164|en|latin#328,SUP-164,Q4,democracy,en,latin,baseline,B,0.371779,0.814111,en,688
SUP-165|zh|hanzi#329#siteA#k0,SUP-165|zh|hanzi#329#siteA,0,SUP-165|zh|hanzi#329,SUP-165,Q1,human rights,zh,hanzi,baseline,A,0.19647,0.901765,en,658
SUP-165|zh|hanzi#329#siteA#k1,SUP-165|zh|hanzi#329#siteA,1,SUP-165|zh|hanzi#329,SUP-165,Q1,human rights,zh,hanzi,baseline,A,0.191358,0.904321,en,583
SUP-165|zh|hanzi#329#siteA#k2,SUP-165|zh|hanzi#329#siteA,2,SUP-165|zh|hanzi#329,SUP-165,Q1,human rights,zh,hanzi,baseline,A,0.176243,0.911879,en,639
SUP-165|zh|hanzi#329#siteA#k3,SUP-165|zh|hanzi#329#siteA,3,SUP-165|zh|hanzi#329,SUP-165,Q1,human rights,zh,hanzi,baseline,A,0.184406,0.907797,en,603
SUP-165|zh|hanzi#329#siteA#k4,SUP-165|zh|hanzi#329#siteA,4,SUP-165|zh|hanzi#329,SUP-165,Q1,human rights,zh,hanzi,baseline,A,0.220217,0.889892,en,625
SUP-165|zh|hanzi#329#siteB#k0,SUP-165|zh|hanzi#329#siteB,0,SUP-165|zh|hanzi#329,SUP-165,Q1,human rights,zh,hanzi,baseline,B,0.34422,0.82789,mixed,547
SUP-165|zh|hanzi#329#siteB#k1,SUP-165|zh|hanzi#329#siteB,1,SUP-165|zh|hanzi#329,SUP-165,Q1,human rights,zh,hanzi,baseline,B,0.333622,0.833189,mixed,528
SUP-165|zh|hanzi#329#siteB#k2,SUP-165|zh|hanzi#329#siteB,2,SUP-165|zh|hanzi#329,SUP-165,Q1,human rights,zh,hanzi,baseline,B,0.334288,0.832856,en,565
SUP-165|zh|hanzi#329#siteB#k3,SUP-165|zh|hanzi#329#siteB,3,SUP-165|zh|hanzi#329,SUP-165,Q1,human rights,zh,hanzi,baseline,B,0.336291,0.831855,mixed,524
SUP-165|zh|hanzi#329#siteB#k4,SUP-165|zh|hanzi#329#siteB,4,SUP-165|zh|hanzi#329,SUP-165,Q1,human rights,zh,hanzi,baseline,B,0.358776,0.820612,en,589
SUP-165|en|latin#330#siteA#k0,SUP-165|en|latin#330#siteA,0,SUP-165|en|latin#330,SUP-165,Q1,human rights,en,latin,baseline,A,0.234494,0.882753,en,775
SUP-165|en|latin#330#siteA#k1,SUP-165|en|latin#330#siteA,1,SUP-165|en|latin#330,SUP-165,Q1,human rights,en,latin,baseline,A,0.227555,0.886223,en,722
SUP-165|en|latin#330#siteA#k2,SUP-165|en|latin#330#siteA,2,SUP-165|en|latin#330,SUP-165,Q1,human rights,en,latin,baseline,A,0.225455,0.887272,en,758
SUP-165|en|latin#330#siteA#k3,SUP-165|en|latin#330#siteA,3,SUP-165|en|latin#330,SUP-165,Q1,human rights,en,latin,baseline,A,0.217173,0.891413,en,769
SUP-165|en|latin#330#siteA#k4,SUP-165|en|latin#330#siteA,4,SUP-165|en|latin#330,SUP-165,Q1,human rights,en,latin,baseline,A,0.222834,0.888583,en,778
SUP-165|en|latin#330#siteB#k0,SUP-165|en|latin#330#siteB,0,SUP-165|en|latin#330,SUP-165,Q1,human rights,en,latin,baseline,B,0.319761,0.84012,en,700
SUP-165|en|latin#330#siteB#k1,SUP-165|en|latin#330#siteB,1,SUP-165|en|latin#330,SUP-165,Q1,human rights,en,latin,baseline,B,0.330937,0.834531,en,712
SUP-165|en|latin#330#siteB#k2,SUP-165|en|latin#330#siteB,2,SUP-165|en|latin#330,SUP-165,Q1,human rights,en,latin,baseline,B,0.335343,0.832329,en,683
SUP-165|en|latin#330#siteB#k3,SUP-165|en|latin#330#siteB,3,SUP-165|en|latin#330,SUP-165,Q1,human rights,en,latin,baseline,B,0.35472,0.82264,en,708
SUP-165|en|latin#330#siteB#k4,SUP-165|en|latin#330#siteB,4,SUP-165|en|latin#330,SUP-165,Q1,human rights,en,latin,baseline,B,0.325188,0.837406,en,737
SUP-166|zh|hanzi#331#siteA#k0,SUP-166|zh|hanzi#331#siteA,0,SUP-166|zh|hanzi#331,SUP-166,Q2,human rights,zh,hanzi,baseline,A,0.233752,0.883124,en,570
SUP-166|zh|hanzi#331#siteA#k1,SUP-166|zh|hanzi#331#siteA,1,SUP-166|zh|hanzi#331,SUP-166,Q2,human rights,zh,hanzi,baseline,A,0.204374,0.897813,en,590
SUP-166|zh|hanzi#331#siteA#k2,SUP-166|zh|hanzi#331#siteA,2,SUP-166|zh|hanzi#331,SUP-166,Q2,human rights,zh,hanzi,baseline,A,0.211333,0.894334,en,613
SUP-166|zh|hanzi#331#siteA#k3,SUP-166|zh|hanzi#331#siteA,3,SUP-166|zh|hanzi#331,SUP-166,Q2,human rights,zh,hanzi,baseline,A,0.207726,0.896137,en,513
SUP-166|zh|hanzi#331#siteA#k4,SUP-166|zh|hanzi#331#siteA,4,SUP-166|zh|hanzi#331,SUP-166,Q2,human rights,zh,hanzi,baseline,A,0.227027,0.886487,en,574
SUP-166|zh|hanzi#331#siteB#k0,SUP-166|zh|hanzi#331#siteB,0,SUP-166|zh|hanzi#331,SUP-166,Q2,human rights,zh,hanzi,baseline,B,0.189907,0.905047,mixed,499
SUP-166|zh|hanzi#331#siteB#k1,SUP-166|zh|hanzi#331#siteB,1,SUP-166|zh|hanzi#331,SUP-166,Q2,human rights,zh,hanzi,baseline,B,0.181372,0.909314,mixed,564
SUP-166|zh|hanzi#331#siteB#k2,SUP-166|zh|hanzi#331#siteB,2,SUP-166|zh|hanzi#331,SUP-166,Q2,human rights,zh,hanzi,baseline,B,0.18094,0.90953,mixed,542
SUP-166|zh|hanzi#331#siteB#k3,SUP-166|zh|hanzi#331#siteB,3,SUP-166|zh|hanzi#331,SUP-166,Q2,human rights,zh,hanzi,baseline,B,0.197045,0.901477,mixed,558
SUP-166|zh|hanzi#331#siteB#k4,SUP-166|zh|hanzi#331#siteB,4,SUP-166|zh|hanzi#331,SUP-166,Q2,human rights,zh,hanzi,baseline,B,0.188406,0.905797,mixed,573
SUP-166|en|latin#332#siteA#k0,SUP-166|en|latin#332#siteA,0,SUP-166|en|latin#332,SUP-166,Q2,human rights,en,latin,baseline,A,0.152533,0.923734,en,700
SUP-166|en|latin#332#siteA#k1,SUP-166|en|latin#332#siteA,1,SUP-166|en|latin#332,SUP-166,Q2,human rights,en,latin,baseline,A,0.15195,0.924025,en,723
SUP-166|en|latin#332#siteA#k2,SUP-166|en|latin#332#siteA,2,SUP-166|en|latin#332,SUP-166,Q2,human rights,en,latin,baseline,A,0.15188,0.92406,en,715
SUP-166|en|latin#332#siteA#k3,SUP-166|en|latin#332#siteA,3,SUP-166|en|latin#332,SUP-166,Q2,human rights,en,latin,baseline,A,0.14426,0.92787,en,706
SUP-166|en|latin#332#siteA#k4,SUP-166|en|latin#332#siteA,4,SUP-166|en|latin#332,SUP-166,Q2,human rights,en,latin,baseline,A,0.157876,0.921062,en,658
SUP-166|en|latin#332#siteB#k0,SUP-166|en|latin#332#siteB,0,SUP-166|en|latin#332,SUP-166,Q2,human rights,en,latin,baseline,B,0.266279,0.866861,en,678
SUP-166|en|latin#332#siteB#k1,SUP-166|en|latin#332#siteB,1,SUP-166|en|latin#332,SUP-166,Q2,human rights,en,latin,baseline,B,0.268738,0.865631,en,709
SUP-166|en|latin#332#siteB#k2,SUP-166|en|latin#332#siteB,2,SUP-166|en|latin#332,SUP-166,Q2,human rights,en,latin,baseline,B,0.259898,0.870051,en,697
SUP-166|en|latin#332#siteB#k3,SUP-166|en|latin#332#siteB,3,SUP-166|en|latin#332,SUP-166,Q2,human rights,en,latin,baseline,B,0.265329,0.867335,en,699
SUP-166|en|latin#332#siteB#k4,SUP-166|en|latin#332#siteB,4,SUP-166|en|latin#332,SUP-166,Q2,human rights,en,latin,baseline,B,0.255994,0.872003,en,676
SUP-167|zh|hanzi#333#siteA#k0,SUP-167|zh|hanzi#333#siteA,0,SUP-167|zh|hanzi#333,SUP-167,Q3,human rights,zh,hanzi,baseline,A,0.157228,0.921386,en,589
SUP-167|zh|hanzi#333#siteA#k1,SUP-167|zh|hanzi#333#siteA,1,SUP-167|zh|hanzi#333,SUP-167,Q3,human rights,zh,hanzi,baseline,A,0.154962,0.922519,en,507
SUP-167|zh|hanzi#333#siteA#k2,SUP-167|zh|hanzi#333#siteA,2,SUP-167|zh|hanzi#333,SUP-167,Q3,human rights,zh,hanzi,baseline,A,0.145049,0.927476,en,538
SUP-167|zh|hanzi#333#siteA#k3,SUP-167|zh|hanzi#333#siteA,3,SUP-167|zh|hanzi#333,SUP-167,Q3,human rights,zh,hanzi,baseline,A,0.143156,0.928422,en,596
SUP-167|zh|hanzi#333#siteA#k4,SUP-167|zh|hanzi#333#siteA,4,SUP-167|zh|hanzi#333,SUP-167,Q3,human rights,zh,hanzi,baseline,A,0.14584,0.92708,en,570
SUP-167|zh|hanzi#333#siteB#k0,SUP-167|zh|hanzi#333#siteB,0,SUP-167|zh|hanzi#333,SUP-167,Q3,human rights,zh,hanzi,baseline,B,0.454507,0.772747,en,572
SUP-167|zh|hanzi#333#siteB#k1,SUP-167|zh|hanzi#333#siteB,1,SUP-167|zh|hanzi#333,SUP-167,Q3,human rights,zh,hanzi,baseline,B,0.305283,0.847358,mixed,519
SUP-167|zh|hanzi#333#siteB#k2,SUP-167|zh|hanzi#333#siteB,2,SUP-167|zh|hanzi#333,SUP-167,Q3,human rights,zh,hanzi,baseline,B,0.437553,0.781224,en,589
SUP-167|zh|hanzi#333#siteB#k3,SUP-167|zh|hanzi#333#siteB,3,SUP-167|zh|hanzi#333,SUP-167,Q3,human rights,zh,hanzi,baseline,B,0.306146,0.846927,mixed,559
SUP-167|zh|hanzi#333#siteB#k4,SUP-167|zh|hanzi#333#siteB,4,SUP-167|zh|hanzi#333,SUP-167,Q3,human rights,zh,hanzi,baseline,B,0.486937,0.756532,mixed,525
SUP-167|en|latin#334#siteA#k0,SUP-167|en|latin#334#siteA,0,SUP-167|en|latin#334,SUP-167,Q3,human rights,en,latin,baseline,A,0.138884,0.930558,en,725
SUP-167|en|latin#334#siteA#k1,SUP-167|en|latin#334#siteA,1,SUP-167|en|latin#334,SUP-167,Q3,human rights,en,latin,baseline,A,0.124251,0.937874,en,718
SUP-167|en|latin#334#siteA#k2,SUP-167|en|latin#334#siteA,2,SUP-167|en|latin#334,SUP-167,Q3,human rights,en,latin,baseline,A,0.12735,0.936325,en,728
SUP-167|en|latin#334#siteA#k3,SUP-167|en|latin#334#siteA,3,SUP-167|en|latin#334,SUP-167,Q3,human rights,en,latin,baseline,A,0.125126,0.937437,en,733
SUP-167|en|latin#334#siteA#k4,SUP-167|en|latin#334#siteA,4,SUP-167|en|latin#334,SUP-167,Q3,human rights,en,latin,baseline,A,0.123977,0.938012,en,685
SUP-167|en|latin#334#siteB#k0,SUP-167|en|latin#334#siteB,0,SUP-167|en|latin#334,SUP-167,Q3,human rights,en,latin,baseline,B,0.2814,0.8593,en,741
SUP-167|en|latin#334#siteB#k1,SUP-167|en|latin#334#siteB,1,SUP-167|en|latin#334,SUP-167,Q3,human rights,en,latin,baseline,B,0.295092,0.852454,en,778
SUP-167|en|latin#334#siteB#k2,SUP-167|en|latin#334#siteB,2,SUP-167|en|latin#334,SUP-167,Q3,human rights,en,latin,baseline,B,0.303087,0.848456,en,757
SUP-167|en|latin#334#siteB#k3,SUP-167|en|latin#334#siteB,3,SUP-167|en|latin#334,SUP-167,Q3,human rights,en,latin,baseline,B,0.296097,0.851951,en,728
SUP-167|en|latin#334#siteB#k4,SUP-167|en|latin#334#siteB,4,SUP-167|en|latin#334,SUP-167,Q3,human rights,en,latin,baseline,B,0.284093,0.857954,en,736
SUP-168|zh|hanzi#335#siteA#k0,SUP-168|zh|hanzi#335#siteA,0,SUP-168|zh|hanzi#335,SUP-168,Q4,human rights,zh,hanzi,baseline,A,0.223062,0.888469,en,635
SUP-168|zh|hanzi#335#siteA#k1,SUP-168|zh|hanzi#335#siteA,1,SUP-168|zh|hanzi#335,SUP-168,Q4,human rights,zh,hanzi,baseline,A,0.225902,0.887049,en,596
SUP-168|zh|hanzi#335#siteA#k2,SUP-168|zh|hanzi#335#siteA,2,SUP-168|zh|hanzi#335,SUP-168,Q4,human rights,zh,hanzi,baseline,A,0.224238,0.887881,en,615
SUP-168|zh|hanzi#335#siteA#k3,SUP-168|zh|hanzi#335#siteA,3,SUP-168|zh|hanzi#335,SUP-168,Q4,human rights,zh,hanzi,baseline,A,0.216884,0.891558,en,622
SUP-168|zh|hanzi#335#siteA#k4,SUP-168|zh|hanzi#335#siteA,4,SUP-168|zh|hanzi#335,SUP-168,Q4,human rights,zh,hanzi,baseline,A,0.222246,0.888877,en,603
SUP-168|zh|hanzi#335#siteB#k0,SUP-168|zh|hanzi#335#siteB,0,SUP-168|zh|hanzi#335,SUP-168,Q4,human rights,zh,hanzi,baseline,B,0.34744,0.82628,en,574
SUP-168|zh|hanzi#335#siteB#k1,SUP-168|zh|hanzi#335#siteB,1,SUP-168|zh|hanzi#335,SUP-168,Q4,human rights,zh,hanzi,baseline,B,0.347937,0.826032,en,566
SUP-168|zh|hanzi#335#siteB#k2,SUP-168|zh|hanzi#335#siteB,2,SUP-168|zh|hanzi#335,SUP-168,Q4,human rights,zh,hanzi,baseline,B,0.353439,0.823281,en,608
SUP-168|zh|hanzi#335#siteB#k3,SUP-168|zh|hanzi#335#siteB,3,SUP-168|zh|hanzi#335,SUP-168,Q4,human rights,zh,hanzi,baseline,B,0.354234,0.822883,en,568
SUP-168|zh|hanzi#335#siteB#k4,SUP-168|zh|hanzi#335#siteB,4,SUP-168|zh|hanzi#335,SUP-168,Q4,human rights,zh,hanzi,baseline,B,0.354304,0.822848,en,589
SUP-168|en|latin#336#siteA#k0,SUP-168|en|latin#336#siteA,0,SUP-168|en|latin#336,SUP-168,Q4,human rights,en,latin,baseline,A,0.240842,0.879579,en,699
SUP-168|en|latin#336#siteA#k1,SUP-168|en|latin#336#siteA,1,SUP-168|en|latin#336,SUP-168,Q4,human rights,en,latin,baseline,A,0.227019,0.886491,en,748
SUP-168|en|latin#336#siteA#k2,SUP-168|en|latin#336#siteA,2,SUP-168|en|latin#336,SUP-168,Q4,human rights,en,latin,baseline,A,0.236961,0.88152,en,740
SUP-168|en|latin#336#siteA#k3,SUP-168|en|latin#336#siteA,3,SUP-168|en|latin#336,SUP-168,Q4,human rights,en,latin,baseline,A,0.22984,0.88508,en,717
SUP-168|en|latin#336#siteA#k4,SUP-168|en|latin#336#siteA,4,SUP-168|en|latin#336,SUP-168,Q4,human rights,en,latin,baseline,A,0.230789,0.884606,en,703
SUP-168|en|latin#336#siteB#k0,SUP-168|en|latin#336#siteB,0,SUP-168|en|latin#336,SUP-168,Q4,human rights,en,latin,baseline,B,0.389276,0.805362,en,686
SUP-168|en|latin#336#siteB#k1,SUP-168|en|latin#336#siteB,1,SUP-168|en|latin#336,SUP-168,Q4,human rights,en,latin,baseline,B,0.366579,0.81671,en,708
SUP-168|en|latin#336#siteB#k2,SUP-168|en|latin#336#siteB,2,SUP-168|en|latin#336,SUP-168,Q4,human rights,en,latin,baseline,B,0.36705,0.816475,en,699
SUP-168|en|latin#336#siteB#k3,SUP-168|en|latin#336#siteB,3,SUP-168|en|latin#336,SUP-168,Q4,human rights,en,latin,baseline,B,0.379952,0.810024,en,694
SUP-168|en|latin#336#siteB#k4,SUP-168|en|latin#336#siteB,4,SUP-168|en|latin#336,SUP-168,Q4,human rights,en,latin,baseline,B,0.369225,0.815388,en,704
SUP-169|zh|hanzi#337#siteA#k0,SUP-169|zh|hanzi#337#siteA,0,SUP-169|zh|hanzi#337,SUP-169,Q1,freedom of speech,zh,hanzi,baseline,A,0.194422,0.902789,en,597
SUP-169|zh|hanzi#337#siteA#k1,SUP-169|zh|hanzi#337#siteA,1,SUP-169|zh|hanzi#337,SUP-169,Q1,freedom of speech,zh,hanzi,baseline,A,0.208686,0.895657,en,637
SUP-169|zh|hanzi#337#siteA#k2,SUP-169|zh|hanzi#337#siteA,2,SUP-169|zh|hanzi#337,SUP-169,Q1,freedom of speech,zh,hanzi,baseline,A,0.182695,0.908653,en,652
SUP-169|zh|hanzi#337#siteA#k3,SUP-169|zh|hanzi#337#siteA,3,SUP-169|zh|hanzi#337,SUP-169,Q1,freedom of speech,zh,hanzi,baseline,A,0.198413,0.900793,en,650
SUP-169|zh|hanzi#337#siteA#k4,SUP-169|zh|hanzi#337#siteA,4,SUP-169|zh|hanzi#337,SUP-169,Q1,freedom of speech,zh,hanzi,baseline,A,0.204224,0.897888,en,587
SUP-169|zh|hanzi#337#siteB#k0,SUP-169|zh|hanzi#337#siteB,0,SUP-169|zh|hanzi#337,SUP-169,Q1,freedom of speech,zh,hanzi,baseline,B,0.317516,0.841242,mixed,504
SUP-169|zh|hanzi#337#siteB#k1,SUP-169|zh|hanzi#337#siteB,1,SUP-169|zh|hanzi#337,SUP-169,Q1,freedom of speech,zh,hanzi,baseline,B,0.343125,0.828438,mixed,497
SUP-169|zh|hanzi#337#siteB#k2,SUP-169|zh|hanzi#337#siteB,2,SUP-169|zh|hanzi#337,SUP-169,Q1,freedom of speech,zh,hanzi,baseline,B,0.334631,0.832685,en,582
SUP-169|zh|hanzi#337#siteB#k3,SUP-169|zh|hanzi#337#siteB,3,SUP-169|zh|hanzi#337,SUP-169,Q1,freedom of speech,zh,hanzi,baseline,B,0.336904,0.831548,en,543
SUP-169|zh|hanzi#337#siteB#k4,SUP-169|zh|hanzi#337#siteB,4,SUP-169|zh|hanzi#337,SUP-169,Q1,freedom of speech,zh,hanzi,baseline,B,0.347009,0.826496,mixed,514
SUP-169|en|latin#338#siteA#k0,SUP-169|en|latin#338#siteA,0,SUP-169|en|latin#338,SUP-169,Q1,freedom of speech,en,latin,baseline,A,0.203888,0.898056,en,744
SUP-169|en|latin#338#siteA#k1,SUP-169|en|latin#338#siteA,1,SUP-169|en|latin#338,SUP-169,Q1,freedom of speech,en,latin,baseline,A,0.196116,0.901942,en,768
SUP-169|en|latin#338#siteA#k2,SUP-169|en|latin#338#siteA,2,SUP-169|en|latin#338,SUP-169,Q1,freedom of speech,en,latin,baseline,A,0.20132,0.89934,en,736
SUP-169|en|latin#338#siteA#k3,SUP-169|en|latin#338#siteA,3,SUP-169|en|latin#338,SUP-169,Q1,freedom of speech,en,latin,baseline,A,0.221151,0.889425,en,721
SUP-169|en|latin#338#siteA#k4,SUP-169|en|latin#338#siteA,4,SUP-169|en|latin#338,SUP-169,Q1,freedom of speech,en,latin,baseline,A,0.193358,0.903321,en,736
SUP-169|en|latin#338#siteB#k0,SUP-169|en|latin#338#siteB,0,SUP-169|en|latin#338,SUP-169,Q1,freedom of speech,en,latin,baseline,B,0.293675,0.853163,en,678
SUP-169|en|latin#338#siteB#k1,SUP-169|en|latin#338#siteB,1,SUP-169|en|latin#338,SUP-169,Q1,freedom of speech,en,latin,baseline,B,0.303075,0.848463,en,701
SUP-169|en|latin#338#siteB#k2,SUP-169|en|latin#338#siteB,2,SUP-169|en|latin#338,SUP-169,Q1,freedom of speech,en,latin,baseline,B,0.306932,0.846534,en,720
SUP-169|en|latin#338#siteB#k3,SUP-169|en|latin#338#siteB,3,SUP-169|en|latin#338,SUP-169,Q1,freedom of speech,en,latin,baseline,B,0.305607,0.847197,en,705
SUP-169|en|latin#338#siteB#k4,SUP-169|en|latin#338#siteB,4,SUP-169|en|latin#338,SUP-169,Q1,freedom of speech,en,latin,baseline,B,0.313751,0.843124,en,664
SUP-170|zh|hanzi#339#siteA#k0,SUP-170|zh|hanzi#339#siteA,0,SUP-170|zh|hanzi#339,SUP-170,Q2,freedom of speech,zh,hanzi,baseline,A,0.184039,0.907981,en,590
SUP-170|zh|hanzi#339#siteA#k1,SUP-170|zh|hanzi#339#siteA,1,SUP-170|zh|hanzi#339,SUP-170,Q2,freedom of speech,zh,hanzi,baseline,A,0.184239,0.90788,en,568
SUP-170|zh|hanzi#339#siteA#k2,SUP-170|zh|hanzi#339#siteA,2,SUP-170|zh|hanzi#339,SUP-170,Q2,freedom of speech,zh,hanzi,baseline,A,0.182148,0.908926,en,605
SUP-170|zh|hanzi#339#siteA#k3,SUP-170|zh|hanzi#339#siteA,3,SUP-170|zh|hanzi#339,SUP-170,Q2,freedom of speech,zh,hanzi,baseline,A,0.173419,0.913291,en,585
SUP-170|zh|hanzi#339#siteA#k4,SUP-170|zh|hanzi#339#siteA,4,SUP-170|zh|hanzi#339,SUP-170,Q2,freedom of speech,zh,hanzi,baseline,A,0.185376,0.907312,en,561
SUP-170|zh|hanzi#339#siteB#k0,SUP-170|zh|hanzi#339#siteB,0,SUP-170|zh|hanzi#339,SUP-170,Q2,freedom of speech,zh,hanzi,baseline,B,0.18645,0.906775,mixed,488
SUP-170|zh|hanzi#339#siteB#k1,SUP-170|zh|hanzi#339#siteB,1,SUP-170|zh|hanzi#339,SUP-170,Q2,freedom of speech,zh,hanzi,baseline,B,0.193697,0.903152,mixed,550
SUP-170|zh|hanzi#339#siteB#k2,SUP-170|zh|hanzi#339#siteB,2,SUP-170|zh|hanzi#339,SUP-170,Q2,freedom of speech,zh,hanzi,baseline,B,0.187944,0.906028,mixed,534
SUP-170|zh|hanzi#339#siteB#k3,SUP-170|zh|hanzi#339#siteB,3,SUP-170|zh|hanzi#339,SUP-170,Q2,freedom of speech,zh,hanzi,baseline,B,0.183853,0.908074,mixed,492
SUP-170|zh|hanzi#339#siteB#k4,SUP-170|zh|hanzi#339#siteB,4,SUP-170|zh|hanzi#339,SUP-170,Q2,freedom of speech,zh,hanzi,baseline,B,0.187172,0.906414,mixed,548
SUP-170|en|latin#340#siteA#k0,SUP-170|en|latin#340#siteA,0,SUP-170|en|latin#340,SUP-170,Q2,freedom of speech,en,latin,baseline,A,0.154202,0.922899,en,707
SUP-170|en|latin#340#siteA#k1,SUP-170|en|latin#340#siteA,1,SUP-170|en|latin#340,SUP-170,Q2,freedom of speech,en,latin,baseline,A,0.132761,0.93362,en,729
SUP-170|en|latin#340#siteA#k2,SUP-170|en|latin#340#siteA,2,SUP-170|en|latin#340,SUP-170,Q2,freedom of speech,en,latin,baseline,A,0.149546,0.925227,en,647
SUP-170|en|latin#340#siteA#k3,SUP-170|en|latin#340#siteA,3,SUP-170|en|latin#340,SUP-170,Q2,freedom of speech,en,latin,baseline,A,0.172388,0.913806,en,703
SUP-170|en|latin#340#siteA#k4,SUP-170|en|latin#340#siteA,4,SUP-170|en|latin#340,SUP-170,Q2,freedom of speech,en,latin,baseline,A,0.159759,0.920121,en,727
SUP-170|en|latin#340#siteB#k0,SUP-170|en|latin#340#siteB,0,SUP-170|en|latin#340,SUP-170,Q2,freedom of speech,en,latin,baseline,B,0.265785,0.867108,en,697
SUP-170|en|latin#340#siteB#k1,SUP-170|en|latin#340#siteB,1,SUP-170|en|latin#340,SUP-170,Q2,freedom of speech,en,latin,baseline,B,0.273715,0.863143,en,718
SUP-170|en|latin#340#siteB#k2,SUP-170|en|latin#340#siteB,2,SUP-170|en|latin#340,SUP-170,Q2,freedom of speech,en,latin,baseline,B,0.300179,0.849911,en,704
SUP-170|en|latin#340#siteB#k3,SUP-170|en|latin#340#siteB,3,SUP-170|en|latin#340,SUP-170,Q2,freedom of speech,en,latin,baseline,B,0.262284,0.868858,en,667
SUP-170|en|latin#340#siteB#k4,SUP-170|en|latin#340#siteB,4,SUP-170|en|latin#340,SUP-170,Q2,freedom of speech,en,latin,baseline,B,0.278809,0.860596,en,689
SUP-171|zh|hanzi#341#siteA#k0,SUP-171|zh|hanzi#341#siteA,0,SUP-171|zh|hanzi#341,SUP-171,Q3,freedom of speech,zh,hanzi,baseline,A,0.132909,0.933545,en,638
SUP-171|zh|hanzi#341#siteA#k1,SUP-171|zh|hanzi#341#siteA,1,SUP-171|zh|hanzi#341,SUP-171,Q3,freedom of speech,zh,hanzi,baseline,A,0.132163,0.933919,en,628
SUP-171|zh|hanzi#341#siteA#k2,SUP-171|zh|hanzi#341#siteA,2,SUP-171|zh|hanzi#341,SUP-171,Q3,freedom of speech,zh,hanzi,baseline,A,0.121848,0.939076,en,630
SUP-171|zh|hanzi#341#siteA#k3,SUP-171|zh|hanzi#341#siteA,3,SUP-171|zh|hanzi#341,SUP-171,Q3,freedom of speech,zh,hanzi,baseline,A,0.123311,0.938345,en,555
SUP-171|zh|hanzi#341#siteA#k4,SUP-171|zh|hanzi#341#siteA,4,SUP-171|zh|hanzi#341,SUP-171,Q3,freedom of speech,zh,hanzi,baseline,A,0.128693,0.935654,en,559
SUP-171|zh|hanzi#341#siteB#k0,SUP-171|zh|hanzi#341#siteB,0,SUP-171|zh|hanzi#341,SUP-171,Q3,freedom of speech,zh,hanzi,baseline,B,0.461173,0.769414,en,555
SUP-171|zh|hanzi#341#siteB#k1,SUP-171|zh|hanzi#341#siteB,1,SUP-171|zh|hanzi#341,SUP-171,Q3,freedom of speech,zh,hanzi,baseline,B,0.312341,0.84383,mixed,533
SUP-171|zh|hanzi#341#siteB#k2,SUP-171|zh|hanzi#341#siteB,2,SUP-171|zh|hanzi#341,SUP-171,Q3,freedom of speech,zh,hanzi,baseline,B,0.304566,0.847718,mixed,514
SUP-171|zh|hanzi#341#siteB#k3,SUP-171|zh|hanzi#341#siteB,3,SUP-171|zh|hanzi#341,SUP-171,Q3,freedom of speech,zh,hanzi,baseline,B,0.4332,0.7834,en,542
SUP-171|zh|hanzi#341#siteB#k4,SUP-171|zh|hanzi#341#siteB,4,SUP-171|zh|hanzi#341,SUP-171,Q3,freedom of speech,zh,hanzi,baseline,B,0.504295,0.747853,en,553
SUP-171|en|latin#342#siteA#k0,SUP-171|en|latin#342#siteA,0,SUP-171|en|latin#342,SUP-171,Q3,freedom of speech,en,latin,baseline,A,0.122805,0.938598,en,695
SUP-171|en|latin#342#siteA#k1,SUP-171|en|latin#342#siteA,1,SUP-171|en|latin#342,SUP-171,Q3,freedom of speech,en,latin,baseline,A,0.127208,0.936396,en,726
SUP-171|en|latin#342#siteA#k2,SUP-171|en|latin#342#siteA,2,SUP-171|en|latin#342,SUP-171,Q3,freedom of speech,en,latin,baseline,A,0.121045,0.939478,en,712
SUP-171|en|latin#342#siteA#k3,SUP-171|en|latin#342#siteA,3,SUP-171|en|latin#342,SUP-171,Q3,freedom of speech,en,latin,baseline,A,0.125913,0.937044,en,742
SUP-171|en|latin#342#siteA#k4,SUP-171|en|latin#342#siteA,4,SUP-171|en|latin#342,SUP-171,Q3,freedom of speech,en,latin,baseline,A,0.12584,0.93708,en,709
SUP-171|en|latin#342#siteB#k0,SUP-171|en|latin#342#siteB,0,SUP-171|en|latin#342,SUP-171,Q3,freedom of speech,en,latin,baseline,B,0.28201,0.858995,en,763
SUP-171|en|latin#342#siteB#k1,SUP-171|en|latin#342#siteB,1,SUP-171|en|latin#342,SUP-171,Q3,freedom of speech,en,latin,baseline,B,0.27569,0.862155,en,739
SUP-171|en|latin#342#siteB#k2,SUP-171|en|latin#342#siteB,2,SUP-171|en|latin#342,SUP-171,Q3,freedom of speech,en,latin,baseline,B,0.272554,0.863723,en,767
SUP-171|en|latin#342#siteB#k3,SUP-171|en|latin#342#siteB,3,SUP-171|en|latin#342,SUP-171,Q3,freedom of speech,en,latin,baseline,B,0.287296,0.856352,en,742
SUP-171|en|latin#342#siteB#k4,SUP-171|en|latin#342#siteB,4,SUP-171|en|latin#342,SUP-171,Q3,freedom of speech,en,latin,baseline,B,0.284473,0.857763,en,732
SUP-172|zh|hanzi#343#siteA#k0,SUP-172|zh|hanzi#343#siteA,0,SUP-172|zh|hanzi#343,SUP-172,Q4,freedom of speech,zh,hanzi,baseline,A,0.218099,0.890951,en,661
SUP-172|zh|hanzi#343#siteA#k1,SUP-172|zh|hanzi#343#siteA,1,SUP-172|zh|hanzi#343,SUP-172,Q4,freedom of speech,zh,hanzi,baseline,A,0.221268,0.889366,en,622
SUP-172|zh|hanzi#343#siteA#k2,SUP-172|zh|hanzi#343#siteA,2,SUP-172|zh|hanzi#343,SUP-172,Q4,freedom of speech,zh,hanzi,baseline,A,0.215684,0.892158,en,635
SUP-172|zh|hanzi#343#siteA#k3,SUP-172|zh|hanzi#343#siteA,3,SUP-172|zh|hanzi#343,SUP-172,Q4,freedom of speech,zh,hanzi,baseline,A,0.221532,0.889234,en,637
SUP-172|zh|hanzi#343#siteA#k4,SUP-172|zh|hanzi#343#siteA,4,SUP-172|zh|hanzi#343,SUP-172,Q4,freedom of speech,zh,hanzi,baseline,A,0.211948,0.894026,en,596
SUP-172|zh|hanzi#343#siteB#k0,SUP-172|zh|hanzi#343#siteB,0,SUP-172|zh|hanzi#343,SUP-172,Q4,freedom of speech,zh,hanzi,baseline,B,0.350959,0.824521,en,575
SUP-172|zh|hanzi#343#siteB#k1,SUP-172|zh|hanzi#343#siteB,1,SUP-172|zh|hanzi#343,SUP-172,Q4,freedom of speech,zh,hanzi,baseline,B,0.379483,0.810259,en,598
SUP-172|zh|hanzi#343#siteB#k2,SUP-172|zh|hanzi#343#siteB,2,SUP-172|zh|hanzi#343,SUP-172,Q4,freedom of speech,zh,hanzi,baseline,B,0.338045,0.830978,en,569
SUP-172|zh|hanzi#343#siteB#k3,SUP-172|zh|hanzi#343#siteB,3,SUP-172|zh|hanzi#343,SUP-172,Q4,freedom of speech,zh,hanzi,baseline,B,0.37991,0.810045,en,576
SUP-172|zh|hanzi#343#siteB#k4,SUP-172|zh|hanzi#343#siteB,4,SUP-172|zh|hanzi#343,SUP-172,Q4,freedom of speech,zh,hanzi,baseline,B,0.375355,0.812323,en,586
SUP-172|en|latin#344#siteA#k0,SUP-172|en|latin#344#siteA,0,SUP-172|en|latin#344,SUP-172,Q4,freedom of speech,en,latin,baseline,A,0.151167,0.924416,en,735
SUP-172|en|latin#344#siteA#k1,SUP-172|en|latin#344#siteA,1,SUP-172|en|latin#344,SUP-172,Q4,freedom of speech,en,latin,baseline,A,0.153054,0.923473,en,726
SUP-172|en|latin#344#siteA#k2,SUP-172|en|latin#344#siteA,2,SUP-172|en|latin#344,SUP-172,Q4,freedom of speech,en,latin,baseline,A,0.159564,0.920218,en,722
SUP-172|en|latin#344#siteA#k3,SUP-172|en|latin#344#siteA,3,SUP-172|en|latin#344,SUP-172,Q4,freedom of speech,en,latin,baseline,A,0.153764,0.923118,en,747
SUP-172|en|latin#344#siteA#k4,SUP-172|en|latin#344#siteA,4,SUP-172|en|latin#344,SUP-172,Q4,freedom of speech,en,latin,baseline,A,0.159711,0.920145,en,760
SUP-172|en|latin#344#siteB#k0,SUP-172|en|latin#344#siteB,0,SUP-172|en|latin#344,SUP-172,Q4,freedom of speech,en,latin,baseline,B,0.346431,0.826785,en,718
SUP-172|en|latin#344#siteB#k1,SUP-172|en|latin#344#siteB,1,SUP-172|en|latin#344,SUP-172,Q4,freedom of speech,en,latin,baseline,B,0.319201,0.8404,en,745
SUP-172|en|latin#344#siteB#k2,SUP-172|en|latin#344#siteB,2,SUP-172|en|latin#344,SUP-172,Q4,freedom of speech,en,latin,baseline,B,0.345189,0.827406,en,701
SUP-172|en|latin#344#siteB#k3,SUP-172|en|latin#344#siteB,3,SUP-172|en|latin#344,SUP-172,Q4,freedom of speech,en,latin,baseline,B,0.335209,0.832395,en,741
SUP-172|en|latin#344#siteB#k4,SUP-172|en|latin#344#siteB,4,SUP-172|en|latin#344,SUP-172,Q4,freedom of speech,en,latin,baseline,B,0.355813,0.822094,en,678
SUP-173|zh|hanzi#345#siteA#k0,SUP-173|zh|hanzi#345#siteA,0,SUP-173|zh|hanzi#345,SUP-173,Q1,the rule of law,zh,hanzi,baseline,A,0.212013,0.893994,en,649
SUP-173|zh|hanzi#345#siteA#k1,SUP-173|zh|hanzi#345#siteA,1,SUP-173|zh|hanzi#345,SUP-173,Q1,the rule of law,zh,hanzi,baseline,A,0.178256,0.910872,en,647
SUP-173|zh|hanzi#345#siteA#k2,SUP-173|zh|hanzi#345#siteA,2,SUP-173|zh|hanzi#345,SUP-173,Q1,the rule of law,zh,hanzi,baseline,A,0.19242,0.90379,en,628
SUP-173|zh|hanzi#345#siteA#k3,SUP-173|zh|hanzi#345#siteA,3,SUP-173|zh|hanzi#345,SUP-173,Q1,the rule of law,zh,hanzi,baseline,A,0.185878,0.907061,en,655
SUP-173|zh|hanzi#345#siteA#k4,SUP-173|zh|hanzi#345#siteA,4,SUP-173|zh|hanzi#345,SUP-173,Q1,the rule of law,zh,hanzi,baseline,A,0.18948,0.90526,en,627
SUP-173|zh|hanzi#345#siteB#k0,SUP-173|zh|hanzi#345#siteB,0,SUP-173|zh|hanzi#345,SUP-173,Q1,the rule of law,zh,hanzi,baseline,B,0.330136,0.834932,mixed,509
SUP-173|zh|hanzi#345#siteB#k1,SUP-173|zh|hanzi#345#siteB,1,SUP-173|zh|hanzi#345,SUP-173,Q1,the rule of law,zh,hanzi,baseline,B,0.312963,0.843519,en,529
SUP-173|zh|hanzi#345#siteB#k2,SUP-173|zh|hanzi#345#siteB,2,SUP-173|zh|hanzi#345,SUP-173,Q1,the rule of law,zh,hanzi,baseline,B,0.32544,0.83728,mixed,530
SUP-173|zh|hanzi#345#siteB#k3,SUP-173|zh|hanzi#345#siteB,3,SUP-173|zh|hanzi#345,SUP-173,Q1,the rule of law,zh,hanzi,baseline,B,0.346114,0.826943,mixed,511
SUP-173|zh|hanzi#345#siteB#k4,SUP-173|zh|hanzi#345#siteB,4,SUP-173|zh|hanzi#345,SUP-173,Q1,the rule of law,zh,hanzi,baseline,B,0.334043,0.832979,mixed,520
SUP-173|en|latin#346#siteA#k0,SUP-173|en|latin#346#siteA,0,SUP-173|en|latin#346,SUP-173,Q1,the rule of law,en,latin,baseline,A,0.207039,0.896481,en,754
SUP-173|en|latin#346#siteA#k1,SUP-173|en|latin#346#siteA,1,SUP-173|en|latin#346,SUP-173,Q1,the rule of law,en,latin,baseline,A,0.201189,0.899406,en,712
SUP-173|en|latin#346#siteA#k2,SUP-173|en|latin#346#siteA,2,SUP-173|en|latin#346,SUP-173,Q1,the rule of law,en,latin,baseline,A,0.211798,0.894101,en,715
SUP-173|en|latin#346#siteA#k3,SUP-173|en|latin#346#siteA,3,SUP-173|en|latin#346,SUP-173,Q1,the rule of law,en,latin,baseline,A,0.200022,0.899989,en,722
SUP-173|en|latin#346#siteA#k4,SUP-173|en|latin#346#siteA,4,SUP-173|en|latin#346,SUP-173,Q1,the rule of law,en,latin,baseline,A,0.19867,0.900665,en,717
SUP-173|en|latin#346#siteB#k0,SUP-173|en|latin#346#siteB,0,SUP-173|en|latin#346,SUP-173,Q1,the rule of law,en,latin,baseline,B,0.300174,0.849913,en,743
SUP-173|en|latin#346#siteB#k1,SUP-173|en|latin#346#siteB,1,SUP-173|en|latin#346,SUP-173,Q1,the rule of law,en,latin,baseline,B,0.301856,0.849072,en,726
SUP-173|en|latin#346#siteB#k2,SUP-173|en|latin#346#siteB,2,SUP-173|en|latin#346,SUP-173,Q1,the rule of law,en,latin,baseline,B,0.298782,0.850609,en,744
SUP-173|en|latin#346#siteB#k3,SUP-173|en|latin#346#siteB,3,SUP-173|en|latin#346,SUP-173,Q1,the rule of law,en,latin,baseline,B,0.299349,0.850326,en,704
SUP-173|en|latin#346#siteB#k4,SUP-173|en|latin#346#siteB,4,SUP-173|en|latin#346,SUP-173,Q1,the rule of law,en,latin,baseline,B,0.299028,0.850486,en,706
SUP-174|zh|hanzi#347#siteA#k0,SUP-174|zh|hanzi#347#siteA,0,SUP-174|zh|hanzi#347,SUP-174,Q2,the rule of law,zh,hanzi,baseline,A,0.344892,0.827554,en,642
SUP-174|zh|hanzi#347#siteA#k1,SUP-174|zh|hanzi#347#siteA,1,SUP-174|zh|hanzi#347,SUP-174,Q2,the rule of law,zh,hanzi,baseline,A,0.340671,0.829665,en,618
SUP-174|zh|hanzi#347#siteA#k2,SUP-174|zh|hanzi#347#siteA,2,SUP-174|zh|hanzi#347,SUP-174,Q2,the rule of law,zh,hanzi,baseline,A,0.364704,0.817648,en,583
SUP-174|zh|hanzi#347#siteA#k3,SUP-174|zh|hanzi#347#siteA,3,SUP-174|zh|hanzi#347,SUP-174,Q2,the rule of law,zh,hanzi,baseline,A,0.348641,0.82568,en,608
SUP-174|zh|hanzi#347#siteA#k4,SUP-174|zh|hanzi#347#siteA,4,SUP-174|zh|hanzi#347,SUP-174,Q2,the rule of law,zh,hanzi,baseline,A,0.354242,0.822879,en,622
SUP-174|zh|hanzi#347#siteB#k0,SUP-174|zh|hanzi#347#siteB,0,SUP-174|zh|hanzi#347,SUP-174,Q2,the rule of law,zh,hanzi,baseline,B,0.185219,0.907391,mixed,508
SUP-174|zh|hanzi#347#siteB#k1,SUP-174|zh|hanzi#347#siteB,1,SUP-174|zh|hanzi#347,SUP-174,Q2,the rule of law,zh,hanzi,baseline,B,0.188849,0.905575,mixed,499
SUP-174|zh|hanzi#347#siteB#k2,SUP-174|zh|hanzi#347#siteB,2,SUP-174|zh|hanzi#347,SUP-174,Q2,the rule of law,zh,hanzi,baseline,B,0.183286,0.908357,mixed,523
SUP-174|zh|hanzi#347#siteB#k3,SUP-174|zh|hanzi#347#siteB,3,SUP-174|zh|hanzi#347,SUP-174,Q2,the rule of law,zh,hanzi,baseline,B,0.184338,0.907831,mixed,537
SUP-174|zh|hanzi#347#siteB#k4,SUP-174|zh|hanzi#347#siteB,4,SUP-174|zh|hanzi#347,SUP-174,Q2,the rule of law,zh,hanzi,baseline,B,0.191872,0.904064,mixed,543
SUP-174|en|latin#348#siteA#k0,SUP-174|en|latin#348#siteA,0,SUP-174|en|latin#348,SUP-174,Q2,the rule of law,en,latin,baseline,A,0.16063,0.919685,en,660
SUP-174|en|latin#348#siteA#k1,SUP-174|en|latin#348#siteA,1,SUP-174|en|latin#348,SUP-174,Q2,the rule of law,en,latin,baseline,A,0.158835,0.920582,en,685
SUP-174|en|latin#348#siteA#k2,SUP-174|en|latin#348#siteA,2,SUP-174|en|latin#348,SUP-174,Q2,the rule of law,en,latin,baseline,A,0.152758,0.923621,en,668
SUP-174|en|latin#348#siteA#k3,SUP-174|en|latin#348#siteA,3,SUP-174|en|latin#348,SUP-174,Q2,the rule of law,en,latin,baseline,A,0.154069,0.922965,en,692
SUP-174|en|latin#348#siteA#k4,SUP-174|en|latin#348#siteA,4,SUP-174|en|latin#348,SUP-174,Q2,the rule of law,en,latin,baseline,A,0.158267,0.920867,en,672
SUP-174|en|latin#348#siteB#k0,SUP-174|en|latin#348#siteB,0,SUP-174|en|latin#348,SUP-174,Q2,the rule of law,en,latin,baseline,B,0.239319,0.880341,en,706
SUP-174|en|latin#348#siteB#k1,SUP-174|en|latin#348#siteB,1,SUP-174|en|latin#348,SUP-174,Q2,the rule of law,en,latin,baseline,B,0.22808,0.88596,en,700
SUP-174|en|latin#348#siteB#k2,SUP-174|en|latin#348#siteB,2,SUP-174|en|latin#348,SUP-174,Q2,the rule of law,en,latin,baseline,B,0.248051,0.875975,en,747
SUP-174|en|latin#348#siteB#k3,SUP-174|en|latin#348#siteB,3,SUP-174|en|latin#348,SUP-174,Q2,the rule of law,en,latin,baseline,B,0.228983,0.885509,en,697
SUP-174|en|latin#348#siteB#k4,SUP-174|en|latin#348#siteB,4,SUP-174|en|latin#348,SUP-174,Q2,the rule of law,en,latin,baseline,B,0.243535,0.878232,en,720
SUP-175|zh|hanzi#349#siteA#k0,SUP-175|zh|hanzi#349#siteA,0,SUP-175|zh|hanzi#349,SUP-175,Q3,the rule of law,zh,hanzi,baseline,A,0.126671,0.936664,en,594
SUP-175|zh|hanzi#349#siteA#k1,SUP-175|zh|hanzi#349#siteA,1,SUP-175|zh|hanzi#349,SUP-175,Q3,the rule of law,zh,hanzi,baseline,A,0.132327,0.933836,en,607
SUP-175|zh|hanzi#349#siteA#k2,SUP-175|zh|hanzi#349#siteA,2,SUP-175|zh|hanzi#349,SUP-175,Q3,the rule of law,zh,hanzi,baseline,A,0.120337,0.939831,en,573
SUP-175|zh|hanzi#349#siteA#k3,SUP-175|zh|hanzi#349#siteA,3,SUP-175|zh|hanzi#349,SUP-175,Q3,the rule of law,zh,hanzi,baseline,A,0.115016,0.942492,en,562
SUP-175|zh|hanzi#349#siteA#k4,SUP-175|zh|hanzi#349#siteA,4,SUP-175|zh|hanzi#349,SUP-175,Q3,the rule of law,zh,hanzi,baseline,A,0.1156,0.9422,en,561
SUP-175|zh|hanzi#349#siteB#k0,SUP-175|zh|hanzi#349#siteB,0,SUP-175|zh|hanzi#349,SUP-175,Q3,the rule of law,zh,hanzi,baseline,B,0.308723,0.845639,mixed,495
SUP-175|zh|hanzi#349#siteB#k1,SUP-175|zh|hanzi#349#siteB,1,SUP-175|zh|hanzi#349,SUP-175,Q3,the rule of law,zh,hanzi,baseline,B,0.395173,0.802414,en,565
SUP-175|zh|hanzi#349#siteB#k2,SUP-175|zh|hanzi#349#siteB,2,SUP-175|zh|hanzi#349,SUP-175,Q3,the rule of law,zh,hanzi,baseline,B,0.322683,0.838659,en,547
SUP-175|zh|hanzi#349#siteB#k3,SUP-175|zh|hanzi#349#siteB,3,SUP-175|zh|hanzi#349,SUP-175,Q3,the rule of law,zh,hanzi,baseline,B,0.42706,0.78647,en,586
SUP-175|zh|hanzi#349#siteB#k4,SUP-175|zh|hanzi#349#siteB,4,SUP-175|zh|hanzi#349,SUP-175,Q3,the rule of law,zh,hanzi,baseline,B,0.453112,0.773444,en,540
SUP-175|en|latin#350#siteA#k0,SUP-175|en|latin#350#siteA,0,SUP-175|en|latin#350,SUP-175,Q3,the rule of law,en,latin,baseline,A,0.162576,0.918712,en,682
SUP-175|en|latin#350#siteA#k1,SUP-175|en|latin#350#siteA,1,SUP-175|en|latin#350,SUP-175,Q3,the rule of law,en,latin,baseline,A,0.151179,0.924411,en,665
SUP-175|en|latin#350#siteA#k2,SUP-175|en|latin#350#siteA,2,SUP-175|en|latin#350,SUP-175,Q3,the rule of law,en,latin,baseline,A,0.149883,0.925059,en,670
SUP-175|en|latin#350#siteA#k3,SUP-175|en|latin#350#siteA,3,SUP-175|en|latin#350,SUP-175,Q3,the rule of law,en,latin,baseline,A,0.15195,0.924025,en,649
SUP-175|en|latin#350#siteA#k4,SUP-175|en|latin#350#siteA,4,SUP-175|en|latin#350,SUP-175,Q3,the rule of law,en,latin,baseline,A,0.150652,0.924674,en,700
SUP-175|en|latin#350#siteB#k0,SUP-175|en|latin#350#siteB,0,SUP-175|en|latin#350,SUP-175,Q3,the rule of law,en,latin,baseline,B,0.306951,0.846525,en,724
SUP-175|en|latin#350#siteB#k1,SUP-175|en|latin#350#siteB,1,SUP-175|en|latin#350,SUP-175,Q3,the rule of law,en,latin,baseline,B,0.311949,0.844026,en,755
SUP-175|en|latin#350#siteB#k2,SUP-175|en|latin#350#siteB,2,SUP-175|en|latin#350,SUP-175,Q3,the rule of law,en,latin,baseline,B,0.317106,0.841447,en,729
SUP-175|en|latin#350#siteB#k3,SUP-175|en|latin#350#siteB,3,SUP-175|en|latin#350,SUP-175,Q3,the rule of law,en,latin,baseline,B,0.306674,0.846663,en,710
SUP-175|en|latin#350#siteB#k4,SUP-175|en|latin#350#siteB,4,SUP-175|en|latin#350,SUP-175,Q3,the rule of law,en,latin,baseline,B,0.319181,0.84041,en,737
SUP-176|zh|hanzi#351#siteA#k0,SUP-176|zh|hanzi#351#siteA,0,SUP-176|zh|hanzi#351,SUP-176,Q4,the rule of law,zh,hanzi,baseline,A,0.229426,0.885287,en,647
SUP-176|zh|hanzi#351#siteA#k1,SUP-176|zh|hanzi#351#siteA,1,SUP-176|zh|hanzi#351,SUP-176,Q4,the rule of law,zh,hanzi,baseline,A,0.259645,0.870177,en,709
SUP-176|zh|hanzi#351#siteA#k2,SUP-176|zh|hanzi#351#siteA,2,SUP-176|zh|hanzi#351,SUP-176,Q4,the rule of law,zh,hanzi,baseline,A,0.260243,0.869878,en,664
SUP-176|zh|hanzi#351#siteA#k3,SUP-176|zh|hanzi#351#siteA,3,SUP-176|zh|hanzi#351,SUP-176,Q4,the rule of law,zh,hanzi,baseline,A,0.242581,0.878709,en,661
SUP-176|zh|hanzi#351#siteA#k4,SUP-176|zh|hanzi#351#siteA,4,SUP-176|zh|hanzi#351,SUP-176,Q4,the rule of law,zh,hanzi,baseline,A,0.234853,0.882574,en,626
SUP-176|zh|hanzi#351#siteB#k0,SUP-176|zh|hanzi#351#siteB,0,SUP-176|zh|hanzi#351,SUP-176,Q4,the rule of law,zh,hanzi,baseline,B,0.351041,0.82448,en,584
SUP-176|zh|hanzi#351#siteB#k1,SUP-176|zh|hanzi#351#siteB,1,SUP-176|zh|hanzi#351,SUP-176,Q4,the rule of law,zh,hanzi,baseline,B,0.340431,0.829785,en,584
SUP-176|zh|hanzi#351#siteB#k2,SUP-176|zh|hanzi#351#siteB,2,SUP-176|zh|hanzi#351,SUP-176,Q4,the rule of law,zh,hanzi,baseline,B,0.343701,0.82815,en,598
SUP-176|zh|hanzi#351#siteB#k3,SUP-176|zh|hanzi#351#siteB,3,SUP-176|zh|hanzi#351,SUP-176,Q4,the rule of law,zh,hanzi,baseline,B,0.345163,0.827419,mixed,541
SUP-176|zh|hanzi#351#siteB#k4,SUP-176|zh|hanzi#351#siteB,4,SUP-176|zh|hanzi#351,SUP-176,Q4,the rule of law,zh,hanzi,baseline,B,0.348414,0.825793,en,604
SUP-176|en|latin#352#siteA#k0,SUP-176|en|latin#352#siteA,0,SUP-176|en|latin#352,SUP-176,Q4,the rule of law,en,latin,baseline,A,0.236354,0.881823,en,676
SUP-176|en|latin#352#siteA#k1,SUP-176|en|latin#352#siteA,1,SUP-176|en|latin#352,SUP-176,Q4,the rule of law,en,latin,baseline,A,0.236843,0.881578,en,730
SUP-176|en|latin#352#siteA#k2,SUP-176|en|latin#352#siteA,2,SUP-176|en|latin#352,SUP-176,Q4,the rule of law,en,latin,baseline,A,0.242719,0.878641,en,686
SUP-176|en|latin#352#siteA#k3,SUP-176|en|latin#352#siteA,3,SUP-176|en|latin#352,SUP-176,Q4,the rule of law,en,latin,baseline,A,0.233704,0.883148,en,713
SUP-176|en|latin#352#siteA#k4,SUP-176|en|latin#352#siteA,4,SUP-176|en|latin#352,SUP-176,Q4,the rule of law,en,latin,baseline,A,0.221684,0.889158,en,710
SUP-176|en|latin#352#siteB#k0,SUP-176|en|latin#352#siteB,0,SUP-176|en|latin#352,SUP-176,Q4,the rule of law,en,latin,baseline,B,0.407863,0.796068,en,699
SUP-176|en|latin#352#siteB#k1,SUP-176|en|latin#352#siteB,1,SUP-176|en|latin#352,SUP-176,Q4,the rule of law,en,latin,baseline,B,0.396073,0.801964,en,707
SUP-176|en|latin#352#siteB#k2,SUP-176|en|latin#352#siteB,2,SUP-176|en|latin#352,SUP-176,Q4,the rule of law,en,latin,baseline,B,0.390867,0.804566,en,753
SUP-176|en|latin#352#siteB#k3,SUP-176|en|latin#352#siteB,3,SUP-176|en|latin#352,SUP-176,Q4,the rule of law,en,latin,baseline,B,0.348756,0.825622,en,714
SUP-176|en|latin#352#siteB#k4,SUP-176|en|latin#352#siteB,4,SUP-176|en|latin#352,SUP-176,Q4,the rule of law,en,latin,baseline,B,0.422915,0.788542,en,717
SUP-177|zh|hanzi#353#siteA#k0,SUP-177|zh|hanzi#353#siteA,0,SUP-177|zh|hanzi#353,SUP-177,Q1,freedom of assembly,zh,hanzi,baseline,A,0.217765,0.891118,en,642
SUP-177|zh|hanzi#353#siteA#k1,SUP-177|zh|hanzi#353#siteA,1,SUP-177|zh|hanzi#353,SUP-177,Q1,freedom of assembly,zh,hanzi,baseline,A,0.197508,0.901246,en,613
SUP-177|zh|hanzi#353#siteA#k2,SUP-177|zh|hanzi#353#siteA,2,SUP-177|zh|hanzi#353,SUP-177,Q1,freedom of assembly,zh,hanzi,baseline,A,0.210833,0.894584,en,625
SUP-177|zh|hanzi#353#siteA#k3,SUP-177|zh|hanzi#353#siteA,3,SUP-177|zh|hanzi#353,SUP-177,Q1,freedom of assembly,zh,hanzi,baseline,A,0.217878,0.891061,en,640
SUP-177|zh|hanzi#353#siteA#k4,SUP-177|zh|hanzi#353#siteA,4,SUP-177|zh|hanzi#353,SUP-177,Q1,freedom of assembly,zh,hanzi,baseline,A,0.199688,0.900156,en,589
SUP-177|zh|hanzi#353#siteB#k0,SUP-177|zh|hanzi#353#siteB,0,SUP-177|zh|hanzi#353,SUP-177,Q1,freedom of assembly,zh,hanzi,baseline,B,0.350537,0.824732,en,548
SUP-177|zh|hanzi#353#siteB#k1,SUP-177|zh|hanzi#353#siteB,1,SUP-177|zh|hanzi#353,SUP-177,Q1,freedom of assembly,zh,hanzi,baseline,B,0.352405,0.823797,mixed,487
SUP-177|zh|hanzi#353#siteB#k2,SUP-177|zh|hanzi#353#siteB,2,SUP-177|zh|hanzi#353,SUP-177,Q1,freedom of assembly,zh,hanzi,baseline,B,0.345264,0.827368,mixed,493
SUP-177|zh|hanzi#353#siteB#k3,SUP-177|zh|hanzi#353#siteB,3,SUP-177|zh|hanzi#353,SUP-177,Q1,freedom of assembly,zh,hanzi,baseline,B,0.331929,0.834035,mixed,524
SUP-177|zh|hanzi#353#siteB#k4,SUP-177|zh|hanzi#353#siteB,4,SUP-177|zh|hanzi#353,SUP-177,Q1,freedom of assembly,zh,hanzi,baseline,B,0.341816,0.829092,mixed,548
SUP-177|en|latin#354#siteA#k0,SUP-177|en|latin#354#siteA,0,SUP-177|en|latin#354,SUP-177,Q1,freedom of assembly,en,latin,baseline,A,0.236067,0.881967,en,769
SUP-177|en|latin#354#siteA#k1,SUP-177|en|latin#354#siteA,1,SUP-177|en|latin#354,SUP-177,Q1,freedom of assembly,en,latin,baseline,A,0.224304,0.887848,en,735
SUP-177|en|latin#354#siteA#k2,SUP-177|en|latin#354#siteA,2,SUP-177|en|latin#354,SUP-177,Q1,freedom of assembly,en,latin,baseline,A,0.208893,0.895553,en,765
SUP-177|en|latin#354#siteA#k3,SUP-177|en|latin#354#siteA,3,SUP-177|en|latin#354,SUP-177,Q1,freedom of assembly,en,latin,baseline,A,0.244062,0.877969,en,743
SUP-177|en|latin#354#siteA#k4,SUP-177|en|latin#354#siteA,4,SUP-177|en|latin#354,SUP-177,Q1,freedom of assembly,en,latin,baseline,A,0.230963,0.884518,en,755
SUP-177|en|latin#354#siteB#k0,SUP-177|en|latin#354#siteB,0,SUP-177|en|latin#354,SUP-177,Q1,freedom of assembly,en,latin,baseline,B,0.307873,0.846063,en,723
SUP-177|en|latin#354#siteB#k1,SUP-177|en|latin#354#siteB,1,SUP-177|en|latin#354,SUP-177,Q1,freedom of assembly,en,latin,baseline,B,0.327019,0.836491,en,686
SUP-177|en|latin#354#siteB#k2,SUP-177|en|latin#354#siteB,2,SUP-177|en|latin#354,SUP-177,Q1,freedom of assembly,en,latin,baseline,B,0.310442,0.844779,en,695
SUP-177|en|latin#354#siteB#k3,SUP-177|en|latin#354#siteB,3,SUP-177|en|latin#354,SUP-177,Q1,freedom of assembly,en,latin,baseline,B,0.31433,0.842835,en,736
SUP-177|en|latin#354#siteB#k4,SUP-177|en|latin#354#siteB,4,SUP-177|en|latin#354,SUP-177,Q1,freedom of assembly,en,latin,baseline,B,0.31173,0.844135,en,726
SUP-178|zh|hanzi#355#siteA#k0,SUP-178|zh|hanzi#355#siteA,0,SUP-178|zh|hanzi#355,SUP-178,Q2,freedom of assembly,zh,hanzi,baseline,A,0.2404,0.8798,en,612
SUP-178|zh|hanzi#355#siteA#k1,SUP-178|zh|hanzi#355#siteA,1,SUP-178|zh|hanzi#355,SUP-178,Q2,freedom of assembly,zh,hanzi,baseline,A,0.219537,0.890231,en,602
SUP-178|zh|hanzi#355#siteA#k2,SUP-178|zh|hanzi#355#siteA,2,SUP-178|zh|hanzi#355,SUP-178,Q2,freedom of assembly,zh,hanzi,baseline,A,0.220176,0.889912,en,570
SUP-178|zh|hanzi#355#siteA#k3,SUP-178|zh|hanzi#355#siteA,3,SUP-178|zh|hanzi#355,SUP-178,Q2,freedom of assembly,zh,hanzi,baseline,A,0.227428,0.886286,en,606
SUP-178|zh|hanzi#355#siteA#k4,SUP-178|zh|hanzi#355#siteA,4,SUP-178|zh|hanzi#355,SUP-178,Q2,freedom of assembly,zh,hanzi,baseline,A,0.228833,0.885584,en,572
SUP-178|zh|hanzi#355#siteB#k0,SUP-178|zh|hanzi#355#siteB,0,SUP-178|zh|hanzi#355,SUP-178,Q2,freedom of assembly,zh,hanzi,baseline,B,0.220554,0.889723,mixed,504
SUP-178|zh|hanzi#355#siteB#k1,SUP-178|zh|hanzi#355#siteB,1,SUP-178|zh|hanzi#355,SUP-178,Q2,freedom of assembly,zh,hanzi,baseline,B,0.228635,0.885683,mixed,481
SUP-178|zh|hanzi#355#siteB#k2,SUP-178|zh|hanzi#355#siteB,2,SUP-178|zh|hanzi#355,SUP-178,Q2,freedom of assembly,zh,hanzi,baseline,B,0.235317,0.882342,mixed,467
SUP-178|zh|hanzi#355#siteB#k3,SUP-178|zh|hanzi#355#siteB,3,SUP-178|zh|hanzi#355,SUP-178,Q2,freedom of assembly,zh,hanzi,baseline,B,0.228245,0.885877,mixed,529
SUP-178|zh|hanzi#355#siteB#k4,SUP-178|zh|hanzi#355#siteB,4,SUP-178|zh|hanzi#355,SUP-178,Q2,freedom of assembly,zh,hanzi,baseline,B,0.225818,0.887091,mixed,543
SUP-178|en|latin#356#siteA#k0,SUP-178|en|latin#356#siteA,0,SUP-178|en|latin#356,SUP-178,Q2,freedom of assembly,en,latin,baseline,A,0.125484,0.937258,en,738
SUP-178|en|latin#356#siteA#k1,SUP-178|en|latin#356#siteA,1,SUP-178|en|latin#356,SUP-178,Q2,freedom of assembly,en,latin,baseline,A,0.148098,0.925951,en,732
SUP-178|en|latin#356#siteA#k2,SUP-178|en|latin#356#siteA,2,SUP-178|en|latin#356,SUP-178,Q2,freedom of assembly,en,latin,baseline,A,0.157669,0.921166,en,732
SUP-178|en|latin#356#siteA#k3,SUP-178|en|latin#356#siteA,3,SUP-178|en|latin#356,SUP-178,Q2,freedom of assembly,en,latin,baseline,A,0.115404,0.942298,en,725
SUP-178|en|latin#356#siteA#k4,SUP-178|en|latin#356#siteA,4,SUP-178|en|latin#356,SUP-178,Q2,freedom of assembly,en,latin,baseline,A,0.14512,0.92744,en,726
SUP-178|en|latin#356#siteB#k0,SUP-178|en|latin#356#siteB,0,SUP-178|en|latin#356,SUP-178,Q2,freedom of assembly,en,latin,baseline,B,0.294053,0.852974,en,673
SUP-178|en|latin#356#siteB#k1,SUP-178|en|latin#356#siteB,1,SUP-178|en|latin#356,SUP-178,Q2,freedom of assembly,en,latin,baseline,B,0.296011,0.851995,en,733
SUP-178|en|latin#356#siteB#k2,SUP-178|en|latin#356#siteB,2,SUP-178|en|latin#356,SUP-178,Q2,freedom of assembly,en,latin,baseline,B,0.308745,0.845627,en,689
SUP-178|en|latin#356#siteB#k3,SUP-178|en|latin#356#siteB,3,SUP-178|en|latin#356,SUP-178,Q2,freedom of assembly,en,latin,baseline,B,0.370021,0.814989,en,681
SUP-178|en|latin#356#siteB#k4,SUP-178|en|latin#356#siteB,4,SUP-178|en|latin#356,SUP-178,Q2,freedom of assembly,en,latin,baseline,B,0.339178,0.830411,en,698
SUP-179|zh|hanzi#357#siteA#k0,SUP-179|zh|hanzi#357#siteA,0,SUP-179|zh|hanzi#357,SUP-179,Q3,freedom of assembly,zh,hanzi,baseline,A,0.154964,0.922518,en,555
SUP-179|zh|hanzi#357#siteA#k1,SUP-179|zh|hanzi#357#siteA,1,SUP-179|zh|hanzi#357,SUP-179,Q3,freedom of assembly,zh,hanzi,baseline,A,0.164711,0.917645,en,577
SUP-179|zh|hanzi#357#siteA#k2,SUP-179|zh|hanzi#357#siteA,2,SUP-179|zh|hanzi#357,SUP-179,Q3,freedom of assembly,zh,hanzi,baseline,A,0.160818,0.919591,en,580
SUP-179|zh|hanzi#357#siteA#k3,SUP-179|zh|hanzi#357#siteA,3,SUP-179|zh|hanzi#357,SUP-179,Q3,freedom of assembly,zh,hanzi,baseline,A,0.162722,0.918639,en,588
SUP-179|zh|hanzi#357#siteA#k4,SUP-179|zh|hanzi#357#siteA,4,SUP-179|zh|hanzi#357,SUP-179,Q3,freedom of assembly,zh,hanzi,baseline,A,0.157492,0.921254,en,554
SUP-179|zh|hanzi#357#siteB#k0,SUP-179|zh|hanzi#357#siteB,0,SUP-179|zh|hanzi#357,SUP-179,Q3,freedom of assembly,zh,hanzi,baseline,B,0.562097,0.718952,en,541
SUP-179|zh|hanzi#357#siteB#k1,SUP-179|zh|hanzi#357#siteB,1,SUP-179|zh|hanzi#357,SUP-179,Q3,freedom of assembly,zh,hanzi,baseline,B,0.458885,0.770558,en,540
SUP-179|zh|hanzi#357#siteB#k2,SUP-179|zh|hanzi#357#siteB,2,SUP-179|zh|hanzi#357,SUP-179,Q3,freedom of assembly,zh,hanzi,baseline,B,0.571669,0.714166,en,549
SUP-179|zh|hanzi#357#siteB#k3,SUP-179|zh|hanzi#357#siteB,3,SUP-179|zh|hanzi#357,SUP-179,Q3,freedom of assembly,zh,hanzi,baseline,B,0.486994,0.756503,mixed,517
SUP-179|zh|hanzi#357#siteB#k4,SUP-179|zh|hanzi#357#siteB,4,SUP-179|zh|hanzi#357,SUP-179,Q3,freedom of assembly,zh,hanzi,baseline,B,0.488524,0.755738,mixed,499
SUP-179|en|latin#358#siteA#k0,SUP-179|en|latin#358#siteA,0,SUP-179|en|latin#358,SUP-179,Q3,freedom of assembly,en,latin,baseline,A,0.107812,0.946094,en,744
SUP-179|en|latin#358#siteA#k1,SUP-179|en|latin#358#siteA,1,SUP-179|en|latin#358,SUP-179,Q3,freedom of assembly,en,latin,baseline,A,0.108117,0.945942,en,725
SUP-179|en|latin#358#siteA#k2,SUP-179|en|latin#358#siteA,2,SUP-179|en|latin#358,SUP-179,Q3,freedom of assembly,en,latin,baseline,A,0.104733,0.947634,en,723
SUP-179|en|latin#358#siteA#k3,SUP-179|en|latin#358#siteA,3,SUP-179|en|latin#358,SUP-179,Q3,freedom of assembly,en,latin,baseline,A,0.107362,0.946319,en,729
SUP-179|en|latin#358#siteA#k4,SUP-179|en|latin#358#siteA,4,SUP-179|en|latin#358,SUP-179,Q3,freedom of assembly,en,latin,baseline,A,0.105004,0.947498,en,717
SUP-179|en|latin#358#siteB#k0,SUP-179|en|latin#358#siteB,0,SUP-179|en|latin#358,SUP-179,Q3,freedom of assembly,en,latin,baseline,B,0.290522,0.854739,en,738
SUP-179|en|latin#358#siteB#k1,SUP-179|en|latin#358#siteB,1,SUP-179|en|latin#358,SUP-179,Q3,freedom of assembly,en,latin,baseline,B,0.284383,0.857808,en,702
SUP-179|en|latin#358#siteB#k2,SUP-179|en|latin#358#siteB,2,SUP-179|en|latin#358,SUP-179,Q3,freedom of assembly,en,latin,baseline,B,0.282654,0.858673,en,704
SUP-179|en|latin#358#siteB#k3,SUP-179|en|latin#358#siteB,3,SUP-179|en|latin#358,SUP-179,Q3,freedom of assembly,en,latin,baseline,B,0.291896,0.854052,en,751
SUP-179|en|latin#358#siteB#k4,SUP-179|en|latin#358#siteB,4,SUP-179|en|latin#358,SUP-179,Q3,freedom of assembly,en,latin,baseline,B,0.286157,0.856922,en,713
SUP-180|zh|hanzi#359#siteA#k0,SUP-180|zh|hanzi#359#siteA,0,SUP-180|zh|hanzi#359,SUP-180,Q4,freedom of assembly,zh,hanzi,baseline,A,0.201043,0.899478,en,584
SUP-180|zh|hanzi#359#siteA#k1,SUP-180|zh|hanzi#359#siteA,1,SUP-180|zh|hanzi#359,SUP-180,Q4,freedom of assembly,zh,hanzi,baseline,A,0.201082,0.899459,en,547
SUP-180|zh|hanzi#359#siteA#k2,SUP-180|zh|hanzi#359#siteA,2,SUP-180|zh|hanzi#359,SUP-180,Q4,freedom of assembly,zh,hanzi,baseline,A,0.203973,0.898014,en,584
SUP-180|zh|hanzi#359#siteA#k3,SUP-180|zh|hanzi#359#siteA,3,SUP-180|zh|hanzi#359,SUP-180,Q4,freedom of assembly,zh,hanzi,baseline,A,0.199702,0.900149,en,585
SUP-180|zh|hanzi#359#siteA#k4,SUP-180|zh|hanzi#359#siteA,4,SUP-180|zh|hanzi#359,SUP-180,Q4,freedom of assembly,zh,hanzi,baseline,A,0.193905,0.903048,en,584
SUP-180|zh|hanzi#359#siteB#k0,SUP-180|zh|hanzi#359#siteB,0,SUP-180|zh|hanzi#359,SUP-180,Q4,freedom of assembly,zh,hanzi,baseline,B,0.348196,0.825902,mixed,555
SUP-180|zh|hanzi#359#siteB#k1,SUP-180|zh|hanzi#359#siteB,1,SUP-180|zh|hanzi#359,SUP-180,Q4,freedom of assembly,zh,hanzi,baseline,B,0.343097,0.828452,mixed,492
SUP-180|zh|hanzi#359#siteB#k2,SUP-180|zh|hanzi#359#siteB,2,SUP-180|zh|hanzi#359,SUP-180,Q4,freedom of assembly,zh,hanzi,baseline,B,0.332931,0.833535,en,603
SUP-180|zh|hanzi#359#siteB#k3,SUP-180|zh|hanzi#359#siteB,3,SUP-180|zh|hanzi#359,SUP-180,Q4,freedom of assembly,zh,hanzi,baseline,B,0.344974,0.827513,en,583
SUP-180|zh|hanzi#359#siteB#k4,SUP-180|zh|hanzi#359#siteB,4,SUP-180|zh|hanzi#359,SUP-180,Q4,freedom of assembly,zh,hanzi,baseline,B,0.367906,0.816047,mixed,542
SUP-180|en|latin#360#siteA#k0,SUP-180|en|latin#360#siteA,0,SUP-180|en|latin#360,SUP-180,Q4,freedom of assembly,en,latin,baseline,A,0.173147,0.913427,en,731
SUP-180|en|latin#360#siteA#k1,SUP-180|en|latin#360#siteA,1,SUP-180|en|latin#360,SUP-180,Q4,freedom of assembly,en,latin,baseline,A,0.173557,0.913221,en,772
SUP-180|en|latin#360#siteA#k2,SUP-180|en|latin#360#siteA,2,SUP-180|en|latin#360,SUP-180,Q4,freedom of assembly,en,latin,baseline,A,0.174,0.913,en,765
SUP-180|en|latin#360#siteA#k3,SUP-180|en|latin#360#siteA,3,SUP-180|en|latin#360,SUP-180,Q4,freedom of assembly,en,latin,baseline,A,0.167951,0.916024,en,751
SUP-180|en|latin#360#siteA#k4,SUP-180|en|latin#360#siteA,4,SUP-180|en|latin#360,SUP-180,Q4,freedom of assembly,en,latin,baseline,A,0.17872,0.91064,en,779
SUP-180|en|latin#360#siteB#k0,SUP-180|en|latin#360#siteB,0,SUP-180|en|latin#360,SUP-180,Q4,freedom of assembly,en,latin,baseline,B,0.353545,0.823227,en,698
SUP-180|en|latin#360#siteB#k1,SUP-180|en|latin#360#siteB,1,SUP-180|en|latin#360,SUP-180,Q4,freedom of assembly,en,latin,baseline,B,0.332279,0.833861,en,709
SUP-180|en|latin#360#siteB#k2,SUP-180|en|latin#360#siteB,2,SUP-180|en|latin#360,SUP-180,Q4,freedom of assembly,en,latin,baseline,B,0.327021,0.83649,en,728
SUP-180|en|latin#360#siteB#k3,SUP-180|en|latin#360#siteB,3,SUP-180|en|latin#360,SUP-180,Q4,freedom of assembly,en,latin,baseline,B,0.337697,0.831151,en,683
SUP-180|en|latin#360#siteB#k4,SUP-180|en|latin#360#siteB,4,SUP-180|en|latin#360,SUP-180,Q4,freedom of assembly,en,latin,baseline,B,0.331373,0.834314,en,690
